word,reading,consensus_level,level_votes,family_level_votes,reference_sources,reference_families,support_count,candidate_type,example_meaning,relation_type,same_reading_current_forms,same_word_current_readings,jmdict_current_forms,jmdict_current_readings,jmdict_current_levels,jmdict_all_forms,jmdict_resolved,evidence_confidence,jmdict_exact_form_reading,jmdict_writing_common,jmdict_reading_common,jmdict_waller_levels,level_conflict_with_jmdict_waller,jmdict_tags,jmdict_pos,jmdict_gloss,quality_decision,priority,quality_reason
在る,ある,N5,"{""N2"": 1, ""N5"": 1}","{""community-independent"": ""N5"", ""waller-derived"": ""N2""}",openjlpt|waller|wordmaster,community-independent|waller-derived,2,lexical,to live; to be,same-reading-different-writing|same-jmdict-entry,ある|或|或る|有る,,ある|有る,ある,N5,ある|在る|有る,yes,HIGH,yes,yes,yes,N5,no,after the ～て form of a transitive verb | uk:word usually written using kana alone | usu. of inanimate objects,aux-v:auxiliary verb|v5r-i:Godan verb with 'ru' ending (irregular verb)|vi:intransitive verb,to be; to exist; to live; to have; to be located; to be equipped with,ADD_HIGH_CONFIDENCE,P1,Supported by >=2 independent reference families and exact JMdict form is common.
入口,いりぐち,N5,"{""N5"": 2}","{""community-independent"": ""N5"", ""waller-derived"": ""N5""}",openjlpt|waller|wordmaster,community-independent|waller-derived,2,lexical,entrance,same-reading-different-writing|same-jmdict-entry,入り口,,入り口,いりぐち,N4,いりくち|いりぐち|はいりくち|はいりぐち|入り口|入口|這入口,yes,HIGH,yes,yes,yes,N5,no,,n:noun (common) (futsuumeishi),entrance; entry; gate; approach; mouth,ADD_HIGH_CONFIDENCE,P1,Supported by >=2 independent reference families and exact JMdict form is common.
おまわりさん,おまわりさん,N5,"{""N5"": 2}","{""community-independent"": ""N5"", ""waller-derived"": ""N5""}",waller|wordmaster,community-independent|waller-derived,2,kana/loanword,friendly term for policeman,same-reading-different-writing|same-jmdict-entry,お巡りさん,,お巡りさん,おまわりさん,N5,おまわりさん|お巡りさん|御巡りさん,yes,HIGH,yes,yes,yes,N5,no,fam:familiar language | uk:word usually written using kana alone,n:noun (common) (futsuumeishi),police officer,ADD_HIGH_CONFIDENCE,P1,Supported by >=2 independent reference families and exact JMdict form is common.
終る,おわる,N5,"{""N5"": 2}","{""community-independent"": ""N5"", ""waller-derived"": ""N5""}",openjlpt|waller|wordmaster,community-independent|waller-derived,2,lexical,to finish,same-reading-different-writing|same-jmdict-entry,終わる,,終わる,おわる,N5,おわる|了る|卒る|畢る|竟る|終る|終わる,yes,HIGH,yes,no,yes,N5,no,after the -masu stem of a verb | as 終わって(い)る | as 終わって(い)る or 終わった | col:colloquial,suf:suffix|v5r:Godan verb with 'ru' ending|vi:intransitive verb|vt:transitive verb,to end; to come to an end; to finish; to close; to be over,ADD_HIGH_CONFIDENCE,P1,Supported by >=2 independent reference families and exact JMdict form is common.
河,かわ,N5,"{""N3"": 1, ""N5"": 1}","{""community-independent"": ""N3"", ""waller-derived"": ""N5""}",openjlpt|waller|wordmaster,community-independent|waller-derived,2,lexical,river; stream,same-reading-different-writing|same-jmdict-entry,川|皮|革,,川,かわ,N5,かわ|がわ|川|河,yes,HIGH,yes,yes,yes,N5,no,suffix used with the names of rivers,n:noun (common) (futsuumeishi)|suf:suffix,river; stream; River; the ... river,ADD_HIGH_CONFIDENCE,P1,Supported by >=2 independent reference families and exact JMdict form is common.
御飯,ごはん,N5,"{""N5"": 2}","{""community-independent"": ""N5"", ""waller-derived"": ""N5""}",openjlpt|waller|wordmaster,community-independent|waller-derived,2,lexical,cooked rice; meal,same-reading-different-writing|same-jmdict-entry,ごはん|ご飯,,ごはん|ご飯,ごはん,N1|N5,ごはん|ご飯|御飯,yes,HIGH,yes,yes,yes,N5,no,,n:noun (common) (futsuumeishi),cooked rice; meal,ADD_HIGH_CONFIDENCE,P1,Supported by >=2 independent reference families and exact JMdict form is common.
七,しち,N5,"{""N5"": 2}","{""community-independent"": ""N5"", ""waller-derived"": ""N5""}",openjlpt|waller|wordmaster,community-independent|waller-derived,2,lexical,seven,same-reading-different-writing|same-writing-different-reading|same-jmdict-entry,質,なな,な|七,な|なな,N5,しち|な|なあ|なな|ひち|七|柒|漆|７,yes,HIGH,yes,yes,yes,N5,no,漆 is used in legal documents,num:numeric,seven,ADD_HIGH_CONFIDENCE,P1,Supported by >=2 independent reference families and exact JMdict form is common.
すぐに,すぐに,N5,"{""N5"": 2}","{""community-independent"": ""N5"", ""waller-derived"": ""N5""}",waller|wordmaster,community-independent|waller-derived,2,kana/loanword,Instantly,fully-absent,,,,,,,yes,HIGH,yes,yes,yes,N5,no,uk:word usually written using kana alone,adv:adverb (fukushi),immediately; right away; at once; instantly,ADD_HIGH_CONFIDENCE,P1,Supported by >=2 independent reference families and exact JMdict form is common.
一月,ひとつき,N5,"{""N5"": 2}","{""community-independent"": ""N5"", ""waller-derived"": ""N5""}",openjlpt|waller|wordmaster,community-independent|waller-derived,2,lexical,one month,same-writing-different-reading,,いちがつ,,,,,yes,HIGH,yes,yes,yes,N5,no,,n:noun (common) (futsuumeishi),one month,ADD_HIGH_CONFIDENCE,P1,Supported by >=2 independent reference families and exact JMdict form is common.
昼御飯,ひるごはん,N5,"{""N5"": 2}","{""community-independent"": ""N5"", ""waller-derived"": ""N5""}",openjlpt|waller|wordmaster,community-independent|waller-derived,2,lexical,midday meal,same-reading-different-writing|same-jmdict-entry,昼ごはん|昼ご飯,,昼ごはん|昼ご飯,ひるごはん,N1|N5,ひるごはん|昼ごはん|昼ご飯|昼御飯,yes,HIGH,yes,no,yes,N5,no,,n:noun (common) (futsuumeishi),lunch; midday meal,ADD_HIGH_CONFIDENCE,P1,Supported by >=2 independent reference families and exact JMdict form is common.
曲る,まがる,N5,"{""N5"": 2}","{""community-independent"": ""N5"", ""waller-derived"": ""N5""}",openjlpt|waller|wordmaster,community-independent|waller-derived,2,lexical,to turn; to bend,same-reading-different-writing|same-jmdict-entry,曲がる,,曲がる,まがる,N5,まがる|曲がる|曲る,yes,HIGH,yes,no,yes,N5,no,,v5r:Godan verb with 'ru' ending|vi:intransitive verb,to bend; to curve; to warp; to wind; to twist; to turn,ADD_HIGH_CONFIDENCE,P1,Supported by >=2 independent reference families and exact JMdict form is common.
昨夜,ゆうべ,N5,"{""N5"": 2}","{""community-independent"": ""N5"", ""waller-derived"": ""N5""}",openjlpt|waller|wordmaster,community-independent|waller-derived,2,lexical,last night,same-reading-different-writing|same-jmdict-entry,ゆうべ|夕べ,,ゆうべ,ゆうべ,N5,ゆうべ|ゆんべ|よべ|昨夕|昨夜,yes,HIGH,yes,yes,yes,N5,no,gikun:gikun (meaning as reading) or jukujikun (special kanji reading),adv:adverb (fukushi)|n:noun (common) (futsuumeishi),last night; yesterday evening,ADD_HIGH_CONFIDENCE,P1,Supported by >=2 independent reference families and exact JMdict form is common.
落る,おちる,N4,"{""N4"": 2}","{""community-independent"": ""N4"", ""waller-derived"": ""N4""}",openjlpt|waller|wordmaster,community-independent|waller-derived,2,lexical,to fall or drop,same-reading-different-writing|same-jmdict-entry,落ちる,,落ちる,おちる,N4,おちる|墜ちる|落ちる|落る,yes,HIGH,yes,no,yes,N4,no,also written as 堕ちる | io:irregular okurigana usage | sl:slang,v1:Ichidan verb|vi:intransitive verb,to fall; to drop; to come down; to crash; to collapse; to cave in,ADD_HIGH_CONFIDENCE,P1,Supported by >=2 independent reference families and exact JMdict form is common.
おつり,おつり,N4,"{""N4"": 2}","{""community-independent"": ""N4"", ""waller-derived"": ""N4""}",waller|wordmaster,community-independent|waller-derived,2,kana/loanword,"change from purchase, balance",same-reading-different-writing|same-jmdict-entry,お釣り,,お釣り,おつり,N3,おつり|お釣|お釣り|御釣|御釣り,yes,HIGH,yes,yes,yes,N4,no,"col:colloquial | joc:jocular, humorous term | pol:polite (teineigo) language",n:noun (common) (futsuumeishi),change (for a purchase); toilet splashback,ADD_HIGH_CONFIDENCE,P1,Supported by >=2 independent reference families and exact JMdict form is common.
落す,おとす,N4,"{""N4"": 2}","{""community-independent"": ""N4"", ""waller-derived"": ""N4""}",openjlpt|waller|wordmaster,community-independent|waller-derived,2,lexical,to drop,same-reading-different-writing|same-jmdict-entry,落とす,,落とす,おとす,N4,おとす|堕とす|墜とす|落す|落とす,yes,HIGH,yes,no,yes,N4,no,col:colloquial,v5s:Godan verb with 'su' ending|vt:transitive verb,to drop; to lose; to let fall; to shed (light); to cast (one's gaze); to pour in (liquid),ADD_HIGH_CONFIDENCE,P1,Supported by >=2 independent reference families and exact JMdict form is common.
答,こたえ,N4,"{""N4"": 2}","{""community-independent"": ""N4"", ""waller-derived"": ""N4""}",openjlpt|waller|wordmaster,community-independent|waller-derived,2,lexical,response,same-reading-different-writing|same-jmdict-entry,応え|答え,,応え|答え,こたえ,N2|N5,こたえ|報え|応え|答|答え,yes,HIGH,yes,yes,yes,N4,no,,n:noun (common) (futsuumeishi),answer; reply; response; solution; result,ADD_HIGH_CONFIDENCE,P1,Supported by >=2 independent reference families and exact JMdict form is common.
下る,さがる,N4,"{""N4"": 2}","{""community-independent"": ""N4"", ""waller-derived"": ""N4""}",openjlpt|waller|wordmaster,community-independent|waller-derived,2,lexical,to get down; to descend,same-reading-different-writing|same-writing-different-reading|same-jmdict-entry,下がる,くだる,下がる,さがる,N4,さがる|サガる|下がる|下る|退がる,yes,HIGH,yes,no,yes,N4,no,io:irregular okurigana usage | uk:word usually written using kana alone | usu. サガる,v5r:Godan verb with 'ru' ending|vi:intransitive verb,to come down; to go down; to fall; to drop; to sink; to get lower,ADD_HIGH_CONFIDENCE,P1,Supported by >=2 independent reference families and exact JMdict form is common.
点く,つく,N4,"{""N2"": 1, ""N4"": 1}","{""community-independent"": ""N4"", ""waller-derived"": ""N2""}",openjlpt|waller|wordmaster,community-independent|waller-derived,2,lexical,to catch fire; (electricity) comes on,same-reading-different-writing,付く|吐く|就く|点[つ]く|着く|突く,,,,,,yes,HIGH,yes,yes,yes,N2,yes,uk:word usually written using kana alone,v5k:Godan verb with 'ku' ending|vi:intransitive verb,"to be lit (of a lamp, burner, etc.); to catch fire; to ignite; to start burning; to be turned on (of a light, appliance, etc.); to come on",ADD_HIGH_CONFIDENCE,P1,Supported by >=2 independent reference families and exact JMdict form is common. JLPT level conflicts with JMdict/Waller enrichment; add the form but review level before publishing.
中々,なかなか,N4,"{""N4"": 2}","{""community-independent"": ""N4"", ""waller-derived"": ""N4""}",openjlpt|waller|wordmaster,community-independent|waller-derived,2,lexical,considerably,same-reading-different-writing|same-jmdict-entry,なかなか,,なかなか,なかなか,N4,なかなか|中々|中中|仲々|仲仲|却々|却却,yes,HIGH,yes,yes,yes,N4,no,uk:word usually written using kana alone | with a verb in the negative,adj-na:adjectival nouns or quasi-adjectives (keiyodoshi)|adj-no:nouns which may take the genitive case particle 'no'|adv:adverb (fukushi)|n:noun (common) (futsuumeishi),very; considerably; easily; readily; fairly; quite,ADD_HIGH_CONFIDENCE,P1,Supported by >=2 independent reference families and exact JMdict form is common.
舟,ふね,N4,"{""N4"": 2}","{""community-independent"": ""N4"", ""waller-derived"": ""N4""}",openjlpt|waller|wordmaster,community-independent|waller-derived,2,lexical,ship,same-reading-different-writing|same-jmdict-entry,船,,船,ふね,N5,ふね|槽|舟|船,yes,HIGH,yes,no,yes,N4,no,舟 is often small and hand-propelled,"ctr:counter|n-suf:noun, used as a suffix|n:noun (common) (futsuumeishi)",ship; boat; watercraft; vessel; seaplane; tank,ADD_HIGH_CONFIDENCE,P1,Supported by >=2 independent reference families and exact JMdict form is common.
リポート,リポート,N4,"{""N2"": 1, ""N4"": 1}","{""community-independent"": ""N2"", ""waller-derived"": ""N4""}",waller|wordmaster,community-independent|waller-derived,2,kana/loanword,report,same-jmdict-entry,,,レポート,レポート,N3,リポート|レポート,yes,HIGH,yes,yes,yes,N4,no,,n:noun (common) (futsuumeishi)|vs:noun or participle which takes the aux. verb suru|vt:transitive verb,report; paper; reportage,ADD_HIGH_CONFIDENCE,P1,Supported by >=2 independent reference families and exact JMdict form is common.
暖まる,あたたまる,N3,"{""N2"": 1, ""N3"": 1}","{""community-independent"": ""N3"", ""waller-derived"": ""N2""}",openjlpt|waller|wordmaster,community-independent|waller-derived,2,lexical,to warm up; to get warm,same-reading-different-writing|same-jmdict-entry,温まる,,温まる,あたたまる,N2,あたたまる|あったまる|ぬくまる|暖まる|温まる,yes,HIGH,yes,yes,yes,N2,yes,,v5r:Godan verb with 'ru' ending|vi:intransitive verb,to warm oneself; to sun oneself; to warm up; to get warm,ADD_HIGH_CONFIDENCE,P1,Supported by >=2 independent reference families and exact JMdict form is common. JLPT level conflicts with JMdict/Waller enrichment; add the form but review level before publishing.
行き,いき,N3,"{""N3"": 2}","{""community-independent"": ""N3"", ""waller-derived"": ""N3""}",openjlpt|waller|wordmaster,community-independent|waller-derived,2,lexical,going,same-reading-different-writing|same-writing-different-reading|same-jmdict-entry,域|息|意気|生き|粋|遺棄,ゆき,行き,ゆき,N3,いき|ゆき|往き|行き,yes,HIGH,yes,yes,yes,N3,no,usu. ゆき,"n-suf:noun, used as a suffix|n:noun (common) (futsuumeishi)",the way there; outbound leg; outbound trip; departing leg; bound for ...; outbound ticket,ADD_HIGH_CONFIDENCE,P1,Supported by >=2 independent reference families and exact JMdict form is common.
いけない,いけない,N3,"{""N3"": 2}","{""community-independent"": ""N3"", ""waller-derived"": ""N3""}",waller|wordmaster,community-independent|waller-derived,2,kana/loanword,"must not do,bad,wrong,not good",fully-absent,,,,,,,yes,HIGH,yes,yes,yes,N3,no,after the -te form of a verb or adjective | as ...(すると|しては)いけない(から|ので) | used to express sympathy,"adj-i:adjective (keiyoushi)|exp:expressions (phrases, clauses, etc.)","bad; wrong; naughty; must not (do, be); should not; ought not to",ADD_HIGH_CONFIDENCE,P1,Supported by >=2 independent reference families and exact JMdict form is common.
いつのまにか,いつのまにか,N3,"{""N2"": 1, ""N3"": 1}","{""community-independent"": ""N3"", ""waller-derived"": ""N2""}",waller|wordmaster,community-independent|waller-derived,2,kana/loanword,"before one knows,unnoticed,unawares",same-reading-different-writing|same-jmdict-entry,いつの間にか,,いつの間にか,いつのまにか,N3,いつのまにか|いつの間にか|何時の間にか,yes,HIGH,yes,yes,yes,N2,yes,,adv:adverb (fukushi),before one knows; before one becomes aware of; unnoticed; unawares,ADD_HIGH_CONFIDENCE,P1,Supported by >=2 independent reference families and exact JMdict form is common. JLPT level conflicts with JMdict/Waller enrichment; add the form but review level before publishing.
いらっしゃい,いらっしゃい,N3,"{""N3"": 2}","{""community-independent"": ""N3"", ""waller-derived"": ""N3""}",waller|wordmaster,community-independent|waller-derived,2,kana/loanword,welcome,fully-absent,,,,,,,yes,HIGH,yes,yes,yes,N3,no,hon:honorific or respectful (sonkeigo) language | used as a polite imperative,int:interjection (kandoushi),come; go; stay; welcome,ADD_HIGH_CONFIDENCE,P1,Supported by >=2 independent reference families and exact JMdict form is common.
魚,うお,N3,"{""N3"": 2}","{""community-independent"": ""N3"", ""waller-derived"": ""N3""}",openjlpt|waller|wordmaster,community-independent|waller-derived,2,lexical,fish,same-writing-different-reading|same-jmdict-entry,,さかな,魚,さかな,N5,うお|さかな|魚,yes,HIGH,yes,yes,no,N5,yes,,n:noun (common) (futsuumeishi),fish,ADD_HIGH_CONFIDENCE,P1,Supported by >=2 independent reference families and exact JMdict form is common. JLPT level conflicts with JMdict/Waller enrichment; add the form but review level before publishing.
うなる,うなる,N3,"{""N3"": 2}","{""community-independent"": ""N3"", ""waller-derived"": ""N3""}",waller|wordmaster,community-independent|waller-derived,2,kana/loanword,"to groan,to moan",same-reading-different-writing|same-jmdict-entry,唸る,,唸る,うなる,N3,うなる|呻る|唸る,yes,HIGH,yes,yes,yes,N3,no,,v5r:Godan verb with 'ru' ending|vi:intransitive verb|vt:transitive verb,"to groan; to moan; to roar; to howl; to growl; to hum (engine, wind, etc.)",ADD_HIGH_CONFIDENCE,P1,Supported by >=2 independent reference families and exact JMdict form is common.
産む,うむ,N3,"{""N1"": 1, ""N3"": 1}","{""community-independent"": ""N3"", ""waller-derived"": ""N1""}",openjlpt|waller|wordmaster,community-independent|waller-derived,2,lexical,to give birth; to deliver; to produce,same-reading-different-writing|same-jmdict-entry,有無|生む,,生む,うむ,N4,うむ|生む|産む,yes,HIGH,yes,yes,yes,N1,yes,,v5m:Godan verb with 'mu' ending|vt:transitive verb,to give birth; to bear (child); to lay (eggs); to produce; to yield; to give rise to,ADD_HIGH_CONFIDENCE,P1,Supported by >=2 independent reference families and exact JMdict form is common. JLPT level conflicts with JMdict/Waller enrichment; add the form but review level before publishing.
押える,おさえる,N3,"{""N2"": 1, ""N3"": 1}","{""community-independent"": ""N3"", ""waller-derived"": ""N2""}",openjlpt|waller|wordmaster,community-independent|waller-derived,2,lexical,to stop; to restrain; to seize,same-reading-different-writing|same-jmdict-entry,抑える|押さえる,,押さえる,おさえる,N3,おさえる|圧さえる|押える|押さえる,yes,HIGH,yes,no,yes,N2,yes,also written as 圧さえる,v1:Ichidan verb|vt:transitive verb,to pin down; to hold down; to press down; to hold in place; to hold steady; to cover (esp. a part of one's body with one's hand),ADD_HIGH_CONFIDENCE,P1,Supported by >=2 independent reference families and exact JMdict form is common. JLPT level conflicts with JMdict/Waller enrichment; add the form but review level before publishing.
治める,おさめる,N3,"{""N2"": 1, ""N3"": 1}","{""community-independent"": ""N3"", ""waller-derived"": ""N2""}",openjlpt|waller|wordmaster,community-independent|waller-derived,2,lexical,(1) to govern; to manage; (2) to subdue,same-reading-different-writing,修める|収める|納める,,,,,,yes,HIGH,yes,yes,yes,N2,yes,,v1:Ichidan verb|vt:transitive verb,to rule; to govern; to reign over; to administer; to manage (e.g. a household); to subdue,ADD_HIGH_CONFIDENCE,P1,Supported by >=2 independent reference families and exact JMdict form is common. JLPT level conflicts with JMdict/Waller enrichment; add the form but review level before publishing.
泳ぎ,およぎ,N3,"{""N3"": 2}","{""community-independent"": ""N3"", ""waller-derived"": ""N3""}",openjlpt|waller|wordmaster,community-independent|waller-derived,2,lexical,swimming,fully-absent,,,,,,,yes,HIGH,yes,yes,yes,N3,no,,n:noun (common) (futsuumeishi),swimming,ADD_HIGH_CONFIDENCE,P1,Supported by >=2 independent reference families and exact JMdict form is common.
下す,おろす,N3,"{""N3"": 2}","{""community-independent"": ""N3"", ""waller-derived"": ""N3""}",openjlpt|waller|wordmaster,community-independent|waller-derived,2,lexical,to lower; to let go down,same-reading-different-writing|same-writing-different-reading|same-jmdict-entry,下ろす|卸す,くだす,下ろす,おろす,N3,おろす|下す|下ろす|降ろす,yes,HIGH,yes,no,yes,N3,no,esp. 降ろす | io:irregular okurigana usage,v5s:Godan verb with 'su' ending|vt:transitive verb,"to take down; to bring down; to lower (a hand, flag, shutter, etc.); to drop (an anchor, curtain, etc.); to let down (hair); to launch (a boat)",ADD_HIGH_CONFIDENCE,P1,Supported by >=2 independent reference families and exact JMdict form is common.
降ろす,おろす,N3,"{""N3"": 2}","{""community-independent"": ""N3"", ""waller-derived"": ""N3""}",openjlpt|waller|wordmaster,community-independent|waller-derived,2,lexical,to take down; to launch; to drop,same-reading-different-writing|same-jmdict-entry,下ろす|卸す,,下ろす,おろす,N3,おろす|下す|下ろす|降ろす,yes,HIGH,yes,yes,yes,N3,no,esp. 降ろす,v5s:Godan verb with 'su' ending|vt:transitive verb,"to take down; to bring down; to lower (a hand, flag, shutter, etc.); to drop (an anchor, curtain, etc.); to let down (hair); to launch (a boat)",ADD_HIGH_CONFIDENCE,P1,Supported by >=2 independent reference families and exact JMdict form is common.
反る,かえる,N3,"{""N2"": 1, ""N3"": 1}","{""community-independent"": ""N3"", ""waller-derived"": ""N2""}",openjlpt|waller|wordmaster,community-independent|waller-derived,2,lexical,to warp; to be warped; to curve,same-reading-different-writing|same-writing-different-reading|same-jmdict-entry,代える|変える|孵[かえ]る|孵る|帰る|換える|替える|蛙|蛙[かえる]|返る,そる,返る,かえる,N3,かえる|反る|返る,yes,HIGH,yes,yes,yes,N2,yes,after the -masu stem of a verb; esp. 返る | esp. 返る,suf:suffix|v5r:Godan verb with 'ru' ending|vi:intransitive verb,to return; to come back; to go back; to turn over; to become extremely; to become completely,ADD_HIGH_CONFIDENCE,P1,Supported by >=2 independent reference families and exact JMdict form is common. JLPT level conflicts with JMdict/Waller enrichment; add the form but review level before publishing.
課程,かてい,N3,"{""N2"": 1, ""N3"": 1}","{""community-independent"": ""N3"", ""waller-derived"": ""N2""}",openjlpt|waller|wordmaster,community-independent|waller-derived,2,lexical,course; curriculum,same-reading-different-writing,仮定|家庭|過程,,,,,,yes,HIGH,yes,yes,yes,N2,yes,,n:noun (common) (futsuumeishi),course; curriculum,ADD_HIGH_CONFIDENCE,P1,Supported by >=2 independent reference families and exact JMdict form is common. JLPT level conflicts with JMdict/Waller enrichment; add the form but review level before publishing.
かもしれない,かもしれない,N3,"{""N3"": 2}","{""community-independent"": ""N3"", ""waller-derived"": ""N3""}",waller|wordmaster,community-independent|waller-derived,2,kana/loanword,"may,might,perhaps,may be,possibly",same-reading-different-writing|same-jmdict-entry,かも知れない,,かも知れない,かもしれない,N3,かもしれない|かも知れない,yes,HIGH,yes,yes,yes,N3,no,uk:word usually written using kana alone,"exp:expressions (phrases, clauses, etc.)",may; might; perhaps; may be; possibly,ADD_HIGH_CONFIDENCE,P1,Supported by >=2 independent reference families and exact JMdict form is common.
代る,かわる,N3,"{""N2"": 1, ""N3"": 1}","{""community-independent"": ""N3"", ""waller-derived"": ""N2""}",openjlpt|waller|wordmaster,community-independent|waller-derived,2,lexical,(v5r; vi) to take the place of; to relieve,same-reading-different-writing|same-jmdict-entry,代わる|変わる|替わる,,代わる|替わる,かわる,N2|N4,かわる|代る|代わる|換る|換わる|替る|替わる,yes,HIGH,yes,no,yes,N2,yes,"esp. 代わる, 代る | esp. 換わる, 換る | esp. 替わる, 替る",v5r:Godan verb with 'ru' ending|vi:intransitive verb,to succeed; to relieve; to replace; to take the place of; to substitute for; to take over for,ADD_HIGH_CONFIDENCE,P1,Supported by >=2 independent reference families and exact JMdict form is common. JLPT level conflicts with JMdict/Waller enrichment; add the form but review level before publishing.
カー,カー,N3,"{""N3"": 2}","{""community-independent"": ""N3"", ""waller-derived"": ""N3""}",waller|wordmaster,community-independent|waller-derived,2,kana/loanword,car,fully-absent,,,,,,,yes,HIGH,yes,yes,yes,N3,no,,n:noun (common) (futsuumeishi),car,ADD_HIGH_CONFIDENCE,P1,Supported by >=2 independent reference families and exact JMdict form is common.
季刊,きかん,N3,"{""N1"": 1, ""N3"": 1}","{""community-independent"": ""N3"", ""waller-derived"": ""N1""}",openjlpt|waller|wordmaster,community-independent|waller-derived,2,lexical,quarterly (e.g. magazine),same-reading-different-writing,器官|帰還|期間|機関|気管,,,,,,yes,HIGH,yes,yes,yes,N1,yes,,adj-no:nouns which may take the genitive case particle 'no'|n:noun (common) (futsuumeishi),quarterly publication,ADD_HIGH_CONFIDENCE,P1,Supported by >=2 independent reference families and exact JMdict form is common. JLPT level conflicts with JMdict/Waller enrichment; add the form but review level before publishing.
気付く,きづく,N3,"{""N3"": 2}","{""community-independent"": ""N3"", ""waller-derived"": ""N3""}",openjlpt|waller|wordmaster,community-independent|waller-derived,2,lexical,to notice; to recognize; to become aware of,same-reading-different-writing|same-jmdict-entry,気づく,,気づく,きづく,N4,きずく|きづく|気ずく|気づく|気付く|気附く,yes,HIGH,yes,yes,yes,N3,no,,v5k:Godan verb with 'ku' ending|vi:intransitive verb,to notice; to realize; to realise; to become aware (of); to perceive; to sense,ADD_HIGH_CONFIDENCE,P1,Supported by >=2 independent reference families and exact JMdict form is common.
局,きょく,N3,"{""N3"": 2}","{""community-independent"": ""N3"", ""waller-derived"": ""N3""}",openjlpt|waller|wordmaster,community-independent|waller-derived,2,lexical,court lady; lady in waiting,same-reading-different-writing,曲,,,,,,yes,HIGH,yes,yes,yes,N3,no,abbr:abbreviation,"ctr:counter|n-suf:noun, used as a suffix|n:noun (common) (futsuumeishi)","bureau; department; office (e.g. post, telephone); broadcasting station (e.g. television, radio); channel; exchange",ADD_HIGH_CONFIDENCE,P1,Supported by >=2 independent reference families and exact JMdict form is common.
訓,くん,N3,"{""N3"": 2}","{""community-independent"": ""N3"", ""waller-derived"": ""N3""}",openjlpt|waller|wordmaster,community-independent|waller-derived,2,lexical,native Japanese reading of a Chinese character,same-reading-different-writing,君,,,,,,yes,HIGH,yes,yes,yes,N3,no,,n:noun (common) (futsuumeishi)|suf:suffix,native Japanese reading of a Chinese character; precept; lesson; one's teachings,ADD_HIGH_CONFIDENCE,P1,Supported by >=2 independent reference families and exact JMdict form is common.
刑,けい,N3,"{""N1"": 1, ""N3"": 1}","{""community-independent"": ""N3"", ""waller-derived"": ""N1""}",openjlpt|waller|wordmaster,community-independent|waller-derived,2,lexical,penalty; sentence; punishment,same-reading-different-writing,系|計,,,,,,yes,HIGH,yes,yes,yes,N1,yes,,"n-suf:noun, used as a suffix|n:noun (common) (futsuumeishi)",penalty; sentence; punishment,ADD_HIGH_CONFIDENCE,P1,Supported by >=2 independent reference families and exact JMdict form is common. JLPT level conflicts with JMdict/Waller enrichment; add the form but review level before publishing.
航海,こうかい,N3,"{""N1"": 1, ""N3"": 1}","{""community-independent"": ""N3"", ""waller-derived"": ""N1""}",openjlpt|waller|wordmaster,community-independent|waller-derived,2,lexical,sail; voyage,same-reading-different-writing,公開|後悔,,,,,,yes,HIGH,yes,yes,yes,N1,yes,,n:noun (common) (futsuumeishi)|vi:intransitive verb|vs:noun or participle which takes the aux. verb suru,(sea) voyage; navigation; sailing; passage; cruise,ADD_HIGH_CONFIDENCE,P1,Supported by >=2 independent reference families and exact JMdict form is common. JLPT level conflicts with JMdict/Waller enrichment; add the form but review level before publishing.
今日,こんにち,N3,"{""N3"": 2}","{""community-independent"": ""N3"", ""waller-derived"": ""N3""}",openjlpt|waller|wordmaster,community-independent|waller-derived,2,lexical,today; this day,same-writing-different-reading|same-jmdict-entry,,きょう,きょう|今日,きょう,N1|N5,きょう|こんじつ|こんち|こんにち|今日,yes,HIGH,yes,yes,yes,N5,yes,,adv:adverb (fukushi)|n:noun (common) (futsuumeishi),today; this day; these days; recently; nowadays,ADD_HIGH_CONFIDENCE,P1,Supported by >=2 independent reference families and exact JMdict form is common. JLPT level conflicts with JMdict/Waller enrichment; add the form but review level before publishing.
作,さく,N3,"{""N1"": 1, ""N3"": 1}","{""community-independent"": ""N3"", ""waller-derived"": ""N1""}",openjlpt|waller|wordmaster,community-independent|waller-derived,2,lexical,a work; a harvest,same-reading-different-writing,咲く|柵|策|裂く,,,,,,yes,HIGH,yes,yes,yes,N1,yes,,"n-suf:noun, used as a suffix|n:noun (common) (futsuumeishi)",work (e.g. of art); piece; production; harvest; crop; yield,ADD_HIGH_CONFIDENCE,P1,Supported by >=2 independent reference families and exact JMdict form is common. JLPT level conflicts with JMdict/Waller enrichment; add the form but review level before publishing.
射す,さす,N3,"{""N2"": 1, ""N3"": 1}","{""community-independent"": ""N3"", ""waller-derived"": ""N2""}",openjlpt|waller|wordmaster,community-independent|waller-derived,2,lexical,to shine; to strike,same-reading-different-writing,刺す|差す|指す|挿す,,,,,,yes,HIGH,yes,yes,yes,N2,yes,,v5s:Godan verb with 'su' ending|vi:intransitive verb,to shine,ADD_HIGH_CONFIDENCE,P1,Supported by >=2 independent reference families and exact JMdict form is common. JLPT level conflicts with JMdict/Waller enrichment; add the form but review level before publishing.
注す,さす,N3,"{""N2"": 1, ""N3"": 1}","{""community-independent"": ""N3"", ""waller-derived"": ""N2""}",openjlpt|waller|wordmaster,community-independent|waller-derived,2,lexical,to pour (drink); to serve (drinks),same-reading-different-writing,刺す|差す|指す|挿す,,,,,,yes,HIGH,yes,yes,yes,N2,yes,esp. 注す | esp. 点す | uk:word usually written using kana alone,v5s:Godan verb with 'su' ending|vt:transitive verb,"to pour; to add (liquid); to serve (drinks); to put on (lipstick, etc.); to apply; to colour",ADD_HIGH_CONFIDENCE,P1,Supported by >=2 independent reference families and exact JMdict form is common. JLPT level conflicts with JMdict/Waller enrichment; add the form but review level before publishing.
支払,しはらい,N3,"{""N3"": 2}","{""community-independent"": ""N3"", ""waller-derived"": ""N3""}",openjlpt|waller|wordmaster,community-independent|waller-derived,2,lexical,payment,same-reading-different-writing|same-jmdict-entry,支払い,,支払い,しはらい,N3,しはらい|支払|支払い,yes,HIGH,yes,yes,yes,N3,no,,n:noun (common) (futsuumeishi),payment,ADD_HIGH_CONFIDENCE,P1,Supported by >=2 independent reference families and exact JMdict form is common.
死亡,しぼう,N3,"{""N3"": 2}","{""community-independent"": ""N3"", ""waller-derived"": ""N3""}",openjlpt|waller|wordmaster,community-independent|waller-derived,2,lexical,death; mortality,same-reading-different-writing,志望|脂肪,,,,,,yes,HIGH,yes,yes,yes,N3,no,,n:noun (common) (futsuumeishi)|vi:intransitive verb|vs:noun or participle which takes the aux. verb suru,death; dying; mortality,ADD_HIGH_CONFIDENCE,P1,Supported by >=2 independent reference families and exact JMdict form is common.
住,じゅう,N3,"{""N1"": 1, ""N3"": 1}","{""community-independent"": ""N3"", ""waller-derived"": ""N1""}",openjlpt|waller|wordmaster,community-independent|waller-derived,2,lexical,dwelling; living,same-reading-different-writing,中|十|銃,,,,,,yes,HIGH,yes,yes,yes,N1,yes,,n:noun (common) (futsuumeishi),dwelling; living,ADD_HIGH_CONFIDENCE,P1,Supported by >=2 independent reference families and exact JMdict form is common. JLPT level conflicts with JMdict/Waller enrichment; add the form but review level before publishing.
女史,じょし,N3,"{""N1"": 1, ""N3"": 1}","{""community-independent"": ""N3"", ""waller-derived"": ""N1""}",openjlpt|waller|wordmaster,community-independent|waller-derived,2,lexical,Ms.,same-reading-different-writing,助詞|女子,,,,,,yes,HIGH,yes,yes,yes,N1,yes,hon:honorific or respectful (sonkeigo) language,"n-suf:noun, used as a suffix|n:noun (common) (futsuumeishi)","lady (of high social status; e.g. scholar, artist, critic, politician); Ms; Mrs; Miss",ADD_HIGH_CONFIDENCE,P1,Supported by >=2 independent reference families and exact JMdict form is common. JLPT level conflicts with JMdict/Waller enrichment; add the form but review level before publishing.
水洗,すいせん,N3,"{""N1"": 1, ""N3"": 1}","{""community-independent"": ""N3"", ""waller-derived"": ""N1""}",openjlpt|waller|wordmaster,community-independent|waller-derived,2,lexical,flushing,same-reading-different-writing,推薦,,,,,,yes,HIGH,yes,yes,yes,N1,yes,,n:noun (common) (futsuumeishi)|vs:noun or participle which takes the aux. verb suru|vt:transitive verb,washing with water; rinsing; flushing,ADD_HIGH_CONFIDENCE,P1,Supported by >=2 independent reference families and exact JMdict form is common. JLPT level conflicts with JMdict/Waller enrichment; add the form but review level before publishing.
すくなくとも,すくなくとも,N3,"{""N2"": 1, ""N3"": 1}","{""community-independent"": ""N3"", ""waller-derived"": ""N2""}",waller|wordmaster,community-independent|waller-derived,2,kana/loanword,at least,same-reading-different-writing|same-jmdict-entry,少なくとも,,少なくとも,すくなくとも,N2,すくなくとも|少くとも|少なくとも|尠くとも,yes,HIGH,yes,yes,yes,N2,yes,,adv:adverb (fukushi),at least,ADD_HIGH_CONFIDENCE,P1,Supported by >=2 independent reference families and exact JMdict form is common. JLPT level conflicts with JMdict/Waller enrichment; add the form but review level before publishing.
すてき,すてき,N3,"{""N3"": 2}","{""community-independent"": ""N3"", ""waller-derived"": ""N3""}",waller|wordmaster,community-independent|waller-derived,2,kana/loanword,"lovely,dreamy,beautiful,great",same-reading-different-writing|same-jmdict-entry,素敵,,素敵,すてき,N3,すてき|ステキ|素敵|素的|素適,yes,HIGH,yes,yes,yes,N3,no,,adj-na:adjectival nouns or quasi-adjectives (keiyodoshi),lovely; wonderful; charming; enchanting; nice; great,ADD_HIGH_CONFIDENCE,P1,Supported by >=2 independent reference families and exact JMdict form is common.
清む,すむ,N3,"{""N2"": 1, ""N3"": 1}","{""community-independent"": ""N3"", ""waller-derived"": ""N2""}",waller|wordmaster,community-independent|waller-derived,2,lexical,清澈,same-reading-different-writing|same-jmdict-entry,住む|済む|澄む,,澄む,すむ,N1,すむ|清む|澄む,yes,HIGH,yes,no,yes,N2,yes,,v5m:Godan verb with 'mu' ending|vi:intransitive verb,"to become clear (water, air, etc.); to become transparent; to resonate clearly (e.g. voice); to become serene; to become tranquil; to be free of worries",ADD_HIGH_CONFIDENCE,P1,Supported by >=2 independent reference families and exact JMdict form is common. JLPT level conflicts with JMdict/Waller enrichment; add the form but review level before publishing.
生長,せいちょう,N3,"{""N2"": 1, ""N3"": 1}","{""community-independent"": ""N3"", ""waller-derived"": ""N2""}",openjlpt|waller|wordmaster,community-independent|waller-derived,2,lexical,growth; increment,same-reading-different-writing,成長|清澄|清聴,,,,,,yes,HIGH,yes,yes,yes,N2,yes,,n:noun (common) (futsuumeishi)|vi:intransitive verb|vs:noun or participle which takes the aux. verb suru,growth (of a plant),ADD_HIGH_CONFIDENCE,P1,Supported by >=2 independent reference families and exact JMdict form is common. JLPT level conflicts with JMdict/Waller enrichment; add the form but review level before publishing.
膳,ぜん,N3,"{""N1"": 1, ""N3"": 1}","{""community-independent"": ""N3"", ""waller-derived"": ""N1""}",openjlpt|waller|wordmaster,community-independent|waller-derived,2,lexical,(small) table; tray; meal,same-reading-different-writing,全|前|善|禅,,,,,,yes,HIGH,yes,yes,yes,N1,yes,,ctr:counter|n:noun (common) (futsuumeishi),small dining table (usu. for a single person); serving tray (with legs); meal; food; serving; counter for bowlfuls of rice,ADD_HIGH_CONFIDENCE,P1,Supported by >=2 independent reference families and exact JMdict form is common. JLPT level conflicts with JMdict/Waller enrichment; add the form but review level before publishing.
他,た,N3,"{""N3"": 2}","{""community-independent"": ""N3"", ""waller-derived"": ""N3""}",openjlpt|waller|wordmaster,community-independent|waller-derived,2,lexical,other (esp. places and things),same-reading-different-writing|same-writing-different-reading,田,ほか,,,,,yes,HIGH,yes,yes,yes,N3,no,,adj-no:nouns which may take the genitive case particle 'no'|adv:adverb (fukushi)|n:noun (common) (futsuumeishi),other (esp. people and abstract matters),ADD_HIGH_CONFIDENCE,P1,Supported by >=2 independent reference families and exact JMdict form is common.
宅,たく,N3,"{""N3"": 2}","{""community-independent"": ""N3"", ""waller-derived"": ""N3""}",openjlpt|waller|wordmaster,community-independent|waller-derived,2,lexical,house; home; husband,same-reading-different-writing,卓|炊く|焚く,,,,,,yes,HIGH,yes,yes,yes,N3,no,,"n-suf:noun, used as a suffix|n:noun (common) (futsuumeishi)",house; home; one's house; one's home; one's husband,ADD_HIGH_CONFIDENCE,P1,Supported by >=2 independent reference families and exact JMdict form is common.
唯,ただ,N3,"{""N3"": 2}","{""community-independent"": ""N3"", ""waller-derived"": ""N3""}",openjlpt|waller|wordmaster,community-independent|waller-derived,2,lexical,free of charge; mere; sole,same-reading-different-writing|same-jmdict-entry,ただ|只,,ただ|只,ただ,N3|N5,ただ|タダ|但|只|唯|常|徒,yes,HIGH,yes,yes,yes,N3,no,esp. 但 | only 只 | uk:word usually written using kana alone | usu. as ただでは...,adj-no:nouns which may take the genitive case particle 'no'|adv:adverb (fukushi)|conj:conjunction|n:noun (common) (futsuumeishi),ordinary; common; usual; free of charge; unaffected; as is,ADD_HIGH_CONFIDENCE,P1,Supported by >=2 independent reference families and exact JMdict form is common.
たびたび,たびたび,N3,"{""N3"": 2}","{""community-independent"": ""N3"", ""waller-derived"": ""N3""}",waller|wordmaster,community-independent|waller-derived,2,kana/loanword,"often,repeatedly,frequently",same-reading-different-writing|same-jmdict-entry,度々,,度々,たびたび,N2,たびたび|度々|度度,yes,HIGH,yes,yes,yes,N3,no,uk:word usually written using kana alone,adv:adverb (fukushi),often; again and again; over and over again; repeatedly; frequently,ADD_HIGH_CONFIDENCE,P1,Supported by >=2 independent reference families and exact JMdict form is common.
釣,つり,N3,"{""N3"": 2}","{""community-independent"": ""N3"", ""waller-derived"": ""N3""}",waller|wordmaster,community-independent|waller-derived,2,lexical,fishing,same-reading-different-writing|same-jmdict-entry,釣り,,釣り,つり,N3,つり|釣|釣り,yes,HIGH,yes,no,yes,N3,no,abbr:abbreviation | net-sl:Internet slang | uk:word usually written using kana alone,n:noun (common) (futsuumeishi),fishing; angling; change (for a purchase); clickbaiting; trolling; bait,ADD_HIGH_CONFIDENCE,P1,Supported by >=2 independent reference families and exact JMdict form is common.
出合い,であい,N3,"{""N2"": 1, ""N3"": 1}","{""community-independent"": ""N3"", ""waller-derived"": ""N2""}",openjlpt|waller|wordmaster,community-independent|waller-derived,2,lexical,an encounter,same-reading-different-writing|same-jmdict-entry,出会い,,出会い,であい,N2,であい|出会|出会い|出合|出合い|出逢い|出遭い,yes,HIGH,yes,yes,yes,N3,no,"esp. 出合い, 出合",n:noun (common) (futsuumeishi),meeting; rendezvous; encounter; meeting for the first time; coming across; confluence,ADD_HIGH_CONFIDENCE,P1,Supported by >=2 independent reference families and exact JMdict form is common.
年寄,としより,N3,"{""N3"": 2}","{""community-independent"": ""N3"", ""waller-derived"": ""N3""}",openjlpt|waller|wordmaster,community-independent|waller-derived,2,lexical,old people; the aged,same-reading-different-writing|same-jmdict-entry,年寄り,,年寄り,としより,N3,としより|年より|年寄|年寄り,yes,HIGH,yes,no,yes,N3,no,sens:sensitive,adj-no:nouns which may take the genitive case particle 'no'|n:noun (common) (futsuumeishi),old person; elderly person; senior citizen; trustee of the Japan Sumo Association; retired high-ranking wrestler who is licensed to coach and receives retirement pay; senior statesman (of the Tokugawa shogunate),ADD_HIGH_CONFIDENCE,P1,Supported by >=2 independent reference families and exact JMdict form is common.
中味,なかみ,N3,"{""N2"": 1, ""N3"": 1}","{""community-independent"": ""N3"", ""waller-derived"": ""N2""}",openjlpt|waller|wordmaster,community-independent|waller-derived,2,lexical,contents; interior; substance,same-reading-different-writing|same-jmdict-entry,中身,,中身,なかみ,N3,なかみ|中味|中身,yes,HIGH,yes,no,yes,N2,yes,ateji:ateji (phonetic) reading,n:noun (common) (futsuumeishi),contents; interior; filling; substance; content; (sword) blade,ADD_HIGH_CONFIDENCE,P1,Supported by >=2 independent reference families and exact JMdict form is common. JLPT level conflicts with JMdict/Waller enrichment; add the form but review level before publishing.
なにも,なにも,N3,"{""N3"": 2}","{""community-independent"": ""N3"", ""waller-derived"": ""N3""}",waller|wordmaster,community-independent|waller-derived,2,kana/loanword,nothing,same-reading-different-writing|same-jmdict-entry,何も,,何も,なにも,N5,なにも|なんも|何も,yes,HIGH,yes,yes,yes,N3,no,"as ...なくてもいい, ...ことはない, etc. | as ...も何も | with neg. verb","exp:expressions (phrases, clauses, etc.)",(not) anything; (nothing) at all; (not) any; nothing; and everything else; and all,ADD_HIGH_CONFIDENCE,P1,Supported by >=2 independent reference families and exact JMdict form is common.
日本,にっぽん,N3,"{""N3"": 2}","{""community-independent"": ""N3"", ""waller-derived"": ""N3""}",openjlpt|waller|wordmaster,community-independent|waller-derived,2,lexical,Japan,same-writing-different-reading|same-jmdict-entry,,にほん,日本,にほん,N5,にっぽん|にほん|日本,yes,HIGH,yes,yes,yes,N3,no,,n:noun (common) (futsuumeishi),Japan,ADD_HIGH_CONFIDENCE,P1,Supported by >=2 independent reference families and exact JMdict form is common.
羽根,はね,N3,"{""N2"": 1, ""N3"": 1}","{""community-independent"": ""N3"", ""waller-derived"": ""N2""}",openjlpt|waller|wordmaster,community-independent|waller-derived,2,lexical,shuttlecock,same-reading-different-writing|same-jmdict-entry,羽,,は|羽,は|はね,N1|N2,は|はね|羽|羽根,yes,HIGH,yes,yes,yes,N3,no,also written as 羽子,n:noun (common) (futsuumeishi),"feather; plume; down; wing; blade (of a fan, propeller, etc.); shuttlecock (in badminton)",ADD_HIGH_CONFIDENCE,P1,Supported by >=2 independent reference families and exact JMdict form is common.
引越し,ひっこし,N3,"{""N2"": 1, ""N3"": 1}","{""community-independent"": ""N3"", ""waller-derived"": ""N2""}",openjlpt|waller|wordmaster,community-independent|waller-derived,2,lexical,moving (dwelling etc.); changing residence,same-reading-different-writing|same-jmdict-entry,引っ越し,,引っ越し,ひっこし,N4,ひっこし|ひっ越し|引っこし|引っ越し|引越|引越し,yes,HIGH,yes,no,yes,N2,yes,,n:noun (common) (futsuumeishi)|vi:intransitive verb|vs:noun or participle which takes the aux. verb suru,"moving (dwelling, office, etc.); changing residence",ADD_HIGH_CONFIDENCE,P1,Supported by >=2 independent reference families and exact JMdict form is common. JLPT level conflicts with JMdict/Waller enrichment; add the form but review level before publishing.
不,ふ,N3,"{""N3"": 2}","{""community-independent"": ""N3"", ""waller-derived"": ""N3""}",openjlpt|waller|wordmaster,community-independent|waller-derived,2,lexical,un; non; negative prefix,same-reading-different-writing,府|負,,,,,,yes,HIGH,yes,yes,yes,N3,no,,pref:prefix,un-; non-,ADD_HIGH_CONFIDENCE,P1,Supported by >=2 independent reference families and exact JMdict form is common.
不通,ふつう,N3,"{""N2"": 1, ""N3"": 1}","{""community-independent"": ""N3"", ""waller-derived"": ""N2""}",openjlpt|waller|wordmaster,community-independent|waller-derived,2,lexical,suspension; interruption; stoppage,same-reading-different-writing,普通,,,,,,yes,HIGH,yes,yes,yes,N2,yes,,n:noun (common) (futsuumeishi),suspension; interruption; stoppage; tie-up; cessation,ADD_HIGH_CONFIDENCE,P1,Supported by >=2 independent reference families and exact JMdict form is common. JLPT level conflicts with JMdict/Waller enrichment; add the form but review level before publishing.
外,ほか,N3,"{""N3"": 2}","{""community-independent"": ""N3"", ""waller-derived"": ""N3""}",openjlpt|waller|wordmaster,community-independent|waller-derived,2,lexical,other place; the rest,same-reading-different-writing|same-writing-different-reading|same-jmdict-entry,ほか|他,がい|そと,ほか|他,ほか,N5,ほか|他|外,yes,HIGH,yes,no,yes,N5,yes,"as ...のほか（に）, ...するほか（に）etc. | esp. 外 | uk:word usually written using kana alone | with neg. sentence; as ...ほかに...ない, ...するほかない, etc.",adj-no:nouns which may take the genitive case particle 'no'|adv:adverb (fukushi)|n:noun (common) (futsuumeishi),another place; some other place; somewhere else; outside; another (person or thing); other,ADD_HIGH_CONFIDENCE,P1,Supported by >=2 independent reference families and exact JMdict form is common. JLPT level conflicts with JMdict/Waller enrichment; add the form but review level before publishing.
頬,ほほ,N3,"{""N3"": 2}","{""community-independent"": ""N3"", ""waller-derived"": ""N3""}",openjlpt|waller|wordmaster,community-independent|waller-derived,2,lexical,cheek (of face),same-writing-different-reading|same-jmdict-entry,,ほお,頬,ほお,N4,ほお|ほほ|頬|頰,yes,HIGH,yes,yes,yes,N3,no,,n:noun (common) (futsuumeishi),cheek (of the face),ADD_HIGH_CONFIDENCE,P1,Supported by >=2 independent reference families and exact JMdict form is common.
濠,ほり,N3,"{""N3"": 2}","{""community-independent"": ""N3"", ""waller-derived"": ""N3""}",openjlpt|waller|wordmaster,community-independent|waller-derived,2,lexical,moat,same-reading-different-writing|same-jmdict-entry,堀,,堀,ほり,N3,ほり|堀|壕|濠,yes,HIGH,yes,no,yes,N3,no,,n:noun (common) (futsuumeishi),moat; fosse; canal; ditch,ADD_HIGH_CONFIDENCE,P1,Supported by >=2 independent reference families and exact JMdict form is common.
交ざる,まざる,N3,"{""N2"": 1, ""N3"": 1}","{""community-independent"": ""N3"", ""waller-derived"": ""N2""}",openjlpt|waller|wordmaster,community-independent|waller-derived,2,lexical,to be mixed; to be blended with; to associate with,same-reading-different-writing|same-jmdict-entry,混ざる,,混ざる,まざる,N2,まざる|交ざる|混ざる|雑ざる,yes,HIGH,yes,yes,yes,N2,yes,,v5r:Godan verb with 'ru' ending|vi:intransitive verb,to be mixed; to be blended with; to associate with; to mingle with; to join,ADD_HIGH_CONFIDENCE,P1,Supported by >=2 independent reference families and exact JMdict form is common. JLPT level conflicts with JMdict/Waller enrichment; add the form but review level before publishing.
交じる,まじる,N3,"{""N2"": 1, ""N3"": 1}","{""community-independent"": ""N3"", ""waller-derived"": ""N2""}",openjlpt|waller|wordmaster,community-independent|waller-derived,2,lexical,to be mixed; to be blended with; to associate with,same-reading-different-writing|same-jmdict-entry,混じる,,混じる,まじる,N2,まじる|交じる|交る|混じる|混る|雑じる,yes,HIGH,yes,yes,yes,N2,yes,usu. 交じる | usu. 混じる,v5r:Godan verb with 'ru' ending|vi:intransitive verb,to be mixed; to be blended with; to be combined; to associate with; to mingle with; to interest,ADD_HIGH_CONFIDENCE,P1,Supported by >=2 independent reference families and exact JMdict form is common. JLPT level conflicts with JMdict/Waller enrichment; add the form but review level before publishing.
交ぜる,まぜる,N3,"{""N2"": 1, ""N3"": 1}","{""community-independent"": ""N3"", ""waller-derived"": ""N2""}",openjlpt|waller|wordmaster,community-independent|waller-derived,2,lexical,to be mixed; to be blended with,same-reading-different-writing|same-jmdict-entry,混ぜる,,混ぜる,まぜる,N3,まぜる|交ぜる|混ぜる|雑ぜる,yes,HIGH,yes,yes,yes,N2,yes,,v1:Ichidan verb|vt:transitive verb,to mix; to stir; to blend,ADD_HIGH_CONFIDENCE,P1,Supported by >=2 independent reference families and exact JMdict form is common. JLPT level conflicts with JMdict/Waller enrichment; add the form but review level before publishing.
祭,まつり,N3,"{""N3"": 2}","{""community-independent"": ""N3"", ""waller-derived"": ""N3""}",openjlpt|waller|wordmaster,community-independent|waller-derived,2,lexical,festival; feast,same-reading-different-writing|same-jmdict-entry,祭り,,祭り,まつり,N4,まつり|祭|祭り,yes,HIGH,yes,yes,yes,N3,no,col:colloquial,"n-suf:noun, used as a suffix|n:noun (common) (futsuumeishi)",festival; feast; matsuri; harassment by an Internet pitchfork mob; online shaming; flaming,ADD_HIGH_CONFIDENCE,P1,Supported by >=2 independent reference families and exact JMdict form is common.
基,もと,N3,"{""N3"": 2}","{""community-independent"": ""N3"", ""waller-derived"": ""N3""}",openjlpt|waller|wordmaster,community-independent|waller-derived,2,lexical,basis,same-reading-different-writing|same-writing-different-reading|same-jmdict-entry,下|元,もとい,元,もと,N2,もと|元|因|基|本|素,yes,HIGH,yes,no,yes,N3,no,"also written as 因, 原 | esp. 元 | esp. 素 | oft. 基",ctr:counter|n:noun (common) (futsuumeishi),origin; source; beginning; basis; base; foundation,ADD_HIGH_CONFIDENCE,P1,Supported by >=2 independent reference families and exact JMdict form is common.
素,もと,N3,"{""N3"": 2}","{""community-independent"": ""N3"", ""waller-derived"": ""N3""}",openjlpt|waller|wordmaster,community-independent|waller-derived,2,lexical,prime,same-reading-different-writing|same-jmdict-entry,下|元,,元,もと,N2,もと|元|因|基|本|素,yes,HIGH,yes,no,yes,N3,no,"also written as 因, 原 | esp. 元 | esp. 素 | oft. 基",ctr:counter|n:noun (common) (futsuumeishi),origin; source; beginning; basis; base; foundation,ADD_HIGH_CONFIDENCE,P1,Supported by >=2 independent reference families and exact JMdict form is common.
有機,ゆうき,N3,"{""N1"": 1, ""N3"": 1}","{""community-independent"": ""N3"", ""waller-derived"": ""N1""}",openjlpt|waller|wordmaster,community-independent|waller-derived,2,lexical,organic,same-reading-different-writing,勇気,,,,,,yes,HIGH,yes,yes,yes,N1,yes,abbr:abbreviation,adj-f:noun or verb acting prenominally|n:noun (common) (futsuumeishi),organic; organic chemistry; organic compound,ADD_HIGH_CONFIDENCE,P1,Supported by >=2 independent reference families and exact JMdict form is common. JLPT level conflicts with JMdict/Waller enrichment; add the form but review level before publishing.
夜,よ,N3,"{""N3"": 2}","{""community-independent"": ""N3"", ""waller-derived"": ""N3""}",openjlpt|waller|wordmaster,community-independent|waller-derived,2,lexical,evening; night,same-reading-different-writing|same-writing-different-reading|same-jmdict-entry,世,よる,よる|夜,よる,N5,よ|よる|夜,yes,HIGH,yes,yes,no,N5,yes,,adv:adverb (fukushi)|n:noun (common) (futsuumeishi),night; evening; dinner,ADD_HIGH_CONFIDENCE,P1,Supported by >=2 independent reference families and exact JMdict form is common. JLPT level conflicts with JMdict/Waller enrichment; add the form but review level before publishing.
一斉,いっせい,N2,"{""N2"": 2}","{""community-independent"": ""N2"", ""waller-derived"": ""N2""}",openjlpt|waller|wordmaster,community-independent|waller-derived,2,lexical,simultaneous; all at once,fully-absent,,,,,,,yes,HIGH,yes,yes,yes,N2,no,,adv:adverb (fukushi)|n:noun (common) (futsuumeishi),simultaneous; all at once,ADD_HIGH_CONFIDENCE,P1,Supported by >=2 independent reference families and exact JMdict form is common.
煎る,いる,N2,"{""N2"": 2}","{""community-independent"": ""N2"", ""waller-derived"": ""N2""}",openjlpt|waller|wordmaster,community-independent|waller-derived,2,lexical,to parch; to fry,same-reading-different-writing|same-jmdict-entry,いる|入る|射る|炒る|要る|鋳る,,いる|炒る,いる,N2|N5,いる|炒る|煎る|熬る,yes,HIGH,yes,no,yes,N2,no,,v5r:Godan verb with 'ru' ending|vt:transitive verb,to roast; to parch; to toast; to boil down,ADD_HIGH_CONFIDENCE,P1,Supported by >=2 independent reference families and exact JMdict form is common.
受取,うけとり,N2,"{""N2"": 2}","{""community-independent"": ""N2"", ""waller-derived"": ""N2""}",openjlpt|waller|wordmaster,community-independent|waller-derived,2,lexical,receipt,same-reading-different-writing|same-jmdict-entry,受け取り,,受け取り,うけとり,N3,うけとり|受け取|受け取り|受取|受取り|請け取り|請取|請取り,yes,HIGH,yes,yes,yes,N2,no,,n:noun (common) (futsuumeishi),receiving; receipt,ADD_HIGH_CONFIDENCE,P1,Supported by >=2 independent reference families and exact JMdict form is common.
売上,うりあげ,N2,"{""N2"": 2}","{""community-independent"": ""N2"", ""waller-derived"": ""N2""}",openjlpt|waller|wordmaster,community-independent|waller-derived,2,lexical,amount sold; proceeds,same-reading-different-writing|same-jmdict-entry,売り上げ,,売り上げ,うりあげ,N3,うりあげ|売り上|売り上げ|売上|売上げ,yes,HIGH,yes,yes,yes,N2,no,,n:noun (common) (futsuumeishi),amount sold; sales; proceeds; takings; turnover,ADD_HIGH_CONFIDENCE,P1,Supported by >=2 independent reference families and exact JMdict form is common.
英和,えいわ,N2,"{""N2"": 2}","{""community-independent"": ""N2"", ""waller-derived"": ""N2""}",openjlpt|waller|wordmaster,community-independent|waller-derived,2,lexical,English-Japanese (e.g. dictionary),fully-absent,,,,,,,yes,HIGH,yes,yes,yes,N2,no,abbr:abbreviation,n:noun (common) (futsuumeishi),English-Japanese; English-Japanese dictionary,ADD_HIGH_CONFIDENCE,P1,Supported by >=2 independent reference families and exact JMdict form is common.
王女,おうじょ,N2,"{""N2"": 2}","{""community-independent"": ""N2"", ""waller-derived"": ""N2""}",openjlpt|waller|wordmaster,community-independent|waller-derived,2,lexical,princess,fully-absent,,,,,,,yes,HIGH,yes,yes,yes,N2,no,,n:noun (common) (futsuumeishi),princess,ADD_HIGH_CONFIDENCE,P1,Supported by >=2 independent reference families and exact JMdict form is common.
応ずる,おうずる,N2,"{""N2"": 2}","{""community-independent"": ""N2"", ""waller-derived"": ""N2""}",openjlpt|waller|wordmaster,community-independent|waller-derived,2,lexical,to answer; to respond; to meet,fully-absent,,,,,,,yes,HIGH,yes,yes,yes,N2,no,,vi:intransitive verb|vz:Ichidan verb - zuru verb (alternative form of -jiru verbs),to answer; to respond; to meet; to satisfy; to accept,ADD_HIGH_CONFIDENCE,P1,Supported by >=2 independent reference families and exact JMdict form is common.
お先に,おさきに,N2,"{""N1"": 1, ""N2"": 1}","{""community-independent"": ""N2"", ""waller-derived"": ""N1""}",openjlpt|waller|wordmaster,community-independent|waller-derived,2,lexical,before; ahead; previously,fully-absent,,,,,,,yes,HIGH,yes,yes,yes,N2,no,abbr:abbreviation | pol:polite (teineigo) language,"adv:adverb (fukushi)|exp:expressions (phrases, clauses, etc.)",before; previously; ahead; pardon me for leaving (before you),ADD_HIGH_CONFIDENCE,P1,Supported by >=2 independent reference families and exact JMdict form is common.
落着く,おちつく,N2,"{""N2"": 2}","{""community-independent"": ""N2"", ""waller-derived"": ""N2""}",openjlpt|waller|wordmaster,community-independent|waller-derived,2,lexical,to calm down; to settle down,same-reading-different-writing|same-jmdict-entry,落ち着く,,落ち着く,おちつく,N3,おちつく|落ちつく|落ち付く|落ち着く|落付く|落着く,yes,HIGH,yes,no,yes,N2,no,usu. before a noun as 落ち着いた,v5k:Godan verb with 'ku' ending|vi:intransitive verb,to calm down; to compose oneself; to regain presence of mind; to relax; to settle down,ADD_HIGH_CONFIDENCE,P1,Supported by >=2 independent reference families and exact JMdict form is common.
お出掛け,おでかけ,N2,"{""N2"": 2}","{""community-independent"": ""N2"", ""waller-derived"": ""N2""}",waller|wordmaster,community-independent|waller-derived,2,lexical,outing,same-reading-different-writing|same-jmdict-entry,お出かけ,,お出かけ,おでかけ,N2,おでかけ|お出かけ|お出掛け|御出掛け,yes,HIGH,yes,no,yes,N2,no,hon:honorific or respectful (sonkeigo) language | oft. used as a greeting in the form of お出かけですか？ | pol:polite (teineigo) language,n:noun (common) (futsuumeishi),about to start out; just about to leave or go out; outing; trip,ADD_HIGH_CONFIDENCE,P1,Supported by >=2 independent reference families and exact JMdict form is common.
お休み,おやすみ,N2,"{""N1"": 1, ""N2"": 1}","{""community-independent"": ""N2"", ""waller-derived"": ""N1""}",openjlpt|waller|wordmaster,community-independent|waller-derived,2,lexical,holiday; absence; rest,fully-absent,,,,,,,yes,HIGH,yes,yes,yes,N2,no,abbr:abbreviation | hon:honorific or respectful (sonkeigo) language | pol:polite (teineigo) language | uk:word usually written using kana alone,int:interjection (kandoushi)|n:noun (common) (futsuumeishi),holiday; day off; absence; sleep; rest; good night,ADD_HIGH_CONFIDENCE,P1,Supported by >=2 independent reference families and exact JMdict form is common.
係わる,かかわる,N2,"{""N2"": 2}","{""community-independent"": ""N2"", ""waller-derived"": ""N2""}",openjlpt|waller|wordmaster,community-independent|waller-derived,2,lexical,to concern oneself in; to have to do with; to affect,same-reading-different-writing|same-jmdict-entry,関わる,,関わる,かかわる,N3,かかわる|係る|係わる|拘る|拘わる|関る|関わる,yes,HIGH,yes,yes,yes,N2,no,,v5r:Godan verb with 'ru' ending|vi:intransitive verb,to be involved (in); to get involved (in); to concern oneself (with); to take part (in); to interfere (in); to relate to (a matter),ADD_HIGH_CONFIDENCE,P1,Supported by >=2 independent reference families and exact JMdict form is common.
書取,かきとり,N2,"{""N2"": 2}","{""community-independent"": ""N2"", ""waller-derived"": ""N2""}",openjlpt|waller|wordmaster,community-independent|waller-derived,2,lexical,dictation,fully-absent,,,,,,,yes,HIGH,yes,yes,yes,N2,no,,n:noun (common) (futsuumeishi),writing down from other written material; writing kanji text from hiragana; transcription (of spoken material); dictation,ADD_HIGH_CONFIDENCE,P1,Supported by >=2 independent reference families and exact JMdict form is common.
かしこまりました,かしこまりました,N2,"{""N2"": 2}","{""community-independent"": ""N2"", ""waller-derived"": ""N2""}",waller|wordmaster,community-independent|waller-derived,2,kana/loanword,certainly!,fully-absent,,,,,,,yes,HIGH,yes,yes,yes,N2,no,"in response to a request or instructions from a superior, customer, etc. | pol:polite (teineigo) language | uk:word usually written using kana alone","exp:expressions (phrases, clauses, etc.)",certainly!; very well; with pleasure; understood!,ADD_HIGH_CONFIDENCE,P1,Supported by >=2 independent reference families and exact JMdict form is common.
片寄る,かたよる,N2,"{""N2"": 2}","{""community-independent"": ""N2"", ""waller-derived"": ""N2""}",openjlpt|waller|wordmaster,community-independent|waller-derived,2,lexical,to be one-sided; to incline; to be partial,same-reading-different-writing|same-jmdict-entry,偏る,,偏る,かたよる,N2,かたよる|偏る|片寄る,yes,HIGH,yes,yes,yes,N2,no,,v5r:Godan verb with 'ru' ending|vi:intransitive verb,to lean (to one side); to incline; to be unbalanced (e.g. diet); to be unduly weighted towards; to be concentrated on; to be partial,ADD_HIGH_CONFIDENCE,P1,Supported by >=2 independent reference families and exact JMdict form is common.
間接,かんせつ,N2,"{""N2"": 2}","{""community-independent"": ""N2"", ""waller-derived"": ""N2""}",openjlpt|waller|wordmaster,community-independent|waller-derived,2,lexical,indirection; indirectness,same-reading-different-writing,関節,,,,,,yes,HIGH,yes,yes,yes,N2,no,,adj-no:nouns which may take the genitive case particle 'no'|n:noun (common) (futsuumeishi),indirection; indirectness,ADD_HIGH_CONFIDENCE,P1,Supported by >=2 independent reference families and exact JMdict form is common.
規準,きじゅん,N2,"{""N2"": 2}","{""community-independent"": ""N2"", ""waller-derived"": ""N2""}",openjlpt|waller|wordmaster,community-independent|waller-derived,2,lexical,standard; basis; criteria,same-reading-different-writing|same-jmdict-entry,基準,,基準,きじゅん,N2,きじゅん|基準|規準,yes,HIGH,yes,yes,yes,N2,no,,n:noun (common) (futsuumeishi),standard; criterion; norm; benchmark; measure; gauge,ADD_HIGH_CONFIDENCE,P1,Supported by >=2 independent reference families and exact JMdict form is common.
斬る,きる,N2,"{""N2"": 2}","{""community-independent"": ""N2"", ""waller-derived"": ""N2""}",openjlpt|waller|wordmaster,community-independent|waller-derived,2,lexical,(v5r) to behead; to murder,same-reading-different-writing|same-jmdict-entry,きる|切る|着る,,きる,きる,N2,きる|斬る,yes,HIGH,yes,yes,yes,N2,no,,v5r:Godan verb with 'ru' ending|vt:transitive verb,"to kill (a human) using a blade (sword, machete, knife, etc.); to slice (off); to lop (off); to cut (off)",ADD_HIGH_CONFIDENCE,P1,Supported by >=2 independent reference families and exact JMdict form is common.
組合せ,くみあわせ,N2,"{""N2"": 2}","{""community-independent"": ""N2"", ""waller-derived"": ""N2""}",openjlpt|waller|wordmaster,community-independent|waller-derived,2,lexical,combination,same-reading-different-writing|same-jmdict-entry,組み合わせ,,組み合わせ,くみあわせ,N2,くみあわせ|組み合せ|組み合わせ|組合せ|組合わせ,yes,HIGH,yes,yes,yes,N2,no,,n:noun (common) (futsuumeishi),combination; assortment; set; matching (in a contest); pairing,ADD_HIGH_CONFIDENCE,P1,Supported by >=2 independent reference families and exact JMdict form is common.
形容詞,けいようし,N2,"{""N2"": 2}","{""community-independent"": ""N2"", ""waller-derived"": ""N2""}",openjlpt|waller|wordmaster,community-independent|waller-derived,2,lexical,true adjective,fully-absent,,,,,,,yes,HIGH,yes,yes,yes,N2,no,,n:noun (common) (futsuumeishi),adjective; i-adjective (in Japanese),ADD_HIGH_CONFIDENCE,P1,Supported by >=2 independent reference families and exact JMdict form is common.
交替,こうたい,N2,"{""N2"": 2}","{""community-independent"": ""N2"", ""waller-derived"": ""N2""}",openjlpt|waller|wordmaster,community-independent|waller-derived,2,lexical,alternation; change; relief,same-reading-different-writing|same-jmdict-entry,交代|抗体,,交代,こうたい,N2,こうたい|こうだい|交代|交替,yes,HIGH,yes,yes,yes,N2,no,,n:noun (common) (futsuumeishi)|vi:intransitive verb|vs:noun or participle which takes the aux. verb suru|vt:transitive verb,change; alternation; rotation; replacement; substitution; shift,ADD_HIGH_CONFIDENCE,P1,Supported by >=2 independent reference families and exact JMdict form is common.
耕地,こうち,N2,"{""N2"": 2}","{""community-independent"": ""N2"", ""waller-derived"": ""N2""}",openjlpt|waller|wordmaster,community-independent|waller-derived,2,lexical,arable land,same-reading-different-writing,高地,,,,,,yes,HIGH,yes,yes,yes,N2,no,bra:Brazilian,n:noun (common) (futsuumeishi),arable land; plantation; farmland; fazenda; hacienda; large estate,ADD_HIGH_CONFIDENCE,P1,Supported by >=2 independent reference families and exact JMdict form is common.
こしらえる,こしらえる,N2,"{""N2"": 2}","{""community-independent"": ""N2"", ""waller-derived"": ""N2""}",waller|wordmaster,community-independent|waller-derived,2,kana/loanword,"to make,to manufacture",same-reading-different-writing|same-jmdict-entry,拵える,,拵える,こしらえる,N2,こしらえる|拵える,yes,HIGH,yes,yes,yes,N2,no,uk:word usually written using kana alone,v1:Ichidan verb|vt:transitive verb,to make; to manufacture; to fabricate; to build; to construct; to prepare,ADD_HIGH_CONFIDENCE,P1,Supported by >=2 independent reference families and exact JMdict form is common.
ご苦労様,ごくろうさま,N2,"{""N1"": 1, ""N2"": 1}","{""community-independent"": ""N2"", ""waller-derived"": ""N1""}",openjlpt|waller|wordmaster,community-independent|waller-derived,2,lexical,Thank you very much for your....,fully-absent,,,,,,,yes,HIGH,yes,yes,yes,N2,no,pol:polite (teineigo) language | usu. to one's subordinate,"adj-na:adjectival nouns or quasi-adjectives (keiyodoshi)|exp:expressions (phrases, clauses, etc.)",thank you (for your hard work); I appreciate your efforts,ADD_HIGH_CONFIDENCE,P1,Supported by >=2 independent reference families and exact JMdict form is common.
ごちそうさま,ごちそうさま,N2,"{""N2"": 2}","{""community-independent"": ""N2"", ""waller-derived"": ""N2""}",waller|wordmaster,community-independent|waller-derived,2,kana/loanword,feast,same-reading-different-writing|same-jmdict-entry,ご馳走様,,ご馳走様,ごちそうさま,N2,ごちそうさま|ご馳走さま|ご馳走様|御馳走様,yes,HIGH,yes,yes,yes,N2,no,"joc:jocular, humorous term | uk:word usually written using kana alone",int:interjection (kandoushi),thank you (for the meal); that was a delicious meal; thank you (for displaying lovey-dovey behaviour),ADD_HIGH_CONFIDENCE,P1,Supported by >=2 independent reference families and exact JMdict form is common.
さわやか,さわやか,N2,"{""N2"": 2}","{""community-independent"": ""N2"", ""waller-derived"": ""N2""}",waller|wordmaster,community-independent|waller-derived,2,kana/loanword,"fresh,refreshing,invigorating",same-reading-different-writing|same-jmdict-entry,爽やか,,爽やか,さわやか,N2,さわやか|爽やか,yes,HIGH,yes,yes,yes,N2,no,,adj-na:adjectival nouns or quasi-adjectives (keiyodoshi),fresh; refreshing; invigorating; pleasant; delightful; clear (voice),ADD_HIGH_CONFIDENCE,P1,Supported by >=2 independent reference families and exact JMdict form is common.
湿気,しっき,N2,"{""N2"": 2}","{""community-independent"": ""N2"", ""waller-derived"": ""N2""}",waller|wordmaster,community-independent|waller-derived,2,lexical,"moisture,humidity,dampness",same-reading-different-writing|same-writing-different-reading|same-jmdict-entry,漆器,しっけ,湿気,しっけ,N3,しっき|しっけ|湿気,yes,HIGH,yes,yes,no,N2,no,,n:noun (common) (futsuumeishi),moisture; humidity; dampness,ADD_HIGH_CONFIDENCE,P1,Supported by >=2 independent reference families and exact JMdict form is common.
しっぽ,しっぽ,N2,"{""N2"": 2}","{""community-independent"": ""N2"", ""waller-derived"": ""N2""}",waller|wordmaster,community-independent|waller-derived,2,kana/loanword,tail (animal),same-reading-different-writing|same-jmdict-entry,尻尾,,尻尾,しっぽ,N1,しっぽ|しりお|尻尾,yes,HIGH,yes,yes,yes,N2,no,,n:noun (common) (futsuumeishi),tail (of an animal); tail end; tip,ADD_HIGH_CONFIDENCE,P1,Supported by >=2 independent reference families and exact JMdict form is common.
しぼむ,しぼむ,N2,"{""N2"": 2}","{""community-independent"": ""N2"", ""waller-derived"": ""N2""}",waller|wordmaster,community-independent|waller-derived,2,kana/loanword,"to wither,to fade (away),to shrivel,to wilt",same-reading-different-writing|same-jmdict-entry,萎む,,萎む,しぼむ,N2,しぼむ|凋む|萎む,yes,HIGH,yes,yes,yes,N2,no,uk:word usually written using kana alone,v5m:Godan verb with 'mu' ending|vi:intransitive verb,"to wither (of flowers, dreams, etc.); to wilt; to droop; to shrivel; to fade (away); to sag",ADD_HIGH_CONFIDENCE,P1,Supported by >=2 independent reference families and exact JMdict form is common.
締切,しめきり,N2,"{""N2"": 2}","{""community-independent"": ""N2"", ""waller-derived"": ""N2""}",openjlpt|waller|wordmaster,community-independent|waller-derived,2,lexical,closing; cut-off; end,same-reading-different-writing|same-jmdict-entry,締め切り,,締め切り,しめきり,N3,〆切|〆切り|しめきり|乄切り|締め切り|締切|締切り|閉め切り|閉切り,yes,HIGH,yes,yes,yes,N2,no,also written as 〆切(り) | also written as 閉め切り,n:noun (common) (futsuumeishi),"deadline; closing; cut-off; closing (a door, window, etc.); cofferdam",ADD_HIGH_CONFIDENCE,P1,Supported by >=2 independent reference families and exact JMdict form is common.
生ずる,しょうずる,N2,"{""N2"": 2}","{""community-independent"": ""N2"", ""waller-derived"": ""N2""}",openjlpt|waller|wordmaster,community-independent|waller-derived,2,lexical,to cause; to arise; to be generated,fully-absent,,,,,,,yes,HIGH,yes,yes,yes,N2,no,生ずる is more literary than 生じる,vi:intransitive verb|vt:transitive verb|vz:Ichidan verb - zuru verb (alternative form of -jiru verbs),to produce; to yield; to cause; to result from; to arise; to be generated,ADD_HIGH_CONFIDENCE,P1,Supported by >=2 independent reference families and exact JMdict form is common.
信ずる,しんずる,N2,"{""N2"": 2}","{""community-independent"": ""N2"", ""waller-derived"": ""N2""}",openjlpt|waller|wordmaster,community-independent|waller-derived,2,lexical,to believe; to believe in; to place trust in,fully-absent,,,,,,,yes,HIGH,yes,yes,yes,N2,no,,vt:transitive verb|vz:Ichidan verb - zuru verb (alternative form of -jiru verbs),to believe; to believe in; to place trust in; to confide in; to have faith in,ADD_HIGH_CONFIDENCE,P1,Supported by >=2 independent reference families and exact JMdict form is common.
寝台,しんだい,N2,"{""N2"": 2}","{""community-independent"": ""N2"", ""waller-derived"": ""N2""}",openjlpt|waller|wordmaster,community-independent|waller-derived,2,lexical,bed; couch,fully-absent,,,,,,,yes,HIGH,yes,yes,yes,N2,no,,n:noun (common) (futsuumeishi),bed; couch,ADD_HIGH_CONFIDENCE,P1,Supported by >=2 independent reference families and exact JMdict form is common.
助教授,じょきょうじゅ,N2,"{""N2"": 2}","{""community-independent"": ""N2"", ""waller-derived"": ""N2""}",openjlpt|waller|wordmaster,community-independent|waller-derived,2,lexical,assistant professor,fully-absent,,,,,,,yes,HIGH,yes,yes,yes,N2,no,,n:noun (common) (futsuumeishi),assistant professor; associate professor,ADD_HIGH_CONFIDENCE,P1,Supported by >=2 independent reference families and exact JMdict form is common.
専制,せんせい,N2,"{""N2"": 2}","{""community-independent"": ""N2"", ""waller-derived"": ""N2""}",openjlpt|waller|wordmaster,community-independent|waller-derived,2,lexical,despotism; autocracy,same-reading-different-writing,先生|宣誓,,,,,,yes,HIGH,yes,yes,yes,N2,no,,adj-no:nouns which may take the genitive case particle 'no'|n:noun (common) (futsuumeishi)|vs:noun or participle which takes the aux. verb suru,despotism; autocracy,ADD_HIGH_CONFIDENCE,P1,Supported by >=2 independent reference families and exact JMdict form is common.
ゼミ,ゼミ,N2,"{""N2"": 2}","{""community-independent"": ""N2"", ""waller-derived"": ""N2""}",waller|wordmaster,community-independent|waller-derived,2,kana/loanword,(n) seminar,fully-absent,,,,,,,yes,HIGH,yes,yes,yes,N2,no,abbr:abbreviation,n:noun (common) (futsuumeishi),seminar,ADD_HIGH_CONFIDENCE,P1,Supported by >=2 independent reference families and exact JMdict form is common.
全集,ぜんしゅう,N2,"{""N2"": 2}","{""community-independent"": ""N2"", ""waller-derived"": ""N2""}",openjlpt|waller|wordmaster,community-independent|waller-derived,2,lexical,complete works,fully-absent,,,,,,,yes,HIGH,yes,yes,yes,N2,no,,"n-suf:noun, used as a suffix|n:noun (common) (futsuumeishi)",complete works; complete collection; complete series,ADD_HIGH_CONFIDENCE,P1,Supported by >=2 independent reference families and exact JMdict form is common.
草履,ぞうり,N2,"{""N2"": 2}","{""community-independent"": ""N2"", ""waller-derived"": ""N2""}",openjlpt|waller|wordmaster,community-independent|waller-derived,2,lexical,zoori (Japanese footwear); sandals,fully-absent,,,,,,,yes,HIGH,yes,yes,yes,N2,no,,n:noun (common) (futsuumeishi),zori; traditional Japanese thonged sandals,ADD_HIGH_CONFIDENCE,P1,Supported by >=2 independent reference families and exact JMdict form is common.
溜息,ためいき,N2,"{""N2"": 2}","{""community-independent"": ""N2"", ""waller-derived"": ""N2""}",openjlpt|waller|wordmaster,community-independent|waller-derived,2,lexical,a sigh,same-reading-different-writing|same-jmdict-entry,ため息,,ため息,ためいき,N1,ためいき|ため息|溜め息|溜息,yes,HIGH,yes,no,yes,N2,no,,n:noun (common) (futsuumeishi),sigh,ADD_HIGH_CONFIDENCE,P1,Supported by >=2 independent reference families and exact JMdict form is common.
大分,だいぶん,N2,"{""N2"": 2}","{""community-independent"": ""N2"", ""waller-derived"": ""N2""}",openjlpt|waller|wordmaster,community-independent|waller-derived,2,lexical,considerably; greatly; a lot,same-writing-different-reading|same-jmdict-entry,,だいぶ,だいぶ|大分,だいぶ,N2|N4,だいぶ|だいぶん|大分,yes,HIGH,yes,yes,yes,N4,yes,uk:word usually written using kana alone,adv:adverb (fukushi),considerably; greatly; a lot,ADD_HIGH_CONFIDENCE,P1,Supported by >=2 independent reference families and exact JMdict form is common. JLPT level conflicts with JMdict/Waller enrichment; add the form but review level before publishing.
近付ける,ちかづける,N2,"{""N2"": 2}","{""community-independent"": ""N2"", ""waller-derived"": ""N2""}",openjlpt|waller|wordmaster,community-independent|waller-derived,2,lexical,to bring near; to put close; to let come near,same-reading-different-writing|same-jmdict-entry,近づける,,近づける,ちかづける,N2,ちかづける|近づける|近付ける,yes,HIGH,yes,yes,yes,N2,no,,v1:Ichidan verb|vt:transitive verb,to bring near; to bring close; to let go near; to associate with; to bring (people) together; to let come near (of a person),ADD_HIGH_CONFIDENCE,P1,Supported by >=2 independent reference families and exact JMdict form is common.
地点,ちてん,N2,"{""N2"": 2}","{""community-independent"": ""N2"", ""waller-derived"": ""N2""}",openjlpt|waller|wordmaster,community-independent|waller-derived,2,lexical,site; point on a map,fully-absent,,,,,,,yes,HIGH,yes,yes,yes,N2,no,,n:noun (common) (futsuumeishi),spot; point; place; position,ADD_HIGH_CONFIDENCE,P1,Supported by >=2 independent reference families and exact JMdict form is common.
抽象,ちゅうしょう,N2,"{""N2"": 2}","{""community-independent"": ""N2"", ""waller-derived"": ""N2""}",openjlpt|waller|wordmaster,community-independent|waller-derived,2,lexical,abstract,same-reading-different-writing,中傷,,,,,,yes,HIGH,yes,yes,yes,N2,no,,n:noun (common) (futsuumeishi)|vs:noun or participle which takes the aux. verb suru|vt:transitive verb,abstraction,ADD_HIGH_CONFIDENCE,P1,Supported by >=2 independent reference families and exact JMdict form is common.
長短,ちょうたん,N2,"{""N2"": 2}","{""community-independent"": ""N2"", ""waller-derived"": ""N2""}",openjlpt|waller|wordmaster,community-independent|waller-derived,2,lexical,length; long and short; +-,fully-absent,,,,,,,yes,HIGH,yes,yes,yes,N2,no,,n:noun (common) (futsuumeishi),(relative) length; advantages and disadvantages; pluses and minuses; strong and weak points; merits and demerits,ADD_HIGH_CONFIDENCE,P1,Supported by >=2 independent reference families and exact JMdict form is common.
塵紙,ちりがみ,N2,"{""N2"": 2}","{""community-independent"": ""N2"", ""waller-derived"": ""N2""}",openjlpt|waller|wordmaster,community-independent|waller-derived,2,lexical,tissue paper; toilet paper,same-reading-different-writing|same-jmdict-entry,ちり紙,,ちり紙,ちりがみ,N2,ちりがみ|ちりし|ちり紙|チリ紙|塵紙,yes,HIGH,yes,no,yes,N2,no,,n:noun (common) (futsuumeishi),tissue paper; toilet paper,ADD_HIGH_CONFIDENCE,P1,Supported by >=2 independent reference families and exact JMdict form is common.
適確,てきかく,N2,"{""N2"": 2}","{""community-independent"": ""N2"", ""waller-derived"": ""N2""}",openjlpt|waller|wordmaster,community-independent|waller-derived,2,lexical,precise; accurate,same-reading-different-writing|same-jmdict-entry,的確|適格,,的確,てきかく,N2,てきかく|てっかく|的確|適確,yes,HIGH,yes,yes,yes,N2,no,,adj-na:adjectival nouns or quasi-adjectives (keiyodoshi)|n:noun (common) (futsuumeishi),accurate; precise; exact; appropriate; apt; right,ADD_HIGH_CONFIDENCE,P1,Supported by >=2 independent reference families and exact JMdict form is common.
手拭い,てぬぐい,N2,"{""N2"": 2}","{""community-independent"": ""N2"", ""waller-derived"": ""N2""}",openjlpt|waller|wordmaster,community-independent|waller-derived,2,lexical,(hand) towel,same-reading-different-writing|same-jmdict-entry,手ぬぐい,,手ぬぐい,てぬぐい,N2,てぬぐい|手ぬぐい|手拭|手拭い,yes,HIGH,yes,yes,yes,N2,no,,n:noun (common) (futsuumeishi),(hand) towel,ADD_HIGH_CONFIDENCE,P1,Supported by >=2 independent reference families and exact JMdict form is common.
出入口,でいりぐち,N2,"{""N2"": 2}","{""community-independent"": ""N2"", ""waller-derived"": ""N2""}",openjlpt|waller|wordmaster,community-independent|waller-derived,2,lexical,exit and entrance,same-reading-different-writing|same-jmdict-entry,出入り口,,出入り口,でいりぐち,N3,でいりぐち|出入り口|出入口,yes,HIGH,yes,yes,yes,N2,no,,n:noun (common) (futsuumeishi),exit and entrance,ADD_HIGH_CONFIDENCE,P1,Supported by >=2 independent reference families and exact JMdict form is common.
灯油,とうゆ,N2,"{""N2"": 2}","{""community-independent"": ""N2"", ""waller-derived"": ""N2""}",openjlpt|waller|wordmaster,community-independent|waller-derived,2,lexical,lamp oil; kerosene,fully-absent,,,,,,,yes,HIGH,yes,yes,yes,N2,no,,n:noun (common) (futsuumeishi),kerosene; paraffin; lamp oil,ADD_HIGH_CONFIDENCE,P1,Supported by >=2 independent reference families and exact JMdict form is common.
留まる,とどまる,N2,"{""N2"": 2}","{""community-independent"": ""N2"", ""waller-derived"": ""N2""}",openjlpt|waller|wordmaster,community-independent|waller-derived,2,lexical,(1) to be fixed; (2) to abide; to stay (in the one place),same-reading-different-writing|same-writing-different-reading|same-jmdict-entry,とどまる|止まる,とまる,とどまる|止まる,とどまる,N1|N2,とどまる|停まる|止まる|留まる|駐まる,yes,HIGH,yes,no,yes,N2,no,uk:word usually written using kana alone,v5r:Godan verb with 'ru' ending|vi:intransitive verb,to remain; to abide; to stay (in the one place); to be limited to; to be confined to; to only account for,ADD_HIGH_CONFIDENCE,P1,Supported by >=2 independent reference families and exact JMdict form is common.
捕える,とらえる,N2,"{""N2"": 2}","{""community-independent"": ""N2"", ""waller-derived"": ""N2""}",openjlpt|waller|wordmaster,community-independent|waller-derived,2,lexical,to seize; to grasp; to capture,same-reading-different-writing|same-jmdict-entry,捉える|捕らえる,,捉える|捕らえる,とらえる,N2,とらえる|捉える|捕える|捕らえる,yes,HIGH,yes,yes,yes,N2,no,,v1:Ichidan verb|vt:transitive verb,to catch; to capture; to seize; to arrest; to grab; to catch hold of,ADD_HIGH_CONFIDENCE,P1,Supported by >=2 independent reference families and exact JMdict form is common.
捕る,とる,N2,"{""N2"": 2}","{""community-independent"": ""N2"", ""waller-derived"": ""N2""}",openjlpt|waller|wordmaster,community-independent|waller-derived,2,lexical,to take; to catch (fish); to capture,same-reading-different-writing,取る|執る|採る|撮る,,,,,,yes,HIGH,yes,yes,yes,N2,no,,v5r:Godan verb with 'ru' ending|vt:transitive verb,"to catch (a wild animal, fish, insect, baseball, etc.); to capture",ADD_HIGH_CONFIDENCE,P1,Supported by >=2 independent reference families and exact JMdict form is common.
謎謎,なぞなぞ,N2,"{""N2"": 2}","{""community-independent"": ""N2"", ""waller-derived"": ""N2""}",openjlpt|waller|wordmaster,community-independent|waller-derived,2,lexical,riddle; puzzle; enigma,same-reading-different-writing|same-jmdict-entry,なぞなぞ|謎々,,なぞなぞ|謎々,なぞなぞ,N1|N2,なぞなぞ|謎々|謎謎,yes,HIGH,yes,no,yes,N2,no,uk:word usually written using kana alone,n:noun (common) (futsuumeishi),riddle; puzzle; enigma,ADD_HIGH_CONFIDENCE,P1,Supported by >=2 independent reference families and exact JMdict form is common.
なにしろ,なにしろ,N2,"{""N2"": 2}","{""community-independent"": ""N2"", ""waller-derived"": ""N2""}",waller|wordmaster,community-independent|waller-derived,2,kana/loanword,"at any rate,anyhow,anyway,in any case",same-reading-different-writing|same-jmdict-entry,何しろ,,何しろ,なにしろ,N2,なにしろ|何しろ,yes,HIGH,yes,yes,yes,N2,no,,adv:adverb (fukushi),in any case; at any rate; anyhow; anyway; as you know; for you see,ADD_HIGH_CONFIDENCE,P1,Supported by >=2 independent reference families and exact JMdict form is common.
なんとも,なんとも,N2,"{""N2"": 2}","{""community-independent"": ""N2"", ""waller-derived"": ""N2""}",waller|wordmaster,community-independent|waller-derived,2,kana/loanword,"nothing (with neg. verb),quite,not a bit",same-reading-different-writing|same-jmdict-entry,何とも,,何とも,なんとも,N1,なんとも|何とも,yes,HIGH,yes,yes,yes,N2,no,with neg. verb,adv:adverb (fukushi),really; very; extremely; terribly; awfully; (not) anything,ADD_HIGH_CONFIDENCE,P1,Supported by >=2 independent reference families and exact JMdict form is common.
南米,なんべい,N2,"{""N2"": 2}","{""community-independent"": ""N2"", ""waller-derived"": ""N2""}",openjlpt|waller|wordmaster,community-independent|waller-derived,2,lexical,South America,fully-absent,,,,,,,yes,HIGH,yes,yes,yes,N2,no,,n:noun (common) (futsuumeishi),South America,ADD_HIGH_CONFIDENCE,P1,Supported by >=2 independent reference families and exact JMdict form is common.
寝巻,ねまき,N2,"{""N2"": 2}","{""community-independent"": ""N2"", ""waller-derived"": ""N2""}",openjlpt|waller|wordmaster,community-independent|waller-derived,2,lexical,sleep-wear; nightclothes; pyjamas,same-reading-different-writing|same-jmdict-entry,寝巻き,,寝巻き,ねまき,N2,ねまき|寝まき|寝巻|寝巻き|寝衣|寝間着,yes,HIGH,yes,yes,yes,N2,no,,n:noun (common) (futsuumeishi),nightclothes; nightwear; sleepwear; pyjamas; pajamas; nightgown,ADD_HIGH_CONFIDENCE,P1,Supported by >=2 independent reference families and exact JMdict form is common.
寝間着,ねまき,N2,"{""N2"": 2}","{""community-independent"": ""N2"", ""waller-derived"": ""N2""}",openjlpt|waller|wordmaster,community-independent|waller-derived,2,lexical,sleep-wear; nightclothes; pyjamas,same-reading-different-writing|same-jmdict-entry,寝巻き,,寝巻き,ねまき,N2,ねまき|寝まき|寝巻|寝巻き|寝衣|寝間着,yes,HIGH,yes,yes,yes,N2,no,,n:noun (common) (futsuumeishi),nightclothes; nightwear; sleepwear; pyjamas; pajamas; nightgown,ADD_HIGH_CONFIDENCE,P1,Supported by >=2 independent reference families and exact JMdict form is common.
乗換,のりかえ,N2,"{""N2"": 2}","{""community-independent"": ""N2"", ""waller-derived"": ""N2""}",openjlpt|waller|wordmaster,community-independent|waller-derived,2,lexical,(n) transfer (trains; buses; etc.),same-reading-different-writing|same-jmdict-entry,乗り換え,,乗り換え,のりかえ,N3,のりかえ|乗りかえ|乗り換え|乗り替え|乗換|乗換え|乗替え,yes,HIGH,yes,yes,yes,N2,no,,n:noun (common) (futsuumeishi)|vi:intransitive verb|vs:noun or participle which takes the aux. verb suru,"transfer (trains, buses, etc.); change; connection; switch (to another ideology, party, system, method, etc.); conversion",ADD_HIGH_CONFIDENCE,P1,Supported by >=2 independent reference families and exact JMdict form is common.
剥す,はがす,N2,"{""N2"": 2}","{""community-independent"": ""N2"", ""waller-derived"": ""N2""}",openjlpt|waller|wordmaster,community-independent|waller-derived,2,lexical,(v5s) to tear off; to peel off; to rip off,same-reading-different-writing|same-jmdict-entry,剝がす|剥がす,,剝がす|剥がす,はがす,N1|N2,はがす|へがす|剝がす|剥がす|剥す,yes,HIGH,yes,no,yes,N2,no,io:irregular okurigana usage | uk:word usually written using kana alone,v5s:Godan verb with 'su' ending|vt:transitive verb,to tear off; to peel off; to rip off; to strip off; to skin; to flay,ADD_HIGH_CONFIDENCE,P1,Supported by >=2 independent reference families and exact JMdict form is common.
初めに,はじめに,N2,"{""N2"": 2}","{""community-independent"": ""N2"", ""waller-derived"": ""N2""}",waller|wordmaster,community-independent|waller-derived,2,lexical,"to begin with, first of all",fully-absent,,,,,,,yes,HIGH,yes,yes,yes,N2,no,"as the section heading of a book, etc. | uk:word usually written using kana alone","exp:expressions (phrases, clauses, etc.)",first; firstly; first of all; to begin with; in the beginning; at the beginning,ADD_HIGH_CONFIDENCE,P1,Supported by >=2 independent reference families and exact JMdict form is common.
始めに,はじめに,N2,"{""N2"": 2}","{""community-independent"": ""N2"", ""waller-derived"": ""N2""}",openjlpt|waller|wordmaster,community-independent|waller-derived,2,lexical,to begin with; first of all,fully-absent,,,,,,,yes,HIGH,yes,yes,yes,N2,no,"as the section heading of a book, etc. | uk:word usually written using kana alone","exp:expressions (phrases, clauses, etc.)",first; firstly; first of all; to begin with; in the beginning; at the beginning,ADD_HIGH_CONFIDENCE,P1,Supported by >=2 independent reference families and exact JMdict form is common.
はじめまして,はじめまして,N2,"{""N2"": 2}","{""community-independent"": ""N2"", ""waller-derived"": ""N2""}",waller|wordmaster,community-independent|waller-derived,2,kana/loanword,"How do you do?,I am glad to meet you",same-reading-different-writing|same-jmdict-entry,初めまして,,初めまして,はじめまして,N5,はじめまして|初めまして|始めまして,yes,HIGH,yes,yes,yes,N2,no,pol:polite (teineigo) language | uk:word usually written using kana alone,"exp:expressions (phrases, clauses, etc.)",nice to meet you; I'm glad to make your acquaintance; how do you do?,ADD_HIGH_CONFIDENCE,P1,Supported by >=2 independent reference families and exact JMdict form is common.
果して,はたして,N2,"{""N2"": 2}","{""community-independent"": ""N2"", ""waller-derived"": ""N2""}",openjlpt|waller|wordmaster,community-independent|waller-derived,2,lexical,as was expected; really,same-reading-different-writing|same-jmdict-entry,果たして,,果たして,はたして,N2,はたして|果して|果たして,yes,HIGH,yes,no,yes,N2,no,used in interrogative and hypothetical sentences,adv:adverb (fukushi),as was expected; just as one thought; sure enough; really; actually; ever,ADD_HIGH_CONFIDENCE,P1,Supported by >=2 independent reference families and exact JMdict form is common.
話合い,はなしあい,N2,"{""N2"": 2}","{""community-independent"": ""N2"", ""waller-derived"": ""N2""}",openjlpt|waller|wordmaster,community-independent|waller-derived,2,lexical,discussion; conference,same-reading-different-writing|same-jmdict-entry,話し合い,,話し合い,はなしあい,N3,はなしあい|話し合い|話合い,yes,HIGH,yes,yes,yes,N2,no,,n:noun (common) (futsuumeishi)|vs:noun or participle which takes the aux. verb suru,discussion; talk; tête-à-tête; conference,ADD_HIGH_CONFIDENCE,P1,Supported by >=2 independent reference families and exact JMdict form is common.
判事,はんじ,N2,"{""N2"": 2}","{""community-independent"": ""N2"", ""waller-derived"": ""N2""}",openjlpt|waller|wordmaster,community-independent|waller-derived,2,lexical,judge; judiciary,fully-absent,,,,,,,yes,HIGH,yes,yes,yes,N2,no,,n:noun (common) (futsuumeishi),judge; judiciary,ADD_HIGH_CONFIDENCE,P1,Supported by >=2 independent reference families and exact JMdict form is common.
引受る,ひきうける,N2,"{""N2"": 2}","{""community-independent"": ""N2"", ""waller-derived"": ""N2""}",openjlpt|waller|wordmaster,community-independent|waller-derived,2,lexical,to undertake; to take up; to take over,same-reading-different-writing|same-jmdict-entry,引き受ける,,引き受ける,ひきうける,N3,ひきうける|引きうける|引き受ける|引受ける|引受る,yes,HIGH,yes,no,yes,N2,no,io:irregular okurigana usage,v1:Ichidan verb|vt:transitive verb,to take on; to undertake; to accept; to take charge of; to assume responsibility for; to take over,ADD_HIGH_CONFIDENCE,P1,Supported by >=2 independent reference families and exact JMdict form is common.
引算,ひきざん,N2,"{""N2"": 2}","{""community-independent"": ""N2"", ""waller-derived"": ""N2""}",openjlpt|waller|wordmaster,community-independent|waller-derived,2,lexical,subtraction,same-reading-different-writing|same-jmdict-entry,引き算,,引き算,ひきざん,N2,ひきざん|ひき算|引き算|引算,yes,HIGH,yes,no,yes,N2,no,,n:noun (common) (futsuumeishi)|vs:noun or participle which takes the aux. verb suru|vt:transitive verb,subtraction,ADD_HIGH_CONFIDENCE,P1,Supported by >=2 independent reference families and exact JMdict form is common.
引分け,ひきわけ,N2,"{""N2"": 2}","{""community-independent"": ""N2"", ""waller-derived"": ""N2""}",openjlpt|waller|wordmaster,community-independent|waller-derived,2,lexical,a draw (in competition); tie game,same-reading-different-writing|same-jmdict-entry,引き分け,,引き分け,ひきわけ,N2,ひきわけ|引き分け|引分け,yes,HIGH,yes,yes,yes,N2,no,,n:noun (common) (futsuumeishi),draw (in competition); tie game,ADD_HIGH_CONFIDENCE,P1,Supported by >=2 independent reference families and exact JMdict form is common.
日日,ひにち,N2,"{""N2"": 2}","{""community-independent"": ""N2"", ""waller-derived"": ""N2""}",openjlpt|waller|wordmaster,community-independent|waller-derived,2,lexical,every day; daily; day after day,same-reading-different-writing|same-jmdict-entry,日にち,,日にち,ひにち,N2,ひにち|日にち|日日,yes,HIGH,yes,no,yes,N2,no,,n:noun (common) (futsuumeishi),"date (of a planned event, act, etc.); day; (number of) days",ADD_HIGH_CONFIDENCE,P1,Supported by >=2 independent reference families and exact JMdict form is common.
日の入り,ひのいり,N2,"{""N2"": 2}","{""community-independent"": ""N2"", ""waller-derived"": ""N2""}",openjlpt|waller|wordmaster,community-independent|waller-derived,2,lexical,sunset,fully-absent,,,,,,,yes,HIGH,yes,yes,yes,N2,no,,n:noun (common) (futsuumeishi),sunset,ADD_HIGH_CONFIDENCE,P1,Supported by >=2 independent reference families and exact JMdict form is common.
ひゃっかじてん,ひゃっかじてん,N2,"{""N2"": 2}","{""community-independent"": ""N2"", ""waller-derived"": ""N2""}",waller|wordmaster,community-independent|waller-derived,2,kana/loanword,encyclopedia,same-reading-different-writing|same-jmdict-entry,百科事典,,百科事典,ひゃっかじてん,N2,ひゃっかじてん|百科事典|百科辞典,yes,HIGH,yes,yes,yes,N2,no,,n:noun (common) (futsuumeishi),encyclopedia; encyclopaedia,ADD_HIGH_CONFIDENCE,P1,Supported by >=2 independent reference families and exact JMdict form is common.
ビルディング,ビルディング,N2,"{""N2"": 2}","{""community-independent"": ""N2"", ""waller-derived"": ""N2""}",waller|wordmaster,community-independent|waller-derived,2,kana/loanword,building,fully-absent,,,,,,,yes,HIGH,yes,yes,yes,N2,no,,n:noun (common) (futsuumeishi),multi-floor building; multi-storey building; tall building,ADD_HIGH_CONFIDENCE,P1,Supported by >=2 independent reference families and exact JMdict form is common.
瓶詰,びんづめ,N2,"{""N2"": 2}","{""community-independent"": ""N2"", ""waller-derived"": ""N2""}",openjlpt|waller|wordmaster,community-independent|waller-derived,2,lexical,bottling; bottled,same-reading-different-writing|same-jmdict-entry,瓶詰め,,瓶詰め,びんづめ,N2,びんづめ|びん詰|びん詰め|ビン詰め|壜詰|壜詰め|瓶詰|瓶詰め,yes,HIGH,yes,yes,yes,N2,no,,adj-no:nouns which may take the genitive case particle 'no'|n:noun (common) (futsuumeishi)|vs:noun or participle which takes the aux. verb suru|vt:transitive verb,bottling; bottled,ADD_HIGH_CONFIDENCE,P1,Supported by >=2 independent reference families and exact JMdict form is common.
副詞,ふくし,N2,"{""N2"": 2}","{""community-independent"": ""N2"", ""waller-derived"": ""N2""}",openjlpt|waller|wordmaster,community-independent|waller-derived,2,lexical,adverb,same-reading-different-writing,福祉,,,,,,yes,HIGH,yes,yes,yes,N2,no,,n:noun (common) (futsuumeishi),adverb,ADD_HIGH_CONFIDENCE,P1,Supported by >=2 independent reference families and exact JMdict form is common.
符号,ふごう,N2,"{""N2"": 2}","{""community-independent"": ""N2"", ""waller-derived"": ""N2""}",openjlpt|waller|wordmaster,community-independent|waller-derived,2,lexical,sign; mark; symbol,same-reading-different-writing,富豪|符合,,,,,,yes,HIGH,yes,yes,yes,N2,no,,n:noun (common) (futsuumeishi),"sign; mark; symbol; code; sign (e.g. positive, negative)",ADD_HIGH_CONFIDENCE,P1,Supported by >=2 independent reference families and exact JMdict form is common.
襖,ふすま,N2,"{""N2"": 2}","{""community-independent"": ""N2"", ""waller-derived"": ""N2""}",openjlpt|waller|wordmaster,community-independent|waller-derived,2,lexical,sliding screen,fully-absent,,,,,,,yes,HIGH,yes,yes,yes,N2,no,,n:noun (common) (futsuumeishi),fusuma; Japanese sliding screen,ADD_HIGH_CONFIDENCE,P1,Supported by >=2 independent reference families and exact JMdict form is common.
附属,ふぞく,N2,"{""N2"": 2}","{""community-independent"": ""N2"", ""waller-derived"": ""N2""}",openjlpt|waller|wordmaster,community-independent|waller-derived,2,lexical,attached; belonging; affiliated,same-reading-different-writing|same-jmdict-entry,付属,,付属,ふぞく,N2,ふぞく|付属|附属,yes,HIGH,yes,yes,yes,N2,no,abbr:abbreviation,adj-no:nouns which may take the genitive case particle 'no'|n:noun (common) (futsuumeishi)|vi:intransitive verb|vs:noun or participle which takes the aux. verb suru,being attached (to); being affiliated (to); belonging (to); going with; attached school; affiliated school,ADD_HIGH_CONFIDENCE,P1,Supported by >=2 independent reference families and exact JMdict form is common.
振舞う,ふるまう,N2,"{""N2"": 2}","{""community-independent"": ""N2"", ""waller-derived"": ""N2""}",openjlpt|waller|wordmaster,community-independent|waller-derived,2,lexical,to behave; to conduct oneself; to entertain (vt),same-reading-different-writing|same-jmdict-entry,振る舞う,,振る舞う,ふるまう,N2,ふるまう|振る舞う|振舞う,yes,HIGH,yes,no,yes,N2,no,,v5u:Godan verb with 'u' ending|vi:intransitive verb|vt:transitive verb,to behave; to conduct oneself; to act; to treat (someone) to (food or drink); to entertain (e.g. to lunch),ADD_HIGH_CONFIDENCE,P1,Supported by >=2 independent reference families and exact JMdict form is common.
ぶらさげる,ぶらさげる,N2,"{""N2"": 2}","{""community-independent"": ""N2"", ""waller-derived"": ""N2""}",waller|wordmaster,community-independent|waller-derived,2,kana/loanword,"to hang,to suspend,to dangle,to swing",same-reading-different-writing|same-jmdict-entry,ぶら下げる,,ぶら下げる,ぶらさげる,N2,ぶらさげる|ぶら下げる,yes,HIGH,yes,yes,yes,N2,no,,v1:Ichidan verb|vt:transitive verb,to hang; to suspend; to dangle; to swing; to carry,ADD_HIGH_CONFIDENCE,P1,Supported by >=2 independent reference families and exact JMdict form is common.
保健,ほけん,N2,"{""N2"": 2}","{""community-independent"": ""N2"", ""waller-derived"": ""N2""}",openjlpt|waller|wordmaster,community-independent|waller-derived,2,lexical,health preservation; hygiene; sanitation,same-reading-different-writing,保険,,,,,,yes,HIGH,yes,yes,yes,N2,no,,n:noun (common) (futsuumeishi),preservation of health; hygiene; sanitation; health education (school subject),ADD_HIGH_CONFIDENCE,P1,Supported by >=2 independent reference families and exact JMdict form is common.
坊っちゃん,ぼっちゃん,N2,"{""N2"": 2}","{""community-independent"": ""N2"", ""waller-derived"": ""N2""}",openjlpt|waller|wordmaster,community-independent|waller-derived,2,lexical,son (of others),same-reading-different-writing|same-jmdict-entry,坊ちゃん,,坊ちゃん,ぼっちゃん,N1,ぼっちゃん|坊ちゃん|坊っちゃん,yes,HIGH,yes,yes,yes,N2,no,hon:honorific or respectful (sonkeigo) language,n:noun (common) (futsuumeishi),(another's) son; boy; young master; green young man from a well-to-do family; young man innocent of the ways of the world,ADD_HIGH_CONFIDENCE,P1,Supported by >=2 independent reference families and exact JMdict form is common.
またぐ,またぐ,N2,"{""N2"": 2}","{""community-independent"": ""N2"", ""waller-derived"": ""N2""}",waller|wordmaster,community-independent|waller-derived,2,kana/loanword,to straddle,same-reading-different-writing|same-jmdict-entry,跨ぐ,,跨ぐ,またぐ,N2,またぐ|跨ぐ,yes,HIGH,yes,yes,yes,N2,no,uk:word usually written using kana alone,v5g:Godan verb with 'gu' ending|vt:transitive verb,to step over; to step across; to stride over; to stride across; to cross; to stretch over,ADD_HIGH_CONFIDENCE,P1,Supported by >=2 independent reference families and exact JMdict form is common.
まぶた,まぶた,N2,"{""N2"": 2}","{""community-independent"": ""N2"", ""waller-derived"": ""N2""}",waller|wordmaster,community-independent|waller-derived,2,kana/loanword,eyelids,same-reading-different-writing|same-jmdict-entry,瞼,,瞼,まぶた,N2,まぶた|目蓋|眼蓋|瞼,yes,HIGH,yes,yes,yes,N2,no,uk:word usually written using kana alone,n:noun (common) (futsuumeishi),eyelid,ADD_HIGH_CONFIDENCE,P1,Supported by >=2 independent reference families and exact JMdict form is common.
間も無く,まもなく,N2,"{""N2"": 2}","{""community-independent"": ""N2"", ""waller-derived"": ""N2""}",openjlpt|waller|wordmaster,community-independent|waller-derived,2,lexical,soon; before long; in a short time,same-reading-different-writing|same-jmdict-entry,まもなく|間もなく,,まもなく|間もなく,まもなく,N2,まもなく|間もなく|間も無く,yes,HIGH,yes,yes,yes,N2,no,after the dictionary form of a verb | uk:word usually written using kana alone,adv:adverb (fukushi),soon; shortly; before long; in a short time; in a little while; having no time to ...,ADD_HIGH_CONFIDENCE,P1,Supported by >=2 independent reference families and exact JMdict form is common.
みじめ,みじめ,N2,"{""N2"": 2}","{""community-independent"": ""N2"", ""waller-derived"": ""N2""}",waller|wordmaster,community-independent|waller-derived,2,kana/loanword,"(arch) sad,pitiful,wretched",same-reading-different-writing|same-jmdict-entry,惨め,,惨め,みじめ,N1,みじめ|惨め,yes,HIGH,yes,yes,yes,N2,no,,adj-na:adjectival nouns or quasi-adjectives (keiyodoshi),miserable; wretched; unhappy; sad; pitiable,ADD_HIGH_CONFIDENCE,P1,Supported by >=2 independent reference families and exact JMdict form is common.
命ずる,めいずる,N2,"{""N2"": 2}","{""community-independent"": ""N2"", ""waller-derived"": ""N2""}",openjlpt|waller|wordmaster,community-independent|waller-derived,2,lexical,to command; to appoint,fully-absent,,,,,,,yes,HIGH,yes,yes,yes,N2,no,,vt:transitive verb|vz:Ichidan verb - zuru verb (alternative form of -jiru verbs),to order; to command; to appoint,ADD_HIGH_CONFIDENCE,P1,Supported by >=2 independent reference families and exact JMdict form is common.
目覚し,めざまし,N2,"{""N2"": 2}","{""community-independent"": ""N2"", ""waller-derived"": ""N2""}",openjlpt|waller|wordmaster,community-independent|waller-derived,2,lexical,(abbr) alarm-clock,same-reading-different-writing|same-jmdict-entry,目覚まし,,目覚まし,めざまし,N3,めざまし|目ざまし|目覚し|目覚まし,yes,HIGH,yes,no,yes,N2,no,abbr:abbreviation,n:noun (common) (futsuumeishi),alarm clock; waking up; keeping oneself awake; early-morning treat (traditionally given to children in some parts of Japan); wake-up sweet,ADD_HIGH_CONFIDENCE,P1,Supported by >=2 independent reference families and exact JMdict form is common.
めまい,めまい,N2,"{""N2"": 2}","{""community-independent"": ""N2"", ""waller-derived"": ""N2""}",waller|wordmaster,community-independent|waller-derived,2,kana/loanword,"dizziness,giddiness",same-reading-different-writing|same-jmdict-entry,眩暈,,眩暈,めまい,N2,めまい|目まい|目眩|目眩い|眩冒|眩暈,yes,HIGH,yes,yes,yes,N2,no,uk:word usually written using kana alone,n:noun (common) (futsuumeishi),dizziness; giddiness; vertigo,ADD_HIGH_CONFIDENCE,P1,Supported by >=2 independent reference families and exact JMdict form is common.
夜行,やこう,N2,"{""N2"": 2}","{""community-independent"": ""N2"", ""waller-derived"": ""N2""}",openjlpt|waller|wordmaster,community-independent|waller-derived,2,lexical,walking around at night; night train; night travel,fully-absent,,,,,,,yes,HIGH,yes,yes,yes,N2,no,abbr:abbreviation,n:noun (common) (futsuumeishi)|vi:intransitive verb|vs:noun or participle which takes the aux. verb suru,"night travel; walking around at night; night train; nightly procession of monsters, spirits, etc.",ADD_HIGH_CONFIDENCE,P1,Supported by >=2 independent reference families and exact JMdict form is common.
家主,やぬし,N2,"{""N2"": 2}","{""community-independent"": ""N2"", ""waller-derived"": ""N2""}",openjlpt|waller|wordmaster,community-independent|waller-derived,2,lexical,landlord,fully-absent,,,,,,,yes,HIGH,yes,yes,yes,N2,no,,n:noun (common) (futsuumeishi),landlord; landlady; house owner; home owner; head of the household,ADD_HIGH_CONFIDENCE,P1,Supported by >=2 independent reference families and exact JMdict form is common.
やむをえない,やむをえない,N2,"{""N2"": 2}","{""community-independent"": ""N2"", ""waller-derived"": ""N2""}",waller|wordmaster,community-independent|waller-derived,2,kana/loanword,"cannot be helped,unavoidable",same-reading-different-writing|same-jmdict-entry,やむを得ない,,やむを得ない,やむをえない,N2,やむをえない|やむを得ない|已むを得ない|止むをえない|止むを得ない,yes,HIGH,yes,yes,yes,N2,no,,"adj-i:adjective (keiyoushi)|exp:expressions (phrases, clauses, etc.)",cannot be helped; unavoidable,ADD_HIGH_CONFIDENCE,P1,Supported by >=2 independent reference families and exact JMdict form is common.
軟らかい,やわらかい,N2,"{""N2"": 2}","{""community-independent"": ""N2"", ""waller-derived"": ""N2""}",openjlpt|waller|wordmaster,community-independent|waller-derived,2,lexical,soft; tender; limp,same-reading-different-writing|same-jmdict-entry,柔らかい,,柔らかい,やわらかい,N3,やわらかい|柔かい|柔らかい|軟らかい,yes,HIGH,yes,yes,yes,N4,yes,,adj-i:adjective (keiyoushi),soft; tender; supple; flexible; limber; limp,ADD_HIGH_CONFIDENCE,P1,Supported by >=2 independent reference families and exact JMdict form is common. JLPT level conflicts with JMdict/Waller enrichment; add the form but review level before publishing.
幼稚,ようち,N2,"{""N2"": 2}","{""community-independent"": ""N2"", ""waller-derived"": ""N2""}",openjlpt|waller|wordmaster,community-independent|waller-derived,2,lexical,infancy; childish; infantile,fully-absent,,,,,,,yes,HIGH,yes,yes,yes,N2,no,,adj-na:adjectival nouns or quasi-adjectives (keiyodoshi)|n:noun (common) (futsuumeishi),infancy; childish; infantile; immature; primitive,ADD_HIGH_CONFIDENCE,P1,Supported by >=2 independent reference families and exact JMdict form is common.
羊毛,ようもう,N2,"{""N2"": 2}","{""community-independent"": ""N2"", ""waller-derived"": ""N2""}",openjlpt|waller|wordmaster,community-independent|waller-derived,2,lexical,wool,fully-absent,,,,,,,yes,HIGH,yes,yes,yes,N2,no,,adj-no:nouns which may take the genitive case particle 'no'|n:noun (common) (futsuumeishi),wool,ADD_HIGH_CONFIDENCE,P1,Supported by >=2 independent reference families and exact JMdict form is common.
酔っ払い,よっぱらい,N2,"{""N2"": 2}","{""community-independent"": ""N2"", ""waller-derived"": ""N2""}",openjlpt|waller|wordmaster,community-independent|waller-derived,2,lexical,drunkard,fully-absent,,,,,,,yes,HIGH,yes,yes,yes,N2,no,,n:noun (common) (futsuumeishi),drunkard,ADD_HIGH_CONFIDENCE,P1,Supported by >=2 independent reference families and exact JMdict form is common.
レクリェーション,レクリェーション,N2,"{""N2"": 2}","{""community-independent"": ""N2"", ""waller-derived"": ""N2""}",waller|wordmaster,community-independent|waller-derived,2,kana/loanword,recreation,same-jmdict-entry,,,レクリエーション,レクリエーション,N2,リクリェーション|リクリエーション|レクリェーション|レクリエーション|レクレーション,yes,HIGH,yes,yes,yes,N2,no,,n:noun (common) (futsuumeishi),recreation; re-creation,ADD_HIGH_CONFIDENCE,P1,Supported by >=2 independent reference families and exact JMdict form is common.
論ずる,ろんずる,N2,"{""N2"": 2}","{""community-independent"": ""N2"", ""waller-derived"": ""N2""}",openjlpt|waller|wordmaster,community-independent|waller-derived,2,lexical,to argue; to discuss; to debate,fully-absent,,,,,,,yes,HIGH,yes,yes,yes,N2,no,usu. in negative sentences,vt:transitive verb|vz:Ichidan verb - zuru verb (alternative form of -jiru verbs),to discuss; to talk about; to deal with (a topic); to argue; to dispute; to take into consideration,ADD_HIGH_CONFIDENCE,P1,Supported by >=2 independent reference families and exact JMdict form is common.
和英,わえい,N2,"{""N2"": 2}","{""community-independent"": ""N2"", ""waller-derived"": ""N2""}",openjlpt|waller|wordmaster,community-independent|waller-derived,2,lexical,Japanese-English,fully-absent,,,,,,,yes,HIGH,yes,yes,yes,N2,no,abbr:abbreviation,n:noun (common) (futsuumeishi),Japanese-English; Japanese-English dictionary,ADD_HIGH_CONFIDENCE,P1,Supported by >=2 independent reference families and exact JMdict form is common.
割合に,わりあいに,N2,"{""N1"": 1, ""N2"": 1}","{""community-independent"": ""N2"", ""waller-derived"": ""N1""}",openjlpt|waller|wordmaster,community-independent|waller-derived,2,lexical,comparatively,fully-absent,,,,,,,yes,HIGH,yes,yes,yes,N2,no,,adv:adverb (fukushi),comparatively,ADD_HIGH_CONFIDENCE,P1,Supported by >=2 independent reference families and exact JMdict form is common.
割算,わりざん,N2,"{""N2"": 2}","{""community-independent"": ""N2"", ""waller-derived"": ""N2""}",openjlpt|waller|wordmaster,community-independent|waller-derived,2,lexical,division (math),same-reading-different-writing|same-jmdict-entry,割り算,,割り算,わりざん,N2,わりざん|わり算|割り算|割算,yes,HIGH,yes,no,yes,N2,no,,n:noun (common) (futsuumeishi)|vs:noun or participle which takes the aux. verb suru|vt:transitive verb,division,ADD_HIGH_CONFIDENCE,P1,Supported by >=2 independent reference families and exact JMdict form is common.
アワー,アワー,N1,"{""N1"": 2}","{""community-independent"": ""N1"", ""waller-derived"": ""N1""}",waller|wordmaster,community-independent|waller-derived,2,kana/loanword,hour,fully-absent,,,,,,,yes,HIGH,yes,yes,yes,N1,no,,n:noun (common) (futsuumeishi),hour,ADD_HIGH_CONFIDENCE,P1,Supported by >=2 independent reference families and exact JMdict form is common.
売り出し,うりだし,N1,"{""N1"": 2}","{""community-independent"": ""N1"", ""waller-derived"": ""N1""}",openjlpt|waller|wordmaster,community-independent|waller-derived,2,lexical,(bargain) sale,fully-absent,,,,,,,yes,HIGH,yes,yes,yes,N1,no,,n:noun (common) (futsuumeishi),(bargain) sale,ADD_HIGH_CONFIDENCE,P1,Supported by >=2 independent reference families and exact JMdict form is common.
運輸,うんゆ,N1,"{""N1"": 2}","{""community-independent"": ""N1"", ""waller-derived"": ""N1""}",openjlpt|waller|wordmaster,community-independent|waller-derived,2,lexical,transportation,fully-absent,,,,,,,yes,HIGH,yes,yes,yes,N1,no,,n:noun (common) (futsuumeishi),transportation,ADD_HIGH_CONFIDENCE,P1,Supported by >=2 independent reference families and exact JMdict form is common.
演ずる,えんずる,N1,"{""N1"": 2}","{""community-independent"": ""N1"", ""waller-derived"": ""N1""}",openjlpt|waller|wordmaster,community-independent|waller-derived,2,lexical,to perform; to play,fully-absent,,,,,,,yes,HIGH,yes,yes,yes,N1,no,,vt:transitive verb|vz:Ichidan verb - zuru verb (alternative form of -jiru verbs),"to act (a part); to play (a role); to perform (a play, etc.); to put on (a production); to commit (a blunder); to pretend (e.g. to be a good father)",ADD_HIGH_CONFIDENCE,P1,Supported by >=2 independent reference families and exact JMdict form is common.
お産,おさん,N1,"{""N1"": 2}","{""community-independent"": ""N1"", ""waller-derived"": ""N1""}",openjlpt|waller|wordmaster,community-independent|waller-derived,2,lexical,(giving) birth,fully-absent,,,,,,,yes,HIGH,yes,yes,yes,N1,no,pol:polite (teineigo) language,n:noun (common) (futsuumeishi),(giving) birth; childbirth; delivery,ADD_HIGH_CONFIDENCE,P1,Supported by >=2 independent reference families and exact JMdict form is common.
街道,かいどう,N1,"{""N1"": 2}","{""community-independent"": ""N1"", ""waller-derived"": ""N1""}",openjlpt|waller|wordmaster,community-independent|waller-derived,2,lexical,highway,fully-absent,,,,,,,yes,HIGH,yes,yes,yes,N1,no,,n:noun (common) (futsuumeishi),highway (esp. one existing from the Edo period); main road; highway (e.g. to success); path (to becoming ...); subdistrict (in China),ADD_HIGH_CONFIDENCE,P1,Supported by >=2 independent reference families and exact JMdict form is common.
顔付き,かおつき,N1,"{""N1"": 2}","{""community-independent"": ""N1"", ""waller-derived"": ""N1""}",openjlpt|waller|wordmaster,community-independent|waller-derived,2,lexical,(outward) looks; features; face,same-reading-different-writing|same-jmdict-entry,顔つき,,顔つき,かおつき,N1,かおつき|顔つき|顔付|顔付き,yes,HIGH,yes,yes,yes,N1,no,,n:noun (common) (futsuumeishi),(outward) looks; features; face; countenance; expression,ADD_HIGH_CONFIDENCE,P1,Supported by >=2 independent reference families and exact JMdict form is common.
化合,かごう,N1,"{""N1"": 2}","{""community-independent"": ""N1"", ""waller-derived"": ""N1""}",openjlpt|waller|wordmaster,community-independent|waller-derived,2,lexical,chemical combination,fully-absent,,,,,,,yes,HIGH,yes,yes,yes,N1,no,,n:noun (common) (futsuumeishi)|vi:intransitive verb|vs:noun or participle which takes the aux. verb suru,chemical combination,ADD_HIGH_CONFIDENCE,P1,Supported by >=2 independent reference families and exact JMdict form is common.
化繊,かせん,N1,"{""N1"": 2}","{""community-independent"": ""N1"", ""waller-derived"": ""N1""}",openjlpt|waller|wordmaster,community-independent|waller-derived,2,lexical,synthetic fibres,same-reading-different-writing,下線|寡占|河川,,,,,,yes,HIGH,yes,yes,yes,N1,no,abbr:abbreviation,n:noun (common) (futsuumeishi),synthetic fiber; synthetic fibre; chemical fiber; chemical fibre,ADD_HIGH_CONFIDENCE,P1,Supported by >=2 independent reference families and exact JMdict form is common.
観衆,かんしゅう,N1,"{""N1"": 2}","{""community-independent"": ""N1"", ""waller-derived"": ""N1""}",openjlpt|waller|wordmaster,community-independent|waller-derived,2,lexical,spectators; onlookers; members of the audience,same-reading-different-writing,慣習|監修,,,,,,yes,HIGH,yes,yes,yes,N1,no,,n:noun (common) (futsuumeishi),spectators; onlookers; members of the audience,ADD_HIGH_CONFIDENCE,P1,Supported by >=2 independent reference families and exact JMdict form is common.
幹線,かんせん,N1,"{""N1"": 2}","{""community-independent"": ""N1"", ""waller-derived"": ""N1""}",openjlpt|waller|wordmaster,community-independent|waller-derived,2,lexical,main line; trunk line,same-reading-different-writing,感染|汗腺|観戦,,,,,,yes,HIGH,yes,yes,yes,N1,no,,adj-no:nouns which may take the genitive case particle 'no'|n:noun (common) (futsuumeishi),main line; trunk line,ADD_HIGH_CONFIDENCE,P1,Supported by >=2 independent reference families and exact JMdict form is common.
ガレージ,ガレージ,N1,"{""N1"": 2}","{""community-independent"": ""N1"", ""waller-derived"": ""N1""}",waller|wordmaster,community-independent|waller-derived,2,kana/loanword,garage (at house),fully-absent,,,,,,,yes,HIGH,yes,yes,yes,N1,no,,n:noun (common) (futsuumeishi),garage,ADD_HIGH_CONFIDENCE,P1,Supported by >=2 independent reference families and exact JMdict form is common.
眼科,がんか,N1,"{""N1"": 2}","{""community-independent"": ""N1"", ""waller-derived"": ""N1""}",openjlpt|waller|wordmaster,community-independent|waller-derived,2,lexical,ophthalmology,fully-absent,,,,,,,yes,HIGH,yes,yes,yes,N1,no,,adj-no:nouns which may take the genitive case particle 'no'|n:noun (common) (futsuumeishi),ophthalmology,ADD_HIGH_CONFIDENCE,P1,Supported by >=2 independent reference families and exact JMdict form is common.
汽船,きせん,N1,"{""N1"": 2}","{""community-independent"": ""N1"", ""waller-derived"": ""N1""}",openjlpt|waller|wordmaster,community-independent|waller-derived,2,lexical,steamship,fully-absent,,,,,,,yes,HIGH,yes,yes,yes,N1,no,,n:noun (common) (futsuumeishi),steamship; steamboat; steamer,ADD_HIGH_CONFIDENCE,P1,Supported by >=2 independent reference families and exact JMdict form is common.
客観,きゃっかん,N1,"{""N1"": 2}","{""community-independent"": ""N1"", ""waller-derived"": ""N1""}",openjlpt|waller|wordmaster,community-independent|waller-derived,2,lexical,objective,fully-absent,,,,,,,yes,HIGH,yes,yes,yes,N1,no,,adj-no:nouns which may take the genitive case particle 'no'|n:noun (common) (futsuumeishi),objectivity; objective; object (philosophical),ADD_HIGH_CONFIDENCE,P1,Supported by >=2 independent reference families and exact JMdict form is common.
休学,きゅうがく,N1,"{""N1"": 2}","{""community-independent"": ""N1"", ""waller-derived"": ""N1""}",openjlpt|waller|wordmaster,community-independent|waller-derived,2,lexical,temporary absence from school; suspension,fully-absent,,,,,,,yes,HIGH,yes,yes,yes,N1,no,,n:noun (common) (futsuumeishi)|vs:noun or participle which takes the aux. verb suru|vt:transitive verb,temporary absence from school,ADD_HIGH_CONFIDENCE,P1,Supported by >=2 independent reference families and exact JMdict form is common.
休戦,きゅうせん,N1,"{""N1"": 2}","{""community-independent"": ""N1"", ""waller-derived"": ""N1""}",openjlpt|waller|wordmaster,community-independent|waller-derived,2,lexical,truce; armistice,fully-absent,,,,,,,yes,HIGH,yes,yes,yes,N1,no,,n:noun (common) (futsuumeishi)|vi:intransitive verb|vs:noun or participle which takes the aux. verb suru,cease-fire; truce; armistice,ADD_HIGH_CONFIDENCE,P1,Supported by >=2 independent reference families and exact JMdict form is common.
共学,きょうがく,N1,"{""N1"": 2}","{""community-independent"": ""N1"", ""waller-derived"": ""N1""}",openjlpt|waller|wordmaster,community-independent|waller-derived,2,lexical,coeducation,same-reading-different-writing,驚愕,,,,,,yes,HIGH,yes,yes,yes,N1,no,,n:noun (common) (futsuumeishi)|vi:intransitive verb|vs:noun or participle which takes the aux. verb suru,coeducation; mixed-sex education,ADD_HIGH_CONFIDENCE,P1,Supported by >=2 independent reference families and exact JMdict form is common.
議事堂,ぎじどう,N1,"{""N1"": 2}","{""community-independent"": ""N1"", ""waller-derived"": ""N1""}",openjlpt|waller|wordmaster,community-independent|waller-derived,2,lexical,Diet building,fully-absent,,,,,,,yes,HIGH,yes,yes,yes,N1,no,,n:noun (common) (futsuumeishi),assembly hall; parliament house; diet building; capitol; houses of parliament; congress hall,ADD_HIGH_CONFIDENCE,P1,Supported by >=2 independent reference families and exact JMdict form is common.
獣,けだもの,N1,"{""N1"": 2}","{""community-independent"": ""N1"", ""waller-derived"": ""N1""}",openjlpt|waller|wordmaster,community-independent|waller-derived,2,lexical,beast; brute,same-writing-different-reading|same-jmdict-entry,,けもの,獣,けもの,N1,けだもの|けもの|じゅう|ケダモノ|ケモノ|獣,yes,HIGH,yes,yes,yes,N1,no,sl:slang | term used by members of the furry subculture,n:noun (common) (futsuumeishi),beast; brute; animal; animal with human characteristics,ADD_HIGH_CONFIDENCE,P1,Supported by >=2 independent reference families and exact JMdict form is common.
原書,げんしょ,N1,"{""N1"": 2}","{""community-independent"": ""N1"", ""waller-derived"": ""N1""}",openjlpt|waller|wordmaster,community-independent|waller-derived,2,lexical,original document,same-reading-different-writing,原初,,,,,,yes,HIGH,yes,yes,yes,N1,no,,n:noun (common) (futsuumeishi),original document (not a copy or adaptation); book in its original language (esp. a European language),ADD_HIGH_CONFIDENCE,P1,Supported by >=2 independent reference families and exact JMdict form is common.
言論,げんろん,N1,"{""N1"": 2}","{""community-independent"": ""N1"", ""waller-derived"": ""N1""}",openjlpt|waller|wordmaster,community-independent|waller-derived,2,lexical,discussion,fully-absent,,,,,,,yes,HIGH,yes,yes,yes,N1,no,,n:noun (common) (futsuumeishi),(one's) speech; expression of views; discussion,ADD_HIGH_CONFIDENCE,P1,Supported by >=2 independent reference families and exact JMdict form is common.
高尚,こうしょう,N1,"{""N1"": 2}","{""community-independent"": ""N1"", ""waller-derived"": ""N1""}",openjlpt|waller|wordmaster,community-independent|waller-derived,2,lexical,high; noble; refined,same-reading-different-writing,交渉,,,,,,yes,HIGH,yes,yes,yes,N1,no,,adj-na:adjectival nouns or quasi-adjectives (keiyodoshi)|n:noun (common) (futsuumeishi),high; noble; refined; advanced,ADD_HIGH_CONFIDENCE,P1,Supported by >=2 independent reference families and exact JMdict form is common.
行進,こうしん,N1,"{""N1"": 2}","{""community-independent"": ""N1"", ""waller-derived"": ""N1""}",openjlpt|waller|wordmaster,community-independent|waller-derived,2,lexical,march; parade,same-reading-different-writing,交信|更新,,,,,,yes,HIGH,yes,yes,yes,N1,no,,n:noun (common) (futsuumeishi)|vi:intransitive verb|vs:noun or participle which takes the aux. verb suru,march; parade,ADD_HIGH_CONFIDENCE,P1,Supported by >=2 independent reference families and exact JMdict form is common.
公然,こうぜん,N1,"{""N1"": 2}","{""community-independent"": ""N1"", ""waller-derived"": ""N1""}",openjlpt|waller|wordmaster,community-independent|waller-derived,2,lexical,open (e.g. secret); public; official,fully-absent,,,,,,,yes,HIGH,yes,yes,yes,N1,no,,adj-no:nouns which may take the genitive case particle 'no'|adj-t:'taru' adjective|adv-to:adverb taking the 'to' particle,open; public; official; overt,ADD_HIGH_CONFIDENCE,P1,Supported by >=2 independent reference families and exact JMdict form is common.
抗争,こうそう,N1,"{""N1"": 2}","{""community-independent"": ""N1"", ""waller-derived"": ""N1""}",openjlpt|waller|wordmaster,community-independent|waller-derived,2,lexical,dispute; resistance,same-reading-different-writing,構想|高層,,,,,,yes,HIGH,yes,yes,yes,N1,no,,n:noun (common) (futsuumeishi)|vi:intransitive verb|vs:noun or participle which takes the aux. verb suru,rivalry; feud; conflict; dispute; struggle; strife,ADD_HIGH_CONFIDENCE,P1,Supported by >=2 independent reference families and exact JMdict form is common.
後退,こうたい,N1,"{""N1"": 2}","{""community-independent"": ""N1"", ""waller-derived"": ""N1""}",openjlpt|waller|wordmaster,community-independent|waller-derived,2,lexical,retreat; backspace (BS),same-reading-different-writing,交代|抗体,,,,,,yes,HIGH,yes,yes,yes,N1,no,,n:noun (common) (futsuumeishi)|vi:intransitive verb|vs:noun or participle which takes the aux. verb suru,retreat; falling back; moving backwards; reversing; backing up (of a vehicle); retrogression,ADD_HIGH_CONFIDENCE,P1,Supported by >=2 independent reference families and exact JMdict form is common.
購読,こうどく,N1,"{""N1"": 2}","{""community-independent"": ""N1"", ""waller-derived"": ""N1""}",openjlpt|waller|wordmaster,community-independent|waller-derived,2,lexical,subscription (e.g. magazine),same-reading-different-writing,講読,,,,,,yes,HIGH,yes,yes,yes,N1,no,,adj-no:nouns which may take the genitive case particle 'no'|n:noun (common) (futsuumeishi)|vs:noun or participle which takes the aux. verb suru|vt:transitive verb,"buying and reading (book, magazine, etc.); subscribing (incl. free subscriptions); taking (e.g. newspaper)",ADD_HIGH_CONFIDENCE,P1,Supported by >=2 independent reference families and exact JMdict form is common.
公用,こうよう,N1,"{""N1"": 2}","{""community-independent"": ""N1"", ""waller-derived"": ""N1""}",openjlpt|waller|wordmaster,community-independent|waller-derived,2,lexical,government business; public use; public expense,same-reading-different-writing,効用|紅葉|高揚|黄葉,,,,,,yes,HIGH,yes,yes,yes,N1,no,,adj-no:nouns which may take the genitive case particle 'no'|n:noun (common) (futsuumeishi),official business; government business; public business; company duties; public use; government use,ADD_HIGH_CONFIDENCE,P1,Supported by >=2 independent reference families and exact JMdict form is common.
国防,こくぼう,N1,"{""N1"": 2}","{""community-independent"": ""N1"", ""waller-derived"": ""N1""}",openjlpt|waller|wordmaster,community-independent|waller-derived,2,lexical,national defence,same-reading-different-writing,国貿,,,,,,yes,HIGH,yes,yes,yes,N1,no,,n:noun (common) (futsuumeishi),national defence; national defense,ADD_HIGH_CONFIDENCE,P1,Supported by >=2 independent reference families and exact JMdict form is common.
合議,ごうぎ,N1,"{""N1"": 2}","{""community-independent"": ""N1"", ""waller-derived"": ""N1""}",openjlpt|waller|wordmaster,community-independent|waller-derived,2,lexical,consultation; conference,same-reading-different-writing,豪儀,,,,,,yes,HIGH,yes,yes,yes,N1,no,,n:noun (common) (futsuumeishi)|vi:intransitive verb|vs:noun or participle which takes the aux. verb suru|vt:transitive verb,consultation; conference; discussion; counsel,ADD_HIGH_CONFIDENCE,P1,Supported by >=2 independent reference families and exact JMdict form is common.
サンキュー,サンキュー,N1,"{""N1"": 2}","{""community-independent"": ""N1"", ""waller-derived"": ""N1""}",waller|wordmaster,community-independent|waller-derived,2,kana/loanword,thank you,fully-absent,,,,,,,yes,HIGH,yes,yes,yes,N1,no,col:colloquial,int:interjection (kandoushi),thank you; thanks,ADD_HIGH_CONFIDENCE,P1,Supported by >=2 independent reference families and exact JMdict form is common.
産婦人科,さんふじんか,N1,"{""N1"": 2}","{""community-independent"": ""N1"", ""waller-derived"": ""N1""}",openjlpt|waller|wordmaster,community-independent|waller-derived,2,lexical,maternity and gynecology department,fully-absent,,,,,,,yes,HIGH,yes,yes,yes,N1,no,,n:noun (common) (futsuumeishi),maternity and gynaecology department (gynecology); department of obstetrics and gynaecology (gynecology),ADD_HIGH_CONFIDENCE,P1,Supported by >=2 independent reference families and exact JMdict form is common.
財源,ざいげん,N1,"{""N1"": 2}","{""community-independent"": ""N1"", ""waller-derived"": ""N1""}",openjlpt|waller|wordmaster,community-independent|waller-derived,2,lexical,source of funds; resources; finances,fully-absent,,,,,,,yes,HIGH,yes,yes,yes,N1,no,,n:noun (common) (futsuumeishi),source of funds; resources; finances,ADD_HIGH_CONFIDENCE,P1,Supported by >=2 independent reference families and exact JMdict form is common.
雫,しずく,N1,"{""N1"": 2}","{""community-independent"": ""N1"", ""waller-derived"": ""N1""}",openjlpt|waller|wordmaster,community-independent|waller-derived,2,lexical,drop (of water),same-reading-different-writing|same-jmdict-entry,滴,,滴,しずく,N1,しずく|滴|雫,yes,HIGH,yes,no,yes,N1,no,,n:noun (common) (futsuumeishi),drop (e.g. of water); drip,ADD_HIGH_CONFIDENCE,P1,Supported by >=2 independent reference families and exact JMdict form is common.
子息,しそく,N1,"{""N1"": 2}","{""community-independent"": ""N1"", ""waller-derived"": ""N1""}",openjlpt|waller|wordmaster,community-independent|waller-derived,2,lexical,son,fully-absent,,,,,,,yes,HIGH,yes,yes,yes,N1,no,oft. ご〜,n:noun (common) (futsuumeishi),(another's) son,ADD_HIGH_CONFIDENCE,P1,Supported by >=2 independent reference families and exact JMdict form is common.
執着,しゅうじゃく,N1,"{""N1"": 2}","{""community-independent"": ""N1"", ""waller-derived"": ""N1""}",openjlpt|waller|wordmaster,community-independent|waller-derived,2,lexical,attachment; adhesion; tenacity,same-writing-different-reading|same-jmdict-entry,,しゅうちゃく,執着,しゅうちゃく,N1,しゅうじゃく|しゅうちゃく|執着|執著,yes,HIGH,yes,yes,no,N1,no,,n:noun (common) (futsuumeishi)|vi:intransitive verb|vs:noun or participle which takes the aux. verb suru,attachment; adhesion; insistence; tenacity; fixation; obsession,ADD_HIGH_CONFIDENCE,P1,Supported by >=2 independent reference families and exact JMdict form is common.
主体,しゅたい,N1,"{""N1"": 2}","{""community-independent"": ""N1"", ""waller-derived"": ""N1""}",openjlpt|waller|wordmaster,community-independent|waller-derived,2,lexical,subject; main constituent,fully-absent,,,,,,,yes,HIGH,yes,yes,yes,N1,no,,n:noun (common) (futsuumeishi),main constituent; core; nucleus; subject,ADD_HIGH_CONFIDENCE,P1,Supported by >=2 independent reference families and exact JMdict form is common.
守備,しゅび,N1,"{""N1"": 2}","{""community-independent"": ""N1"", ""waller-derived"": ""N1""}",openjlpt|waller|wordmaster,community-independent|waller-derived,2,lexical,defense,same-reading-different-writing,首尾,,,,,,yes,HIGH,yes,yes,yes,N1,no,,adj-no:nouns which may take the genitive case particle 'no'|n:noun (common) (futsuumeishi)|vs:noun or participle which takes the aux. verb suru|vt:transitive verb,defense; defence; fielding,ADD_HIGH_CONFIDENCE,P1,Supported by >=2 independent reference families and exact JMdict form is common.
私有,しゆう,N1,"{""N1"": 2}","{""community-independent"": ""N1"", ""waller-derived"": ""N1""}",openjlpt|waller|wordmaster,community-independent|waller-derived,2,lexical,private ownership,fully-absent,,,,,,,yes,HIGH,yes,yes,yes,N1,no,,adj-no:nouns which may take the genitive case particle 'no'|n:noun (common) (futsuumeishi)|vs:noun or participle which takes the aux. verb suru|vt:transitive verb,private ownership,ADD_HIGH_CONFIDENCE,P1,Supported by >=2 independent reference families and exact JMdict form is common.
庶務,しょむ,N1,"{""N1"": 2}","{""community-independent"": ""N1"", ""waller-derived"": ""N1""}",openjlpt|waller|wordmaster,community-independent|waller-derived,2,lexical,general affairs,fully-absent,,,,,,,yes,HIGH,yes,yes,yes,N1,no,,n:noun (common) (futsuumeishi),general affairs,ADD_HIGH_CONFIDENCE,P1,Supported by >=2 independent reference families and exact JMdict form is common.
使用人,しようにん,N1,"{""N1"": 2}","{""community-independent"": ""N1"", ""waller-derived"": ""N1""}",openjlpt|waller|wordmaster,community-independent|waller-derived,2,lexical,employee; servant,fully-absent,,,,,,,yes,HIGH,yes,yes,yes,N1,no,,n:noun (common) (futsuumeishi),employee; servant,ADD_HIGH_CONFIDENCE,P1,Supported by >=2 independent reference families and exact JMdict form is common.
新婚,しんこん,N1,"{""N1"": 2}","{""community-independent"": ""N1"", ""waller-derived"": ""N1""}",openjlpt|waller|wordmaster,community-independent|waller-derived,2,lexical,newly-wed,fully-absent,,,,,,,yes,HIGH,yes,yes,yes,N1,no,,adj-no:nouns which may take the genitive case particle 'no'|n:noun (common) (futsuumeishi)|vs:noun or participle which takes the aux. verb suru,newly-wed; newly married,ADD_HIGH_CONFIDENCE,P1,Supported by >=2 independent reference families and exact JMdict form is common.
信任,しんにん,N1,"{""N1"": 2}","{""community-independent"": ""N1"", ""waller-derived"": ""N1""}",openjlpt|waller|wordmaster,community-independent|waller-derived,2,lexical,trust; confidence; credence,fully-absent,,,,,,,yes,HIGH,yes,yes,yes,N1,no,,n:noun (common) (futsuumeishi)|vs:noun or participle which takes the aux. verb suru|vt:transitive verb,trust; confidence; credence,ADD_HIGH_CONFIDENCE,P1,Supported by >=2 independent reference families and exact JMdict form is common.
自首,じしゅ,N1,"{""N1"": 2}","{""community-independent"": ""N1"", ""waller-derived"": ""N1""}",openjlpt|waller|wordmaster,community-independent|waller-derived,2,lexical,surrender; give oneself up,same-reading-different-writing,自主,,,,,,yes,HIGH,yes,yes,yes,N1,no,,n:noun (common) (futsuumeishi)|vi:intransitive verb|vs:noun or participle which takes the aux. verb suru,surrender (to the authorities); giving oneself up; turning oneself in,ADD_HIGH_CONFIDENCE,P1,Supported by >=2 independent reference families and exact JMdict form is common.
辞職,じしょく,N1,"{""N1"": 2}","{""community-independent"": ""N1"", ""waller-derived"": ""N1""}",openjlpt|waller|wordmaster,community-independent|waller-derived,2,lexical,resignation,fully-absent,,,,,,,yes,HIGH,yes,yes,yes,N1,no,,n:noun (common) (futsuumeishi)|vi:intransitive verb|vs:noun or participle which takes the aux. verb suru,resignation,ADD_HIGH_CONFIDENCE,P1,Supported by >=2 independent reference families and exact JMdict form is common.
十字路,じゅうじろ,N1,"{""N1"": 2}","{""community-independent"": ""N1"", ""waller-derived"": ""N1""}",openjlpt|waller|wordmaster,community-independent|waller-derived,2,lexical,crossroads,fully-absent,,,,,,,yes,HIGH,yes,yes,yes,N1,no,,n:noun (common) (futsuumeishi),crossroads; intersection,ADD_HIGH_CONFIDENCE,P1,Supported by >=2 independent reference families and exact JMdict form is common.
準急,じゅんきゅう,N1,"{""N1"": 2}","{""community-independent"": ""N1"", ""waller-derived"": ""N1""}",openjlpt|waller|wordmaster,community-independent|waller-derived,2,lexical,local express (train  slower than an express),fully-absent,,,,,,,yes,HIGH,yes,yes,yes,N1,no,"abbr:abbreviation | from 準急行列車, etc.",n:noun (common) (futsuumeishi),semi-express train; local express train; sub-express train,ADD_HIGH_CONFIDENCE,P1,Supported by >=2 independent reference families and exact JMdict form is common.
水田,すいでん,N1,"{""N1"": 2}","{""community-independent"": ""N1"", ""waller-derived"": ""N1""}",openjlpt|waller|wordmaster,community-independent|waller-derived,2,lexical,(water-filled) paddy field,fully-absent,,,,,,,yes,HIGH,yes,yes,yes,N1,no,,n:noun (common) (futsuumeishi),(water-filled) paddy field,ADD_HIGH_CONFIDENCE,P1,Supported by >=2 independent reference families and exact JMdict form is common.
崇拝,すうはい,N1,"{""N1"": 2}","{""community-independent"": ""N1"", ""waller-derived"": ""N1""}",openjlpt|waller|wordmaster,community-independent|waller-derived,2,lexical,worship; adoration; admiration,fully-absent,,,,,,,yes,HIGH,yes,yes,yes,N1,no,,n:noun (common) (futsuumeishi)|vs:noun or participle which takes the aux. verb suru|vt:transitive verb,worship; adoration; admiration; cult,ADD_HIGH_CONFIDENCE,P1,Supported by >=2 independent reference families and exact JMdict form is common.
製鉄,せいてつ,N1,"{""N1"": 2}","{""community-independent"": ""N1"", ""waller-derived"": ""N1""}",openjlpt|waller|wordmaster,community-independent|waller-derived,2,lexical,iron manufacture,fully-absent,,,,,,,yes,HIGH,yes,yes,yes,N1,no,,adj-no:nouns which may take the genitive case particle 'no'|n:noun (common) (futsuumeishi)|vi:intransitive verb|vs:noun or participle which takes the aux. verb suru,iron manufacture,ADD_HIGH_CONFIDENCE,P1,Supported by >=2 independent reference families and exact JMdict form is common.
世論,せろん,N1,"{""N1"": 2}","{""community-independent"": ""N1"", ""waller-derived"": ""N1""}",openjlpt|waller|wordmaster,community-independent|waller-derived,2,lexical,public opinion,same-writing-different-reading|same-jmdict-entry,,よろん,世論,よろん,N1,せいろん|せろん|よろん|世論|輿論,yes,HIGH,yes,yes,yes,N1,no,,n:noun (common) (futsuumeishi),public opinion; popular voice; public sentiment; consensus,ADD_HIGH_CONFIDENCE,P1,Supported by >=2 independent reference families and exact JMdict form is common.
戦災,せんさい,N1,"{""N1"": 2}","{""community-independent"": ""N1"", ""waller-derived"": ""N1""}",openjlpt|waller|wordmaster,community-independent|waller-derived,2,lexical,war damage,same-reading-different-writing,繊細,,,,,,yes,HIGH,yes,yes,yes,N1,no,,n:noun (common) (futsuumeishi),war damage,ADD_HIGH_CONFIDENCE,P1,Supported by >=2 independent reference families and exact JMdict form is common.
船舶,せんぱく,N1,"{""N1"": 2}","{""community-independent"": ""N1"", ""waller-derived"": ""N1""}",openjlpt|waller|wordmaster,community-independent|waller-derived,2,lexical,ship,same-reading-different-writing,浅薄,,,,,,yes,HIGH,yes,yes,yes,N1,no,,n:noun (common) (futsuumeishi),vessel; ship; shipping; seacraft,ADD_HIGH_CONFIDENCE,P1,Supported by >=2 independent reference families and exact JMdict form is common.
税務署,ぜいむしょ,N1,"{""N1"": 2}","{""community-independent"": ""N1"", ""waller-derived"": ""N1""}",openjlpt|waller|wordmaster,community-independent|waller-derived,2,lexical,tax office,fully-absent,,,,,,,yes,HIGH,yes,yes,yes,N1,no,,n:noun (common) (futsuumeishi),tax office,ADD_HIGH_CONFIDENCE,P1,Supported by >=2 independent reference families and exact JMdict form is common.
蔵相,ぞうしょう,N1,"{""N1"": 2}","{""community-independent"": ""N1"", ""waller-derived"": ""N1""}",openjlpt|waller|wordmaster,community-independent|waller-derived,2,lexical,Minister of Finance,fully-absent,,,,,,,yes,HIGH,yes,yes,yes,N1,no,,n:noun (common) (futsuumeishi),Minister of Finance,ADD_HIGH_CONFIDENCE,P1,Supported by >=2 independent reference families and exact JMdict form is common.
堪える,たえる,N1,"{""N1"": 2}","{""community-independent"": ""N1"", ""waller-derived"": ""N1""}",waller|wordmaster,community-independent|waller-derived,2,lexical,"to bear, to stand, to endure, to put up with, to support, to withstand, to resist, to brave, to be fit for, t",same-reading-different-writing|same-writing-different-reading|same-jmdict-entry,絶える|耐える,こらえる,耐える,たえる,N2,たえる|堪える|耐える,yes,HIGH,yes,yes,yes,N1,no,,v1:Ichidan verb|vi:intransitive verb|vt:transitive verb,to bear; to stand; to endure; to put up with; to support; to withstand,ADD_HIGH_CONFIDENCE,P1,Supported by >=2 independent reference families and exact JMdict form is common.
塵取り,ちりとり,N1,"{""N1"": 2}","{""community-independent"": ""N1"", ""waller-derived"": ""N1""}",openjlpt|waller|wordmaster,community-independent|waller-derived,2,lexical,dustpan,same-reading-different-writing|same-jmdict-entry,ちり取り,,ちり取り,ちりとり,N1,ちりとり|ちり取|ちり取り|チリトリ|チリ取り|塵取|塵取り,yes,HIGH,yes,no,yes,N1,no,uk:word usually written using kana alone,n:noun (common) (futsuumeishi),dustpan,ADD_HIGH_CONFIDENCE,P1,Supported by >=2 independent reference families and exact JMdict form is common.
沈没,ちんぼつ,N1,"{""N1"": 2}","{""community-independent"": ""N1"", ""waller-derived"": ""N1""}",openjlpt|waller|wordmaster,community-independent|waller-derived,2,lexical,sinking; foundering,fully-absent,,,,,,,yes,HIGH,yes,yes,yes,N1,no,backpacker slang | col:colloquial | sl:slang,n:noun (common) (futsuumeishi)|vi:intransitive verb|vs:noun or participle which takes the aux. verb suru,"sinking; foundering; going down; submersion; getting dead drunk; having too much fun (esp. in a red-light district, etc.) and missing work or neglecting one's duties",ADD_HIGH_CONFIDENCE,P1,Supported by >=2 independent reference families and exact JMdict form is common.
造り,つくり,N1,"{""N1"": 2}","{""community-independent"": ""N1"", ""waller-derived"": ""N1""}",openjlpt|waller|wordmaster,community-independent|waller-derived,2,lexical,make up; structure; physique,same-reading-different-writing|same-jmdict-entry,作り,,作り,つくり,N3,つくり|作り|造り,yes,HIGH,yes,yes,yes,N1,no,,"n-pref:noun, used as a prefix|n:noun (common) (futsuumeishi)",making; producing; manufacturing; building; construction; make,ADD_HIGH_CONFIDENCE,P1,Supported by >=2 independent reference families and exact JMdict form is common.
手数,てかず,N1,"{""N1"": 2}","{""community-independent"": ""N1"", ""waller-derived"": ""N1""}",openjlpt|waller|wordmaster,community-independent|waller-derived,2,lexical,number of moves; trouble,same-writing-different-reading|same-jmdict-entry,,てすう,手数,てすう,N2,てかず|てすう|手数,yes,HIGH,yes,yes,no,N1,no,,n:noun (common) (futsuumeishi),"trouble; bother; number of moves (in go, shogi, etc.); number of punches",ADD_HIGH_CONFIDENCE,P1,Supported by >=2 independent reference families and exact JMdict form is common.
手掛ける,てがける,N1,"{""N1"": 2}","{""community-independent"": ""N1"", ""waller-derived"": ""N1""}",openjlpt|waller|wordmaster,community-independent|waller-derived,2,lexical,to handle; to manage; to work with,same-reading-different-writing|same-jmdict-entry,手がける,,手がける,てがける,N1,てがける|手がける|手懸ける|手掛ける,yes,HIGH,yes,no,yes,N1,no,,v1:Ichidan verb|vt:transitive verb,to handle; to manage; to deal with; to work with; to have experience with; to rear,ADD_HIGH_CONFIDENCE,P1,Supported by >=2 independent reference families and exact JMdict form is common.
天災,てんさい,N1,"{""N1"": 2}","{""community-independent"": ""N1"", ""waller-derived"": ""N1""}",openjlpt|waller|wordmaster,community-independent|waller-derived,2,lexical,natural calamity; disaster,same-reading-different-writing,天才,,,,,,yes,HIGH,yes,yes,yes,N1,no,,n:noun (common) (futsuumeishi),natural disaster; natural calamity; act of God,ADD_HIGH_CONFIDENCE,P1,Supported by >=2 independent reference families and exact JMdict form is common.
転任,てんにん,N1,"{""N1"": 2}","{""community-independent"": ""N1"", ""waller-derived"": ""N1""}",openjlpt|waller|wordmaster,community-independent|waller-derived,2,lexical,change of post,fully-absent,,,,,,,yes,HIGH,yes,yes,yes,N1,no,,n:noun (common) (futsuumeishi)|vi:intransitive verb|vs:noun or participle which takes the aux. verb suru,change of post,ADD_HIGH_CONFIDENCE,P1,Supported by >=2 independent reference families and exact JMdict form is common.
止める,とどめる,N1,"{""N1"": 2}","{""community-independent"": ""N1"", ""waller-derived"": ""N1""}",openjlpt|waller|wordmaster,community-independent|waller-derived,2,lexical,to stop; to cease; to put an end to,same-reading-different-writing|same-writing-different-reading|same-jmdict-entry,とどめる|留める,とめる|やめる,とどめる|留める,とどめる,N1|N2,とどめる|停める|止める|留める,yes,HIGH,yes,no,yes,N1,no,,v1:Ichidan verb|vt:transitive verb,"to stop; to stay (e.g. the night); to cease; to put an end to; to contain; to keep (in position, in place)",ADD_HIGH_CONFIDENCE,P1,Supported by >=2 independent reference families and exact JMdict form is common.
共稼ぎ,ともかせぎ,N1,"{""N1"": 2}","{""community-independent"": ""N1"", ""waller-derived"": ""N1""}",openjlpt|waller|wordmaster,community-independent|waller-derived,2,lexical,working together; (husband and wife) earning a living together,fully-absent,,,,,,,yes,HIGH,yes,yes,yes,N1,no,,adj-no:nouns which may take the genitive case particle 'no'|n:noun (common) (futsuumeishi)|vi:intransitive verb|vs:noun or participle which takes the aux. verb suru,(husband and wife) earning a living together,ADD_HIGH_CONFIDENCE,P1,Supported by >=2 independent reference families and exact JMdict form is common.
ニュー,ニュー,N1,"{""N1"": 2}","{""community-independent"": ""N1"", ""waller-derived"": ""N1""}",waller|wordmaster,community-independent|waller-derived,2,kana/loanword,new,fully-absent,,,,,,,yes,HIGH,yes,yes,yes,N1,no,,adj-f:noun or verb acting prenominally,new,ADD_HIGH_CONFIDENCE,P1,Supported by >=2 independent reference families and exact JMdict form is common.
ネガ,ネガ,N1,"{""N1"": 2}","{""community-independent"": ""N1"", ""waller-derived"": ""N1""}",waller|wordmaster,community-independent|waller-derived,2,kana/loanword,(photographic) negative,fully-absent,,,,,,,yes,HIGH,yes,yes,yes,N1,no,abbr:abbreviation,adj-na:adjectival nouns or quasi-adjectives (keiyodoshi)|n:noun (common) (futsuumeishi),negative; negative (e.g. thinking),ADD_HIGH_CONFIDENCE,P1,Supported by >=2 independent reference families and exact JMdict form is common.
原っぱ,はらっぱ,N1,"{""N1"": 2}","{""community-independent"": ""N1"", ""waller-derived"": ""N1""}",openjlpt|waller|wordmaster,community-independent|waller-derived,2,lexical,open field; empty lot; plain,fully-absent,,,,,,,yes,HIGH,yes,yes,yes,N1,no,,n:noun (common) (futsuumeishi),open field; empty lot; plain,ADD_HIGH_CONFIDENCE,P1,Supported by >=2 independent reference families and exact JMdict form is common.
張り紙,はりがみ,N1,"{""N1"": 2}","{""community-independent"": ""N1"", ""waller-derived"": ""N1""}",openjlpt|waller|wordmaster,community-independent|waller-derived,2,lexical,paper patch; paper backing; poster,same-reading-different-writing|same-jmdict-entry,貼り紙,,貼り紙,はりがみ,N2,はりがみ|はり紙|張り紙|張紙|貼り紙|貼紙,yes,HIGH,yes,yes,yes,N1,no,,n:noun (common) (futsuumeishi),paper patch attached to something; paper backing; sticker; label; notice; poster,ADD_HIGH_CONFIDENCE,P1,Supported by >=2 independent reference families and exact JMdict form is common.
倍率,ばいりつ,N1,"{""N1"": 2}","{""community-independent"": ""N1"", ""waller-derived"": ""N1""}",openjlpt|waller|wordmaster,community-independent|waller-derived,2,lexical,diameter; magnification,fully-absent,,,,,,,yes,HIGH,yes,yes,yes,N1,no,25% acceptance would be a 倍率 of 4,n:noun (common) (futsuumeishi),magnification; leverage; amplification; scaling factor; scale factor; competitiveness rating (e.g. for university entrance),ADD_HIGH_CONFIDENCE,P1,Supported by >=2 independent reference families and exact JMdict form is common.
控室,ひかえしつ,N1,"{""N1"": 2}","{""community-independent"": ""N1"", ""waller-derived"": ""N1""}",openjlpt|waller|wordmaster,community-independent|waller-derived,2,lexical,waiting room,same-reading-different-writing|same-jmdict-entry,控え室,,控え室,ひかえしつ,N1,ひかえしつ|控え室|控室,yes,HIGH,yes,yes,yes,N1,no,,n:noun (common) (futsuumeishi),waiting room; anteroom; antechamber; green room,ADD_HIGH_CONFIDENCE,P1,Supported by >=2 independent reference families and exact JMdict form is common.
雛,ひな,N1,"{""N1"": 2}","{""community-independent"": ""N1"", ""waller-derived"": ""N1""}",openjlpt|waller|wordmaster,community-independent|waller-derived,2,lexical,young bird; chick; doll,same-reading-different-writing,雛[ひな],,,,,,yes,HIGH,yes,yes,yes,N1,no,uk:word usually written using kana alone,n:noun (common) (futsuumeishi),young bird; chick; fledgling; hina doll; doll displayed during the Girls' Festival,ADD_HIGH_CONFIDENCE,P1,Supported by >=2 independent reference families and exact JMdict form is common.
火花,ひばな,N1,"{""N1"": 2}","{""community-independent"": ""N1"", ""waller-derived"": ""N1""}",openjlpt|waller|wordmaster,community-independent|waller-derived,2,lexical,spark,fully-absent,,,,,,,yes,HIGH,yes,yes,yes,N1,no,,n:noun (common) (futsuumeishi),spark,ADD_HIGH_CONFIDENCE,P1,Supported by >=2 independent reference families and exact JMdict form is common.
不振,ふしん,N1,"{""N1"": 2}","{""community-independent"": ""N1"", ""waller-derived"": ""N1""}",openjlpt|waller|wordmaster,community-independent|waller-derived,2,lexical,dullness; depression; slump,same-reading-different-writing,不信|不審,,,,,,yes,HIGH,yes,yes,yes,N1,no,,adj-na:adjectival nouns or quasi-adjectives (keiyodoshi)|adj-no:nouns which may take the genitive case particle 'no'|n:noun (common) (futsuumeishi),dullness; slump; stagnation; inactivity; depression,ADD_HIGH_CONFIDENCE,P1,Supported by >=2 independent reference families and exact JMdict form is common.
付録,ふろく,N1,"{""N1"": 2}","{""community-independent"": ""N1"", ""waller-derived"": ""N1""}",openjlpt|waller|wordmaster,community-independent|waller-derived,2,lexical,appendix; supplement,fully-absent,,,,,,,yes,HIGH,yes,yes,yes,N1,no,,n:noun (common) (futsuumeishi),appendix; supplement; annex; extra (of a newspaper or magazine),ADD_HIGH_CONFIDENCE,P1,Supported by >=2 independent reference families and exact JMdict form is common.
噴出,ふんしゅつ,N1,"{""N1"": 2}","{""community-independent"": ""N1"", ""waller-derived"": ""N1""}",openjlpt|waller|wordmaster,community-independent|waller-derived,2,lexical,spewing; gushing; spouting,fully-absent,,,,,,,yes,HIGH,yes,yes,yes,N1,no,,n:noun (common) (futsuumeishi)|vi:intransitive verb|vs:noun or participle which takes the aux. verb suru|vt:transitive verb,spewing; gushing; spouting; eruption; effusion,ADD_HIGH_CONFIDENCE,P1,Supported by >=2 independent reference families and exact JMdict form is common.
分母,ぶんぼ,N1,"{""N1"": 2}","{""community-independent"": ""N1"", ""waller-derived"": ""N1""}",openjlpt|waller|wordmaster,community-independent|waller-derived,2,lexical,denominator,fully-absent,,,,,,,yes,HIGH,yes,yes,yes,N1,no,,n:noun (common) (futsuumeishi),denominator,ADD_HIGH_CONFIDENCE,P1,Supported by >=2 independent reference families and exact JMdict form is common.
分離,ぶんり,N1,"{""N1"": 2}","{""community-independent"": ""N1"", ""waller-derived"": ""N1""}",openjlpt|waller|wordmaster,community-independent|waller-derived,2,lexical,separation; detachment; segregation,fully-absent,,,,,,,yes,HIGH,yes,yes,yes,N1,no,,n:noun (common) (futsuumeishi)|vi:intransitive verb|vs:noun or participle which takes the aux. verb suru|vt:transitive verb,separation; partition; detachment; segregation; isolation,ADD_HIGH_CONFIDENCE,P1,Supported by >=2 independent reference families and exact JMdict form is common.
平方,へいほう,N1,"{""N1"": 2}","{""community-independent"": ""N1"", ""waller-derived"": ""N1""}",openjlpt|waller|wordmaster,community-independent|waller-derived,2,lexical,square (e.g. metre); square,fully-absent,,,,,,,yes,HIGH,yes,yes,yes,N1,no,,n:noun (common) (futsuumeishi),square (e.g. metre),ADD_HIGH_CONFIDENCE,P1,Supported by >=2 independent reference families and exact JMdict form is common.
穂,ほ,N1,"{""N1"": 2}","{""community-independent"": ""N1"", ""waller-derived"": ""N1""}",openjlpt|waller|wordmaster,community-independent|waller-derived,2,lexical,ear (of plant); head (of plant),same-reading-different-writing,帆|歩,,,,,,yes,HIGH,yes,yes,yes,N1,no,,n:noun (common) (futsuumeishi),"ear (of a cereal plant); head; spike; point (of a brush, spear, etc.); tip; (pointed) head",ADD_HIGH_CONFIDENCE,P1,Supported by >=2 independent reference families and exact JMdict form is common.
放射能,ほうしゃのう,N1,"{""N1"": 2}","{""community-independent"": ""N1"", ""waller-derived"": ""N1""}",openjlpt|waller|wordmaster,community-independent|waller-derived,2,lexical,radioactivity,fully-absent,,,,,,,yes,HIGH,yes,yes,yes,N1,no,col:colloquial,n:noun (common) (futsuumeishi),radioactivity; radiation; radioactive material,ADD_HIGH_CONFIDENCE,P1,Supported by >=2 independent reference families and exact JMdict form is common.
防火,ぼうか,N1,"{""N1"": 2}","{""community-independent"": ""N1"", ""waller-derived"": ""N1""}",openjlpt|waller|wordmaster,community-independent|waller-derived,2,lexical,fire prevention; fire fighting; fire proof,fully-absent,,,,,,,yes,HIGH,yes,yes,yes,N1,no,,n:noun (common) (futsuumeishi),fire prevention; fire control; fireproofing,ADD_HIGH_CONFIDENCE,P1,Supported by >=2 independent reference families and exact JMdict form is common.
母校,ぼこう,N1,"{""N1"": 2}","{""community-independent"": ""N1"", ""waller-derived"": ""N1""}",openjlpt|waller|wordmaster,community-independent|waller-derived,2,lexical,alma mater,fully-absent,,,,,,,yes,HIGH,yes,yes,yes,N1,no,,n:noun (common) (futsuumeishi),alma mater,ADD_HIGH_CONFIDENCE,P1,Supported by >=2 independent reference families and exact JMdict form is common.
微塵,みじん,N1,"{""N1"": 2}","{""community-independent"": ""N1"", ""waller-derived"": ""N1""}",openjlpt|waller|wordmaster,community-independent|waller-derived,2,lexical,particle; atom,fully-absent,,,,,,,yes,HIGH,yes,yes,yes,N1,no,"used with neg. verb, often as 微塵も〜ない",adj-no:nouns which may take the genitive case particle 'no'|n:noun (common) (futsuumeishi),particle; atom; little piece; not at all; not the slightest,ADD_HIGH_CONFIDENCE,P1,Supported by >=2 independent reference families and exact JMdict form is common.
民俗,みんぞく,N1,"{""N1"": 2}","{""community-independent"": ""N1"", ""waller-derived"": ""N1""}",openjlpt|waller|wordmaster,community-independent|waller-derived,2,lexical,people; race; nation,same-reading-different-writing,民族,,,,,,yes,HIGH,yes,yes,yes,N1,no,,n:noun (common) (futsuumeishi),folk customs; folkways; ethnic customs,ADD_HIGH_CONFIDENCE,P1,Supported by >=2 independent reference families and exact JMdict form is common.
婿,むこ,N1,"{""N1"": 2}","{""community-independent"": ""N1"", ""waller-derived"": ""N1""}",openjlpt|waller|wordmaster,community-independent|waller-derived,2,lexical,son-in-law,fully-absent,,,,,,,yes,HIGH,yes,yes,yes,N1,no,,n:noun (common) (futsuumeishi),husband; groom; (one's) son-in-law,ADD_HIGH_CONFIDENCE,P1,Supported by >=2 independent reference families and exact JMdict form is common.
無闇に,むやみに,N1,"{""N1"": 2}","{""community-independent"": ""N1"", ""waller-derived"": ""N1""}",openjlpt|waller|wordmaster,community-independent|waller-derived,2,lexical,unreasonably; absurdly; recklessly,fully-absent,,,,,,,yes,HIGH,yes,yes,yes,N1,no,ateji:ateji (phonetic) reading | uk:word usually written using kana alone,adv:adverb (fukushi),thoughtlessly; recklessly; rashly; indiscriminately; indiscreetly; at random,ADD_HIGH_CONFIDENCE,P1,Supported by >=2 independent reference families and exact JMdict form is common.
目覚しい,めざましい,N1,"{""N1"": 2}","{""community-independent"": ""N1"", ""waller-derived"": ""N1""}",openjlpt|waller|wordmaster,community-independent|waller-derived,2,lexical,brilliant; splendid; striking,same-reading-different-writing|same-jmdict-entry,目覚ましい,,目覚ましい,めざましい,N1,めざましい|目ざましい|目覚しい|目覚ましい|目醒しい,yes,HIGH,yes,no,yes,N1,no,,adj-i:adjective (keiyoushi),remarkable; striking; brilliant; splendid; spectacular; wonderful,ADD_HIGH_CONFIDENCE,P1,Supported by >=2 independent reference families and exact JMdict form is common.
目付き,めつき,N1,"{""N1"": 2}","{""community-independent"": ""N1"", ""waller-derived"": ""N1""}",openjlpt|waller|wordmaster,community-independent|waller-derived,2,lexical,look; expression of the eyes; eyes,same-reading-different-writing|same-jmdict-entry,目つき,,目つき,めつき,N1,めつき|目つき|目付き|眼つき|眼付|眼付き,yes,HIGH,yes,no,yes,N1,no,,n:noun (common) (futsuumeishi),look (in someone's eyes); expression (of the eyes); eyes,ADD_HIGH_CONFIDENCE,P1,Supported by >=2 independent reference families and exact JMdict form is common.
目盛,めもり,N1,"{""N1"": 2}","{""community-independent"": ""N1"", ""waller-derived"": ""N1""}",openjlpt|waller|wordmaster,community-independent|waller-derived,2,lexical,scale; gradations,same-reading-different-writing|same-jmdict-entry,目盛り,,目盛り,めもり,N1,めもり|目盛|目盛り,yes,HIGH,yes,no,yes,N1,no,,n:noun (common) (futsuumeishi),"graduations (on a ruler, thermometer, etc.); gradations; division; scale",ADD_HIGH_CONFIDENCE,P1,Supported by >=2 independent reference families and exact JMdict form is common.
面目,めんぼく,N1,"{""N1"": 2}","{""community-independent"": ""N1"", ""waller-derived"": ""N1""}",openjlpt|waller|wordmaster,community-independent|waller-derived,2,lexical,face; honour; reputation,fully-absent,,,,,,,yes,HIGH,yes,yes,yes,N1,no,,n:noun (common) (futsuumeishi),face; honour; honor; reputation; prestige; dignity,ADD_HIGH_CONFIDENCE,P1,Supported by >=2 independent reference families and exact JMdict form is common.
申出,もうしで,N1,"{""N1"": 2}","{""community-independent"": ""N1"", ""waller-derived"": ""N1""}",openjlpt|waller|wordmaster,community-independent|waller-derived,2,lexical,proposal; request; claim,same-reading-different-writing|same-jmdict-entry,申し出,,申し出,もうしで,N1,もうしで|申し出|申出,yes,HIGH,yes,no,yes,N1,no,,n:noun (common) (futsuumeishi),proposal; offer; request; application,ADD_HIGH_CONFIDENCE,P1,Supported by >=2 independent reference families and exact JMdict form is common.
腿,もも,N1,"{""N1"": 2}","{""community-independent"": ""N1"", ""waller-derived"": ""N1""}",openjlpt|waller|wordmaster,community-independent|waller-derived,2,lexical,thigh; femur,same-reading-different-writing|same-jmdict-entry,もも|桃,,もも,もも,N1,もも|股|腿,yes,HIGH,yes,yes,yes,N1,no,,n:noun (common) (futsuumeishi),thigh,ADD_HIGH_CONFIDENCE,P1,Supported by >=2 independent reference families and exact JMdict form is common.
弓,ゆみ,N1,"{""N1"": 2}","{""community-independent"": ""N1"", ""waller-derived"": ""N1""}",openjlpt|waller|wordmaster,community-independent|waller-derived,2,lexical,bow (and arrow),fully-absent,,,,,,,yes,HIGH,yes,yes,yes,N1,no,ゆ is usu. a prefix,n:noun (common) (futsuumeishi),"bow (weapon); archery; bow (for a violin, etc.)",ADD_HIGH_CONFIDENCE,P1,Supported by >=2 independent reference families and exact JMdict form is common.
善し悪し,よしあし,N1,"{""N1"": 2}","{""community-independent"": ""N1"", ""waller-derived"": ""N1""}",openjlpt|waller|wordmaster,community-independent|waller-derived,2,lexical,good or bad; merits or demerits; quality,same-reading-different-writing|same-jmdict-entry,善し悪[あ]し|良し悪し,,良し悪し,よしあし,N1,よしあし|よしわるし|よし悪し|善しあし|善し悪し|良しあし|良し悪し,yes,HIGH,yes,yes,yes,N1,no,,n:noun (common) (futsuumeishi),right or wrong; good or bad; quality; suitability; having both merits and demerits; having both advantages and disadvantages,ADD_HIGH_CONFIDENCE,P1,Supported by >=2 independent reference families and exact JMdict form is common.
濫用,らんよう,N1,"{""N1"": 2}","{""community-independent"": ""N1"", ""waller-derived"": ""N1""}",openjlpt|waller|wordmaster,community-independent|waller-derived,2,lexical,abuse; misuse; misappropriation,same-reading-different-writing|same-jmdict-entry,乱用,,乱用,らんよう,N1,らんよう|らん用|乱用|濫用,yes,HIGH,yes,no,yes,N1,no,,n:noun (common) (futsuumeishi)|vs:noun or participle which takes the aux. verb suru|vt:transitive verb,abuse; misuse; misappropriation; using to excess,ADD_HIGH_CONFIDENCE,P1,Supported by >=2 independent reference families and exact JMdict form is common.
論議,ろんぎ,N1,"{""N1"": 2}","{""community-independent"": ""N1"", ""waller-derived"": ""N1""}",openjlpt|waller|wordmaster,community-independent|waller-derived,2,lexical,discussion,fully-absent,,,,,,,yes,HIGH,yes,yes,yes,N1,no,,n:noun (common) (futsuumeishi)|vs:noun or participle which takes the aux. verb suru|vt:transitive verb,discussion; argument; debate,ADD_HIGH_CONFIDENCE,P1,Supported by >=2 independent reference families and exact JMdict form is common.
和文,わぶん,N1,"{""N1"": 2}","{""community-independent"": ""N1"", ""waller-derived"": ""N1""}",openjlpt|waller|wordmaster,community-independent|waller-derived,2,lexical,Japanese text; sentence in Japanese,fully-absent,,,,,,,yes,HIGH,yes,yes,yes,N1,no,,n:noun (common) (futsuumeishi),Japanese text; sentence in Japanese,ADD_HIGH_CONFIDENCE,P1,Supported by >=2 independent reference families and exact JMdict form is common.
あびる,あびる,N5,"{""N5"": 1}","{""waller-derived"": ""N5""}",waller,waller-derived,1,kana/loanword,"to bathe, to shower",same-reading-different-writing|same-jmdict-entry,浴びる,,浴びる,あびる,N5,あびる|浴びる,yes,SINGLE_SOURCE,yes,yes,yes,N5,no,,v1:Ichidan verb|vt:transitive verb,to dash over oneself (e.g. water); to take (e.g. shower); to bask in (e.g. the sun); to bathe in; to be flooded with (e.g. light); to be covered in,ADD_AFTER_SOURCE_CHECK,P2,"Only one external family supports the JLPT listing, but exact JMdict form is common; suitable after source/level check."
いちばん,いちばん,N5,"{""N5"": 1}","{""waller-derived"": ""N5""}",waller,waller-derived,1,kana/loanword,"best, first",same-reading-different-writing|same-jmdict-entry,一番,,一番,いちばん,N5,いちばん|一番|１番,yes,SINGLE_SOURCE,yes,yes,yes,N5,no,,adj-no:nouns which may take the genitive case particle 'no'|adv:adverb (fukushi)|n:noun (common) (futsuumeishi),number one; first; first place; best; most; game,ADD_AFTER_SOURCE_CHECK,P2,"Only one external family supports the JLPT listing, but exact JMdict form is common; suitable after source/level check."
かかる,かかる,N5,"{""N5"": 1}","{""community-independent"": ""N5""}",wordmaster,community-independent,1,kana/loanword,"it takes (amount of time, money) (v.i.)",same-reading-different-writing|same-jmdict-entry,掛かる|架かる|罹[かか]る|罹る,,掛かる|罹る,かかる,N3|N5,かかる|懸かる|懸る|掛かる|掛る|罹る,yes,SINGLE_SOURCE,yes,yes,yes,N3|N5,no,uk:word usually written using kana alone | usu. ～にかかる,aux-v:auxiliary verb|v5r:Godan verb with 'ru' ending|vi:intransitive verb,"to take (a resource, e.g. time or money); to hang; to come into view; to arrive; to come under (a contract, a tax); to start (engines, motors); to contract (a disease); to suffer from",ADD_AFTER_SOURCE_CHECK,P2,"Only one external family supports the JLPT listing, but exact JMdict form is common; suitable after source/level check."
九,く,N5,"{""N5"": 1}","{""waller-derived"": ""N5""}",waller,waller-derived,1,lexical,Nine,same-reading-different-writing|same-writing-different-reading|same-jmdict-entry,区|句|苦,きゅう,ここ|この|九,きゅう|ここ|この,N5,きゅう|く|ここ|ここの|この|九|玖|９,yes,SINGLE_SOURCE,yes,yes,yes,N5,no,玖 is used in legal documents,num:numeric,nine; 9,ADD_AFTER_SOURCE_CHECK,P2,"Only one external family supports the JLPT listing, but exact JMdict form is common; suitable after source/level check."
じゃあ,じゃあ,N5,"{""N5"": 1}","{""waller-derived"": ""N5""}",waller,waller-derived,1,kana/loanword,well then…,same-jmdict-entry,,,じゃ,じゃ,N5,じゃ|じゃあ,yes,SINGLE_SOURCE,yes,yes,yes,N5,no,from では,conj:conjunction,then; well; so; well then,ADD_AFTER_SOURCE_CHECK,P2,"Only one external family supports the JLPT listing, but exact JMdict form is common; suitable after source/level check."
せっけん,せっけん,N5,"{""N5"": 1}","{""waller-derived"": ""N5""}",waller,waller-derived,1,kana/loanword,soap,same-reading-different-writing|same-jmdict-entry,席巻|接見|石けん|石鹸|石鹸[けん],,席巻|接見|石けん|石鹸,せっけん,N1|N3|N5,せっけん|席巻|席捲|接見|石けん|石鹸|石鹼,yes,SINGLE_SOURCE,yes,yes,yes,N5,no,,n:noun (common) (futsuumeishi)|vi:intransitive verb|vs:noun or participle which takes the aux. verb suru|vt:transitive verb,"soap; (official) audience; interview; reception; meeting with one's lawyer (while detained or imprisoned); sweeping (over, across); conquering; overwhelming",ADD_AFTER_SOURCE_CHECK,P2,"Only one external family supports the JLPT listing, but exact JMdict form is common; suitable after source/level check."
たて,たて,N5,"{""N5"": 1}","{""community-independent"": ""N5""}",wordmaster,community-independent,1,kana/loanword,长度; 高度,same-reading-different-writing|same-jmdict-entry,盾|縦,,盾|縦,たて,N1|N2,たて|タテ|楯|盾|竪|経|縦,yes,SINGLE_SOURCE,yes,yes,yes,N1|N5,no,,adj-no:nouns which may take the genitive case particle 'no'|n:noun (common) (futsuumeishi),the vertical; height; front-to-back; length; north-to-south; vertical (relationship); shield; buckler; escutcheon; pretext; excuse; grounds (for),ADD_AFTER_SOURCE_CHECK,P2,"Only one external family supports the JLPT listing, but exact JMdict form is common; suitable after source/level check."
ちゃわん,ちゃわん,N5,"{""N5"": 1}","{""waller-derived"": ""N5""}",waller,waller-derived,1,kana/loanword,rice bowl,same-reading-different-writing|same-jmdict-entry,茶わん|茶碗|茶碗[わん],,茶わん|茶碗,ちゃわん,N1|N5,ちゃわん|茶わん|茶碗,yes,SINGLE_SOURCE,yes,yes,yes,N5,no,,n:noun (common) (futsuumeishi),rice bowl; tea cup; teacup,ADD_AFTER_SOURCE_CHECK,P2,"Only one external family supports the JLPT listing, but exact JMdict form is common; suitable after source/level check."
つける,つける,N5,"{""N5"": 1}","{""community-independent"": ""N5""}",wordmaster,community-independent,1,kana/loanword,打开,same-reading-different-writing|same-jmdict-entry,付ける|就ける|漬ける|点[つ]ける|着ける,,付ける|漬ける|着ける,つける,N1|N2|N5,つける|ツケる|付ける|浸ける|漬ける|着ける|附ける,yes,SINGLE_SOURCE,yes,yes,yes,N2|N4|N5,no,after -masu stem of verb | uk:word usually written using kana alone | usu. ツケる,suf:suffix|v1:Ichidan verb|vt:transitive verb,"to soak (in); to steep; to dip; to dunk; to pickle; to preserve (in salt, vinegar, etc.); to attach; to join; to connect; to add; to append; to affix; to turn on; to switch on; to light up",ADD_AFTER_SOURCE_CHECK,P2,"Only one external family supports the JLPT listing, but exact JMdict form is common; suitable after source/level check."
毎月,まいげつ,N5,"{""N5"": 1}","{""waller-derived"": ""N5""}",waller,waller-derived,1,lexical,every month,same-writing-different-reading|same-jmdict-entry,,まいつき,毎月,まいつき,N5,まいげつ|まいつき|毎月,yes,SINGLE_SOURCE,yes,yes,yes,N5,no,,adv:adverb (fukushi)|n:noun (common) (futsuumeishi),every month; each month; monthly,ADD_AFTER_SOURCE_CHECK,P2,"Only one external family supports the JLPT listing, but exact JMdict form is common; suitable after source/level check."
毎年,まいねん,N5,"{""N5"": 1}","{""waller-derived"": ""N5""}",waller,waller-derived,1,lexical,every year,same-writing-different-reading|same-jmdict-entry,,まいとし,毎年,まいとし,N5,まいとし|まいねん|毎年,yes,SINGLE_SOURCE,yes,yes,yes,N5,no,,adv:adverb (fukushi)|n:noun (common) (futsuumeishi),every year; yearly; annually,ADD_AFTER_SOURCE_CHECK,P2,"Only one external family supports the JLPT listing, but exact JMdict form is common; suitable after source/level check."
円い,まるい,N5,"{""N5"": 1}","{""waller-derived"": ""N5""}",openjlpt|waller,waller-derived,1,lexical,round; circular; spherical,same-reading-different-writing|same-jmdict-entry,丸い,,丸い,まるい,N5,まるい|まろい|丸い|円い,yes,SINGLE_SOURCE,yes,yes,yes,N5,no,"丸い usu. refers to ball-shaped, and 円い to disc-shaped objects",adj-i:adjective (keiyoushi),round; circular; spherical; curved; smooth; harmonious,ADD_AFTER_SOURCE_CHECK,P2,"Only one external family supports the JLPT listing, but exact JMdict form is common; suitable after source/level check."
観る,みる,N5,"{""N5"": 1}","{""waller-derived"": ""N5""}",waller,waller-derived,1,lexical,"to see, to watch",same-reading-different-writing|same-jmdict-entry,見る|診る,,見る,みる,N5,みる|見る|視る|覧る|観る,yes,SINGLE_SOURCE,yes,yes,yes,N5,no,"after the -te form of a verb | as 〜てみると, 〜てみたら, 〜てみれば, etc. | uk:word usually written using kana alone",aux-v:auxiliary verb|v1:Ichidan verb|vt:transitive verb,to see; to look; to watch; to view; to observe; to examine,ADD_AFTER_SOURCE_CHECK,P2,"Only one external family supports the JLPT listing, but exact JMdict form is common; suitable after source/level check."
行く,ゆく,N5,"{""N5"": 1}","{""waller-derived"": ""N5""}",waller,waller-derived,1,lexical,to go,same-writing-different-reading|same-jmdict-entry,,いく,行く,いく,N5,いく|ゆく|イク|往く|行く,yes,SINGLE_SOURCE,yes,yes,yes,N5,no,after the -te form of a verb; い sometimes omitted in casual speech | col:colloquial | oft. as で〜 | oft. written as イク | sl:slang | uk:word usually written using kana alone | usu. written as 逝く,aux-v:auxiliary verb|v5k-s:Godan verb - Iku/Yuku special class|vi:intransitive verb,to go; to move (towards); to head (towards); to leave (for); to move through; to travel across,ADD_AFTER_SOURCE_CHECK,P2,"Only one external family supports the JLPT listing, but exact JMdict form is common; suitable after source/level check."
りっぱ,りっぱ,N5,"{""N5"": 1}","{""community-independent"": ""N5""}",wordmaster,community-independent,1,kana/loanword,出色，优秀,same-reading-different-writing|same-jmdict-entry,立派,,立派,りっぱ,N4,りっぱ|立派,yes,SINGLE_SOURCE,yes,yes,yes,N5,no,,adj-na:adjectival nouns or quasi-adjectives (keiyodoshi),splendid; fine; handsome; elegant; imposing; prominent,ADD_AFTER_SOURCE_CHECK,P2,"Only one external family supports the JLPT listing, but exact JMdict form is common; suitable after source/level check."
あかちゃん,あかちゃん,N4,"{""N4"": 1}","{""waller-derived"": ""N4""}",waller,waller-derived,1,kana/loanword,infant,same-reading-different-writing|same-jmdict-entry,赤ちゃん,,赤ちゃん,あかちゃん,N3,あかちゃん|赤ちゃん,yes,SINGLE_SOURCE,yes,yes,yes,N4,no,,n:noun (common) (futsuumeishi),baby; infant,ADD_AFTER_SOURCE_CHECK,P2,"Only one external family supports the JLPT listing, but exact JMdict form is common; suitable after source/level check."
集る,あつまる,N4,"{""N4"": 1}","{""waller-derived"": ""N4""}",openjlpt|waller,waller-derived,1,lexical,to gather,same-reading-different-writing|same-writing-different-reading|same-jmdict-entry,集まる,たかる,集まる,あつまる,N4,あつまる|集まる|集る,yes,SINGLE_SOURCE,yes,no,yes,N4,no,io:irregular okurigana usage,v5r:Godan verb with 'ru' ending|vi:intransitive verb,to gather; to collect; to assemble,ADD_AFTER_SOURCE_CHECK,P2,"Only one external family supports the JLPT listing, but exact JMdict form is common; suitable after source/level check."
案内,あんないする,N4,"{""N4"": 2}","{""community-independent"": ""N4"", ""waller-derived"": ""N4""}",openjlpt|wordmaster,community-independent|waller-derived,2,lexical,to guide,same-writing-different-reading,,あんない,,,,,no,HIGH,no,no,no,,no,,,,MANUAL_VERIFY_SOURCE,P2,Exact written-form + reading was not resolved in the JMdict common/JLPT subset; verify source spelling and lexical status before adding.
うかがう,うかがう,N4,"{""N4"": 1}","{""community-independent"": ""N4""}",wordmaster,community-independent,1,kana/loanword,拜访；请教,same-reading-different-writing|same-jmdict-entry,伺う,,伺う,うかがう,N3,うかがう|伺う,yes,SINGLE_SOURCE,yes,yes,yes,N4,no,from 御機嫌を伺う | hum:humble (kenjougo) language,v5u:Godan verb with 'u' ending|vi:intransitive verb|vt:transitive verb,to call on someone; to call at a place; to pay a visit; to wait on someone; to ask; to inquire,ADD_AFTER_SOURCE_CHECK,P2,"Only one external family supports the JLPT listing, but exact JMdict form is common; suitable after source/level check."
運転,うんてんする,N4,"{""N4"": 2}","{""community-independent"": ""N4"", ""waller-derived"": ""N4""}",openjlpt|wordmaster,community-independent|waller-derived,2,lexical,to drive,same-writing-different-reading,,うんてん,,,,,no,HIGH,no,no,no,,no,,,,MANUAL_VERIFY_SOURCE,P2,Exact written-form + reading was not resolved in the JMdict common/JLPT subset; verify source spelling and lexical status before adding.
運動,うんどうする,N4,"{""N4"": 2}","{""community-independent"": ""N4"", ""waller-derived"": ""N4""}",openjlpt|wordmaster,community-independent|waller-derived,2,lexical,to exercise,same-writing-different-reading,,うんどう,,,,,no,HIGH,no,no,no,,no,,,,MANUAL_VERIFY_SOURCE,P2,Exact written-form + reading was not resolved in the JMdict common/JLPT subset; verify source spelling and lexical status before adding.
遠慮,えんりょする,N4,"{""N4"": 2}","{""community-independent"": ""N4"", ""waller-derived"": ""N4""}",openjlpt|wordmaster,community-independent|waller-derived,2,lexical,to be reserved; to be restrained,same-writing-different-reading,,えんりょ,,,,,no,HIGH,no,no,no,,no,,,,MANUAL_VERIFY_SOURCE,P2,Exact written-form + reading was not resolved in the JMdict common/JLPT subset; verify source spelling and lexical status before adding.
お金持ち,おかねもち,N4,"{""N4"": 1}","{""waller-derived"": ""N4""}",waller,waller-derived,1,lexical,rich man,fully-absent,,,,,,,yes,SINGLE_SOURCE,yes,yes,yes,N4,no,,n:noun (common) (futsuumeishi),rich person; wealthy person,ADD_AFTER_SOURCE_CHECK,P2,"Only one external family supports the JLPT listing, but exact JMdict form is common; suitable after source/level check."
起す,おこす,N4,"{""N4"": 1}","{""waller-derived"": ""N4""}",openjlpt|waller,waller-derived,1,lexical,to wake,same-reading-different-writing|same-jmdict-entry,興す|起こす,,起こす,おこす,N4,おこす|起こす|起す,yes,SINGLE_SOURCE,yes,no,yes,N4,no,,v5s:Godan verb with 'su' ending|vt:transitive verb,to raise; to raise up; to set up; to pick up; to wake; to wake up,ADD_AFTER_SOURCE_CHECK,P2,"Only one external family supports the JLPT listing, but exact JMdict form is common; suitable after source/level check."
計画,けいかくする,N4,"{""N4"": 2}","{""community-independent"": ""N4"", ""waller-derived"": ""N4""}",openjlpt|wordmaster,community-independent|waller-derived,2,lexical,to plan,same-writing-different-reading,,けいかく,,,,,no,HIGH,no,no,no,,no,,,,MANUAL_VERIFY_SOURCE,P2,Exact written-form + reading was not resolved in the JMdict common/JLPT subset; verify source spelling and lexical status before adding.
経験,けいけんする,N4,"{""N4"": 2}","{""community-independent"": ""N4"", ""waller-derived"": ""N4""}",openjlpt|wordmaster,community-independent|waller-derived,2,lexical,to experience,same-writing-different-reading,,けいけん,,,,,no,HIGH,no,no,no,,no,,,,MANUAL_VERIFY_SOURCE,P2,Exact written-form + reading was not resolved in the JMdict common/JLPT subset; verify source spelling and lexical status before adding.
故障,こしょうする,N4,"{""N4"": 2}","{""community-independent"": ""N4"", ""waller-derived"": ""N4""}",openjlpt|wordmaster,community-independent|waller-derived,2,lexical,to break-down,same-writing-different-reading,,こしょう,,,,,no,HIGH,no,no,no,,no,,,,MANUAL_VERIFY_SOURCE,P2,Exact written-form + reading was not resolved in the JMdict common/JLPT subset; verify source spelling and lexical status before adding.
このあいだ,このあいだ,N4,"{""N4"": 1}","{""waller-derived"": ""N4""}",waller,waller-derived,1,kana/loanword,"the other day,recently",same-reading-different-writing|same-jmdict-entry,この間,,この間,このあいだ,N3,このあいだ|このかん|この間|此の間,yes,SINGLE_SOURCE,yes,yes,yes,N4,no,,adv:adverb (fukushi)|n:noun (common) (futsuumeishi),the other day; lately; recently; during this period; meanwhile; in the meantime,ADD_AFTER_SOURCE_CHECK,P2,"Only one external family supports the JLPT listing, but exact JMdict form is common; suitable after source/level check."
御主人,ごしゅじん,N4,"{""N4"": 1}","{""waller-derived"": ""N4""}",openjlpt|waller,waller-derived,1,lexical,(honorable) your husband,same-reading-different-writing|same-jmdict-entry,ご主人,,ご主人,ごしゅじん,N4,ごしゅじん|ご主人|御主人,yes,SINGLE_SOURCE,yes,no,yes,N4,no,hon:honorific or respectful (sonkeigo) language,n:noun (common) (futsuumeishi),your husband; her husband,ADD_AFTER_SOURCE_CHECK,P2,"Only one external family supports the JLPT listing, but exact JMdict form is common; suitable after source/level check."
ごらんになる,ごらんになる,N4,"{""N4"": 1}","{""waller-derived"": ""N4""}",waller,waller-derived,1,kana/loanword,(respectful) to see,same-reading-different-writing|same-jmdict-entry,ご覧になる,,ご覧になる,ごらんになる,N3,ごらんになる|ご覧になる|御覧になる,yes,SINGLE_SOURCE,yes,yes,yes,N4,no,after the -te form of a verb | hon:honorific or respectful (sonkeigo) language,"aux-v:auxiliary verb|exp:expressions (phrases, clauses, etc.)|v5r:Godan verb with 'ru' ending",to see; to look; to watch; to try to ...,ADD_AFTER_SOURCE_CHECK,P2,"Only one external family supports the JLPT listing, but exact JMdict form is common; suitable after source/level check."
支度,したくする,N4,"{""N4"": 2}","{""community-independent"": ""N4"", ""waller-derived"": ""N4""}",openjlpt|wordmaster,community-independent|waller-derived,2,lexical,to prepare,same-writing-different-reading,,したく,,,,,no,HIGH,no,no,no,,no,,,,MANUAL_VERIFY_SOURCE,P2,Exact written-form + reading was not resolved in the JMdict common/JLPT subset; verify source spelling and lexical status before adding.
出席,しゅっせきする,N4,"{""N4"": 2}","{""community-independent"": ""N4"", ""waller-derived"": ""N4""}",openjlpt|wordmaster,community-independent|waller-derived,2,lexical,to attend,same-writing-different-reading,,しゅっせき,,,,,no,HIGH,no,no,no,,no,,,,MANUAL_VERIFY_SOURCE,P2,Exact written-form + reading was not resolved in the JMdict common/JLPT subset; verify source spelling and lexical status before adding.
出発,しゅっぱつする,N4,"{""N4"": 2}","{""community-independent"": ""N4"", ""waller-derived"": ""N4""}",openjlpt|wordmaster,community-independent|waller-derived,2,lexical,to depart,same-writing-different-reading,,しゅっぱつ,,,,,no,HIGH,no,no,no,,no,,,,MANUAL_VERIFY_SOURCE,P2,Exact written-form + reading was not resolved in the JMdict common/JLPT subset; verify source spelling and lexical status before adding.
承知,しょうちする,N4,"{""N4"": 2}","{""community-independent"": ""N4"", ""waller-derived"": ""N4""}",openjlpt|wordmaster,community-independent|waller-derived,2,lexical,to consent,same-writing-different-reading,,しょうち,,,,,no,HIGH,no,no,no,,no,,,,MANUAL_VERIFY_SOURCE,P2,Exact written-form + reading was not resolved in the JMdict common/JLPT subset; verify source spelling and lexical status before adding.
食事,しょくじする,N4,"{""N4"": 2}","{""community-independent"": ""N4"", ""waller-derived"": ""N4""}",openjlpt|wordmaster,community-independent|waller-derived,2,lexical,to have a meal,same-writing-different-reading,,しょくじ,,,,,no,HIGH,no,no,no,,no,,,,MANUAL_VERIFY_SOURCE,P2,Exact written-form + reading was not resolved in the JMdict common/JLPT subset; verify source spelling and lexical status before adding.
心配,しんぱいする,N4,"{""N4"": 2}","{""community-independent"": ""N4"", ""waller-derived"": ""N4""}",openjlpt|wordmaster,community-independent|waller-derived,2,lexical,to worry,same-writing-different-reading,,しんぱい,,,,,no,HIGH,no,no,no,,no,,,,MANUAL_VERIFY_SOURCE,P2,Exact written-form + reading was not resolved in the JMdict common/JLPT subset; verify source spelling and lexical status before adding.
じゃま,じゃま,N4,"{""N4"": 1}","{""waller-derived"": ""N4""}",waller,waller-derived,1,kana/loanword,"hindrance,intrusion",same-reading-different-writing|same-jmdict-entry,邪魔,,邪魔,じゃま,N3,じゃま|邪魔,yes,SINGLE_SOURCE,yes,yes,yes,N4,no,as お〜 | orig. meaning,adj-na:adjectival nouns or quasi-adjectives (keiyodoshi)|n:noun (common) (futsuumeishi)|vi:intransitive verb|vs:noun or participle which takes the aux. verb suru|vt:transitive verb,hindrance; obstacle; nuisance; disturbance; interruption; interference,ADD_AFTER_SOURCE_CHECK,P2,"Only one external family supports the JLPT listing, but exact JMdict form is common; suitable after source/level check."
準備,じゅんびする,N4,"{""N4"": 2}","{""community-independent"": ""N4"", ""waller-derived"": ""N4""}",openjlpt|wordmaster,community-independent|waller-derived,2,lexical,to prepare,same-writing-different-reading,,じゅんび,,,,,no,HIGH,no,no,no,,no,,,,MANUAL_VERIFY_SOURCE,P2,Exact written-form + reading was not resolved in the JMdict common/JLPT subset; verify source spelling and lexical status before adding.
ずいぶん,ずいぶん,N4,"{""N4"": 1}","{""waller-derived"": ""N4""}",waller,waller-derived,1,kana/loanword,extremely,same-reading-different-writing|same-jmdict-entry,随分,,随分,ずいぶん,N3,ずいぶん|ずい分|随分|隨分,yes,SINGLE_SOURCE,yes,yes,yes,N4,no,uk:word usually written using kana alone,adj-na:adjectival nouns or quasi-adjectives (keiyodoshi)|adv-to:adverb taking the 'to' particle|adv:adverb (fukushi),very; extremely; surprisingly; fairly; quite; considerably,ADD_AFTER_SOURCE_CHECK,P2,"Only one external family supports the JLPT listing, but exact JMdict form is common; suitable after source/level check."
生活,せいかつする,N4,"{""N4"": 2}","{""community-independent"": ""N4"", ""waller-derived"": ""N4""}",openjlpt|wordmaster,community-independent|waller-derived,2,lexical,to live,same-writing-different-reading,,せいかつ,,,,,no,HIGH,no,no,no,,no,,,,MANUAL_VERIFY_SOURCE,P2,Exact written-form + reading was not resolved in the JMdict common/JLPT subset; verify source spelling and lexical status before adding.
生産,せいさんする,N4,"{""N4"": 2}","{""community-independent"": ""N4"", ""waller-derived"": ""N4""}",openjlpt|wordmaster,community-independent|waller-derived,2,lexical,to produce,same-writing-different-reading,,せいさん,,,,,no,HIGH,no,no,no,,no,,,,MANUAL_VERIFY_SOURCE,P2,Exact written-form + reading was not resolved in the JMdict common/JLPT subset; verify source spelling and lexical status before adding.
世話,せわする,N4,"{""N4"": 2}","{""community-independent"": ""N4"", ""waller-derived"": ""N4""}",openjlpt|wordmaster,community-independent|waller-derived,2,lexical,to look after,same-writing-different-reading,,せわ,,,,,no,HIGH,no,no,no,,no,,,,MANUAL_VERIFY_SOURCE,P2,Exact written-form + reading was not resolved in the JMdict common/JLPT subset; verify source spelling and lexical status before adding.
相談,そうだんする,N4,"{""N4"": 2}","{""community-independent"": ""N4"", ""waller-derived"": ""N4""}",openjlpt|wordmaster,community-independent|waller-derived,2,lexical,to discuss,same-writing-different-reading,,そうだん,,,,,no,HIGH,no,no,no,,no,,,,MANUAL_VERIFY_SOURCE,P2,Exact written-form + reading was not resolved in the JMdict common/JLPT subset; verify source spelling and lexical status before adding.
退院,たいいんする,N4,"{""N4"": 2}","{""community-independent"": ""N4"", ""waller-derived"": ""N4""}",openjlpt|wordmaster,community-independent|waller-derived,2,lexical,to leave hospital,same-writing-different-reading,,たいいん,,,,,no,HIGH,no,no,no,,no,,,,MANUAL_VERIFY_SOURCE,P2,Exact written-form + reading was not resolved in the JMdict common/JLPT subset; verify source spelling and lexical status before adding.
とこや,とこや,N4,"{""N4"": 1}","{""waller-derived"": ""N4""}",waller,waller-derived,1,kana/loanword,barber,same-reading-different-writing|same-jmdict-entry,床屋,,床屋,とこや,N4,とこや|床屋,yes,SINGLE_SOURCE,yes,yes,yes,N4,no,,n:noun (common) (futsuumeishi),barbershop; barber shop; barber,ADD_AFTER_SOURCE_CHECK,P2,"Only one external family supports the JLPT listing, but exact JMdict form is common; suitable after source/level check."
におい,におい,N4,"{""N4"": 1}","{""waller-derived"": ""N4""}",waller,waller-derived,1,kana/loanword,a smell,same-reading-different-writing|same-jmdict-entry,匂い,,匂い,におい,N4,におい|匂|匂い|臭い|香い,yes,SINGLE_SOURCE,yes,yes,yes,N4,no,臭い used for unpleasant smells,n:noun (common) (futsuumeishi),smell; scent; odour; odor; stench; aura,ADD_AFTER_SOURCE_CHECK,P2,"Only one external family supports the JLPT listing, but exact JMdict form is common; suitable after source/level check."
二階建て,にかいだて,N4,"{""N4"": 1}","{""waller-derived"": ""N4""}",openjlpt|waller,waller-derived,1,lexical,two storied,fully-absent,,,,,,,yes,SINGLE_SOURCE,yes,yes,yes,N4,no,,n:noun (common) (futsuumeishi),two-storied building,ADD_AFTER_SOURCE_CHECK,P2,"Only one external family supports the JLPT listing, but exact JMdict form is common; suitable after source/level check."
入院,にゅういんする,N4,"{""N4"": 2}","{""community-independent"": ""N4"", ""waller-derived"": ""N4""}",openjlpt|wordmaster,community-independent|waller-derived,2,lexical,to hospitalise,same-writing-different-reading,,にゅういん,,,,,no,HIGH,no,no,no,,no,,,,MANUAL_VERIFY_SOURCE,P2,Exact written-form + reading was not resolved in the JMdict common/JLPT subset; verify source spelling and lexical status before adding.
入学,にゅうがくする,N4,"{""N4"": 2}","{""community-independent"": ""N4"", ""waller-derived"": ""N4""}",openjlpt|wordmaster,community-independent|waller-derived,2,lexical,to enter school or university,same-writing-different-reading,,にゅうがく,,,,,no,HIGH,no,no,no,,no,,,,MANUAL_VERIFY_SOURCE,P2,Exact written-form + reading was not resolved in the JMdict common/JLPT subset; verify source spelling and lexical status before adding.
ぬれる,ぬれる,N4,"{""N4"": 1}","{""waller-derived"": ""N4""}",waller,waller-derived,1,kana/loanword,to get wet,same-reading-different-writing|same-jmdict-entry,濡[ぬ]れる|濡れる,,濡れる,ぬれる,N4,ぬれる|濡る|濡れる,yes,SINGLE_SOURCE,yes,yes,yes,N4,no,,v1:Ichidan verb|vi:intransitive verb,to get wet,ADD_AFTER_SOURCE_CHECK,P2,"Only one external family supports the JLPT listing, but exact JMdict form is common; suitable after source/level check."
ねだん,ねだん,N4,"{""N4"": 1}","{""waller-derived"": ""N4""}",waller,waller-derived,1,kana/loanword,price,same-reading-different-writing|same-jmdict-entry,値段,,値段,ねだん,N4,ねだん|値段|直段,yes,SINGLE_SOURCE,yes,yes,yes,N4,no,,n:noun (common) (futsuumeishi),price; cost,ADD_AFTER_SOURCE_CHECK,P2,"Only one external family supports the JLPT listing, but exact JMdict form is common; suitable after source/level check."
ねっしん,ねっしん,N4,"{""N4"": 1}","{""waller-derived"": ""N4""}",waller,waller-derived,1,kana/loanword,enthusiasm,same-reading-different-writing|same-jmdict-entry,熱心,,熱心,ねっしん,N4,ねっしん|熱心,yes,SINGLE_SOURCE,yes,yes,yes,N4,no,,adj-na:adjectival nouns or quasi-adjectives (keiyodoshi)|n:noun (common) (futsuumeishi),zealous; enthusiastic; ardent; fervent; keen; eager,ADD_AFTER_SOURCE_CHECK,P2,"Only one external family supports the JLPT listing, but exact JMdict form is common; suitable after source/level check."
拝見,はいけんする,N4,"{""N4"": 2}","{""community-independent"": ""N4"", ""waller-derived"": ""N4""}",openjlpt|wordmaster,community-independent|waller-derived,2,lexical,(humble) to look at,same-writing-different-reading,,はいけん,,,,,no,HIGH,no,no,no,,no,,,,MANUAL_VERIFY_SOURCE,P2,Exact written-form + reading was not resolved in the JMdict common/JLPT subset; verify source spelling and lexical status before adding.
筈,はず,N4,"{""N4"": 1}","{""waller-derived"": ""N4""}",openjlpt|waller,waller-derived,1,lexical,it should be so,same-reading-different-writing|same-jmdict-entry,はず,,はず,はず,N3,はず|弭|筈,yes,SINGLE_SOURCE,yes,yes,yes,N4,no,uk:word usually written using kana alone,aux:auxiliary|n:noun (common) (futsuumeishi),should (be); bound (to be); expected (to be); must (be); nock (of a bow); nock (of an arrow),ADD_AFTER_SOURCE_CHECK,P2,"Only one external family supports the JLPT listing, but exact JMdict form is common; suitable after source/level check."
放送,ほうそうする,N4,"{""N4"": 2}","{""community-independent"": ""N4"", ""waller-derived"": ""N4""}",openjlpt|wordmaster,community-independent|waller-derived,2,lexical,to broadcast,same-writing-different-reading,,ほうそう,,,,,no,HIGH,no,no,no,,no,,,,MANUAL_VERIFY_SOURCE,P2,Exact written-form + reading was not resolved in the JMdict common/JLPT subset; verify source spelling and lexical status before adding.
ほめる,ほめる,N4,"{""N4"": 1}","{""waller-derived"": ""N4""}",waller,waller-derived,1,kana/loanword,to praise,same-reading-different-writing|same-jmdict-entry,褒める,,褒める,ほめる,N3,ほめる|称める|褒める|誉める|讃める|賞める,yes,SINGLE_SOURCE,yes,yes,yes,N4,no,,v1:Ichidan verb|vt:transitive verb,to praise; to commend; to compliment; to speak well of; to speak highly of,ADD_AFTER_SOURCE_CHECK,P2,"Only one external family supports the JLPT listing, but exact JMdict form is common; suitable after source/level check."
まじめ,まじめ,N4,"{""N4"": 1}","{""waller-derived"": ""N4""}",waller,waller-derived,1,kana/loanword,serious,same-reading-different-writing|same-jmdict-entry,真面目,,真面目,まじめ,N4,まじめ|マジメ|眞面目|真面目,yes,SINGLE_SOURCE,yes,yes,yes,N4,no,,adj-na:adjectival nouns or quasi-adjectives (keiyodoshi)|n:noun (common) (futsuumeishi),serious; earnest; sober; grave; honest; sincere,ADD_AFTER_SOURCE_CHECK,P2,"Only one external family supports the JLPT listing, but exact JMdict form is common; suitable after source/level check."
真中,まんなか,N4,"{""N4"": 2}","{""community-independent"": ""N4"", ""waller-derived"": ""N4""}",openjlpt|wordmaster,community-independent|waller-derived,2,lexical,middle,same-reading-different-writing,真ん中,,,,,,no,HIGH,no,no,no,,no,,,,MANUAL_VERIFY_SOURCE,P2,Exact written-form + reading was not resolved in the JMdict common/JLPT subset; verify source spelling and lexical status before adding.
輸出,ゆしゅつする,N4,"{""N4"": 2}","{""community-independent"": ""N4"", ""waller-derived"": ""N4""}",openjlpt|wordmaster,community-independent|waller-derived,2,lexical,to export,same-writing-different-reading,,ゆしゅつ,,,,,no,HIGH,no,no,no,,no,,,,MANUAL_VERIFY_SOURCE,P2,Exact written-form + reading was not resolved in the JMdict common/JLPT subset; verify source spelling and lexical status before adding.
当り,あたり,N3,"{""N3"": 1}","{""community-independent"": ""N3""}",wordmaster,community-independent,1,lexical,命中,same-reading-different-writing|same-jmdict-entry,当たり|辺り,,当たり,あたり,N3,あたり|アタリ|中たり|中り|当たり|当り|魚信,yes,SINGLE_SOURCE,yes,yes,yes,N1,yes,also written as 魚信 | uk:word usually written using kana alone | usu. アタリ,n:noun (common) (futsuumeishi)|suf:suffix,hit; success; guess; prediction; affability; friendliness,ADD_AFTER_SOURCE_CHECK,P2,"Only one external family supports the JLPT listing, but exact JMdict form is common; suitable after source/level check. JLPT level conflicts with JMdict/Waller enrichment; add the form but review level before publishing."
いえ,いえ,N3,"{""N3"": 1}","{""waller-derived"": ""N3""}",openjlpt|waller,waller-derived,1,kana/loanword,TODO same as いいえ?,same-reading-different-writing|same-jmdict-entry,家,,いいえ|家,いいえ|いえ,N5,いいえ|いえ|家,yes,SINGLE_SOURCE,yes,yes,yes,N5,yes,,int:interjection (kandoushi)|n:noun (common) (futsuumeishi),house; residence; dwelling; home; family; household; no; you're welcome; not at all; don't mention it,ADD_AFTER_SOURCE_CHECK,P2,"Only one external family supports the JLPT listing, but exact JMdict form is common; suitable after source/level check. JLPT level conflicts with JMdict/Waller enrichment; add the form but review level before publishing."
後,うしろ,N3,"{""N3"": 1}","{""waller-derived"": ""N3""}",openjlpt|waller,waller-derived,1,lexical,afterwards; since then; in the future,same-reading-different-writing|same-writing-different-reading|same-jmdict-entry,うしろ|後ろ,あと|ご|のち,うしろ|後ろ,うしろ,N1|N5,うしろ|後|後ろ,yes,SINGLE_SOURCE,yes,no,yes,N5,yes,io:irregular okurigana usage,adj-no:nouns which may take the genitive case particle 'no'|n:noun (common) (futsuumeishi),back; behind; rear,ADD_AFTER_SOURCE_CHECK,P2,"Only one external family supports the JLPT listing, but exact JMdict form is common; suitable after source/level check. JLPT level conflicts with JMdict/Waller enrichment; add the form but review level before publishing."
御,お,N3,"{""N3"": 1}","{""waller-derived"": ""N3""}",openjlpt|waller,waller-derived,1,lexical,honourable,same-reading-different-writing,尾,,,,,,yes,SINGLE_SOURCE,yes,yes,yes,N3,no,hon:honorific or respectful (sonkeigo) language | hum:humble (kenjougo) language | pol:polite (teineigo) language | uk:word usually written using kana alone | usu. before a term with a kun-yomi reading; おん is more formal,pref:prefix,honorific/polite/humble prefix,ADD_AFTER_SOURCE_CHECK,P2,"Only one external family supports the JLPT listing, but exact JMdict form is common; suitable after source/level check."
おそらく,おそらく,N3,"{""N3"": 1}","{""waller-derived"": ""N3""}",waller,waller-derived,1,kana/loanword,perhaps,same-reading-different-writing|same-jmdict-entry,恐らく,,恐らく,おそらく,N2,おそらく|恐らく,yes,SINGLE_SOURCE,yes,yes,yes,N3,no,oft. used when predicting a negative outcome | uk:word usually written using kana alone,adv:adverb (fukushi),probably; (most) likely; in all likelihood; I suspect; I dare say; I'm afraid,ADD_AFTER_SOURCE_CHECK,P2,"Only one external family supports the JLPT listing, but exact JMdict form is common; suitable after source/level check."
お互い,おたがい,N3,"{""N3"": 2}","{""community-independent"": ""N3"", ""waller-derived"": ""N3""}",openjlpt|waller|wordmaster,community-independent|waller-derived,2,lexical,mutual; reciprocal; each other,fully-absent,,,,,,,yes,HIGH,yes,no,no,N3,no,pol:polite (teineigo) language,adj-no:nouns which may take the genitive case particle 'no'|adv:adverb (fukushi)|n:noun (common) (futsuumeishi),each other; one another,ADD_HIGH_CONFIDENCE,P2,Supported by >=2 independent reference families and exact JMdict form exists.
居る,おる,N3,"{""N3"": 1}","{""waller-derived"": ""N3""}",openjlpt|waller,waller-derived,1,lexical,to be (animate); to be; to exist,same-reading-different-writing|same-jmdict-entry,おる|折る|織る,,おる,おる,N4,おる|居る,yes,SINGLE_SOURCE,yes,yes,yes,N3,no,after the -masu stem of a verb; indicates contempt or disdain for another's actions | after the -te form of a verb; indicates continuing action | after the -te form of a verb; indicates continuing state | hum:humble (kenjougo) language | uk:word usually written using kana alone,aux-v:auxiliary verb|suf:suffix|v5r:Godan verb with 'ru' ending|vi:intransitive verb,to be (animate); to be; to exist; to be ...-ing; to have ...-ed; to be ...-ed,ADD_AFTER_SOURCE_CHECK,P2,"Only one external family supports the JLPT listing, but exact JMdict form is common; suitable after source/level check."
終,おわり,N3,"{""N3"": 1}","{""waller-derived"": ""N3""}",openjlpt|waller,waller-derived,1,lexical,the end,same-reading-different-writing|same-jmdict-entry,終わり,,終わり,おわり,N5,おわり|終|終り|終わり,yes,SINGLE_SOURCE,yes,no,yes,N4,yes,io:irregular okurigana usage,n:noun (common) (futsuumeishi),end; ending; close; conclusion; end of (one's) life; death,ADD_AFTER_SOURCE_CHECK,P2,"Only one external family supports the JLPT listing, but exact JMdict form is common; suitable after source/level check. JLPT level conflicts with JMdict/Waller enrichment; add the form but review level before publishing."
彼等,かれら,N3,"{""N3"": 1}","{""waller-derived"": ""N3""}",openjlpt|waller,waller-derived,1,lexical,they (usually male),same-reading-different-writing|same-jmdict-entry,彼ら,,彼ら,かれら,N2,かれら|彼ら|彼等,yes,SINGLE_SOURCE,yes,no,yes,N4,yes,usu. in ref. to males or a mixed-sex group,pn:pronoun,they; them,ADD_AFTER_SOURCE_CHECK,P2,"Only one external family supports the JLPT listing, but exact JMdict form is common; suitable after source/level check. JLPT level conflicts with JMdict/Waller enrichment; add the form but review level before publishing."
可愛そう,かわいそう,N3,"{""N3"": 1}","{""community-independent"": ""N3""}",wordmaster,community-independent,1,lexical,可怜,same-reading-different-writing|same-jmdict-entry,かわいそう|可哀想,,かわいそう|可哀想,かわいそう,N3,かわいそう|可哀そう|可哀想|可哀相|可愛そう,yes,SINGLE_SOURCE,yes,no,yes,N3,no,uk:word usually written using kana alone,adj-na:adjectival nouns or quasi-adjectives (keiyodoshi)|n:noun (common) (futsuumeishi),poor; pitiable; pathetic; pitiful,ADD_AFTER_SOURCE_CHECK,P2,"Only one external family supports the JLPT listing, but exact JMdict form is common; suitable after source/level check."
金曜,きんよう,N3,"{""N3"": 1}","{""waller-derived"": ""N3""}",openjlpt|waller,waller-derived,1,lexical,(abbr) Friday,fully-absent,,,,,,,yes,SINGLE_SOURCE,yes,yes,yes,N3,no,,n:noun (common) (futsuumeishi),Friday,ADD_AFTER_SOURCE_CHECK,P2,"Only one external family supports the JLPT listing, but exact JMdict form is common; suitable after source/level check."
曇,くもり,N3,"{""N3"": 1}","{""waller-derived"": ""N3""}",openjlpt|waller,waller-derived,1,lexical,cloudiness; cloudy weather; shadow,same-reading-different-writing|same-jmdict-entry,曇り,,曇り,くもり,N5,くもり|曇|曇り,yes,SINGLE_SOURCE,yes,no,yes,N5,yes,,n:noun (common) (futsuumeishi),"cloudiness; cloudy weather; fog (on a mirror, glasses, etc.); cloud (e.g. in marble); blur; mist",ADD_AFTER_SOURCE_CHECK,P2,"Only one external family supports the JLPT listing, but exact JMdict form is common; suitable after source/level check. JLPT level conflicts with JMdict/Waller enrichment; add the form but review level before publishing."
咥える,くわえる,N3,"{""N2"": 1, ""N3"": 1}","{""community-independent"": ""N3"", ""waller-derived"": ""N2""}",waller|wordmaster,community-independent|waller-derived,2,lexical,叼，衔,same-reading-different-writing|same-jmdict-entry,くわえる|加える,,くわえる,くわえる,N3,くわえる|咥える|啣える|銜える,yes,HIGH,yes,no,no,N2,yes,uk:word usually written using kana alone,v1:Ichidan verb|vt:transitive verb,to hold in one's mouth; to bring with; to take along,ADD_DISTINCT_VARIANT,P2,Supported by >=2 families; exact form is a distinct reference-listed writing even though another form of the same JMdict entry already exists. JLPT level conflicts with JMdict/Waller enrichment; add the form but review level before publishing.
月曜,げつよう,N3,"{""N3"": 1}","{""waller-derived"": ""N3""}",openjlpt|waller,waller-derived,1,lexical,Monday,fully-absent,,,,,,,yes,SINGLE_SOURCE,yes,yes,yes,N3,no,,n:noun (common) (futsuumeishi),Monday,ADD_AFTER_SOURCE_CHECK,P2,"Only one external family supports the JLPT listing, but exact JMdict form is common; suitable after source/level check."
昨,さく,N3,"{""N3"": 2}","{""community-independent"": ""N3"", ""waller-derived"": ""N3""}",openjlpt|waller|wordmaster,community-independent|waller-derived,2,lexical,last (year); yesterday,same-reading-different-writing,咲く|柵|策|裂く,,,,,,yes,HIGH,yes,no,no,N3,no,,pref:prefix,last (year); yesterday,ADD_HIGH_CONFIDENCE,P2,Supported by >=2 independent reference families and exact JMdict form exists.
税,ぜい,N3,"{""N3"": 2}","{""community-independent"": ""N3"", ""waller-derived"": ""N3""}",waller|wordmaster,community-independent|waller-derived,2,lexical,tax,fully-absent,,,,,,,yes,HIGH,yes,no,no,N3,no,,n:noun (common) (futsuumeishi)|suf:suffix,tax,ADD_HIGH_CONFIDENCE,P2,Supported by >=2 independent reference families and exact JMdict form exists.
それと,それと,N3,"{""N3"": 2}","{""community-independent"": ""N3"", ""waller-derived"": ""N3""}",waller|wordmaster,community-independent|waller-derived,2,kana/loanword,还有,fully-absent,,,,,,,yes,HIGH,yes,no,no,N3,no,uk:word usually written using kana alone,conj:conjunction,and then; in addition to that; also; even so,ADD_HIGH_CONFIDENCE,P2,Supported by >=2 independent reference families and exact JMdict form exists.
たしか,たしか,N3,"{""N3"": 1}","{""community-independent"": ""N3""}",wordmaster,community-independent,1,kana/loanword,"certain, sure, if I remember correctly",same-reading-different-writing|same-jmdict-entry,確か,,確か,たしか,N4,たしか|慥か|確|確か,yes,SINGLE_SOURCE,yes,yes,yes,N4,yes,,adj-na:adjectival nouns or quasi-adjectives (keiyodoshi)|adv:adverb (fukushi),sure; certain; positive; definite; reliable; trustworthy,ADD_AFTER_SOURCE_CHECK,P2,"Only one external family supports the JLPT listing, but exact JMdict form is common; suitable after source/level check. JLPT level conflicts with JMdict/Waller enrichment; add the form but review level before publishing."
球,たま,N3,"{""N3"": 1}","{""waller-derived"": ""N3""}",waller,waller-derived,1,lexical,"globe,sphere,ball",same-reading-different-writing|same-writing-different-reading|same-jmdict-entry,偶|弾|玉,きゅう,弾|玉,たま,N1|N3,たま|弾|玉|珠|球|璧,yes,SINGLE_SOURCE,yes,no,yes,N3,no,"abbr:abbreviation | derog:derogatory | esp. 弾 | esp. 玉 | esp. 玉, 珠 | esp. 玉, 珠; also written as 璧 | esp. 球 | sl:slang | usu. だま","ctr:counter|n-suf:noun, used as a suffix|n:noun (common) (futsuumeishi)","ball; sphere; globe; orb; bead (of sweat, dew, etc.); drop",ADD_AFTER_SOURCE_CHECK,P2,"Only one external family supports the JLPT listing, but exact JMdict form is common; suitable after source/level check."
ちょうだい,ちょうだい,N3,"{""N3"": 1}","{""community-independent"": ""N3""}",wordmaster,community-independent,1,kana/loanword,给我,same-reading-different-writing|same-jmdict-entry,頂戴,,頂戴,ちょうだい,N1,ちょうだい|ちょーだい|頂だい|頂戴|頂載,yes,SINGLE_SOURCE,yes,yes,yes,N1|N3,no,as 〜をちょうだい or after the -te form of a verb | fam:familiar language | fem:female term or language | hum:humble (kenjougo) language | uk:word usually written using kana alone,"adj-na:adjectival nouns or quasi-adjectives (keiyodoshi)|exp:expressions (phrases, clauses, etc.)|n:noun (common) (futsuumeishi)|vs:noun or participle which takes the aux. verb suru|vt:transitive verb",receiving; getting; accepting; being given; eating; drinking; long and large; tall and large; grand; huge,ADD_AFTER_SOURCE_CHECK,P2,"Only one external family supports the JLPT listing, but exact JMdict form is common; suitable after source/level check."
棟,とう,N3,"{""N1"": 1, ""N3"": 1}","{""community-independent"": ""N3"", ""waller-derived"": ""N1""}",openjlpt|waller|wordmaster,community-independent|waller-derived,2,lexical,place; section; building,same-reading-different-writing|same-writing-different-reading,党|唐|問う|塔|島|当|頭,むね,,,,,yes,HIGH,yes,no,no,N1,yes,,ctr:counter|n:noun (common) (futsuumeishi)|suf:suffix,"large building; building with a long roof; counter for buildings, apartments, etc.",ADD_HIGH_CONFIDENCE,P2,Supported by >=2 independent reference families and exact JMdict form exists. JLPT level conflicts with JMdict/Waller enrichment; add the form but review level before publishing.
供,とも,N3,"{""N3"": 1}","{""community-independent"": ""N3""}",wordmaster,community-independent,1,lexical,陪伴,same-reading-different-writing,共|友,,,,,,yes,SINGLE_SOURCE,yes,yes,yes,,no,,n:noun (common) (futsuumeishi)|vs:noun or participle which takes the aux. verb suru|vt:transitive verb,companion; follower; attendant; retinue,ADD_AFTER_SOURCE_CHECK,P2,"Only one external family supports the JLPT listing, but exact JMdict form is common; suitable after source/level check."
どうぞよろしく,どうぞよろしく,N3,"{""N2"": 1, ""N3"": 1}","{""community-independent"": ""N3"", ""waller-derived"": ""N2""}",waller|wordmaster,community-independent|waller-derived,2,kana/loanword,pleased to meet you,fully-absent,,,,,,,yes,HIGH,yes,no,no,N2,yes,uk:word usually written using kana alone,"exp:expressions (phrases, clauses, etc.)",pleased to meet you; how do you do; my regards (to someone); my greetings; best wishes; remember me to,ADD_HIGH_CONFIDENCE,P2,Supported by >=2 independent reference families and exact JMdict form exists. JLPT level conflicts with JMdict/Waller enrichment; add the form but review level before publishing.
土曜,どよう,N3,"{""N3"": 1}","{""waller-derived"": ""N3""}",openjlpt|waller,waller-derived,1,lexical,Saturday,fully-absent,,,,,,,yes,SINGLE_SOURCE,yes,yes,yes,N3,no,,n:noun (common) (futsuumeishi),Saturday,ADD_AFTER_SOURCE_CHECK,P2,"Only one external family supports the JLPT listing, but exact JMdict form is common; suitable after source/level check."
等,など,N3,"{""N3"": 1}","{""waller-derived"": ""N3""}",openjlpt|waller,waller-derived,1,lexical,et cetera; etc.; and the like,same-reading-different-writing|same-jmdict-entry,など,,など,など,N5,など|抔|等,yes,SINGLE_SOURCE,yes,yes,yes,N5,yes,after an approximate quote or vague suggestion | lessening the significance or value of the previous word | uk:word usually written using kana alone,prt:particle,et cetera; etc.; and the like; and so forth; or something; the likes of,ADD_AFTER_SOURCE_CHECK,P2,"Only one external family supports the JLPT listing, but exact JMdict form is common; suitable after source/level check. JLPT level conflicts with JMdict/Waller enrichment; add the form but review level before publishing."
日曜,にちよう,N3,"{""N3"": 1}","{""waller-derived"": ""N3""}",openjlpt|waller,waller-derived,1,lexical,Sunday,fully-absent,,,,,,,yes,SINGLE_SOURCE,yes,yes,yes,N3,no,,n:noun (common) (futsuumeishi),Sunday,ADD_AFTER_SOURCE_CHECK,P2,"Only one external family supports the JLPT listing, but exact JMdict form is common; suitable after source/level check."
梅雨,ばいう,N3,"{""N3"": 1}","{""waller-derived"": ""N3""}",waller,waller-derived,1,lexical,"rainy season,rain during the rainy season",same-writing-different-reading|same-jmdict-entry,,つゆ,梅雨,つゆ,N3,つゆ|ばいう|梅雨|黴雨,yes,SINGLE_SOURCE,yes,yes,yes,N3,no,,n:noun (common) (futsuumeishi),"(East Asian) rainy season (in Japan, usu. from early June to mid-July); rain during the rainy season",ADD_AFTER_SOURCE_CHECK,P2,"Only one external family supports the JLPT listing, but exact JMdict form is common; suitable after source/level check."
碑,ひ,N3,"{""N3"": 1}","{""community-independent"": ""N3""}",wordmaster,community-independent,1,lexical,stone monument bearing an inscription,same-reading-different-writing,妃|日|比|火|灯|費|非,,,,,,yes,SINGLE_SOURCE,yes,yes,no,N1,yes,,n:noun (common) (futsuumeishi),stone monument bearing an inscription (esp. memorial for future generations); stele; stela,ADD_AFTER_SOURCE_CHECK,P2,"Only one external family supports the JLPT listing, but exact JMdict form is common; suitable after source/level check. JLPT level conflicts with JMdict/Waller enrichment; add the form but review level before publishing."
木曜,もくよう,N3,"{""N3"": 1}","{""waller-derived"": ""N3""}",openjlpt|waller,waller-derived,1,lexical,Thursday,fully-absent,,,,,,,yes,SINGLE_SOURCE,yes,yes,yes,N3,no,,n:noun (common) (futsuumeishi),Thursday,ADD_AFTER_SOURCE_CHECK,P2,"Only one external family supports the JLPT listing, but exact JMdict form is common; suitable after source/level check."
文字,もんじ,N3,"{""N3"": 1}","{""waller-derived"": ""N3""}",waller,waller-derived,1,lexical,"letter (of alphabet),character",same-writing-different-reading|same-jmdict-entry,,もじ,文字,もじ,N3,もじ|もんじ|文字,yes,SINGLE_SOURCE,yes,yes,no,N3,no,,n:noun (common) (futsuumeishi),letter (of an alphabet); character; writing,ADD_AFTER_SOURCE_CHECK,P2,"Only one external family supports the JLPT listing, but exact JMdict form is common; suitable after source/level check."
言う,ゆう,N3,"{""N3"": 1}","{""waller-derived"": ""N3""}",openjlpt|waller,waller-derived,1,lexical,to say,same-reading-different-writing|same-writing-different-reading|same-jmdict-entry,夕|有|結う,いう,言う,いう,N5,いう|ゆう|云う|言う|謂う,yes,SINGLE_SOURCE,yes,yes,yes,N5,yes,,v5u:Godan verb with 'u' ending|vi:intransitive verb|vt:transitive verb,"to say; to utter; to declare; to name; to call; to go (e.g. ""the alarm went ping"")",ADD_AFTER_SOURCE_CHECK,P2,"Only one external family supports the JLPT listing, but exact JMdict form is common; suitable after source/level check. JLPT level conflicts with JMdict/Waller enrichment; add the form but review level before publishing."
宜しく,よろしく,N3,"{""N3"": 1}","{""waller-derived"": ""N3""}",openjlpt|waller,waller-derived,1,lexical,well; properly; suitably,same-reading-different-writing|same-jmdict-entry,よろしく,,よろしく,よろしく,N5,よろしく|宜しく|宜敷く|宣しく,yes,SINGLE_SOURCE,yes,yes,yes,N3,no,as ...よろしく | as よろしく…べし | uk:word usually written using kana alone,"adv:adverb (fukushi)|exp:expressions (phrases, clauses, etc.)",well; properly; suitably; best regards; please remember me; please treat me favorably (favourably),ADD_AFTER_SOURCE_CHECK,P2,"Only one external family supports the JLPT listing, but exact JMdict form is common; suitable after source/level check."
来,らい,N3,"{""N3"": 1}","{""waller-derived"": ""N3""}",openjlpt|waller,waller-derived,1,lexical,for (10 days); next (year),fully-absent,,,,,,,yes,SINGLE_SOURCE,yes,yes,yes,N3,no,,pref:prefix|suf:suffix,"next (year, spring, etc.); coming; since (e.g. last month); for (e.g. 20 years)",ADD_AFTER_SOURCE_CHECK,P2,"Only one external family supports the JLPT listing, but exact JMdict form is common; suitable after source/level check."
あいかわらず,あいかわらず,N2,"{""N2"": 1}","{""waller-derived"": ""N2""}",waller,waller-derived,1,kana/loanword,"as ever,as usual,the same",same-reading-different-writing|same-jmdict-entry,相変わらず,,相変わらず,あいかわらず,N3,あいかわらず|あい変らず|あい変わらず|相かわらず|相不変|相変らず|相変わらず,yes,SINGLE_SOURCE,yes,yes,yes,N2,no,,adj-no:nouns which may take the genitive case particle 'no'|adv:adverb (fukushi),as usual; as always; as before; as ever; still,ADD_AFTER_SOURCE_CHECK,P2,"Only one external family supports the JLPT listing, but exact JMdict form is common; suitable after source/level check."
アイディア,アイディア,N2,"{""N2"": 1}","{""waller-derived"": ""N2""}",waller,waller-derived,1,kana/loanword,idea,same-jmdict-entry,,,アイデア,アイデア,N4,アィディア|アイデア|アイディア,yes,SINGLE_SOURCE,yes,yes,yes,N2,no,,n:noun (common) (futsuumeishi),idea,ADD_AFTER_SOURCE_CHECK,P2,"Only one external family supports the JLPT listing, but exact JMdict form is common; suitable after source/level check."
あいまい,あいまい,N2,"{""N2"": 1}","{""community-independent"": ""N2""}",wordmaster,community-independent,1,kana/loanword,"vague, ambiguous",same-reading-different-writing|same-jmdict-entry,曖昧,,曖昧,あいまい,N2,あいまい|あい昧|曖昧,yes,SINGLE_SOURCE,yes,yes,yes,N2,no,,adj-na:adjectival nouns or quasi-adjectives (keiyodoshi)|n:noun (common) (futsuumeishi),vague; ambiguous; unclear; shady; disreputable; fuzzy,ADD_AFTER_SOURCE_CHECK,P2,"Only one external family supports the JLPT listing, but exact JMdict form is common; suitable after source/level check."
明き,あき,N2,"{""N2"": 1}","{""waller-derived"": ""N2""}",openjlpt|waller,waller-derived,1,lexical,room; time to spare; emptiness,same-reading-different-writing|same-jmdict-entry,安芸|秋|空き|飽き,,空き,あき,N3,あき|明き|空き,yes,SINGLE_SOURCE,yes,no,yes,N3,yes,,adj-no:nouns which may take the genitive case particle 'no'|n:noun (common) (futsuumeishi),space; room; gap; emptiness; vacancy; opening,ADD_AFTER_SOURCE_CHECK,P2,"Only one external family supports the JLPT listing, but exact JMdict form is common; suitable after source/level check. JLPT level conflicts with JMdict/Waller enrichment; add the form but review level before publishing."
あたりまえ,あたりまえ,N2,"{""N2"": 1}","{""waller-derived"": ""N2""}",waller,waller-derived,1,kana/loanword,"usual,common,ordinary",same-reading-different-writing|same-jmdict-entry,当たり前,,当たり前,あたりまえ,N4,あたりまえ|あたりめえ|あたりめー|あたり前|あったりめー|当たりめー|当たり前|当りまえ|当り前,yes,SINGLE_SOURCE,yes,yes,yes,N2,no,,adj-na:adjectival nouns or quasi-adjectives (keiyodoshi)|adj-no:nouns which may take the genitive case particle 'no'|n:noun (common) (futsuumeishi),natural; reasonable; obvious; usual; common; ordinary,ADD_AFTER_SOURCE_CHECK,P2,"Only one external family supports the JLPT listing, but exact JMdict form is common; suitable after source/level check."
あてはまる,あてはまる,N2,"{""N2"": 1}","{""waller-derived"": ""N2""}",waller,waller-derived,1,kana/loanword,"to be applicable,to come under (a category),to fulfill",same-reading-different-writing|same-jmdict-entry,当てはまる|当て嵌まる,,当てはまる|当て嵌まる,あてはまる,N1|N2,あてはまる|当てはまる|当て嵌まる,yes,SINGLE_SOURCE,yes,yes,yes,N2,no,uk:word usually written using kana alone,v5r:Godan verb with 'ru' ending|vi:intransitive verb,"to apply (of a rule); to be applicable (of standards, lessons, ideas, etc.); to hold true (e.g. of a description); to fit; to be suitable (e.g. of a word); to meet (requirements)",ADD_AFTER_SOURCE_CHECK,P2,"Only one external family supports the JLPT listing, but exact JMdict form is common; suitable after source/level check."
あてはめる,あてはめる,N2,"{""N2"": 1}","{""waller-derived"": ""N2""}",waller,waller-derived,1,kana/loanword,"to apply,to adapt",same-reading-different-writing|same-jmdict-entry,当てはめる,,当てはめる,あてはめる,N1,あてはめる|当てはめる|当て嵌める,yes,SINGLE_SOURCE,yes,yes,yes,N2,no,,v1:Ichidan verb|vt:transitive verb,to apply; to adapt,ADD_AFTER_SOURCE_CHECK,P2,"Only one external family supports the JLPT listing, but exact JMdict form is common; suitable after source/level check."
あぶる,あぶる,N2,"{""N2"": 2}","{""community-independent"": ""N2"", ""waller-derived"": ""N2""}",waller|wordmaster,community-independent|waller-derived,2,kana/loanword,to scorch,same-reading-different-writing|same-jmdict-entry,炙る,,炙る,あぶる,N2,あぶる|炙る|烘る|焙る,yes,HIGH,yes,no,no,N2,no,uk:word usually written using kana alone,v5r:Godan verb with 'ru' ending|vt:transitive verb,to warm (e.g. one's hands over a fire); to dry; to toast; to grill; to broil; to roast,ADD_DISTINCT_VARIANT,P2,Supported by >=2 families; exact form is a distinct reference-listed writing even though another form of the same JMdict entry already exists.
編物,あみもの,N2,"{""N2"": 1}","{""waller-derived"": ""N2""}",openjlpt|waller,waller-derived,1,lexical,knitting; web,same-reading-different-writing|same-jmdict-entry,編み物,,編み物,あみもの,N1,あみもの|編みもの|編み物|編もの|編物,yes,SINGLE_SOURCE,yes,yes,yes,N2,no,,adj-no:nouns which may take the genitive case particle 'no'|n:noun (common) (futsuumeishi),knitting; knitted material; crochet,ADD_AFTER_SOURCE_CHECK,P2,"Only one external family supports the JLPT listing, but exact JMdict form is common; suitable after source/level check."
あわてる,あわてる,N2,"{""N2"": 1}","{""waller-derived"": ""N2""}",waller,waller-derived,1,kana/loanword,to become confused,same-reading-different-writing|same-jmdict-entry,慌てる,,慌てる,あわてる,N3,あわてる|周章てる|慌てる,yes,SINGLE_SOURCE,yes,yes,yes,N2,no,usu. 慌てて,v1:Ichidan verb|vi:intransitive verb,"to become confused (disconcerted, disorganized, disorganised); to be flustered; to panic; to hurry; to rush; to hasten",ADD_AFTER_SOURCE_CHECK,P2,"Only one external family supports the JLPT listing, but exact JMdict form is common; suitable after source/level check."
いってらっしゃい,いってらっしゃい,N2,"{""N2"": 1}","{""waller-derived"": ""N2""}",waller,waller-derived,1,kana/loanword,,fully-absent,,,,,,,yes,SINGLE_SOURCE,yes,yes,yes,N2,no,often in response to いってきます | uk:word usually written using kana alone,int:interjection (kandoushi),have a good day; take care; see you,ADD_AFTER_SOURCE_CHECK,P2,"Only one external family supports the JLPT listing, but exact JMdict form is common; suitable after source/level check."
行ってらっしゃい,いってらっしゃい,N2,"{""N2"": 1}","{""community-independent"": ""N2""}",wordmaster,community-independent,1,lexical,"have a nice day, see you",fully-absent,,,,,,,yes,SINGLE_SOURCE,yes,yes,yes,N2,no,often in response to いってきます | uk:word usually written using kana alone,int:interjection (kandoushi),have a good day; take care; see you,ADD_AFTER_SOURCE_CHECK,P2,"Only one external family supports the JLPT listing, but exact JMdict form is common; suitable after source/level check."
追い掛ける,おいかける,N2,"{""N2"": 1}","{""waller-derived"": ""N2""}",openjlpt|waller,waller-derived,1,lexical,to chase or run after someone; to run down; to pursue,same-reading-different-writing|same-jmdict-entry,追いかける,,追いかける,おいかける,N2,おいかける|追いかける|追い掛ける|追い駆ける|追掛ける,yes,SINGLE_SOURCE,yes,no,yes,N2,no,as 追いかけて or 追いかけるように,v1:Ichidan verb|vt:transitive verb,to chase; to run after; to pursue; subsequently; following that; (and) then,ADD_AFTER_SOURCE_CHECK,P2,"Only one external family supports the JLPT listing, but exact JMdict form is common; suitable after source/level check."
おくさん,おくさん,N2,"{""N2"": 1}","{""waller-derived"": ""N2""}",waller,waller-derived,1,kana/loanword,"(hon) wife,your wife,madam",same-reading-different-writing|same-jmdict-entry,奥さん,,奥さん,おくさん,N5,おくさん|奥さん,yes,SINGLE_SOURCE,yes,yes,yes,N5,yes,hon:honorific or respectful (sonkeigo) language,n:noun (common) (futsuumeishi),wife; your wife; his wife; married lady; madam,ADD_AFTER_SOURCE_CHECK,P2,"Only one external family supports the JLPT listing, but exact JMdict form is common; suitable after source/level check. JLPT level conflicts with JMdict/Waller enrichment; add the form but review level before publishing."
おさきに,おさきに,N2,"{""N2"": 1}","{""waller-derived"": ""N2""}",waller,waller-derived,1,kana/loanword,"before,ahead,previously",fully-absent,,,,,,,yes,SINGLE_SOURCE,yes,yes,yes,N2,no,abbr:abbreviation | pol:polite (teineigo) language,"adv:adverb (fukushi)|exp:expressions (phrases, clauses, etc.)",before; previously; ahead; pardon me for leaving (before you),ADD_AFTER_SOURCE_CHECK,P2,"Only one external family supports the JLPT listing, but exact JMdict form is common; suitable after source/level check."
おしゃれ,おしゃれ,N2,"{""N2"": 1}","{""waller-derived"": ""N2""}",waller,waller-derived,1,kana/loanword,"smartly dressed,someone smartly dressed,fashion-conscious",same-reading-different-writing|same-jmdict-entry,お洒落,,お洒落,おしゃれ,N2,おしゃれ|お洒落|オシャレ|御洒落,yes,SINGLE_SOURCE,yes,yes,yes,N2,no,uk:word usually written using kana alone,adj-na:adjectival nouns or quasi-adjectives (keiyodoshi)|n:noun (common) (futsuumeishi)|vi:intransitive verb|vs:noun or participle which takes the aux. verb suru,stylish; fashionable; trendy; chic; smartly dressed; careful about one's appearance,ADD_AFTER_SOURCE_CHECK,P2,"Only one external family supports the JLPT listing, but exact JMdict form is common; suitable after source/level check."
伯父,おじ,N2,"{""N2"": 1}","{""community-independent"": ""N2""}",wordmaster,community-independent,1,lexical,伯父,same-reading-different-writing|same-jmdict-entry,おじ|叔父,,おじ|叔父,おじ,N1|N5,おじ|しゅくふ|はくふ|伯父|叔父,yes,SINGLE_SOURCE,yes,yes,yes,,no,伯父 or 叔父 respectively can mean older or younger than one's parent,n:noun (common) (futsuumeishi),uncle,ADD_AFTER_SOURCE_CHECK,P2,"Only one external family supports the JLPT listing, but exact JMdict form is common; suitable after source/level check."
御辞儀,おじぎ,N2,"{""N2"": 1}","{""waller-derived"": ""N2""}",openjlpt|waller,waller-derived,1,lexical,bow,same-reading-different-writing|same-jmdict-entry,お辞儀,,お辞儀,おじぎ,N3,おじぎ|お辞儀|御辞儀,yes,SINGLE_SOURCE,yes,no,yes,N2,no,pol:polite (teineigo) language,n:noun (common) (futsuumeishi)|vi:intransitive verb|vs:noun or participle which takes the aux. verb suru,bow; bowing,ADD_AFTER_SOURCE_CHECK,P2,"Only one external family supports the JLPT listing, but exact JMdict form is common; suitable after source/level check."
叔父さん,おじさん,N2,"{""N2"": 2}","{""community-independent"": ""N2"", ""waller-derived"": ""N2""}",openjlpt|waller|wordmaster,community-independent|waller-derived,2,lexical,middle-aged gentleman; uncle,same-reading-different-writing|same-jmdict-entry,おじさん|伯父さん,,おじさん|伯父さん,おじさん,N5,おじさん|オジさん|オジサン|伯父さん|叔父さん|小父さん,yes,HIGH,yes,no,no,N5,yes,fam:familiar language | hon:honorific or respectful (sonkeigo) language | uk:word usually written using kana alone | usu. オジサン | usu. 小父さん or おじさん; vocative | 伯父さん is older than one's parent and 叔父さん is younger,n:noun (common) (futsuumeishi),uncle; old man; mister; manybar goatfish (Parupeneus multifasciatus),ADD_DISTINCT_VARIANT,P2,Supported by >=2 families; exact form is a distinct reference-listed writing even though another form of the same JMdict entry already exists. JLPT level conflicts with JMdict/Waller enrichment; add the form but review level before publishing.
小父さん,おじさん,N2,"{""N2"": 2}","{""community-independent"": ""N2"", ""waller-derived"": ""N2""}",openjlpt|waller|wordmaster,community-independent|waller-derived,2,lexical,middle-aged gentleman; uncle,same-reading-different-writing|same-jmdict-entry,おじさん|伯父さん,,おじさん|伯父さん,おじさん,N5,おじさん|オジさん|オジサン|伯父さん|叔父さん|小父さん,yes,HIGH,yes,no,no,N5,yes,fam:familiar language | hon:honorific or respectful (sonkeigo) language | uk:word usually written using kana alone | usu. オジサン | usu. 小父さん or おじさん; vocative | 伯父さん is older than one's parent and 叔父さん is younger,n:noun (common) (futsuumeishi),uncle; old man; mister; manybar goatfish (Parupeneus multifasciatus),ADD_DISTINCT_VARIANT,P2,Supported by >=2 families; exact form is a distinct reference-listed writing even though another form of the same JMdict entry already exists. JLPT level conflicts with JMdict/Waller enrichment; add the form but review level before publishing.
おだいじに,おだいじに,N2,"{""N2"": 1}","{""waller-derived"": ""N2""}",waller,waller-derived,1,kana/loanword,Take care of yourself,same-reading-different-writing|same-jmdict-entry,お大事に,,お大事に,おだいじに,N2,おだいじに|お大事に,yes,SINGLE_SOURCE,yes,yes,yes,N2,no,,"exp:expressions (phrases, clauses, etc.)",take care of yourself; get well soon,ADD_AFTER_SOURCE_CHECK,P2,"Only one external family supports the JLPT listing, but exact JMdict form is common; suitable after source/level check."
御手洗,おてあらい,N2,"{""N2"": 1}","{""waller-derived"": ""N2""}",openjlpt,waller-derived,1,lexical,font of purifying water placed at entrance of shrine,same-reading-different-writing|same-jmdict-entry,お手洗い,,お手洗い,おてあらい,N5,おてあらい|お手洗い|御手洗|御手洗い,yes,SINGLE_SOURCE,yes,no,yes,N5,yes,,n:noun (common) (futsuumeishi),toilet; restroom; lavatory; bathroom,ADD_AFTER_SOURCE_CHECK,P2,"Only one external family supports the JLPT listing, but exact JMdict form is common; suitable after source/level check. JLPT level conflicts with JMdict/Waller enrichment; add the form but review level before publishing."
おとなしい,おとなしい,N2,"{""N2"": 1}","{""waller-derived"": ""N2""}",waller,waller-derived,1,kana/loanword,"obedient,docile,quiet",same-reading-different-writing|same-jmdict-entry,大人しい,,大人しい,おとなしい,N4,おとなしい|大人しい|温和しい|温柔しい,yes,SINGLE_SOURCE,yes,yes,yes,N2,no,uk:word usually written using kana alone,adj-i:adjective (keiyoushi),gentle; quiet; mild; meek; obedient; docile,ADD_AFTER_SOURCE_CHECK,P2,"Only one external family supports the JLPT listing, but exact JMdict form is common; suitable after source/level check."
おどかす,おどかす,N2,"{""N2"": 1}","{""waller-derived"": ""N2""}",waller,waller-derived,1,kana/loanword,"to threaten,to coerce",same-reading-different-writing|same-jmdict-entry,脅かす,,脅かす,おどかす,N1,おどかす|嚇かす|威かす|脅かす,yes,SINGLE_SOURCE,yes,yes,yes,N2,no,,v5s:Godan verb with 'su' ending|vt:transitive verb,to threaten; to menace; to intimidate; to startle; to frighten; to scare,ADD_AFTER_SOURCE_CHECK,P2,"Only one external family supports the JLPT listing, but exact JMdict form is common; suitable after source/level check."
伯母,おば,N2,"{""N2"": 1}","{""community-independent"": ""N2""}",wordmaster,community-independent,1,lexical,(humble) aunt (older than one's parent),same-reading-different-writing|same-jmdict-entry,おば|叔母,,おば|叔母,おば,N5,おば|しゅくぼ|はくぼ|伯母|叔母,yes,SINGLE_SOURCE,yes,yes,yes,,no,伯母 can mean older and 叔母 can mean younger than one's parent,n:noun (common) (futsuumeishi),aunt,ADD_AFTER_SOURCE_CHECK,P2,"Only one external family supports the JLPT listing, but exact JMdict form is common; suitable after source/level check."
おまたせしました,おまたせしました,N2,"{""N2"": 1}","{""waller-derived"": ""N2""}",waller,waller-derived,1,kana/loanword,Sorry to have kept you waiting,same-reading-different-writing|same-jmdict-entry,お待たせしました,,お待たせしました,おまたせしました,N2,おまたせしました|お待たせしました,yes,SINGLE_SOURCE,yes,yes,yes,N2,no,pol:polite (teineigo) language,"exp:expressions (phrases, clauses, etc.)",thank you for waiting; sorry to have kept you waiting,ADD_AFTER_SOURCE_CHECK,P2,"Only one external family supports the JLPT listing, but exact JMdict form is common; suitable after source/level check."
おまちどおさま,おまちどおさま,N2,"{""N2"": 2}","{""community-independent"": ""N2"", ""waller-derived"": ""N2""}",waller|wordmaster,community-independent|waller-derived,2,kana/loanword,Sorry to have kept you waiting,fully-absent,,,,,,,yes,HIGH,yes,no,no,N2,no,,"exp:expressions (phrases, clauses, etc.)",I'm sorry to have kept you waiting,ADD_HIGH_CONFIDENCE,P2,Supported by >=2 independent reference families and exact JMdict form exists.
おやすみ,おやすみ,N2,"{""N2"": 1}","{""waller-derived"": ""N2""}",waller,waller-derived,1,kana/loanword,"(1) holiday,absence,rest,(2) (exp) Good night",fully-absent,,,,,,,yes,SINGLE_SOURCE,yes,yes,yes,N2,no,abbr:abbreviation | hon:honorific or respectful (sonkeigo) language | pol:polite (teineigo) language | uk:word usually written using kana alone,int:interjection (kandoushi)|n:noun (common) (futsuumeishi),holiday; day off; absence; sleep; rest; good night,ADD_AFTER_SOURCE_CHECK,P2,"Only one external family supports the JLPT listing, but exact JMdict form is common; suitable after source/level check."
個所,かしょ,N2,"{""N2"": 1}","{""waller-derived"": ""N2""}",openjlpt|waller,waller-derived,1,lexical,passage; place; point,same-reading-different-writing|same-jmdict-entry,箇所,,箇所,かしょ,N3,かしょ|か所|カ所|ケ所|ヵ所|ヶ所|個所|箇所,yes,SINGLE_SOURCE,yes,yes,yes,N2,no,,ctr:counter|n:noun (common) (futsuumeishi),place; point; part; spot; area; passage,ADD_AFTER_SOURCE_CHECK,P2,"Only one external family supports the JLPT listing, but exact JMdict form is common; suitable after source/level check."
かるた,かるた,N2,"{""N2"": 2}","{""community-independent"": ""N2"", ""waller-derived"": ""N2""}",waller|wordmaster,community-independent|waller-derived,2,kana/loanword,(n) playing cards (pt: carta),same-reading-different-writing|same-jmdict-entry,歌留多,,歌留多,カルタ,N2,かるた|かる多|カルタ|加留多|哥留多|嘉留太|歌留多|賀留多|軽多|軽板|骨牌,yes,HIGH,yes,no,no,N2,no,uk:word usually written using kana alone,n:noun (common) (futsuumeishi),"karuta; traditional Japanese playing cards, esp. hyakunin isshu karuta or iroha karuta",ADD_DISTINCT_VARIANT,P2,Supported by >=2 families; exact form is a distinct reference-listed writing even though another form of the same JMdict entry already exists.
請う,こう,N2,"{""N2"": 1}","{""waller-derived"": ""N2""}",openjlpt|waller,waller-derived,1,lexical,to ask; to request,same-reading-different-writing|same-jmdict-entry,こう|乞う|侯|校|甲|稿|高|黄,,こう|乞う,こう,N2|N5,こう|乞う|請う,yes,SINGLE_SOURCE,yes,no,yes,N2,no,,v5u-s:Godan verb with 'u' ending (special class)|vt:transitive verb,to beg; to ask; to request; to invite; to pray; to wish,ADD_AFTER_SOURCE_CHECK,P2,"Only one external family supports the JLPT listing, but exact JMdict form is common; suitable after source/level check."
こちらこそ,こちらこそ,N2,"{""N2"": 2}","{""community-independent"": ""N2"", ""waller-derived"": ""N2""}",waller|wordmaster,community-independent|waller-derived,2,kana/loanword,it is I who should say so,fully-absent,,,,,,,yes,HIGH,yes,no,no,N2,no,,"exp:expressions (phrases, clauses, etc.)",it is I who should say so,ADD_HIGH_CONFIDENCE,P2,Supported by >=2 independent reference families and exact JMdict form exists.
こないだ,こないだ,N2,"{""N2"": 2}","{""community-independent"": ""N2"", ""waller-derived"": ""N2""}",waller|wordmaster,community-independent|waller-derived,2,kana/loanword,"the other day,lately,recently",fully-absent,,,,,,,yes,HIGH,yes,no,no,N2,no,uk:word usually written using kana alone,adv:adverb (fukushi)|n:noun (common) (futsuumeishi),the other day; lately; recently,ADD_HIGH_CONFIDENCE,P2,Supported by >=2 independent reference families and exact JMdict form exists.
ごくろうさま,ごくろうさま,N2,"{""N2"": 1}","{""waller-derived"": ""N2""}",waller,waller-derived,1,kana/loanword,Thank you very much for your....,fully-absent,,,,,,,yes,SINGLE_SOURCE,yes,yes,yes,N2,no,pol:polite (teineigo) language | usu. to one's subordinate,"adj-na:adjectival nouns or quasi-adjectives (keiyodoshi)|exp:expressions (phrases, clauses, etc.)",thank you (for your hard work); I appreciate your efforts,ADD_AFTER_SOURCE_CHECK,P2,"Only one external family supports the JLPT listing, but exact JMdict form is common; suitable after source/level check."
御馳走,ごちそう,N2,"{""N2"": 1}","{""waller-derived"": ""N2""}",openjlpt|waller,waller-derived,1,lexical,feast; treating (someone),same-reading-different-writing|same-jmdict-entry,ごちそう|ご馳走,,ごちそう|ご馳走,ごちそう,N3|N4,ごちそう|ご馳走|御馳走,yes,SINGLE_SOURCE,yes,no,yes,N4,yes,pol:polite (teineigo) language,n:noun (common) (futsuumeishi)|vs:noun or participle which takes the aux. verb suru|vt:transitive verb,treat (esp. food and drink); entertainment; treating someone (to a meal); taking someone to dinner; gorgeous dinner; feast,ADD_AFTER_SOURCE_CHECK,P2,"Only one external family supports the JLPT listing, but exact JMdict form is common; suitable after source/level check. JLPT level conflicts with JMdict/Waller enrichment; add the form but review level before publishing."
一昨昨日,さきおととい,N2,"{""N1"": 1, ""N2"": 1}","{""community-independent"": ""N2"", ""waller-derived"": ""N1""}",openjlpt|waller|wordmaster,community-independent|waller-derived,2,lexical,two days before yesterday,same-reading-different-writing|same-writing-different-reading|same-jmdict-entry,さきおととい,いっさくさくじつ,さきおととい|一昨昨日,いっさくさくじつ|さきおととい,N1|N2,いっさくさくじつ|さきおとつい|さきおととい|一昨々日|一昨昨日,yes,HIGH,yes,no,no,N2,no,,adv:adverb (fukushi)|n:noun (common) (futsuumeishi),two days before yesterday; three days back (ago),ADD_DISTINCT_VARIANT,P2,Supported by >=2 families; exact form is a distinct reference-listed writing even though another form of the same JMdict entry already exists.
明明後日,しあさって,N2,"{""N2"": 1}","{""community-independent"": ""N2""}",wordmaster,community-independent,1,lexical,two days after tomorrow,same-reading-different-writing|same-jmdict-entry,しあさって|明々後日,,しあさって|明々後日,しあさって,N1|N2,しあさって|みょうみょうごにち|明々後日|明明後日,yes,SINGLE_SOURCE,yes,no,yes,N2,no,,adv:adverb (fukushi)|n:noun (common) (futsuumeishi),in three days' time; two days after tomorrow,ADD_AFTER_SOURCE_CHECK,P2,"Only one external family supports the JLPT listing, but exact JMdict form is common; suitable after source/level check."
しいん,しいん,N2,"{""N2"": 1}","{""waller-derived"": ""N2""}",waller,waller-derived,1,kana/loanword,"silent (as the grave),(deathly) quiet",same-jmdict-entry,,,しーん|シーン,しーん|シーン,N2,しいん|しーん|シーン,yes,SINGLE_SOURCE,yes,yes,yes,N2,no,on-mim:onomatopoeic or mimetic word,adv-to:adverb taking the 'to' particle|adv:adverb (fukushi)|n:noun (common) (futsuumeishi)|vs:noun or participle which takes the aux. verb suru,cause of death; silently (as the grave); quietly (as in death),ADD_AFTER_SOURCE_CHECK,P2,"Only one external family supports the JLPT listing, but exact JMdict form is common; suitable after source/level check."
しゃぶる,しゃぶる,N2,"{""N2"": 2}","{""community-independent"": ""N2"", ""waller-derived"": ""N2""}",waller|wordmaster,community-independent|waller-derived,2,kana/loanword,"to suck,to chew",fully-absent,,,,,,,yes,HIGH,yes,no,no,N2,no,,v5r:Godan verb with 'ru' ending|vt:transitive verb,to suck; to lick,ADD_HIGH_CONFIDENCE,P2,Supported by >=2 independent reference families and exact JMdict form exists.
針路,しんろ,N2,"{""N2"": 2}","{""community-independent"": ""N2"", ""waller-derived"": ""N2""}",openjlpt|waller|wordmaster,community-independent|waller-derived,2,lexical,course; direction; compass bearing,same-reading-different-writing,進路,,,,,,yes,HIGH,yes,no,no,N2,no,,n:noun (common) (futsuumeishi),course; direction,ADD_HIGH_CONFIDENCE,P2,Supported by >=2 independent reference families and exact JMdict form exists.
水曜,すいよう,N2,"{""N2"": 1}","{""waller-derived"": ""N2""}",openjlpt|waller,waller-derived,1,lexical,Wednesday,fully-absent,,,,,,,yes,SINGLE_SOURCE,yes,yes,yes,N2,no,,n:noun (common) (futsuumeishi),Wednesday,ADD_AFTER_SOURCE_CHECK,P2,"Only one external family supports the JLPT listing, but exact JMdict form is common; suitable after source/level check."
そうっと,そうっと,N2,"{""N2"": 2}","{""community-independent"": ""N2"", ""waller-derived"": ""N2""}",waller|wordmaster,community-independent|waller-derived,2,kana/loanword,"softly, cautiously, gently",same-jmdict-entry,,,そっと,そっと,N3,そうっと|そおっと|そっと|そーっと,yes,HIGH,yes,no,no,N3,yes,as 〜しておく | on-mim:onomatopoeic or mimetic word,adv:adverb (fukushi)|vs:noun or participle which takes the aux. verb suru,softly; gently; quietly; lightly; stealthily; secretly,ADD_DISTINCT_VARIANT,P2,Supported by >=2 families; exact form is a distinct reference-listed writing even though another form of the same JMdict entry already exists. JLPT level conflicts with JMdict/Waller enrichment; add the form but review level before publishing.
存ずる,ぞんずる,N2,"{""N2"": 2}","{""community-independent"": ""N2"", ""waller-derived"": ""N2""}",waller|wordmaster,community-independent|waller-derived,2,lexical,(humble) to know,same-reading-different-writing,存,,,,,,yes,HIGH,yes,no,no,N2,no,hum:humble (kenjougo) language,vt:transitive verb|vz:Ichidan verb - zuru verb (alternative form of -jiru verbs),to know; to be aware (of); to be acquainted (with); to think; to consider; to believe,ADD_HIGH_CONFIDENCE,P2,Supported by >=2 independent reference families and exact JMdict form exists.
ただいま,ただいま,N2,"{""N2"": 1}","{""community-independent"": ""N2""}",wordmaster,community-independent,1,kana/loanword,我回来了,same-reading-different-writing|same-jmdict-entry,ただ今|只今,,ただ今|只今,ただいま,N1|N5,ただいま|ただ今|只今|唯今,yes,SINGLE_SOURCE,yes,yes,yes,,no,abbr:abbreviation | uk:word usually written using kana alone,adv:adverb (fukushi)|int:interjection (kandoushi)|n:noun (common) (futsuumeishi),I'm home!; I'm back!; it's me!; now; at present; at the moment,ADD_AFTER_SOURCE_CHECK,P2,"Only one external family supports the JLPT listing, but exact JMdict form is common; suitable after source/level check."
田ぼ,たんぼ,N2,"{""N2"": 2}","{""community-independent"": ""N2"", ""waller-derived"": ""N2""}",openjlpt|waller|wordmaster,community-independent|waller-derived,2,lexical,paddy field; farm,same-reading-different-writing|same-jmdict-entry,田んぼ|田圃,,田んぼ|田圃,たんぼ,N1,たんぼ|でんぼ|でんぽ|田ぼ|田んぼ|田圃|田畝,yes,HIGH,no,no,no,,no,,,,MANUAL_VERIFY_SOURCE,P2,Exact written-form + reading was not resolved in the JMdict common/JLPT subset; verify source spelling and lexical status before adding.
ダイヤグラム,ダイヤグラム,N2,"{""N2"": 2}","{""community-independent"": ""N2"", ""waller-derived"": ""N2""}",waller|wordmaster,community-independent|waller-derived,2,kana/loanword,diagram,fully-absent,,,,,,,yes,HIGH,yes,no,no,N2,no,,n:noun (common) (futsuumeishi),diagram,ADD_HIGH_CONFIDENCE,P2,Supported by >=2 independent reference families and exact JMdict form exists.
通ずる,つうずる,N2,"{""N2"": 2}","{""community-independent"": ""N2"", ""waller-derived"": ""N2""}",waller|wordmaster,community-independent|waller-derived,2,lexical,"to lead, to run, to open",fully-absent,,,,,,,yes,HIGH,yes,no,no,N2,no,,vi:intransitive verb|vz:Ichidan verb - zuru verb (alternative form of -jiru verbs),"to be open (to traffic); to lead to; to communicate (with); to flow (liquid, current); to pass; to get through to",ADD_HIGH_CONFIDENCE,P2,Supported by >=2 independent reference families and exact JMdict form exists.
浸ける,つける,N2,"{""N2"": 1}","{""waller-derived"": ""N2""}",openjlpt|waller,waller-derived,1,lexical,to dip in; to soak,same-reading-different-writing|same-jmdict-entry,付ける|就ける|漬ける|点[つ]ける|着ける,,漬ける,つける,N2,つける|浸ける|漬ける,yes,SINGLE_SOURCE,yes,no,yes,N4,yes,,v1:Ichidan verb|vt:transitive verb,"to soak (in); to steep; to dip; to dunk; to pickle; to preserve (in salt, vinegar, etc.)",ADD_AFTER_SOURCE_CHECK,P2,"Only one external family supports the JLPT listing, but exact JMdict form is common; suitable after source/level check. JLPT level conflicts with JMdict/Waller enrichment; add the form but review level before publishing."
点ける,つける,N2,"{""N2"": 1}","{""waller-derived"": ""N2""}",openjlpt|waller,waller-derived,1,lexical,to turn on; to switch on; to light up,same-reading-different-writing,付ける|就ける|漬ける|点[つ]ける|着ける,,,,,,yes,SINGLE_SOURCE,yes,yes,yes,N2,no,uk:word usually written using kana alone,v1:Ichidan verb|vt:transitive verb,to turn on; to switch on; to light up,ADD_AFTER_SOURCE_CHECK,P2,"Only one external family supports the JLPT listing, but exact JMdict form is common; suitable after source/level check."
出掛ける,でかける,N2,"{""N2"": 1}","{""waller-derived"": ""N2""}",openjlpt|waller,waller-derived,1,lexical,to depart; to set out; to start,same-reading-different-writing|same-jmdict-entry,出かける,,出かける,でかける,N4,でかける|出かける|出掛ける,yes,SINGLE_SOURCE,yes,yes,yes,N5,yes,,v1:Ichidan verb|vi:intransitive verb,to go out (e.g. on an excursion or outing); to leave; to depart; to start; to set out; to be about to leave,ADD_AFTER_SOURCE_CHECK,P2,"Only one external family supports the JLPT listing, but exact JMdict form is common; suitable after source/level check. JLPT level conflicts with JMdict/Waller enrichment; add the form but review level before publishing."
通り掛かる,とおりかかる,N2,"{""N2"": 2}","{""community-independent"": ""N2"", ""waller-derived"": ""N2""}",openjlpt|waller|wordmaster,community-independent|waller-derived,2,lexical,to happen to pass by,same-reading-different-writing|same-jmdict-entry,通りかかる,,通りかかる,とおりかかる,N3,とおりかかる|通りかかる|通りがかる|通り掛かる|通り掛る,yes,HIGH,yes,no,no,N2,no,,v5r:Godan verb with 'ru' ending|vi:intransitive verb|vt:transitive verb,to happen to pass by,ADD_DISTINCT_VARIANT,P2,Supported by >=2 families; exact form is a distinct reference-listed writing even though another form of the same JMdict entry already exists.
どなる,どなる,N2,"{""N2"": 1}","{""waller-derived"": ""N2""}",waller,waller-derived,1,kana/loanword,"to shout,to yell",same-reading-different-writing|same-jmdict-entry,怒鳴る,,怒鳴る,どなる,N3,どなる|呶鳴る|怒鳴る,yes,SINGLE_SOURCE,yes,yes,yes,N2,no,,v5r:Godan verb with 'ru' ending|vi:intransitive verb,to shout (in anger); to yell,ADD_AFTER_SOURCE_CHECK,P2,"Only one external family supports the JLPT listing, but exact JMdict form is common; suitable after source/level check."
永い,ながい,N2,"{""N2"": 1}","{""waller-derived"": ""N2""}",openjlpt|waller,waller-derived,1,lexical,long; lengthy,same-reading-different-writing|same-jmdict-entry,長い|長居,,長い,ながい,N5,ながい|ながーい|なげー|なっがい|永い|長い,yes,SINGLE_SOURCE,yes,no,yes,N5,yes,,adj-i:adjective (keiyoushi),"long (distance, length); long (time); protracted; prolonged",ADD_AFTER_SOURCE_CHECK,P2,"Only one external family supports the JLPT listing, but exact JMdict form is common; suitable after source/level check. JLPT level conflicts with JMdict/Waller enrichment; add the form but review level before publishing."
なぐる,なぐる,N2,"{""N2"": 1}","{""waller-derived"": ""N2""}",waller,waller-derived,1,kana/loanword,"to strike,to hit",same-reading-different-writing|same-jmdict-entry,殴る,,殴る,なぐる,N3,なぐる|撲る|擲る|殴る,yes,SINGLE_SOURCE,yes,yes,yes,N2,no,,v5r:Godan verb with 'ru' ending|vt:transitive verb,to strike; to hit; to beat; to punch,ADD_AFTER_SOURCE_CHECK,P2,"Only one external family supports the JLPT listing, but exact JMdict form is common; suitable after source/level check."
何々,なになに,N2,"{""N2"": 2}","{""community-independent"": ""N2"", ""waller-derived"": ""N2""}",openjlpt|waller|wordmaster,community-independent|waller-derived,2,lexical,such and such; What?,fully-absent,,,,,,,yes,HIGH,yes,no,no,N2,no,used to dismiss someone's words or concerns | used when about to read a letter or document | used when asking about or referring to multiple unspecified things | used when asking for confirmation upon hearing something surprising | used when listing things that are unknown or do not need to be specified,int:interjection (kandoushi)|pn:pronoun,what; so-and-so; such and such; something (or other); what?; wait,ADD_HIGH_CONFIDENCE,P2,Supported by >=2 independent reference families and exact JMdict form exists.
乗り越し,のりこし,N2,"{""N2"": 1}","{""community-independent"": ""N2""}",wordmaster,community-independent,1,lexical,riding past (one's station),fully-absent,,,,,,,yes,SINGLE_SOURCE,yes,yes,yes,,no,,n:noun (common) (futsuumeishi),riding past (one's station),ADD_AFTER_SOURCE_CHECK,P2,"Only one external family supports the JLPT listing, but exact JMdict form is common; suitable after source/level check."
斜,はす,N2,"{""N2"": 2}","{""community-independent"": ""N2"", ""waller-derived"": ""N2""}",waller|wordmaster,community-independent|waller-derived,2,lexical,diagonal,same-reading-different-writing,蓮,,,,,,yes,HIGH,yes,no,no,N2,no,,adj-no:nouns which may take the genitive case particle 'no'|n:noun (common) (futsuumeishi),diagonal,ADD_HIGH_CONFIDENCE,P2,Supported by >=2 independent reference families and exact JMdict form exists.
話中,はなしちゅう,N2,"{""N2"": 2}","{""community-independent"": ""N2"", ""waller-derived"": ""N2""}",openjlpt|waller|wordmaster,community-independent|waller-derived,2,lexical,while talking; the line is busy,fully-absent,,,,,,,yes,HIGH,yes,no,no,N2,no,,adj-no:nouns which may take the genitive case particle 'no',busy (phone); in talks; discussion underway,ADD_HIGH_CONFIDENCE,P2,Supported by >=2 independent reference families and exact JMdict form exists.
引出す,ひきだす,N2,"{""N2"": 1}","{""waller-derived"": ""N2""}",openjlpt|waller,waller-derived,1,lexical,to pull out; to take out; to draw out,same-reading-different-writing|same-jmdict-entry,引き出す,,引き出す,ひきだす,N3,ひきだす|引きだす|引き出す|引出す,yes,SINGLE_SOURCE,yes,yes,yes,N4,yes,,v5s:Godan verb with 'su' ending|vt:transitive verb,to pull out; to take out; to draw out; to lead out (e.g. a horse from a stable); to summon (e.g. to court); to bring (e.g. someone to the negotiating table),ADD_AFTER_SOURCE_CHECK,P2,"Only one external family supports the JLPT listing, but exact JMdict form is common; suitable after source/level check. JLPT level conflicts with JMdict/Waller enrichment; add the form but review level before publishing."
殖える,ふえる,N2,"{""N2"": 1}","{""waller-derived"": ""N2""}",openjlpt|waller,waller-derived,1,lexical,to increase; to multiply,same-reading-different-writing|same-jmdict-entry,増える,,増える,ふえる,N4,ふえる|増える|殖える,yes,SINGLE_SOURCE,yes,yes,yes,N4,yes,殖える usu. refers to population growth or capital appreciation,v1:Ichidan verb|vi:intransitive verb,to increase; to multiply,ADD_AFTER_SOURCE_CHECK,P2,"Only one external family supports the JLPT listing, but exact JMdict form is common; suitable after source/level check. JLPT level conflicts with JMdict/Waller enrichment; add the form but review level before publishing."
無沙汰,ぶさた,N2,"{""N2"": 2}","{""community-independent"": ""N2"", ""waller-derived"": ""N2""}",openjlpt|waller|wordmaster,community-independent|waller-derived,2,lexical,neglecting to stay in contact,fully-absent,,,,,,,yes,HIGH,yes,no,no,N2,no,,n:noun (common) (futsuumeishi)|vi:intransitive verb|vs:noun or participle which takes the aux. verb suru,"not writing or contacting for a while; neglecting to write (call, visit, etc.); failing to write (call, visit, etc.); long silence",ADD_HIGH_CONFIDENCE,P2,Supported by >=2 independent reference families and exact JMdict form exists.
へそ,へそ,N2,"{""N2"": 1}","{""community-independent"": ""N2""}",wordmaster,community-independent,1,kana/loanword,"navel, belly-button",same-reading-different-writing|same-jmdict-entry,臍,,臍,へそ,N2,へそ|ほぞ|ヘソ|臍|𦜝,yes,SINGLE_SOURCE,yes,yes,yes,N2,no,uk:word usually written using kana alone,n:noun (common) (futsuumeishi),navel; belly button; protrusion or depression in the middle of an object; center; centre; most important part,ADD_AFTER_SOURCE_CHECK,P2,"Only one external family supports the JLPT listing, but exact JMdict form is common; suitable after source/level check."
ほどく,ほどく,N2,"{""N2"": 1}","{""waller-derived"": ""N2""}",waller,waller-derived,1,kana/loanword,to unfasten,same-reading-different-writing|same-jmdict-entry,解く,,解く,ほどく,N2,ほどく|解く,yes,SINGLE_SOURCE,yes,yes,yes,N2,no,uk:word usually written using kana alone,v5k:Godan verb with 'ku' ending|vt:transitive verb,to undo; to untie; to unfasten; to unlace; to unravel; to loosen,ADD_AFTER_SOURCE_CHECK,P2,"Only one external family supports the JLPT listing, but exact JMdict form is common; suitable after source/level check."
ぼろ,ぼろ,N2,"{""N2"": 2}","{""community-independent"": ""N2"", ""waller-derived"": ""N2""}",waller|wordmaster,community-independent|waller-derived,2,kana/loanword,"rag,scrap,tattered clothes,fault (esp. in a pretense)",same-reading-different-writing|same-jmdict-entry,襤褸,,襤褸,ぼろ,N2,ぼろ|ボロ|襤褸,yes,HIGH,yes,no,no,N2,no,gikun:gikun (meaning as reading) or jukujikun (special kanji reading) | uk:word usually written using kana alone,adj-f:noun or verb acting prenominally|adj-na:adjectival nouns or quasi-adjectives (keiyodoshi)|n:noun (common) (futsuumeishi),rag; old cloth; tattered clothes; ragged clothes; rags; fault (one is trying to hide),ADD_DISTINCT_VARIANT,P2,Supported by >=2 families; exact form is a distinct reference-listed writing even though another form of the same JMdict entry already exists.
店屋,みせや,N2,"{""N2"": 2}","{""community-independent"": ""N2"", ""waller-derived"": ""N2""}",openjlpt|waller|wordmaster,community-independent|waller-derived,2,lexical,store; shop,fully-absent,,,,,,,yes,HIGH,yes,no,no,N2,no,,n:noun (common) (futsuumeishi),store; shop,ADD_HIGH_CONFIDENCE,P2,Supported by >=2 independent reference families and exact JMdict form exists.
向う,むかう,N2,"{""N2"": 1}","{""waller-derived"": ""N2""}",openjlpt|waller,waller-derived,1,lexical,(v5u) to face; to go towards,same-reading-different-writing|same-jmdict-entry,向かう,,向かう,むかう,N3,むかう|向う|向かう|対う,yes,SINGLE_SOURCE,yes,no,yes,N4,yes,,v5u:Godan verb with 'u' ending|vi:intransitive verb,to face; to go towards; to head towards,ADD_AFTER_SOURCE_CHECK,P2,"Only one external family supports the JLPT listing, but exact JMdict form is common; suitable after source/level check. JLPT level conflicts with JMdict/Waller enrichment; add the form but review level before publishing."
やかん,やかん,N2,"{""N2"": 1}","{""community-independent"": ""N2""}",wordmaster,community-independent,1,kana/loanword,kettle,same-reading-different-writing|same-jmdict-entry,夜間|薬缶,,夜間|薬缶,やかん,N2,やかん|夜間|薬缶|薬罐|薬鑵,yes,SINGLE_SOURCE,yes,yes,yes,N2,no,abbr:abbreviation | col:colloquial | uk:word usually written using kana alone,adv:adverb (fukushi)|n:noun (common) (futsuumeishi),night; nighttime; kettle; bald head,ADD_AFTER_SOURCE_CHECK,P2,"Only one external family supports the JLPT listing, but exact JMdict form is common; suitable after source/level check."
洋品店,ようひんてん,N2,"{""N2"": 2}","{""community-independent"": ""N2"", ""waller-derived"": ""N2""}",openjlpt|waller|wordmaster,community-independent|waller-derived,2,lexical,shop which handles Western-style apparel and accessories,fully-absent,,,,,,,yes,HIGH,yes,no,no,N2,no,,n:noun (common) (futsuumeishi),shop that handles Western-style apparel and accessories,ADD_HIGH_CONFIDENCE,P2,Supported by >=2 independent reference families and exact JMdict form exists.
ローマじ,ローマじ,N2,"{""N2"": 1}","{""waller-derived"": ""N2""}",waller,waller-derived,1,kana/loanword,"romanization,Roman letters",same-reading-different-writing|same-jmdict-entry,ローマ字,,ローマ字,ローマじ,N2,ローマじ|ローマ字|羅馬字,yes,SINGLE_SOURCE,yes,yes,yes,N2,no,,n:noun (common) (futsuumeishi),Latin alphabet; Roman alphabet; romaji; romanized Japanese; system of transliterating Japanese into the Latin alphabet,ADD_AFTER_SOURCE_CHECK,P2,"Only one external family supports the JLPT listing, but exact JMdict form is common; suitable after source/level check."
分る,わかる,N2,"{""N2"": 1}","{""waller-derived"": ""N2""}",openjlpt|waller,waller-derived,1,lexical,to be understood,same-reading-different-writing|same-jmdict-entry,分かる,,分かる,わかる,N5,わかる|分かる|分る|判る|理解る|解る,yes,SINGLE_SOURCE,yes,no,yes,N5,yes,uk:word usually written using kana alone,int:interjection (kandoushi)|v5r:Godan verb with 'ru' ending|vi:intransitive verb,to understand; to comprehend; to grasp; to see; to get; to follow,ADD_AFTER_SOURCE_CHECK,P2,"Only one external family supports the JLPT listing, but exact JMdict form is common; suitable after source/level check. JLPT level conflicts with JMdict/Waller enrichment; add the form but review level before publishing."
わりあいに,わりあいに,N2,"{""N2"": 1}","{""waller-derived"": ""N2""}",waller,waller-derived,1,kana/loanword,comparatively,fully-absent,,,,,,,yes,SINGLE_SOURCE,yes,yes,yes,N2,no,,adv:adverb (fukushi),comparatively,ADD_AFTER_SOURCE_CHECK,P2,"Only one external family supports the JLPT listing, but exact JMdict form is common; suitable after source/level check."
愛想,あいそう,N1,"{""N1"": 1}","{""community-independent"": ""N1""}",wordmaster,community-independent,1,lexical,和蔼,same-writing-different-reading|same-jmdict-entry,,あいそ,愛想,あいそ,N1,あいそ|あいそう|愛想,yes,SINGLE_SOURCE,yes,yes,yes,N1,no,,n:noun (common) (futsuumeishi),amiability; friendliness; affability; sociability; fondness (of someone); affection,ADD_AFTER_SOURCE_CHECK,P2,"Only one external family supports the JLPT listing, but exact JMdict form is common; suitable after source/level check."
銅,あかがね,N1,"{""N1"": 1}","{""waller-derived"": ""N1""}",openjlpt|waller,waller-derived,1,lexical,copper,same-writing-different-reading|same-jmdict-entry,,どう,どう|銅,どう,N1|N5,あか|あかがね|どう|赤金|銅,yes,SINGLE_SOURCE,yes,yes,no,N2,yes,abbr:abbreviation,n:noun (common) (futsuumeishi),copper (Cu); bronze (medal),ADD_AFTER_SOURCE_CHECK,P2,"Only one external family supports the JLPT listing, but exact JMdict form is common; suitable after source/level check. JLPT level conflicts with JMdict/Waller enrichment; add the form but review level before publishing."
あざ,あざ,N1,"{""N1"": 1}","{""community-independent"": ""N1""}",wordmaster,community-independent,1,kana/loanword,"痣, 瘀伤",same-reading-different-writing|same-jmdict-entry,字|痣,,字|痣,あざ,N1|N4,あざ|アザ|字|痣|黶,yes,SINGLE_SOURCE,yes,yes,yes,N1,no,uk:word usually written using kana alone,n:noun (common) (futsuumeishi)|suf:suffix,section of village; birthmark; nevus; bruise,ADD_AFTER_SOURCE_CHECK,P2,"Only one external family supports the JLPT listing, but exact JMdict form is common; suitable after source/level check."
貴女,あなた,N1,"{""N1"": 1}","{""waller-derived"": ""N1""}",openjlpt|waller,waller-derived,1,lexical,you; lady,same-reading-different-writing|same-jmdict-entry,あなた|貴方,,あなた|貴方,あなた,N5,あなた|貴女|貴方|貴男,yes,SINGLE_SOURCE,yes,no,yes,N5,yes,"fam:familiar language | gikun:gikun (meaning as reading) or jukujikun (special kanji reading) | trad. polite in ref. to someone of equal or lower status, now oft. regarded as rude or distant | uk:word usually written using kana alone | used by wives addressing their husbands",pn:pronoun,you; dear; honey,ADD_AFTER_SOURCE_CHECK,P2,"Only one external family supports the JLPT listing, but exact JMdict form is common; suitable after source/level check. JLPT level conflicts with JMdict/Waller enrichment; add the form but review level before publishing."
天地,あめつち,N1,"{""N1"": 1}","{""waller-derived"": ""N1""}",openjlpt|waller,waller-derived,1,lexical,heaven and earth; the universe; nature,same-writing-different-reading|same-jmdict-entry,,てんち,天地,てんち,N1,あめつち|てんち|天地,yes,SINGLE_SOURCE,yes,yes,no,N1,no,,n:noun (common) (futsuumeishi),heaven and earth; the universe; the world; nature; land; world,ADD_AFTER_SOURCE_CHECK,P2,"Only one external family supports the JLPT listing, but exact JMdict form is common; suitable after source/level check."
現われ,あらわれ,N1,"{""N1"": 1}","{""waller-derived"": ""N1""}",openjlpt|waller,waller-derived,1,lexical,embodiment; materialization,same-reading-different-writing|same-jmdict-entry,現れ,,現れ,あらわれ,N3,あらわれ|現れ|現われ|表れ|表われ|顕れ,yes,SINGLE_SOURCE,yes,yes,yes,N3,yes,,n:noun (common) (futsuumeishi),embodiment; manifestation; materialization; materialisation; expression; indication,ADD_AFTER_SOURCE_CHECK,P2,"Only one external family supports the JLPT listing, but exact JMdict form is common; suitable after source/level check. JLPT level conflicts with JMdict/Waller enrichment; add the form but review level before publishing."
現われる,あらわれる,N1,"{""N1"": 1}","{""waller-derived"": ""N1""}",openjlpt|waller,waller-derived,1,lexical,to appear; to come in sight; to become visible,same-reading-different-writing|same-jmdict-entry,現れる|表れる,,現れる|表れる,あらわれる,N2|N3,あらわれる|現れる|現われる|表れる|表われる|顕れる|顕われる,yes,SINGLE_SOURCE,yes,yes,yes,N3,yes,,v1:Ichidan verb|vi:intransitive verb,to appear; to come in sight; to become visible; to come out; to embody; to materialize,ADD_AFTER_SOURCE_CHECK,P2,"Only one external family supports the JLPT listing, but exact JMdict form is common; suitable after source/level check. JLPT level conflicts with JMdict/Waller enrichment; add the form but review level before publishing."
有り様,ありさま,N1,"{""N1"": 1}","{""community-independent"": ""N1""}",wordmaster,community-independent,1,lexical,"state, condition",same-reading-different-writing|same-jmdict-entry,有様,,ありよう|有様,ありさま|ありよう,N1,ありさま|ありよう|あり様|有りさま|有り様|有様,yes,SINGLE_SOURCE,yes,yes,yes,N1,no,,n:noun (common) (futsuumeishi),state; condition; circumstances; sight; spectacle; the way things should be,ADD_AFTER_SOURCE_CHECK,P2,"Only one external family supports the JLPT listing, but exact JMdict form is common; suitable after source/level check."
余り,あんまり,N1,"{""N1"": 1}","{""waller-derived"": ""N1""}",openjlpt|waller,waller-derived,1,lexical,not very (this form only used as adverb); not much; remainder,same-reading-different-writing|same-writing-different-reading|same-jmdict-entry,あんまり,あまり,あまり|あんまり|余り,あまり|あんまり,N3|N5,あまり|あんまり|余り|剰り|餘り,yes,SINGLE_SOURCE,yes,yes,yes,N5,yes,col:colloquial | esp. as あまりに(も) | sometimes as あまり… | uk:word usually written using kana alone | with neg. sentence,"adj-na:adjectival nouns or quasi-adjectives (keiyodoshi)|adj-no:nouns which may take the genitive case particle 'no'|adv:adverb (fukushi)|n-suf:noun, used as a suffix|n:noun (common) (futsuumeishi)",remainder; remnant; rest; balance; surplus; remains (of a meal),ADD_AFTER_SOURCE_CHECK,P2,"Only one external family supports the JLPT listing, but exact JMdict form is common; suitable after source/level check. JLPT level conflicts with JMdict/Waller enrichment; add the form but review level before publishing."
家主,いえぬし,N1,"{""N1"": 1}","{""waller-derived"": ""N1""}",openjlpt|waller,waller-derived,1,lexical,landlord,fully-absent,,,,,,,yes,SINGLE_SOURCE,yes,yes,no,N2,yes,,n:noun (common) (futsuumeishi),landlord; landlady; house owner; home owner; head of the household,ADD_AFTER_SOURCE_CHECK,P2,"Only one external family supports the JLPT listing, but exact JMdict form is common; suitable after source/level check. JLPT level conflicts with JMdict/Waller enrichment; add the form but review level before publishing."
歪む,いがむ,N1,"{""N1"": 1}","{""waller-derived"": ""N1""}",openjlpt|waller,waller-derived,1,lexical,to warp; to swerve; to deflect,same-writing-different-reading|same-jmdict-entry,,ひずむ|ゆがむ,ゆがむ|歪む,ゆがむ,N1,いがむ|ゆがむ|歪む,yes,SINGLE_SOURCE,yes,yes,no,N1,no,,v5m:Godan verb with 'mu' ending|vi:intransitive verb,"to warp; to bend; to contort; to be perverted; to be warped (of a view, mind, etc.); to be distorted",ADD_AFTER_SOURCE_CHECK,P2,"Only one external family supports the JLPT listing, but exact JMdict form is common; suitable after source/level check."
域外,いきがい,N1,"{""N1"": 1}","{""waller-derived"": ""N1""}",openjlpt|waller,waller-derived,1,lexical,outside the area,same-reading-different-writing,生きがい,,,,,,yes,SINGLE_SOURCE,yes,yes,yes,N1,no,,adj-no:nouns which may take the genitive case particle 'no'|n:noun (common) (futsuumeishi),outside the area,ADD_AFTER_SOURCE_CHECK,P2,"Only one external family supports the JLPT listing, but exact JMdict form is common; suitable after source/level check."
生き甲斐,いきがい,N1,"{""N1"": 1}","{""community-independent"": ""N1""}",wordmaster,community-independent,1,lexical,"something one lives for, very important",same-reading-different-writing|same-jmdict-entry,生きがい,,生きがい,いきがい,N2,いきがい|生きがい|生き甲斐|生甲斐,yes,SINGLE_SOURCE,yes,yes,yes,,no,,n:noun (common) (futsuumeishi),reason for living; something one lives for; purpose in life; raison d'être; ikigai,ADD_AFTER_SOURCE_CHECK,P2,"Only one external family supports the JLPT listing, but exact JMdict form is common; suitable after source/level check."
活ける,いける,N1,"{""N1"": 1}","{""waller-derived"": ""N1""}",openjlpt|waller,waller-derived,1,lexical,to arrange (flowers),same-reading-different-writing|same-jmdict-entry,生ける|行ける,,生ける,いける,N1,いける|活ける|生ける,yes,SINGLE_SOURCE,yes,no,yes,N1,no,,adj-f:noun or verb acting prenominally|v1:Ichidan verb|vt:transitive verb,to arrange (flowers); to plant; living; live,ADD_AFTER_SOURCE_CHECK,P2,"Only one external family supports the JLPT listing, but exact JMdict form is common; suitable after source/level check."
碑,いしぶみ,N1,"{""N1"": 1}","{""waller-derived"": ""N1""}",openjlpt|waller,waller-derived,1,lexical,stone monument bearing an inscription,fully-absent,,,,,,,yes,SINGLE_SOURCE,yes,yes,yes,N1,no,,n:noun (common) (futsuumeishi),stone monument bearing an inscription (esp. memorial for future generations); stele; stela,ADD_AFTER_SOURCE_CHECK,P2,"Only one external family supports the JLPT listing, but exact JMdict form is common; suitable after source/level check."
いたって,いたって,N1,"{""N1"": 1}","{""community-independent"": ""N1""}",wordmaster,community-independent,1,kana/loanword,"very much, exceedingly, extremely",same-reading-different-writing|same-jmdict-entry,至って,,至って,いたって,N2,いたって|至って,yes,SINGLE_SOURCE,yes,yes,yes,N1,no,,adv:adverb (fukushi),very much; exceedingly; extremely,ADD_AFTER_SOURCE_CHECK,P2,"Only one external family supports the JLPT listing, but exact JMdict form is common; suitable after source/level check."
一言,いちげん,N1,"{""N1"": 1}","{""waller-derived"": ""N1""}",openjlpt|waller,waller-derived,1,lexical,single word,same-reading-different-writing|same-writing-different-reading|same-jmdict-entry,一見,ひとこと,ひと言|一言,ひとこと,N1|N2,いちげん|いちごん|ひとこと|ひと言|一言,yes,SINGLE_SOURCE,yes,yes,no,N3,yes,,n:noun (common) (futsuumeishi)|vi:intransitive verb|vs:noun or participle which takes the aux. verb suru|vt:transitive verb,single word; a few words; brief comment,ADD_AFTER_SOURCE_CHECK,P2,"Only one external family supports the JLPT listing, but exact JMdict form is common; suitable after source/level check. JLPT level conflicts with JMdict/Waller enrichment; add the form but review level before publishing."
一日,いちじつ,N1,"{""N1"": 1}","{""waller-derived"": ""N1""}",openjlpt|waller,waller-derived,1,lexical,(1) one day; (2) first of month,same-writing-different-reading|same-jmdict-entry,,いちにち|ついたち,一日,いちにち,N5,いちじつ|いちにち|一日|１日,yes,SINGLE_SOURCE,yes,yes,no,N5,yes,,adv:adverb (fukushi)|n:noun (common) (futsuumeishi),one day; all day (long); the whole day; from morning till night; first day of the month,ADD_AFTER_SOURCE_CHECK,P2,"Only one external family supports the JLPT listing, but exact JMdict form is common; suitable after source/level check. JLPT level conflicts with JMdict/Waller enrichment; add the form but review level before publishing."
一人,いちにん,N1,"{""N1"": 1}","{""waller-derived"": ""N1""}",openjlpt|waller,waller-derived,1,lexical,one person,same-reading-different-writing|same-writing-different-reading|same-jmdict-entry,一任,ひとり,一人|独り,ひとり,N1|N5,いちにん|ひとり|一人|独り|１人,yes,SINGLE_SOURCE,yes,yes,no,N5,yes,"esp. 一人, １人 | esp. 独り | uk:word usually written using kana alone | with neg. sentence",adv:adverb (fukushi)|n:noun (common) (futsuumeishi),one person; being alone; being by oneself; being single; being unmarried; by oneself,ADD_AFTER_SOURCE_CHECK,P2,"Only one external family supports the JLPT listing, but exact JMdict form is common; suitable after source/level check. JLPT level conflicts with JMdict/Waller enrichment; add the form but review level before publishing."
何時の間にか,いつのまにか,N1,"{""N1"": 1}","{""waller-derived"": ""N1""}",openjlpt|waller,waller-derived,1,lexical,before one knows; unnoticed; unawares,same-reading-different-writing|same-jmdict-entry,いつの間にか,,いつの間にか,いつのまにか,N3,いつのまにか|いつの間にか|何時の間にか,yes,SINGLE_SOURCE,yes,yes,yes,N2,yes,,adv:adverb (fukushi),before one knows; before one becomes aware of; unnoticed; unawares,ADD_AFTER_SOURCE_CHECK,P2,"Only one external family supports the JLPT listing, but exact JMdict form is common; suitable after source/level check. JLPT level conflicts with JMdict/Waller enrichment; add the form but review level before publishing."
いやらしい,いやらしい,N1,"{""N1"": 1}","{""community-independent"": ""N1""}",wordmaster,community-independent,1,kana/loanword,"unpleasant, disgusting, indecent",same-reading-different-writing|same-jmdict-entry,嫌らしい,,嫌らしい,いやらしい,N1,いやらしい|やらしい|厭らしい|嫌らしい,yes,SINGLE_SOURCE,yes,yes,yes,N1,no,uk:word usually written using kana alone,adj-i:adjective (keiyoushi),unpleasant; disagreeable; nasty; lewd; lascivious; obscene,ADD_AFTER_SOURCE_CHECK,P2,"Only one external family supports the JLPT listing, but exact JMdict form is common; suitable after source/level check."
厭らしい,いやらしい,N1,"{""N1"": 1}","{""waller-derived"": ""N1""}",waller,waller-derived,1,lexical,"detestable, disagreeable",same-reading-different-writing|same-jmdict-entry,嫌らしい,,嫌らしい,いやらしい,N1,いやらしい|やらしい|厭らしい|嫌らしい,yes,SINGLE_SOURCE,yes,yes,yes,N1,no,uk:word usually written using kana alone,adj-i:adjective (keiyoushi),unpleasant; disagreeable; nasty; lewd; lascivious; obscene,ADD_AFTER_SOURCE_CHECK,P2,"Only one external family supports the JLPT listing, but exact JMdict form is common; suitable after source/level check."
入口,いりくち,N1,"{""N1"": 1}","{""waller-derived"": ""N1""}",openjlpt|waller,waller-derived,1,lexical,entrance; gate; approach,same-jmdict-entry,,,入り口,いりぐち,N4,いりくち|いりぐち|はいりくち|はいりぐち|入り口|入口|這入口,yes,SINGLE_SOURCE,yes,yes,no,N5,yes,,n:noun (common) (futsuumeishi),entrance; entry; gate; approach; mouth,ADD_AFTER_SOURCE_CHECK,P2,"Only one external family supports the JLPT listing, but exact JMdict form is common; suitable after source/level check. JLPT level conflicts with JMdict/Waller enrichment; add the form but review level before publishing."
員,いん,N1,"{""N1"": 1}","{""waller-derived"": ""N1""}",openjlpt|waller,waller-derived,1,lexical,member,same-reading-different-writing,印|韻,,,,,,yes,SINGLE_SOURCE,yes,yes,yes,N1,no,,"n-suf:noun, used as a suffix|n:noun (common) (futsuumeishi)",member,ADD_AFTER_SOURCE_CHECK,P2,"Only one external family supports the JLPT listing, but exact JMdict form is common; suitable after source/level check."
受持ち,うけもち,N1,"{""N1"": 1}","{""community-independent"": ""N1""}",wordmaster,community-independent,1,lexical,负责,same-reading-different-writing|same-jmdict-entry,受け持ち,,受け持ち,うけもち,N2,うけもち|受け持ち|受持|受持ち,yes,SINGLE_SOURCE,yes,no,yes,,no,,adj-no:nouns which may take the genitive case particle 'no'|n:noun (common) (futsuumeishi),charge (of something); matter in one's charge; (one's) assignment; (one's) job,ADD_AFTER_SOURCE_CHECK,P2,"Only one external family supports the JLPT listing, but exact JMdict form is common; suitable after source/level check."
埋まる,うずまる,N1,"{""N1"": 1}","{""waller-derived"": ""N1""}",openjlpt|waller,waller-derived,1,lexical,to be buried; to be surrounded; to overflow,same-writing-different-reading|same-jmdict-entry,,うまる,埋まる,うまる,N2,うずまる|うまる|埋まる,yes,SINGLE_SOURCE,yes,yes,yes,N1,no,,v5r:Godan verb with 'ru' ending|vi:intransitive verb,to be buried; to be covered; to be surrounded; to overflow; to be crowded; to be filled,ADD_AFTER_SOURCE_CHECK,P2,"Only one external family supports the JLPT listing, but exact JMdict form is common; suitable after source/level check."
空ろ,うつろ,N1,"{""N1"": 2}","{""community-independent"": ""N1"", ""waller-derived"": ""N1""}",openjlpt|waller|wordmaster,community-independent|waller-derived,2,lexical,blank; cavity; hollow,same-reading-different-writing|same-jmdict-entry,うつろ|虚ろ,,うつろ|虚ろ,うつろ,N1|N3,うつろ|洞|洞ろ|空ろ|虚ろ,yes,HIGH,yes,no,no,N1,no,,adj-na:adjectival nouns or quasi-adjectives (keiyodoshi)|n:noun (common) (futsuumeishi),"cavity; hollow; void; hollow (voice, smile, etc.); blank (eyes, look, etc.); vacant (expression, stare, etc.)",ADD_DISTINCT_VARIANT,P2,Supported by >=2 families; exact form is a distinct reference-listed writing even though another form of the same JMdict entry already exists.
うぬぼれ,うぬぼれ,N1,"{""N1"": 1}","{""community-independent"": ""N1""}",wordmaster,community-independent,1,kana/loanword,"pretension, conceit, hubris",fully-absent,,,,,,,yes,SINGLE_SOURCE,yes,yes,yes,N1,no,,n:noun (common) (futsuumeishi),conceit; vanity; pride; self-importance; egotism,ADD_AFTER_SOURCE_CHECK,P2,"Only one external family supports the JLPT listing, but exact JMdict form is common; suitable after source/level check."
自惚れ,うぬぼれ,N1,"{""N1"": 1}","{""waller-derived"": ""N1""}",openjlpt|waller,waller-derived,1,lexical,pretension; conceit; hubris,fully-absent,,,,,,,yes,SINGLE_SOURCE,yes,yes,yes,N1,no,,n:noun (common) (futsuumeishi),conceit; vanity; pride; self-importance; egotism,ADD_AFTER_SOURCE_CHECK,P2,"Only one external family supports the JLPT listing, but exact JMdict form is common; suitable after source/level check."
甘い,うまい,N1,"{""N1"": 1}","{""waller-derived"": ""N1""}",openjlpt|waller,waller-derived,1,lexical,delicious,same-reading-different-writing|same-writing-different-reading|same-jmdict-entry,うまい|上手い,あまい,うまい|上手い,うまい,N4,うまい|上手い|巧い|旨い|甘い|美い|美味い,yes,SINGLE_SOURCE,yes,no,yes,N4,yes,"esp. 上手い, 巧い | esp. 旨い | esp. 旨い, 美味い, 甘い | uk:word usually written using kana alone",adj-i:adjective (keiyoushi),"skillful; skilful; skilled; good; expert; clever (expression, trick, etc.)",ADD_AFTER_SOURCE_CHECK,P2,"Only one external family supports the JLPT listing, but exact JMdict form is common; suitable after source/level check. JLPT level conflicts with JMdict/Waller enrichment; add the form but review level before publishing."
海路,うみじ,N1,"{""N1"": 1}","{""waller-derived"": ""N1""}",openjlpt|waller,waller-derived,1,lexical,sea route,same-writing-different-reading|same-jmdict-entry,,かいろ,海路,かいろ,N1,うなじ|うみじ|かいろ|海路,yes,SINGLE_SOURCE,yes,yes,no,N1,no,,adv:adverb (fukushi)|n:noun (common) (futsuumeishi),sea route,ADD_AFTER_SOURCE_CHECK,P2,"Only one external family supports the JLPT listing, but exact JMdict form is common; suitable after source/level check."
梅干,うめぼし,N1,"{""N1"": 1}","{""waller-derived"": ""N1""}",openjlpt|waller,waller-derived,1,lexical,dried plum,same-reading-different-writing|same-jmdict-entry,梅干し,,梅干し,うめぼし,N1,うめぼし|梅干|梅干し,yes,SINGLE_SOURCE,yes,yes,yes,N1,no,,n:noun (common) (futsuumeishi),umeboshi; pickled dried ume; pickled dried plum,ADD_AFTER_SOURCE_CHECK,P2,"Only one external family supports the JLPT listing, but exact JMdict form is common; suitable after source/level check."
園,えん,N1,"{""N1"": 1}","{""waller-derived"": ""N1""}",openjlpt|waller,waller-derived,1,lexical,garden (esp. man-made),same-reading-different-writing|same-writing-different-reading,円|塩|燕|縁|艶,その,,,,,yes,SINGLE_SOURCE,yes,yes,yes,N1,no,abbr:abbreviation,"n-suf:noun, used as a suffix|n:noun (common) (futsuumeishi)",garden; orchard; park; plantation; kindergarten; nursery school,ADD_AFTER_SOURCE_CHECK,P2,"Only one external family supports the JLPT listing, but exact JMdict form is common; suitable after source/level check."
黄色,おうしょく,N1,"{""N1"": 1}","{""waller-derived"": ""N1""}",openjlpt|waller,waller-derived,1,lexical,yellow,same-writing-different-reading|same-jmdict-entry,,きいろ,黄色,きいろ,N5,おうしょく|きいろ|こうしょく|黄色,yes,SINGLE_SOURCE,yes,yes,no,N5,yes,,adj-na:adjectival nouns or quasi-adjectives (keiyodoshi)|adj-no:nouns which may take the genitive case particle 'no'|n:noun (common) (futsuumeishi),yellow; amber,ADD_AFTER_SOURCE_CHECK,P2,"Only one external family supports the JLPT listing, but exact JMdict form is common; suitable after source/level check. JLPT level conflicts with JMdict/Waller enrichment; add the form but review level before publishing."
おおい,おおい,N1,"{""N1"": 1}","{""waller-derived"": ""N1""}",waller,waller-derived,1,kana/loanword,hey!,same-reading-different-writing|same-jmdict-entry,多い|覆い,,多い,おおい,N5,おおい|多い,yes,SINGLE_SOURCE,yes,yes,yes,N1|N5,no,from a distance,adj-i:adjective (keiyoushi)|int:interjection (kandoushi),many; numerous; a lot; large amount of; large quantity of; hey!; oi!; ahoy!,ADD_AFTER_SOURCE_CHECK,P2,"Only one external family supports the JLPT listing, but exact JMdict form is common; suitable after source/level check."
おおげさ,おおげさ,N1,"{""N1"": 1}","{""community-independent"": ""N1""}",wordmaster,community-independent,1,kana/loanword,"grandiose, exaggerated",same-reading-different-writing|same-jmdict-entry,大げさ,,大げさ,おおげさ,N2,おおげさ|大げさ|大袈裟,yes,SINGLE_SOURCE,yes,yes,yes,N1,no,,adj-na:adjectival nouns or quasi-adjectives (keiyodoshi),exaggerated; overdone; overblown; hyperbolic; bombastic; grandiose,ADD_AFTER_SOURCE_CHECK,P2,"Only one external family supports the JLPT listing, but exact JMdict form is common; suitable after source/level check."
お蔭様で,おかげさまで,N1,"{""N1"": 1}","{""waller-derived"": ""N1""}",openjlpt|waller,waller-derived,1,lexical,Thanks to god; thanks to you,same-reading-different-writing|same-jmdict-entry,おかげさまで|お陰様で,,おかげさまで|お陰様で,おかげさまで,N1|N2,おかげさまで|おかげ様で|お蔭様で|お陰さまで|お陰様で|御蔭様で|御陰様で,yes,SINGLE_SOURCE,yes,yes,yes,N2,yes,pol:polite (teineigo) language | uk:word usually written using kana alone,"exp:expressions (phrases, clauses, etc.)","thankfully; fortunately; luckily; by God's grace; under the gods' shadow; thanks to your (his, their, everyone's, etc.) kindness",ADD_AFTER_SOURCE_CHECK,P2,"Only one external family supports the JLPT listing, but exact JMdict form is common; suitable after source/level check. JLPT level conflicts with JMdict/Waller enrichment; add the form but review level before publishing."
落葉,おちば,N1,"{""N1"": 1}","{""community-independent"": ""N1""}",wordmaster,community-independent,1,lexical,fallen leaves,same-reading-different-writing|same-writing-different-reading|same-jmdict-entry,落ち葉,らくよう,落ち葉|落葉,おちば|らくよう,N1|N2,おちば|らくよう|落ち葉|落葉,yes,SINGLE_SOURCE,yes,no,yes,N1,no,,adj-no:nouns which may take the genitive case particle 'no'|n:noun (common) (futsuumeishi)|vi:intransitive verb|vs:noun or participle which takes the aux. verb suru,fallen leaves; leaf litter; falling leaves; leaf fall; dropping leaves; defoliation,ADD_AFTER_SOURCE_CHECK,P2,"Only one external family supports the JLPT listing, but exact JMdict form is common; suitable after source/level check."
お早う,おはよう,N1,"{""N1"": 1}","{""waller-derived"": ""N1""}",openjlpt|waller,waller-derived,1,lexical,Good morning,same-reading-different-writing|same-jmdict-entry,おはよう,,おはよう,おはよう,N5,おはよう|おはよー|お早う|御早う,yes,SINGLE_SOURCE,yes,no,yes,N2,yes,uk:word usually written using kana alone | used at any time of the day in some industries and workplaces,int:interjection (kandoushi),good morning,ADD_AFTER_SOURCE_CHECK,P2,"Only one external family supports the JLPT listing, but exact JMdict form is common; suitable after source/level check. JLPT level conflicts with JMdict/Waller enrichment; add the form but review level before publishing."
お祖母さん,おばあさん,N1,"{""N1"": 1}","{""waller-derived"": ""N1""}",openjlpt|waller,waller-derived,1,lexical,grandmother; female senior-citizen,same-reading-different-writing|same-jmdict-entry,おばあさん,,おばあさん,おばあさん,N5,おばあさん|おばーさん|お婆さん|お祖母さん|御婆さん|御祖母さん,yes,SINGLE_SOURCE,yes,yes,yes,N5,yes,uk:word usually written using kana alone | usu. お婆さん when written with kanji | usu. お祖母さん when written with kanji,n:noun (common) (futsuumeishi),grandmother; old woman; female senior citizen,ADD_AFTER_SOURCE_CHECK,P2,"Only one external family supports the JLPT listing, but exact JMdict form is common; suitable after source/level check. JLPT level conflicts with JMdict/Waller enrichment; add the form but review level before publishing."
お宮,おみや,N1,"{""N1"": 2}","{""community-independent"": ""N1"", ""waller-derived"": ""N1""}",openjlpt|waller|wordmaster,community-independent|waller-derived,2,lexical,Shinto shrine,fully-absent,,,,,,,yes,HIGH,yes,no,no,N1,no,,n:noun (common) (futsuumeishi),Shinto shrine,ADD_HIGH_CONFIDENCE,P2,Supported by >=2 independent reference families and exact JMdict form exists.
面,おも,N1,"{""N1"": 1}","{""waller-derived"": ""N1""}",openjlpt|waller,waller-derived,1,lexical,face,same-reading-different-writing|same-writing-different-reading|same-jmdict-entry,主,おもて|つら|めん,面,おもて,N1,おも|おもて|も|もて|面,yes,SINGLE_SOURCE,yes,yes,no,N1,no,,n:noun (common) (futsuumeishi),face; surface; mask (esp. a noh or kyogen mask),ADD_AFTER_SOURCE_CHECK,P2,"Only one external family supports the JLPT listing, but exact JMdict form is common; suitable after source/level check."
織,おり,N1,"{""N1"": 1}","{""waller-derived"": ""N1""}",openjlpt|waller,waller-derived,1,lexical,weave; weaving; woven item,same-reading-different-writing|same-jmdict-entry,折|檻|織り,,織り,おり,N1,おり|織|織り,yes,SINGLE_SOURCE,yes,no,yes,N1,no,,n:noun (common) (futsuumeishi),weave; weaving; woven item,ADD_AFTER_SOURCE_CHECK,P2,"Only one external family supports the JLPT listing, but exact JMdict form is common; suitable after source/level check."
おんぶ,おんぶ,N1,"{""N1"": 1}","{""community-independent"": ""N1""}",wordmaster,community-independent,1,kana/loanword,carrying on one's back (erg. Baby),same-reading-different-writing|same-jmdict-entry,負んぶ,,負んぶ,おんぶ,N1,おんぶ|オンブ|負んぶ,yes,SINGLE_SOURCE,yes,yes,yes,,no,uk:word usually written using kana alone,n:noun (common) (futsuumeishi)|vi:intransitive verb|vs:noun or participle which takes the aux. verb suru|vt:transitive verb,carrying (someone) on one's back (esp. a child); piggyback ride; relying on (someone); being (financially) dependent on,ADD_AFTER_SOURCE_CHECK,P2,"Only one external family supports the JLPT listing, but exact JMdict form is common; suitable after source/level check."
かかと,かかと,N1,"{""N1"": 1}","{""community-independent"": ""N1""}",wordmaster,community-independent,1,kana/loanword,shoe heel,same-reading-different-writing|same-jmdict-entry,踵,,踵,かかと,N1,あくと|かかと|きびす|くびす|踵,yes,SINGLE_SOURCE,yes,yes,yes,N1,no,uk:word usually written using kana alone,n:noun (common) (futsuumeishi),"heel (of foot, shoe, stocking, etc.)",ADD_AFTER_SOURCE_CHECK,P2,"Only one external family supports the JLPT listing, but exact JMdict form is common; suitable after source/level check."
係り,かかり,N1,"{""N1"": 1}","{""waller-derived"": ""N1""}",openjlpt|waller,waller-derived,1,lexical,official; duty; person in charge,same-reading-different-writing|same-jmdict-entry,係,,係,かかり,N4,かかり|係|係り,yes,SINGLE_SOURCE,yes,no,yes,N3,yes,esp. 係 | esp. 係り,n:noun (common) (futsuumeishi),charge; duty; person in charge; official; clerk; connection,ADD_AFTER_SOURCE_CHECK,P2,"Only one external family supports the JLPT listing, but exact JMdict form is common; suitable after source/level check. JLPT level conflicts with JMdict/Waller enrichment; add the form but review level before publishing."
書き取り,かきとり,N1,"{""N1"": 1}","{""waller-derived"": ""N1""}",openjlpt|waller,waller-derived,1,lexical,dictation,fully-absent,,,,,,,yes,SINGLE_SOURCE,yes,yes,yes,N2,yes,,n:noun (common) (futsuumeishi),writing down from other written material; writing kanji text from hiragana; transcription (of spoken material); dictation,ADD_AFTER_SOURCE_CHECK,P2,"Only one external family supports the JLPT listing, but exact JMdict form is common; suitable after source/level check. JLPT level conflicts with JMdict/Waller enrichment; add the form but review level before publishing."
画,かく,N1,"{""N1"": 1}","{""waller-derived"": ""N1""}",openjlpt|waller,waller-derived,1,lexical,stroke,same-reading-different-writing,掻く|描く|搔[か]く|書く|核|格|欠く|角,,,,,,yes,SINGLE_SOURCE,yes,yes,yes,N1,no,,ctr:counter|n:noun (common) (futsuumeishi),stroke (of a kanji),ADD_AFTER_SOURCE_CHECK,P2,"Only one external family supports the JLPT listing, but exact JMdict form is common; suitable after source/level check."
賭,かけ,N1,"{""N1"": 1}","{""community-independent"": ""N1""}",wordmaster,community-independent,1,lexical,"betting, gambling, a gamble",same-reading-different-writing|same-jmdict-entry,掛け|賭け,,賭け,かけ,N1,かけ|賭|賭け,yes,SINGLE_SOURCE,yes,no,yes,N1,no,,n:noun (common) (futsuumeishi),bet; wager; stake; gamble,ADD_AFTER_SOURCE_CHECK,P2,"Only one external family supports the JLPT listing, but exact JMdict form is common; suitable after source/level check."
ヶ月,かげつ,N1,"{""N1"": 1}","{""waller-derived"": ""N1""}",openjlpt|waller,waller-derived,1,lexical,#NAME?,fully-absent,,,,,,,yes,SINGLE_SOURCE,yes,yes,yes,N1,no,,ctr:counter,counter for months,ADD_AFTER_SOURCE_CHECK,P2,"Only one external family supports the JLPT listing, but exact JMdict form is common; suitable after source/level check."
畏まりました,かしこまりました,N1,"{""N1"": 1}","{""waller-derived"": ""N1""}",openjlpt|waller,waller-derived,1,lexical,certainly!,fully-absent,,,,,,,yes,SINGLE_SOURCE,yes,yes,yes,N2,yes,"in response to a request or instructions from a superior, customer, etc. | pol:polite (teineigo) language | uk:word usually written using kana alone","exp:expressions (phrases, clauses, etc.)",certainly!; very well; with pleasure; understood!,ADD_AFTER_SOURCE_CHECK,P2,"Only one external family supports the JLPT listing, but exact JMdict form is common; suitable after source/level check. JLPT level conflicts with JMdict/Waller enrichment; add the form but review level before publishing."
頭,かしら,N1,"{""N1"": 1}","{""community-independent"": ""N1""}",wordmaster,community-independent,1,lexical,"head, chief",same-writing-different-reading|same-jmdict-entry,,あたま|とう,頭,あたま,N5,あたま|かしら|頭,yes,SINGLE_SOURCE,yes,yes,yes,N5,yes,abbr:abbreviation | col:colloquial,n:noun (common) (futsuumeishi),head; hair (on one's head); mind; brains; intellect; leader,ADD_AFTER_SOURCE_CHECK,P2,"Only one external family supports the JLPT listing, but exact JMdict form is common; suitable after source/level check. JLPT level conflicts with JMdict/Waller enrichment; add the form but review level before publishing."
擦る,かする,N1,"{""N1"": 2}","{""community-independent"": ""N1"", ""waller-derived"": ""N1""}",openjlpt|waller|wordmaster,community-independent|waller-derived,2,lexical,to touch lightly; to take a percentage (from),same-reading-different-writing|same-writing-different-reading|same-jmdict-entry,化する|掠る|科する|課する,こする|する,掠る,かする,N1,かする|掠る|擦る,yes,HIGH,yes,no,no,N1,no,uk:word usually written using kana alone,v5r:Godan verb with 'ru' ending|vt:transitive verb,to graze (e.g. bullet); to scratch; to touch lightly; to take a percentage; to exploit; to squeeze,ADD_DISTINCT_VARIANT,P2,Supported by >=2 families; exact form is a distinct reference-listed writing even though another form of the same JMdict entry already exists.
過多,かた,N1,"{""N1"": 1}","{""waller-derived"": ""N1""}",openjlpt|waller,waller-derived,1,lexical,excess; superabundance,same-reading-different-writing,型|方|肩,,,,,,yes,SINGLE_SOURCE,yes,yes,yes,N1,no,,adj-na:adjectival nouns or quasi-adjectives (keiyodoshi)|n:noun (common) (futsuumeishi),excess; surplus; superabundance,ADD_AFTER_SOURCE_CHECK,P2,"Only one external family supports the JLPT listing, but exact JMdict form is common; suitable after source/level check."
気質,かたぎ,N1,"{""N1"": 1}","{""waller-derived"": ""N1""}",openjlpt|waller,waller-derived,1,lexical,spirit; character; trait,same-writing-different-reading|same-jmdict-entry,,きしつ,気質,きしつ,N1,かたぎ|きしつ|容気|形気|気質,yes,SINGLE_SOURCE,yes,yes,yes,N1,no,かたぎ usu. as a suffix,"n-suf:noun, used as a suffix|n:noun (common) (futsuumeishi)",disposition; temperament; nature; mentality; spirit; character,ADD_AFTER_SOURCE_CHECK,P2,"Only one external family supports the JLPT listing, but exact JMdict form is common; suitable after source/level check."
兼ねて,かねて,N1,"{""N1"": 1}","{""waller-derived"": ""N1""}",openjlpt|waller,waller-derived,1,lexical,simultaneously,same-reading-different-writing|same-jmdict-entry,かねて|予て,,かねて|予て,かねて,N1|N2,かねて|予て|兼ねて,yes,SINGLE_SOURCE,yes,yes,yes,N1,no,uk:word usually written using kana alone,adj-no:nouns which may take the genitive case particle 'no'|adv:adverb (fukushi),previously; already; for some time; for quite a while,ADD_AFTER_SOURCE_CHECK,P2,"Only one external family supports the JLPT listing, but exact JMdict form is common; suitable after source/level check."
身体,からだ,N1,"{""N1"": 1}","{""waller-derived"": ""N1""}",openjlpt|waller,waller-derived,1,lexical,the body,same-reading-different-writing|same-writing-different-reading|same-jmdict-entry,体,しんたい,体,からだ,N5,からだ|体|身体|躯|躰|軀|體,yes,SINGLE_SOURCE,yes,no,yes,N5,yes,からだ is a gikun reading of 身体,n:noun (common) (futsuumeishi),body; torso; trunk; build; physique; frame,ADD_AFTER_SOURCE_CHECK,P2,"Only one external family supports the JLPT listing, but exact JMdict form is common; suitable after source/level check. JLPT level conflicts with JMdict/Waller enrichment; add the form but review level before publishing."
かりに,かりに,N1,"{""N1"": 1}","{""community-independent"": ""N1""}",wordmaster,community-independent,1,kana/loanword,"temporarily; if, for argument's sake",same-reading-different-writing|same-jmdict-entry,仮に,,仮に,かりに,N2,かりに|仮に,yes,SINGLE_SOURCE,yes,yes,yes,,no,,adv:adverb (fukushi),supposing; even if; granting that; for argument's sake; temporarily; provisionally,ADD_AFTER_SOURCE_CHECK,P2,"Only one external family supports the JLPT listing, but exact JMdict form is common; suitable after source/level check."
かろうじて,かろうじて,N1,"{""N1"": 1}","{""community-independent"": ""N1""}",wordmaster,community-independent,1,kana/loanword,"barely, narrowly",same-reading-different-writing|same-jmdict-entry,辛うじて,,辛うじて,かろうじて,N1,かろうじて|辛うじて,yes,SINGLE_SOURCE,yes,yes,yes,N1,no,uk:word usually written using kana alone,adv:adverb (fukushi),barely; narrowly; only just; with difficulty,ADD_AFTER_SOURCE_CHECK,P2,"Only one external family supports the JLPT listing, but exact JMdict form is common; suitable after source/level check."
側,かわ,N1,"{""N1"": 1}","{""waller-derived"": ""N1""}",openjlpt|waller,waller-derived,1,lexical,side; row; surroundings,same-reading-different-writing|same-writing-different-reading|same-jmdict-entry,川|皮|革,がわ|そば,側,がわ,N4,かわ|がわ|側,yes,SINGLE_SOURCE,yes,yes,no,N1,no,,n:noun (common) (futsuumeishi)|suf:suffix,"side (of something, or taking someone's side); part; (watch) case",ADD_AFTER_SOURCE_CHECK,P2,"Only one external family supports the JLPT listing, but exact JMdict form is common; suitable after source/level check."
代る代る,かわるがわる,N1,"{""N1"": 1}","{""community-independent"": ""N1""}",wordmaster,community-independent,1,lexical,alternately,same-reading-different-writing|same-jmdict-entry,代わる代わる,,代わる代わる,かわるがわる,N1,かわるがわる|代る代る|代わる代わる,yes,SINGLE_SOURCE,yes,no,yes,N1,no,,adv:adverb (fukushi),alternately; by turns,ADD_AFTER_SOURCE_CHECK,P2,"Only one external family supports the JLPT listing, but exact JMdict form is common; suitable after source/level check."
冠,かん,N1,"{""N1"": 1}","{""waller-derived"": ""N1""}",openjlpt|waller,waller-derived,1,lexical,crown; diadem; first,same-reading-different-writing|same-writing-different-reading|same-jmdict-entry,勘|巻|棺|管|缶|艦|観|貫|間|韓|館,かんむり,冠,かんむり,N2,かむり|かん|かんぶり|かんむり|冠,yes,SINGLE_SOURCE,yes,yes,no,N2,yes,,adj-t:'taru' adjective|adv-to:adverb taking the 'to' particle|ctr:counter|n:noun (common) (futsuumeishi),"traditional cap worn by Shinto clergy and courtiers; crown; diadem; coronet; top kanji radical; first verse of a haikai, etc.",ADD_AFTER_SOURCE_CHECK,P2,"Only one external family supports the JLPT listing, but exact JMdict form is common; suitable after source/level check. JLPT level conflicts with JMdict/Waller enrichment; add the form but review level before publishing."
雅致,がち,N1,"{""N1"": 1}","{""waller-derived"": ""N1""}",openjlpt|waller,waller-derived,1,lexical,artistry; good taste; elegance,fully-absent,,,,,,,yes,SINGLE_SOURCE,yes,yes,yes,N1,no,,n:noun (common) (futsuumeishi),artistry; good taste; elegance; grace,ADD_AFTER_SOURCE_CHECK,P2,"Only one external family supports the JLPT listing, but exact JMdict form is common; suitable after source/level check."
がる,がる,N1,"{""N1"": 1}","{""waller-derived"": ""N1""}",waller,waller-derived,1,kana/loanword,feel,fully-absent,,,,,,,yes,SINGLE_SOURCE,yes,yes,yes,N1,no,following adj. stem | following adj. stem or noun,suf:suffix|v5r:Godan verb with 'ru' ending,to show signs of being; to feel; to think; to behave as if one were; to pretend; to act as if,ADD_AFTER_SOURCE_CHECK,P2,"Only one external family supports the JLPT listing, but exact JMdict form is common; suitable after source/level check."
眼球,がんきゅう,N1,"{""N1"": 2}","{""community-independent"": ""N1"", ""waller-derived"": ""N1""}",openjlpt|waller|wordmaster,community-independent|waller-derived,2,lexical,eyeball,fully-absent,,,,,,,yes,HIGH,yes,no,no,N1,no,,adj-no:nouns which may take the genitive case particle 'no'|n:noun (common) (futsuumeishi),eyeball,ADD_HIGH_CONFIDENCE,P2,Supported by >=2 independent reference families and exact JMdict form exists.
兆,きざし,N1,"{""N1"": 2}","{""community-independent"": ""N1"", ""waller-derived"": ""N1""}",openjlpt|wordmaster,community-independent|waller-derived,2,lexical,signs; omen; symptoms,same-reading-different-writing|same-writing-different-reading,兆し,ちょう,,,,,no,HIGH,no,no,no,,no,,,,MANUAL_VERIFY_SOURCE,P2,Exact written-form + reading was not resolved in the JMdict common/JLPT subset; verify source spelling and lexical status before adding.
奇数,きすう,N1,"{""N1"": 1}","{""waller-derived"": ""N1""}",openjlpt|waller,waller-derived,1,lexical,odd number,fully-absent,,,,,,,yes,SINGLE_SOURCE,yes,yes,yes,N1,no,,adj-no:nouns which may take the genitive case particle 'no'|n:noun (common) (futsuumeishi),odd number,ADD_AFTER_SOURCE_CHECK,P2,"Only one external family supports the JLPT listing, but exact JMdict form is common; suitable after source/level check."
寄贈,きそう,N1,"{""N1"": 1}","{""waller-derived"": ""N1""}",openjlpt|waller,waller-derived,1,lexical,donation; presentation,same-reading-different-writing|same-writing-different-reading|same-jmdict-entry,競う,きぞう,寄贈,きぞう,N1,きそう|きぞう|寄贈,yes,SINGLE_SOURCE,yes,yes,no,N1,no,,n:noun (common) (futsuumeishi)|vs:noun or participle which takes the aux. verb suru|vt:transitive verb,donation; presentation; gift,ADD_AFTER_SOURCE_CHECK,P2,"Only one external family supports the JLPT listing, but exact JMdict form is common; suitable after source/level check."
気配,きはい,N1,"{""N1"": 1}","{""waller-derived"": ""N1""}",openjlpt|waller,waller-derived,1,lexical,indication; market trend; worry,same-writing-different-reading|same-jmdict-entry,,けはい,気配,けはい,N2,きはい|けはい|気配,yes,SINGLE_SOURCE,yes,yes,no,N2,yes,,n:noun (common) (futsuumeishi),indication; sign; hint; sensation; feeling; tone (of the market),ADD_AFTER_SOURCE_CHECK,P2,"Only one external family supports the JLPT listing, but exact JMdict form is common; suitable after source/level check. JLPT level conflicts with JMdict/Waller enrichment; add the form but review level before publishing."
気風,きふう,N1,"{""N1"": 2}","{""community-independent"": ""N1"", ""waller-derived"": ""N1""}",openjlpt|waller|wordmaster,community-independent|waller-derived,2,lexical,character; traits; ethos,fully-absent,,,,,,,yes,HIGH,yes,no,no,N1,no,,n:noun (common) (futsuumeishi),character; traits; ethos,ADD_HIGH_CONFIDENCE,P2,Supported by >=2 independent reference families and exact JMdict form exists.
旧知,きゅうち,N1,"{""N1"": 2}","{""community-independent"": ""N1"", ""waller-derived"": ""N1""}",openjlpt|waller|wordmaster,community-independent|waller-derived,2,lexical,old friend; old friendship,same-reading-different-writing,窮地,,,,,,yes,HIGH,yes,no,no,N1,no,,n:noun (common) (futsuumeishi),old friend; old acquaintance,ADD_HIGH_CONFIDENCE,P2,Supported by >=2 independent reference families and exact JMdict form exists.
共産,きょうさん,N1,"{""N1"": 1}","{""waller-derived"": ""N1""}",openjlpt|waller,waller-derived,1,lexical,communism,fully-absent,,,,,,,yes,SINGLE_SOURCE,yes,yes,yes,N1,no,abbr:abbreviation,n:noun (common) (futsuumeishi),communism; Communist Party,ADD_AFTER_SOURCE_CHECK,P2,"Only one external family supports the JLPT listing, but exact JMdict form is common; suitable after source/level check."
姉妹,きょうだい,N1,"{""N1"": 1}","{""waller-derived"": ""N1""}",openjlpt|waller,waller-derived,1,lexical,sisters,same-reading-different-writing|same-writing-different-reading|same-jmdict-entry,兄弟|強大|鏡台,しまい,しまい|姉妹,しまい,N2|N4,きょうだい|しまい|姉妹,yes,SINGLE_SOURCE,yes,yes,no,N3,yes,gikun:gikun (meaning as reading) or jukujikun (special kanji reading),n:noun (common) (futsuumeishi),sisters,ADD_AFTER_SOURCE_CHECK,P2,"Only one external family supports the JLPT listing, but exact JMdict form is common; suitable after source/level check. JLPT level conflicts with JMdict/Waller enrichment; add the form but review level before publishing."
局限,きょくげん,N1,"{""N1"": 2}","{""community-independent"": ""N1"", ""waller-derived"": ""N1""}",openjlpt|waller|wordmaster,community-independent|waller-derived,2,lexical,limit; localize,same-reading-different-writing,極限,,,,,,yes,HIGH,yes,no,no,N1,no,,n:noun (common) (futsuumeishi)|vs:noun or participle which takes the aux. verb suru|vt:transitive verb,limit; localize; localise,ADD_HIGH_CONFIDENCE,P2,Supported by >=2 independent reference families and exact JMdict form exists.
きらびやか,きらびやか,N1,"{""N1"": 1}","{""community-independent"": ""N1""}",wordmaster,community-independent,1,kana/loanword,"gorgeous, gaudy, dazzling",same-reading-different-writing|same-jmdict-entry,煌びやか,,煌びやか,きらびやか,N1,きらびやか|煌びやか|綺羅びやか,yes,SINGLE_SOURCE,yes,yes,yes,N1,no,uk:word usually written using kana alone,adj-na:adjectival nouns or quasi-adjectives (keiyodoshi),gorgeous; gaudy; dazzling; gay; resplendent,ADD_AFTER_SOURCE_CHECK,P2,"Only one external family supports the JLPT listing, but exact JMdict form is common; suitable after source/level check."
切替,きりかえ,N1,"{""N1"": 1}","{""community-independent"": ""N1""}",wordmaster,community-independent,1,lexical,"exchange, conversion, switchover",same-reading-different-writing|same-jmdict-entry,切り替え,,切り替え,きりかえ,N1,きりかえ|切り換え|切り替え|切換|切換え|切替|切替え,yes,SINGLE_SOURCE,yes,no,yes,,no,io:irregular okurigana usage,n:noun (common) (futsuumeishi),exchange; conversion; replacement; switching (to); switchover,ADD_AFTER_SOURCE_CHECK,P2,"Only one external family supports the JLPT listing, but exact JMdict form is common; suitable after source/level check."
奇麗,きれい,N1,"{""N1"": 1}","{""waller-derived"": ""N1""}",openjlpt|waller,waller-derived,1,lexical,pretty; clean; nice,same-reading-different-writing|same-jmdict-entry,きれい|綺麗,,きれい|綺麗,きれい,N5,きれい|きれーい|キレイ|奇麗|暉麗|綺麗,yes,SINGLE_SOURCE,yes,no,yes,N5,yes,as 〜に | uk:word usually written using kana alone,adj-na:adjectival nouns or quasi-adjectives (keiyodoshi),pretty; lovely; beautiful; fair; clean; clear,ADD_AFTER_SOURCE_CHECK,P2,"Only one external family supports the JLPT listing, but exact JMdict form is common; suitable after source/level check. JLPT level conflicts with JMdict/Waller enrichment; add the form but review level before publishing."
木綿,きわた,N1,"{""N1"": 1}","{""waller-derived"": ""N1""}",openjlpt|waller,waller-derived,1,lexical,cotton,same-writing-different-reading|same-jmdict-entry,,もめん,木綿,もめん,N4,きわた|もめん|木棉|木綿,yes,SINGLE_SOURCE,yes,yes,no,N4,yes,uk:word usually written using kana alone,n:noun (common) (futsuumeishi),cotton (material); red silk-cotton tree (Bombax ceiba),ADD_AFTER_SOURCE_CHECK,P2,"Only one external family supports the JLPT listing, but exact JMdict form is common; suitable after source/level check. JLPT level conflicts with JMdict/Waller enrichment; add the form but review level before publishing."
近々,きんきん,N1,"{""N1"": 1}","{""waller-derived"": ""N1""}",openjlpt|waller,waller-derived,1,lexical,nearness; before long,same-writing-different-reading|same-jmdict-entry,,ちかぢか,近々,ちかぢか,N1,きんきん|ちかぢか|近々|近ぢか|近近,yes,SINGLE_SOURCE,yes,yes,no,N2,yes,,adv-to:adverb taking the 'to' particle|adv:adverb (fukushi),soon; before long; shortly; in the near future; close (by); near,ADD_AFTER_SOURCE_CHECK,P2,"Only one external family supports the JLPT listing, but exact JMdict form is common; suitable after source/level check. JLPT level conflicts with JMdict/Waller enrichment; add the form but review level before publishing."
禁ずる,きんずる,N1,"{""N1"": 1}","{""waller-derived"": ""N1""}",openjlpt|waller,waller-derived,1,lexical,to forbid; to suppress,fully-absent,,,,,,,yes,SINGLE_SOURCE,yes,yes,yes,N1,no,usu. as 禁じ得ない,vt:transitive verb|vz:Ichidan verb - zuru verb (alternative form of -jiru verbs),"to forbid; to ban; to prohibit; to suppress (a feeling, laughter, etc.); to hold back (e.g. tears)",ADD_AFTER_SOURCE_CHECK,P2,"Only one external family supports the JLPT listing, but exact JMdict form is common; suitable after source/level check."
くぐる,くぐる,N1,"{""N1"": 1}","{""community-independent"": ""N1""}",wordmaster,community-independent,1,kana/loanword,to pass through; to go around,same-reading-different-writing|same-jmdict-entry,潜る,,潜る,くぐる,N1,くぐる|潜る,yes,SINGLE_SOURCE,yes,yes,yes,N1,no,uk:word usually written using kana alone,v5r:Godan verb with 'ru' ending|vi:intransitive verb,to go under; to pass under; to go through; to pass through; to dive (into or under the water); to evade,ADD_AFTER_SOURCE_CHECK,P2,"Only one external family supports the JLPT listing, but exact JMdict form is common; suitable after source/level check."
くじびき,くじびき,N1,"{""N1"": 1}","{""community-independent"": ""N1""}",wordmaster,community-independent,1,kana/loanword,"lottery, drawn lot",same-reading-different-writing|same-jmdict-entry,くじ引き,,くじ引き,くじびき,N2,くじびき|くじ引き|籤引|籤引き,yes,SINGLE_SOURCE,yes,yes,yes,N1,no,,n:noun (common) (futsuumeishi)|vi:intransitive verb|vs:noun or participle which takes the aux. verb suru,lottery; drawn lot,ADD_AFTER_SOURCE_CHECK,P2,"Only one external family supports the JLPT listing, but exact JMdict form is common; suitable after source/level check."
籤引,くじびき,N1,"{""N1"": 1}","{""waller-derived"": ""N1""}",openjlpt|waller,waller-derived,1,lexical,lottery; drawn lot,same-reading-different-writing|same-jmdict-entry,くじ引き,,くじ引き,くじびき,N2,くじびき|くじ引き|籤引|籤引き,yes,SINGLE_SOURCE,yes,yes,yes,N1,no,,n:noun (common) (futsuumeishi)|vi:intransitive verb|vs:noun or participle which takes the aux. verb suru,lottery; drawn lot,ADD_AFTER_SOURCE_CHECK,P2,"Only one external family supports the JLPT listing, but exact JMdict form is common; suitable after source/level check."
国境,くにざかい,N1,"{""N1"": 1}","{""waller-derived"": ""N1""}",openjlpt|waller,waller-derived,1,lexical,national or state border,same-writing-different-reading|same-jmdict-entry,,こっきょう,国境,こっきょう,N3,くにざかい|こっきょう|国ざかい|国境|国界,yes,SINGLE_SOURCE,yes,yes,no,N3,yes,,n:noun (common) (futsuumeishi),border (between countries); national border,ADD_AFTER_SOURCE_CHECK,P2,"Only one external family supports the JLPT listing, but exact JMdict form is common; suitable after source/level check. JLPT level conflicts with JMdict/Waller enrichment; add the form but review level before publishing."
ぐらい,ぐらい,N1,"{""N1"": 1}","{""waller-derived"": ""N1""}",waller,waller-derived,1,kana/loanword,approximately,fully-absent,,,,,,,yes,SINGLE_SOURCE,yes,yes,yes,N1,no,also written as 位,prt:particle|suf:suffix,approximately; about; around; or so; to (about) the extent that; (almost) enough that,ADD_AFTER_SOURCE_CHECK,P2,"Only one external family supports the JLPT listing, but exact JMdict form is common; suitable after source/level check."
汚す,けがす,N1,"{""N1"": 1}","{""waller-derived"": ""N1""}",openjlpt|waller,waller-derived,1,lexical,to disgrace; to dishonour,same-writing-different-reading|same-jmdict-entry,,よごす,汚す,よごす,N3,けがす|よごす|汚す|穢す,yes,SINGLE_SOURCE,yes,yes,no,N2,yes,esp. けがす,v5s:Godan verb with 'su' ending|vt:transitive verb,to pollute; to contaminate; to soil; to make dirty; to stain; to disgrace,ADD_AFTER_SOURCE_CHECK,P2,"Only one external family supports the JLPT listing, but exact JMdict form is common; suitable after source/level check. JLPT level conflicts with JMdict/Waller enrichment; add the form but review level before publishing."
決,けつ,N1,"{""N1"": 1}","{""community-independent"": ""N1""}",wordmaster,community-independent,1,lexical,"decision, vote",fully-absent,,,,,,,yes,SINGLE_SOURCE,yes,yes,yes,,no,,n:noun (common) (futsuumeishi),decision; vote,ADD_AFTER_SOURCE_CHECK,P2,"Only one external family supports the JLPT listing, but exact JMdict form is common; suitable after source/level check."
芸,げい,N1,"{""N1"": 1}","{""community-independent"": ""N1""}",wordmaster,community-independent,1,lexical,才艺,same-reading-different-writing,ゲイ,,,,,,yes,SINGLE_SOURCE,yes,yes,yes,,no,,n:noun (common) (futsuumeishi),art; craft; accomplishment; artistic skill; technique; performance,ADD_AFTER_SOURCE_CHECK,P2,"Only one external family supports the JLPT listing, but exact JMdict form is common; suitable after source/level check."
現場,げんじょう,N1,"{""N1"": 1}","{""waller-derived"": ""N1""}",openjlpt|waller,waller-derived,1,lexical,actual spot; scene; scene of the crime,same-reading-different-writing|same-writing-different-reading|same-jmdict-entry,現状,げんば,現場,げんば,N2,げんじょう|げんば|現場,yes,SINGLE_SOURCE,yes,yes,no,N3,yes,,n:noun (common) (futsuumeishi),"actual spot; scene (of a crime, accident, etc.); (on) site; (on) the ground; (in) the field; job site",ADD_AFTER_SOURCE_CHECK,P2,"Only one external family supports the JLPT listing, but exact JMdict form is common; suitable after source/level check. JLPT level conflicts with JMdict/Waller enrichment; add the form but review level before publishing."
行員,こういん,N1,"{""N1"": 1}","{""waller-derived"": ""N1""}",openjlpt|waller,waller-derived,1,lexical,bank clerk,same-reading-different-writing,光陰|工員,,,,,,yes,SINGLE_SOURCE,yes,yes,yes,N1,no,abbr:abbreviation,n:noun (common) (futsuumeishi),bank clerk,ADD_AFTER_SOURCE_CHECK,P2,"Only one external family supports the JLPT listing, but exact JMdict form is common; suitable after source/level check."
煌々と,こうこうと,N1,"{""N1"": 2}","{""community-independent"": ""N1"", ""waller-derived"": ""N1""}",openjlpt|wordmaster,community-independent|waller-derived,2,lexical,brilliantly; brightly,fully-absent,,,,,,,no,HIGH,no,no,no,,no,,,,MANUAL_VERIFY_SOURCE,P2,Exact written-form + reading was not resolved in the JMdict common/JLPT subset; verify source spelling and lexical status before adding.
箇箇,ここ,N1,"{""N1"": 1}","{""waller-derived"": ""N1""}",openjlpt|waller,waller-derived,1,lexical,individual; separate,same-reading-different-writing|same-jmdict-entry,ここ|個々,,ここ|個々,ここ,N2|N5,ここ|個々|個個|箇々|箇箇,yes,SINGLE_SOURCE,yes,no,yes,N1,no,,adj-no:nouns which may take the genitive case particle 'no'|n:noun (common) (futsuumeishi),individual; one by one; separate; each,ADD_AFTER_SOURCE_CHECK,P2,"Only one external family supports the JLPT listing, but exact JMdict form is common; suitable after source/level check."
混む,こむ,N1,"{""N1"": 1}","{""waller-derived"": ""N1""}",openjlpt|waller,waller-derived,1,lexical,to be crowded,same-reading-different-writing,込む,,,,,,yes,SINGLE_SOURCE,yes,yes,yes,N1,no,,v5m:Godan verb with 'mu' ending|vi:intransitive verb,to be crowded; to be packed; to be congested; to be thronged (with),ADD_AFTER_SOURCE_CHECK,P2,"Only one external family supports the JLPT listing, but exact JMdict form is common; suitable after source/level check."
篭る,こもる,N1,"{""N1"": 1}","{""waller-derived"": ""N1""}",openjlpt|waller,waller-derived,1,lexical,to seclude oneself; to be confined in; to be implied,same-reading-different-writing|same-jmdict-entry,こもる|籠もる,,こもる|籠もる,こもる,N1,こもる|篭もる|篭る|籠もる|籠る|隠る,yes,SINGLE_SOURCE,yes,no,yes,N1,no,io:irregular okurigana usage | oft. ～のこもったもの | uk:word usually written using kana alone,v5r:Godan verb with 'ru' ending|vi:intransitive verb,"to shut oneself in (e.g. one's room); to be confined in; to seclude oneself; to hide away; to stay inside (one's shell); to fill with (emotion, enthusiasm, power, etc.)",ADD_AFTER_SOURCE_CHECK,P2,"Only one external family supports the JLPT listing, but exact JMdict form is common; suitable after source/level check."
今晩は,こんばんは,N1,"{""N1"": 1}","{""waller-derived"": ""N1""}",openjlpt|waller,waller-derived,1,lexical,good evening,same-reading-different-writing|same-jmdict-entry,こんばんは,,こんばんは,こんばんは,N5,こんばんは|こんばんわ|今晩は,yes,SINGLE_SOURCE,yes,yes,yes,N2,yes,uk:word usually written using kana alone | は is pronounced as わ,int:interjection (kandoushi),good evening,ADD_AFTER_SOURCE_CHECK,P2,"Only one external family supports the JLPT listing, but exact JMdict form is common; suitable after source/level check. JLPT level conflicts with JMdict/Waller enrichment; add the form but review level before publishing."
御,ご,N1,"{""N1"": 1}","{""waller-derived"": ""N1""}",openjlpt|waller,waller-derived,1,lexical,go-; honourable,same-reading-different-writing,五|後|碁|語,,,,,,yes,SINGLE_SOURCE,yes,yes,yes,N1,no,after a noun indicating a person | hon:honorific or respectful (sonkeigo) language | hum:humble (kenjougo) language | pol:polite (teineigo) language | uk:word usually written using kana alone | usu. before a term with an on-yomi reading,pref:prefix|suf:suffix,honorific/polite/humble prefix; honorific suffix,ADD_AFTER_SOURCE_CHECK,P2,"Only one external family supports the JLPT listing, but exact JMdict form is common; suitable after source/level check."
濠,ごう,N1,"{""N1"": 1}","{""waller-derived"": ""N1""}",openjlpt|waller,waller-derived,1,lexical,moat,same-reading-different-writing|same-jmdict-entry,号|合|壕|業|豪,,壕|豪,ごう,N1,ごう|壕|濠|豪,yes,SINGLE_SOURCE,yes,no,yes,N1,no,"abbr:abbreviation | 濠 is usu. filled with water, 壕 is usu. dry",n:noun (common) (futsuumeishi),moat; fosse; trench; ditch; underground air-raid shelter; dugout; Australia,ADD_AFTER_SOURCE_CHECK,P2,"Only one external family supports the JLPT listing, but exact JMdict form is common; suitable after source/level check."
ご馳走さま,ごちそうさま,N1,"{""N1"": 1}","{""waller-derived"": ""N1""}",openjlpt|waller,waller-derived,1,lexical,feast,same-reading-different-writing|same-jmdict-entry,ご馳走様,,ご馳走様,ごちそうさま,N2,ごちそうさま|ご馳走さま|ご馳走様|御馳走様,yes,SINGLE_SOURCE,yes,yes,yes,N2,yes,"joc:jocular, humorous term | uk:word usually written using kana alone",int:interjection (kandoushi),thank you (for the meal); that was a delicious meal; thank you (for displaying lovey-dovey behaviour),ADD_AFTER_SOURCE_CHECK,P2,"Only one external family supports the JLPT listing, but exact JMdict form is common; suitable after source/level check. JLPT level conflicts with JMdict/Waller enrichment; add the form but review level before publishing."
歳,さい,N1,"{""N1"": 1}","{""waller-derived"": ""N1""}",openjlpt|waller,waller-derived,1,lexical,#NAME?,same-reading-different-writing,再|差異|際,,,,,,yes,SINGLE_SOURCE,yes,yes,yes,N1,no,,ctr:counter,... years old; age (of) ...,ADD_AFTER_SOURCE_CHECK,P2,"Only one external family supports the JLPT listing, but exact JMdict form is common; suitable after source/level check."
最中,さなか,N1,"{""N1"": 1}","{""community-independent"": ""N1""}",wordmaster,community-independent,1,lexical,"in the middle of, midst",same-writing-different-reading|same-jmdict-entry,,さいちゅう,最中,さいちゅう,N3,さいちゅう|さなか|さ中|最中,yes,SINGLE_SOURCE,yes,yes,no,N3,yes,,n:noun (common) (futsuumeishi),(in) the middle of; (in) the midst of; (in) the course of; (at) the height of,ADD_AFTER_SOURCE_CHECK,P2,"Only one external family supports the JLPT listing, but exact JMdict form is common; suitable after source/level check. JLPT level conflicts with JMdict/Waller enrichment; add the form but review level before publishing."
錆び,さび,N1,"{""N1"": 1}","{""waller-derived"": ""N1""}",openjlpt|waller,waller-derived,1,lexical,rust (colour),same-reading-different-writing|same-jmdict-entry,錆|錆[さび],,錆,さび,N2,さび|銹|錆|錆び|鏽,yes,SINGLE_SOURCE,yes,no,yes,N2,yes,,n:noun (common) (futsuumeishi),rust,ADD_AFTER_SOURCE_CHECK,P2,"Only one external family supports the JLPT listing, but exact JMdict form is common; suitable after source/level check. JLPT level conflicts with JMdict/Waller enrichment; add the form but review level before publishing."
三味線,さみせん,N1,"{""N1"": 1}","{""waller-derived"": ""N1""}",openjlpt|waller,waller-derived,1,lexical,three-stringed Japanese guitar; shamisen,same-writing-different-reading|same-jmdict-entry,,しゃみせん,三味線,しゃみせん,N1,さみせん|しゃみせん|三味線,yes,SINGLE_SOURCE,yes,yes,no,N1,no,,n:noun (common) (futsuumeishi),shamisen; samisen; three-stringed Japanese lute,ADD_AFTER_SOURCE_CHECK,P2,"Only one external family supports the JLPT listing, but exact JMdict form is common; suitable after source/level check."
産休,さんきゅう,N1,"{""N1"": 2}","{""community-independent"": ""N1"", ""waller-derived"": ""N1""}",openjlpt|waller|wordmaster,community-independent|waller-derived,2,lexical,maternity leave,fully-absent,,,,,,,yes,HIGH,yes,no,no,N1,no,abbr:abbreviation,n:noun (common) (futsuumeishi),maternity leave; paternity leave,ADD_HIGH_CONFIDENCE,P2,Supported by >=2 independent reference families and exact JMdict form exists.
桟橋,さんきょう,N1,"{""N1"": 1}","{""waller-derived"": ""N1""}",openjlpt|waller,waller-derived,1,lexical,wharf; bridge; jetty,same-writing-different-reading|same-jmdict-entry,,さんばし,桟橋,さんばし,N1,さんきょう|さんばし|桟橋|棧橋,yes,SINGLE_SOURCE,yes,yes,no,N1,no,,n:noun (common) (futsuumeishi),wharf; bridge; jetty; pier,ADD_AFTER_SOURCE_CHECK,P2,"Only one external family supports the JLPT listing, but exact JMdict form is common; suitable after source/level check."
産後,さんご,N1,"{""N1"": 2}","{""community-independent"": ""N1"", ""waller-derived"": ""N1""}",openjlpt|waller|wordmaster,community-independent|waller-derived,2,lexical,postpartum; after childbirth,same-reading-different-writing,珊瑚|珊瑚[さんご],,,,,,yes,HIGH,yes,no,no,N1,no,,adj-no:nouns which may take the genitive case particle 'no'|n:noun (common) (futsuumeishi),after childbirth; postpartum,ADD_HIGH_CONFIDENCE,P2,Supported by >=2 independent reference families and exact JMdict form exists.
仕上,しあげ,N1,"{""N1"": 1}","{""community-independent"": ""N1""}",wordmaster,community-independent,1,lexical,"end, finishing touches",same-reading-different-writing|same-jmdict-entry,仕上げ,,仕上げ,しあげ,N1,しあげ|仕あげ|仕上|仕上げ,yes,SINGLE_SOURCE,yes,no,yes,N1,no,io:irregular okurigana usage,n:noun (common) (futsuumeishi),finish; finishing; finishing touches,ADD_AFTER_SOURCE_CHECK,P2,"Only one external family supports the JLPT listing, but exact JMdict form is common; suitable after source/level check."
仕掛,しかけ,N1,"{""N1"": 1}","{""community-independent"": ""N1""}",wordmaster,community-independent,1,lexical,机关,same-reading-different-writing|same-jmdict-entry,仕掛け,,仕掛け,しかけ,N1,しかけ|仕掛|仕掛け,yes,SINGLE_SOURCE,yes,no,yes,N1,no,,n:noun (common) (futsuumeishi),device; contrivance; mechanism; gadget; trick; trap,ADD_AFTER_SOURCE_CHECK,P2,"Only one external family supports the JLPT listing, but exact JMdict form is common; suitable after source/level check."
施行,しぎょう,N1,"{""N1"": 1}","{""waller-derived"": ""N1""}",openjlpt|waller,waller-derived,1,lexical,1.  execution; enforcing; carrying out,same-reading-different-writing|same-writing-different-reading|same-jmdict-entry,始業,しこう,施行,しこう,N1,しぎょう|しこう|せこう|施行,yes,SINGLE_SOURCE,yes,yes,no,N1,no,,n:noun (common) (futsuumeishi)|vs:noun or participle which takes the aux. verb suru|vt:transitive verb,"putting in force (a law); putting into operation; putting into effect; enforcement; carrying out (a plan, policy, etc.); execution",ADD_AFTER_SOURCE_CHECK,P2,"Only one external family supports the JLPT listing, but exact JMdict form is common; suitable after source/level check."
仕組,しくみ,N1,"{""N1"": 1}","{""community-independent"": ""N1""}",wordmaster,community-independent,1,lexical,结构,same-reading-different-writing|same-jmdict-entry,仕組み,,仕組み,しくみ,N2,しくみ|仕組|仕組み,yes,SINGLE_SOURCE,yes,no,yes,N1,no,,n:noun (common) (futsuumeishi),structure; construction; arrangement; contrivance; mechanism; workings,ADD_AFTER_SOURCE_CHECK,P2,"Only one external family supports the JLPT listing, but exact JMdict form is common; suitable after source/level check."
屎尿,しにょう,N1,"{""N1"": 2}","{""community-independent"": ""N1"", ""waller-derived"": ""N1""}",openjlpt|waller|wordmaster,community-independent|waller-derived,2,lexical,excreta; raw sewage; human waste,same-reading-different-writing|same-jmdict-entry,し尿,,し尿,しにょう,N1,しにょう|し尿|屎尿,yes,HIGH,yes,no,no,N1,no,,n:noun (common) (futsuumeishi),excreta; raw sewage; human waste; night soil,ADD_DISTINCT_VARIANT,P2,Supported by >=2 families; exact form is a distinct reference-listed writing even though another form of the same JMdict entry already exists.
屡,しばしば,N1,"{""N1"": 1}","{""waller-derived"": ""N1""}",openjlpt|waller,waller-derived,1,lexical,often; again and again; frequently,same-reading-different-writing|same-jmdict-entry,しばしば|屡々,,しばしば|屡々,しばしば,N1|N2,しばしば|屡|屡々|屡屡|数|数々|数数,yes,SINGLE_SOURCE,yes,no,yes,N1,no,on-mim:onomatopoeic or mimetic word | uk:word usually written using kana alone,adv:adverb (fukushi),often; again and again; frequently; repeatedly,ADD_AFTER_SOURCE_CHECK,P2,"Only one external family supports the JLPT listing, but exact JMdict form is common; suitable after source/level check."
背負う,しょう,N1,"{""N1"": 1}","{""waller-derived"": ""N1""}",openjlpt|waller,waller-derived,1,lexical,to be burdened with; to carry on back or shoulder,same-reading-different-writing|same-writing-different-reading|same-jmdict-entry,商|症|相|省|章|象|賞,せおう,背負う,せおう,N2,しょう|せおう|背負う|脊負う,yes,SINGLE_SOURCE,yes,yes,no,N2,yes,in the form しょってる,v5u:Godan verb with 'u' ending|vi:intransitive verb|vt:transitive verb,to carry on one's back; to be burdened with; to take responsibility for; to have (something) in the background; to be in front (of something); to be conceited,ADD_AFTER_SOURCE_CHECK,P2,"Only one external family supports the JLPT listing, but exact JMdict form is common; suitable after source/level check. JLPT level conflicts with JMdict/Waller enrichment; add the form but review level before publishing."
消耗,しょうこう,N1,"{""N1"": 1}","{""waller-derived"": ""N1""}",openjlpt|waller,waller-derived,1,lexical,exhaustion; consumption,same-reading-different-writing|same-writing-different-reading|same-jmdict-entry,紹興,しょうもう,消耗,しょうもう,N2,しょうこう|しょうもう|消耗,yes,SINGLE_SOURCE,yes,yes,no,N2,yes,,n:noun (common) (futsuumeishi)|vi:intransitive verb|vs:noun or participle which takes the aux. verb suru|vt:transitive verb,exhaustion; consumption; using up; dissipation; waste,ADD_AFTER_SOURCE_CHECK,P2,"Only one external family supports the JLPT listing, but exact JMdict form is common; suitable after source/level check. JLPT level conflicts with JMdict/Waller enrichment; add the form but review level before publishing."
所々,しょしょ,N1,"{""N1"": 1}","{""waller-derived"": ""N1""}",openjlpt|waller,waller-derived,1,lexical,here and there; some parts (of something),same-writing-different-reading|same-jmdict-entry,,ところどころ,所々,ところどころ,N2,しょしょ|ところどころ|処々|処処|所々|所所,yes,SINGLE_SOURCE,yes,yes,no,N2,yes,uk:word usually written using kana alone,adv:adverb (fukushi)|n:noun (common) (futsuumeishi),here and there; in places,ADD_AFTER_SOURCE_CHECK,P2,"Only one external family supports the JLPT listing, but exact JMdict form is common; suitable after source/level check. JLPT level conflicts with JMdict/Waller enrichment; add the form but review level before publishing."
進度,しんど,N1,"{""N1"": 2}","{""community-independent"": ""N1"", ""waller-derived"": ""N1""}",openjlpt|waller|wordmaster,community-independent|waller-derived,2,lexical,progress,same-reading-different-writing,深度|震度,,,,,,yes,HIGH,yes,no,no,N1,no,,n:noun (common) (futsuumeishi),progress,ADD_HIGH_CONFIDENCE,P2,Supported by >=2 independent reference families and exact JMdict form exists.
審判,しんばん,N1,"{""N1"": 1}","{""waller-derived"": ""N1""}",openjlpt|waller,waller-derived,1,lexical,refereeing; trial; judgement,same-writing-different-reading|same-jmdict-entry,,しんぱん,審判,しんぱん,N2,しんばん|しんぱん|審判,yes,SINGLE_SOURCE,yes,yes,no,N3,yes,,n:noun (common) (futsuumeishi)|vs:noun or participle which takes the aux. verb suru|vt:transitive verb,judgement; judgment; decision; verdict; sentence; refereeing,ADD_AFTER_SOURCE_CHECK,P2,"Only one external family supports the JLPT listing, but exact JMdict form is common; suitable after source/level check. JLPT level conflicts with JMdict/Waller enrichment; add the form but review level before publishing."
地形,じぎょう,N1,"{""N1"": 1}","{""waller-derived"": ""N1""}",openjlpt|waller,waller-derived,1,lexical,terrain; geographical features; topography,same-reading-different-writing|same-writing-different-reading|same-jmdict-entry,事業,ちけい,地形,ちけい,N1,じぎょう|ちけい|地形,yes,SINGLE_SOURCE,yes,yes,no,N1,no,,n:noun (common) (futsuumeishi),terrain; geographical features; topography,ADD_AFTER_SOURCE_CHECK,P2,"Only one external family supports the JLPT listing, but exact JMdict form is common; suitable after source/level check."
重複,じゅうふく,N1,"{""N1"": 1}","{""waller-derived"": ""N1""}",openjlpt|waller,waller-derived,1,lexical,duplication; repetition; overlapping,same-writing-different-reading|same-jmdict-entry,,ちょうふく,重複,ちょうふく,N1,じゅうふく|ちょうふく|重復|重複,yes,SINGLE_SOURCE,yes,yes,yes,N1,no,,adj-no:nouns which may take the genitive case particle 'no'|n:noun (common) (futsuumeishi)|vi:intransitive verb|vs:noun or participle which takes the aux. verb suru,duplication; repetition; overlapping; redundancy; restoration,ADD_AFTER_SOURCE_CHECK,P2,"Only one external family supports the JLPT listing, but exact JMdict form is common; suitable after source/level check."
重宝,じゅうほう,N1,"{""N1"": 1}","{""waller-derived"": ""N1""}",openjlpt|waller,waller-derived,1,lexical,priceless treasure; convenience; usefulness,same-writing-different-reading|same-jmdict-entry,,ちょうほう,重宝,ちょうほう,N1,じゅうほう|ちょうほう|重宝,yes,SINGLE_SOURCE,yes,yes,no,N1,no,,adj-na:adjectival nouns or quasi-adjectives (keiyodoshi)|n:noun (common) (futsuumeishi)|vs:noun or participle which takes the aux. verb suru|vt:transitive verb,convenient; useful; handy; helpful; finding useful; coming in handy,ADD_AFTER_SOURCE_CHECK,P2,"Only one external family supports the JLPT listing, but exact JMdict form is common; suitable after source/level check."
準ずる,じゅんずる,N1,"{""N1"": 1}","{""waller-derived"": ""N1""}",openjlpt|waller,waller-derived,1,lexical,to apply correspondingly; to correspond to; to be proportionate to,fully-absent,,,,,,,yes,SINGLE_SOURCE,yes,yes,yes,N1,no,occ. as 順ずる,vi:intransitive verb|vz:Ichidan verb - zuru verb (alternative form of -jiru verbs),"to follow (a rule, precedent, etc.); to conform to (the law, standards, etc.); to be based on; to apply correspondingly; to be proportionate to; to correspond to",ADD_AFTER_SOURCE_CHECK,P2,"Only one external family supports the JLPT listing, but exact JMdict form is common; suitable after source/level check."
状,じょう,N1,"{""N1"": 1}","{""waller-derived"": ""N1""}",openjlpt|waller,waller-derived,1,lexical,shape,same-reading-different-writing,上|場|嬢|情|畳,,,,,,yes,SINGLE_SOURCE,yes,yes,yes,N1,no,,"n-suf:noun, used as a suffix|n:noun (common) (futsuumeishi)",form; shape; appearance; state; condition; circumstances,ADD_AFTER_SOURCE_CHECK,P2,"Only one external family supports the JLPT listing, but exact JMdict form is common; suitable after source/level check."
乗客,じょうかく,N1,"{""N1"": 1}","{""waller-derived"": ""N1""}",openjlpt|waller,waller-derived,1,lexical,passenger,same-writing-different-reading|same-jmdict-entry,,じょうきゃく,乗客,じょうきゃく,N2,じょうかく|じょうきゃく|乗客,yes,SINGLE_SOURCE,yes,yes,no,N3,yes,,n:noun (common) (futsuumeishi),passenger,ADD_AFTER_SOURCE_CHECK,P2,"Only one external family supports the JLPT listing, but exact JMdict form is common; suitable after source/level check. JLPT level conflicts with JMdict/Waller enrichment; add the form but review level before publishing."
情緒,じょうしょ,N1,"{""N1"": 1}","{""waller-derived"": ""N1""}",openjlpt|waller,waller-derived,1,lexical,emotion; feeling,same-writing-different-reading|same-jmdict-entry,,じょうちょ,情緒,じょうちょ,N1,じょうしょ|じょうちょ|情緒,yes,SINGLE_SOURCE,yes,yes,yes,N1,no,,adj-no:nouns which may take the genitive case particle 'no'|n:noun (common) (futsuumeishi),emotion; feeling; atmosphere; mood; spirit,ADD_AFTER_SOURCE_CHECK,P2,"Only one external family supports the JLPT listing, but exact JMdict form is common; suitable after source/level check."
人目,じんもく,N1,"{""N1"": 1}","{""waller-derived"": ""N1""}",openjlpt|waller,waller-derived,1,lexical,glimpse; public gaze,same-writing-different-reading|same-jmdict-entry,,ひとめ,人目,ひとめ,N1,じんもく|ひとめ|人目|人眼,yes,SINGLE_SOURCE,yes,yes,no,N1,no,,n:noun (common) (futsuumeishi),(public) notice; attention; public eye; public gaze,ADD_AFTER_SOURCE_CHECK,P2,"Only one external family supports the JLPT listing, but exact JMdict form is common; suitable after source/level check."
Ｇパン,ジーパン,N1,"{""N1"": 1}","{""waller-derived"": ""N1""}",waller,waller-derived,1,lexical,"jeans (lit: jeans pants), dungarees",same-reading-different-writing|same-jmdict-entry,ジーパン,,ジーパン,ジーパン,N1,ジーパン|Ｇパン,yes,SINGLE_SOURCE,yes,no,yes,N1,no,abbr:abbreviation | uk:word usually written using kana alone,n:noun (common) (futsuumeishi),jeans; dungarees,ADD_AFTER_SOURCE_CHECK,P2,"Only one external family supports the JLPT listing, but exact JMdict form is common; suitable after source/level check."
水気,すいき,N1,"{""N1"": 1}","{""waller-derived"": ""N1""}",openjlpt|waller,waller-derived,1,lexical,1.  moisture; dampness; vapor,same-writing-different-reading|same-jmdict-entry,,みずけ,水気,みずけ,N1,すいき|みずけ|水け|水気,yes,SINGLE_SOURCE,yes,yes,no,N1,no,,n:noun (common) (futsuumeishi),water content; moisture; juiciness; dampness; water vapor (vapour); steam,ADD_AFTER_SOURCE_CHECK,P2,"Only one external family supports the JLPT listing, but exact JMdict form is common; suitable after source/level check."
過ぎ,すぎ,N1,"{""N1"": 1}","{""waller-derived"": ""N1""}",openjlpt|waller,waller-derived,1,lexical,past; after,same-reading-different-writing,杉,,,,,,yes,SINGLE_SOURCE,yes,yes,yes,N1,no,uk:word usually written using kana alone,"n-suf:noun, used as a suffix|n:noun (common) (futsuumeishi)",past; after; too (much); over- (e.g. eating),ADD_AFTER_SOURCE_CHECK,P2,"Only one external family supports the JLPT listing, but exact JMdict form is common; suitable after source/level check."
スト,スト,N1,"{""N1"": 1}","{""community-independent"": ""N1""}",wordmaster,community-independent,1,kana/loanword,(abbr.) strike,fully-absent,,,,,,,yes,SINGLE_SOURCE,yes,yes,yes,,no,abbr:abbreviation,n:noun (common) (futsuumeishi),strike (i.e. industrial action),ADD_AFTER_SOURCE_CHECK,P2,"Only one external family supports the JLPT listing, but exact JMdict form is common; suitable after source/level check."
清ます,すます,N1,"{""N1"": 1}","{""community-independent"": ""N1""}",wordmaster,community-independent,1,lexical,"to clear, to make clear, to listen for",same-reading-different-writing|same-jmdict-entry,済ます|澄ます,,澄ます,すます,N1,すます|清ます|澄ます,yes,SINGLE_SOURCE,yes,no,yes,N1,no,,v5s:Godan verb with 'su' ending|vt:transitive verb,to clear; to make clear; to be unruffled; to look unconcerned; to feign indifference; to look demure,ADD_AFTER_SOURCE_CHECK,P2,"Only one external family supports the JLPT listing, but exact JMdict form is common; suitable after source/level check."
すみやか,すみやか,N1,"{""N1"": 1}","{""community-independent"": ""N1""}",wordmaster,community-independent,1,kana/loanword,speedy,same-reading-different-writing|same-jmdict-entry,速やか,,速やか,すみやか,N1,すみやか|速やか,yes,SINGLE_SOURCE,yes,yes,yes,,no,,adj-na:adjectival nouns or quasi-adjectives (keiyodoshi),quick; speedy; prompt; rapid; swift,ADD_AFTER_SOURCE_CHECK,P2,"Only one external family supports the JLPT listing, but exact JMdict form is common; suitable after source/level check."
剃る,する,N1,"{""N1"": 1}","{""waller-derived"": ""N1""}",openjlpt|waller,waller-derived,1,lexical,to shave,same-reading-different-writing|same-writing-different-reading|same-jmdict-entry,する|刷る|掏る|擦る,そる,する|剃る,する|そる,N2|N5,する|そる|剃る,yes,SINGLE_SOURCE,yes,yes,no,N2,yes,,v5r:Godan verb with 'ru' ending|vt:transitive verb,to shave,ADD_AFTER_SOURCE_CHECK,P2,"Only one external family supports the JLPT listing, but exact JMdict form is common; suitable after source/level check. JLPT level conflicts with JMdict/Waller enrichment; add the form but review level before publishing."
ずらっと,ずらっと,N1,"{""N1"": 2}","{""community-independent"": ""N1"", ""waller-derived"": ""N1""}",waller|wordmaster,community-independent|waller-derived,2,kana/loanword,"in a line, in a row",fully-absent,,,,,,,yes,HIGH,yes,no,no,N1,no,on-mim:onomatopoeic or mimetic word,adv:adverb (fukushi),in a line; in a row,ADD_HIGH_CONFIDENCE,P2,Supported by >=2 independent reference families and exact JMdict form exists.
制,せい,N1,"{""N1"": 1}","{""waller-derived"": ""N1""}",openjlpt|waller,waller-derived,1,lexical,system; organization; imperial command,same-reading-different-writing|same-jmdict-entry,せい|姓|性|正|生|精|背,,せい,せい,N5,せい|制,yes,SINGLE_SOURCE,yes,yes,yes,N1,no,,"n-suf:noun, used as a suffix|n:noun (common) (futsuumeishi)",system; organization; organisation; imperial command; laws; regulation,ADD_AFTER_SOURCE_CHECK,P2,"Only one external family supports the JLPT listing, but exact JMdict form is common; suitable after source/level check."
製,せい,N1,"{""N1"": 1}","{""waller-derived"": ""N1""}",openjlpt|waller,waller-derived,1,lexical,-made; make,same-reading-different-writing|same-jmdict-entry,せい|姓|性|正|生|精|背,,せい,せい,N5,せい|製,yes,SINGLE_SOURCE,yes,yes,yes,N1,no,,"n-suf:noun, used as a suffix|n:noun (common) (futsuumeishi)",make; manufacture; -made; made of ...; made in ...,ADD_AFTER_SOURCE_CHECK,P2,"Only one external family supports the JLPT listing, but exact JMdict form is common; suitable after source/level check."
伜,せがれ,N1,"{""N1"": 2}","{""community-independent"": ""N1"", ""waller-derived"": ""N1""}",openjlpt|waller|wordmaster,community-independent|waller-derived,2,lexical,son; my son,same-reading-different-writing|same-jmdict-entry,倅,,倅,せがれ,N1,せがれ|伜|倅|忰|悴,yes,HIGH,yes,no,no,N1,no,col:colloquial | hum:humble (kenjougo) language | uk:word usually written using kana alone,n:noun (common) (futsuumeishi),son; punk; brat; penis,ADD_DISTINCT_VARIANT,P2,Supported by >=2 families; exact form is a distinct reference-listed writing even though another form of the same JMdict entry already exists.
世辞,せじ,N1,"{""N1"": 2}","{""community-independent"": ""N1"", ""waller-derived"": ""N1""}",openjlpt|waller|wordmaster,community-independent|waller-derived,2,lexical,flattery; compliment,fully-absent,,,,,,,yes,HIGH,yes,no,no,N1,no,usu. お〜,n:noun (common) (futsuumeishi),flattery; compliment,ADD_HIGH_CONFIDENCE,P2,Supported by >=2 independent reference families and exact JMdict form exists.
宣教,せんきょう,N1,"{""N1"": 2}","{""community-independent"": ""N1"", ""waller-derived"": ""N1""}",openjlpt|waller|wordmaster,community-independent|waller-derived,2,lexical,religious mission,fully-absent,,,,,,,yes,HIGH,yes,no,no,N1,no,,n:noun (common) (futsuumeishi)|vi:intransitive verb|vs:noun or participle which takes the aux. verb suru,religious mission; religious proclamation,ADD_HIGH_CONFIDENCE,P2,Supported by >=2 independent reference families and exact JMdict form exists.
損う,そこなう,N1,"{""N1"": 1}","{""community-independent"": ""N1""}",wordmaster,community-independent,1,lexical,"to harm, to hurt",same-reading-different-writing|same-jmdict-entry,損なう,,損なう,そこなう,N2,そこなう|害う|損う|損なう,yes,SINGLE_SOURCE,yes,no,yes,N1,no,after the -masu stem of a verb | io:irregular okurigana usage,suf:suffix|v5u:Godan verb with 'u' ending|vt:transitive verb,to harm; to hurt; to injure; to damage; to spoil; to mar,ADD_AFTER_SOURCE_CHECK,P2,"Only one external family supports the JLPT listing, but exact JMdict form is common; suitable after source/level check."
具わる,そなわる,N1,"{""N1"": 1}","{""community-independent"": ""N1""}",wordmaster,community-independent,1,lexical,to be furnished with,same-reading-different-writing|same-jmdict-entry,備わる,,備わる,そなわる,N2,そなわる|備わる|具わる,yes,SINGLE_SOURCE,yes,yes,yes,N1,no,,v5r:Godan verb with 'ru' ending|vi:intransitive verb,to be furnished with; to be provided with; to be equipped with; to be possessed of; to be endowed with; to be gifted with,ADD_AFTER_SOURCE_CHECK,P2,"Only one external family supports the JLPT listing, but exact JMdict form is common; suitable after source/level check."
その外,そのほか,N1,"{""N1"": 1}","{""waller-derived"": ""N1""}",openjlpt|waller,waller-derived,1,lexical,besides; in addition; the rest,same-reading-different-writing|same-jmdict-entry,そのほか|その他,,そのほか|その他,そのほか,N2|N3,そのた|そのほか|その他|その外|其の他|其の外|其他,yes,SINGLE_SOURCE,yes,yes,yes,N2,yes,そのた is the more common reading when written,"adj-no:nouns which may take the genitive case particle 'no'|adv:adverb (fukushi)|exp:expressions (phrases, clauses, etc.)|n:noun (common) (futsuumeishi)",the rest; the others; in addition (to that); besides that; other than that; and other ...,ADD_AFTER_SOURCE_CHECK,P2,"Only one external family supports the JLPT listing, but exact JMdict form is common; suitable after source/level check. JLPT level conflicts with JMdict/Waller enrichment; add the form but review level before publishing."
其れ程,それほど,N1,"{""N1"": 1}","{""waller-derived"": ""N1""}",openjlpt|waller,waller-derived,1,lexical,to that degree; extent,same-reading-different-writing|same-jmdict-entry,それほど,,それほど,それほど,N3,それほど|それ程|其れ程|其程,yes,SINGLE_SOURCE,yes,yes,yes,N4,yes,uk:word usually written using kana alone,adv:adverb (fukushi),to that degree; to that extent; that much,ADD_AFTER_SOURCE_CHECK,P2,"Only one external family supports the JLPT listing, but exact JMdict form is common; suitable after source/level check. JLPT level conflicts with JMdict/Waller enrichment; add the form but review level before publishing."
焚火,たきび,N1,"{""N1"": 2}","{""community-independent"": ""N1"", ""waller-derived"": ""N1""}",openjlpt|waller|wordmaster,community-independent|waller-derived,2,lexical,(open) fire,same-reading-different-writing|same-jmdict-entry,焚き火,,焚き火,たきび,N1,たきび|たき火|焚き火|焚火,yes,HIGH,yes,no,no,N1,no,,n:noun (common) (futsuumeishi)|vi:intransitive verb|vs:noun or participle which takes the aux. verb suru,open-air fire (e.g. for garden refuse); bonfire; campfire; open fire (e.g. in a kitchen),ADD_DISTINCT_VARIANT,P2,Supported by >=2 families; exact form is a distinct reference-listed writing even though another form of the same JMdict entry already exists.
尊い,たっとい,N1,"{""N1"": 1}","{""waller-derived"": ""N1""}",openjlpt|waller,waller-derived,1,lexical,precious; valuable; priceless,same-writing-different-reading|same-jmdict-entry,,とうとい,尊い,とうとい,N2,たっとい|とうとい|尊い|貴い,yes,SINGLE_SOURCE,yes,yes,yes,N1,no,,adj-i:adjective (keiyoushi),precious; valuable; priceless; noble; exalted; sacred,ADD_AFTER_SOURCE_CHECK,P2,"Only one external family supports the JLPT listing, but exact JMdict form is common; suitable after source/level check."
貴い,たっとい,N1,"{""N1"": 1}","{""waller-derived"": ""N1""}",openjlpt|waller,waller-derived,1,lexical,precious; valuable; priceless,same-jmdict-entry,,,尊い,とうとい,N2,たっとい|とうとい|尊い|貴い,yes,SINGLE_SOURCE,yes,yes,yes,N1,no,,adj-i:adjective (keiyoushi),precious; valuable; priceless; noble; exalted; sacred,ADD_AFTER_SOURCE_CHECK,P2,"Only one external family supports the JLPT listing, but exact JMdict form is common; suitable after source/level check."
尊ぶ,たっとぶ,N1,"{""N1"": 1}","{""waller-derived"": ""N1""}",openjlpt|waller,waller-derived,1,lexical,to value; to prize; to esteem,same-writing-different-reading|same-jmdict-entry,,とうとぶ,尊ぶ,とうとぶ,N1,たっとぶ|とうとぶ|尊ぶ|尚ぶ|貴ぶ,yes,SINGLE_SOURCE,yes,yes,yes,N1,no,,v5b:Godan verb with 'bu' ending|vt:transitive verb,to value; to prize; to esteem; to respect; to honour; to honor,ADD_AFTER_SOURCE_CHECK,P2,"Only one external family supports the JLPT listing, but exact JMdict form is common; suitable after source/level check."
掌,たなごころ,N1,"{""N1"": 1}","{""waller-derived"": ""N1""}",openjlpt|waller,waller-derived,1,lexical,the palm,same-writing-different-reading|same-jmdict-entry,,てのひら,手のひら|掌,てのひら,N1,しょう|たなごころ|てのひら|手のひら|手の平|掌,yes,SINGLE_SOURCE,yes,yes,no,N1,no,,n:noun (common) (futsuumeishi),palm (of the hand),ADD_AFTER_SOURCE_CHECK,P2,"Only one external family supports the JLPT listing, but exact JMdict form is common; suitable after source/level check."
たれ,たれ,N1,"{""N1"": 1}","{""waller-derived"": ""N1""}",waller,waller-derived,1,kana/loanword,adjectival suffix for a person,same-reading-different-writing|same-jmdict-entry,垂れ,,垂れ,たれ,N1,たれ|だれ|タレ|ダレ|垂|垂れ,yes,SINGLE_SOURCE,yes,yes,yes,N1,no,comedian jargon | derog:derogatory | oft. ダレ in compounds | sl:slang | uk:word usually written using kana alone | used after a noun or na-adjective; also ったれ,"n-suf:noun, used as a suffix|n:noun (common) (futsuumeishi)","sauce (esp. soy or mirin-based dipping sauce); hanging; something hanging (flap, lappet, etc.); (kendo) loin guard; kanji radical enclosing the top-left corner of a character; woman",ADD_AFTER_SOURCE_CHECK,P2,"Only one external family supports the JLPT listing, but exact JMdict form is common; suitable after source/level check."
第,だい,N1,"{""N1"": 1}","{""waller-derived"": ""N1""}",openjlpt|waller,waller-derived,1,lexical,ordinal,same-reading-different-writing,台|大|題,,,,,,yes,SINGLE_SOURCE,yes,yes,yes,N1,no,,pref:prefix,prefix for forming ordinal numbers,ADD_AFTER_SOURCE_CHECK,P2,"Only one external family supports the JLPT listing, but exact JMdict form is common; suitable after source/level check."
だらけ,だらけ,N1,"{""N1"": 1}","{""waller-derived"": ""N1""}",waller,waller-derived,1,kana/loanword,implying (negatively) that something is full of e.g. mistakes,fully-absent,,,,,,,yes,SINGLE_SOURCE,yes,yes,yes,N1,no,,"n-suf:noun, used as a suffix","full of (e.g. mistakes); riddled with; covered all over with (blood, mud, etc.)",ADD_AFTER_SOURCE_CHECK,P2,"Only one external family supports the JLPT listing, but exact JMdict form is common; suitable after source/level check."
近付く,ちかづく,N1,"{""N1"": 1}","{""waller-derived"": ""N1""}",openjlpt|waller,waller-derived,1,lexical,to approach; to get near; to get acquainted with,same-reading-different-writing|same-jmdict-entry,近づく,,近づく,ちかづく,N2,ちかずく|ちかづく|近づく|近付く,yes,SINGLE_SOURCE,yes,yes,yes,N1,no,,v5k:Godan verb with 'ku' ending|vi:intransitive verb,to approach; to draw near; to get close; to get acquainted with; to get closer to; to get to know,ADD_AFTER_SOURCE_CHECK,P2,"Only one external family supports the JLPT listing, but exact JMdict form is common; suitable after source/level check."
父母,ちちはは,N1,"{""N1"": 1}","{""waller-derived"": ""N1""}",openjlpt|waller,waller-derived,1,lexical,father and mother; parents,same-writing-different-reading|same-jmdict-entry,,ふぼ,父母,ふぼ,N3,かぞいろ|かぞいろは|ちちはは|ててはは|ふぼ|ぶも|父母,yes,SINGLE_SOURCE,yes,yes,no,N2,yes,,n:noun (common) (futsuumeishi),father and mother; parents,ADD_AFTER_SOURCE_CHECK,P2,"Only one external family supports the JLPT listing, but exact JMdict form is common; suitable after source/level check. JLPT level conflicts with JMdict/Waller enrichment; add the form but review level before publishing."
昼間,ちゅうかん,N1,"{""N1"": 1}","{""waller-derived"": ""N1""}",openjlpt|waller,waller-derived,1,lexical,daytime; during the day,same-reading-different-writing|same-writing-different-reading|same-jmdict-entry,中間,ひるま,昼間,ひるま,N3,ちゅうかん|ひるま|昼間,yes,SINGLE_SOURCE,yes,yes,no,N4,yes,,adv:adverb (fukushi)|n:noun (common) (futsuumeishi),daytime; during the day; time from sunrise until sunset; diurnal period,ADD_AFTER_SOURCE_CHECK,P2,"Only one external family supports the JLPT listing, but exact JMdict form is common; suitable after source/level check. JLPT level conflicts with JMdict/Waller enrichment; add the form but review level before publishing."
中指,ちゅうし,N1,"{""N1"": 1}","{""waller-derived"": ""N1""}",openjlpt|waller,waller-derived,1,lexical,middle finger,same-reading-different-writing|same-writing-different-reading|same-jmdict-entry,中止,なかゆび,中指,なかゆび,N3,ちゅうし|なかゆび|中指,yes,SINGLE_SOURCE,yes,yes,no,N2,yes,,n:noun (common) (futsuumeishi),middle finger; long finger; second finger; tall finger; middle toe; third toe,ADD_AFTER_SOURCE_CHECK,P2,"Only one external family supports the JLPT listing, but exact JMdict form is common; suitable after source/level check. JLPT level conflicts with JMdict/Waller enrichment; add the form but review level before publishing."
仲人,ちゅうにん,N1,"{""N1"": 1}","{""waller-derived"": ""N1""}",openjlpt|waller,waller-derived,1,lexical,go-between; matchmaker,same-writing-different-reading|same-jmdict-entry,,なこうど,仲人,なこうど,N1,ちゅうにん|なこうど|仲人|媒|媒人,yes,SINGLE_SOURCE,yes,yes,no,N1,no,esp. ちゅうにん | esp. なこうど,n:noun (common) (futsuumeishi),matchmaker; go-between; intermediary; middleman; mediator; intercessor,ADD_AFTER_SOURCE_CHECK,P2,"Only one external family supports the JLPT listing, but exact JMdict form is common; suitable after source/level check."
昼飯,ちゅうはん,N1,"{""N1"": 1}","{""waller-derived"": ""N1""}",openjlpt|waller,waller-derived,1,lexical,lunch; midday meal,same-writing-different-reading|same-jmdict-entry,,ひるめし,昼飯,ひるめし,N1,ちゅうはん|ひるはん|ひるめし|昼めし|昼メシ|昼飯,yes,SINGLE_SOURCE,yes,yes,no,N1,no,,n:noun (common) (futsuumeishi),lunch; midday meal,ADD_AFTER_SOURCE_CHECK,P2,"Only one external family supports the JLPT listing, but exact JMdict form is common; suitable after source/level check."
長大,ちょうだい,N1,"{""N1"": 1}","{""waller-derived"": ""N1""}",openjlpt|waller,waller-derived,1,lexical,very long; great length,same-reading-different-writing,頂戴,,,,,,yes,SINGLE_SOURCE,yes,yes,yes,N1,no,,adj-na:adjectival nouns or quasi-adjectives (keiyodoshi)|n:noun (common) (futsuumeishi),long and large; tall and large; grand; huge,ADD_AFTER_SOURCE_CHECK,P2,"Only one external family supports the JLPT listing, but exact JMdict form is common; suitable after source/level check."
丁目,ちょうめ,N1,"{""N1"": 1}","{""waller-derived"": ""N1""}",openjlpt|waller,waller-derived,1,lexical,district of a town; city block (of irregular size),fully-absent,,,,,,,yes,SINGLE_SOURCE,yes,yes,yes,N1,no,,n:noun (common) (futsuumeishi),district of a town; city block (of irregular size),ADD_AFTER_SOURCE_CHECK,P2,"Only one external family supports the JLPT listing, but exact JMdict form is common; suitable after source/level check."
遣い,つかい,N1,"{""N1"": 1}","{""waller-derived"": ""N1""}",openjlpt|waller,waller-derived,1,lexical,mission; simple task; doing,same-reading-different-writing|same-jmdict-entry,使い,,使い,つかい,N1,つかい|使い|遣い,yes,SINGLE_SOURCE,yes,no,yes,N1,no,oft. read づかい when used as a suffix,"n-pref:noun, used as a prefix|n-suf:noun, used as a suffix|n:noun (common) (futsuumeishi)",errand; mission; going on an errand; messenger; bearer; errand boy,ADD_AFTER_SOURCE_CHECK,P2,"Only one external family supports the JLPT listing, but exact JMdict form is common; suitable after source/level check."
月並,つきなみ,N1,"{""N1"": 1}","{""community-independent"": ""N1""}",wordmaster,community-independent,1,lexical,"conventional, trite, common",same-reading-different-writing|same-jmdict-entry,月並み,,月並み,つきなみ,N1,げつじ|つきなみ|月並|月並み|月次,yes,SINGLE_SOURCE,yes,yes,yes,N1,no,orig. used as an insult towards old-fashioned poets who would meet monthly to write poetry,adj-na:adjectival nouns or quasi-adjectives (keiyodoshi)|adj-no:nouns which may take the genitive case particle 'no'|n:noun (common) (futsuumeishi),every month; trite; commonplace; conventional; hackneyed,ADD_AFTER_SOURCE_CHECK,P2,"Only one external family supports the JLPT listing, but exact JMdict form is common; suitable after source/level check."
謹む,つつしむ,N1,"{""N1"": 1}","{""community-independent"": ""N1""}",wordmaster,community-independent,1,lexical,"to be careful, to be chaste or discreet",same-reading-different-writing|same-jmdict-entry,慎む,,慎む,つつしむ,N1,つつしむ|慎む|虔む|謹む,yes,SINGLE_SOURCE,yes,no,yes,N1,no,usu. 慎む,v5m:Godan verb with 'mu' ending|vt:transitive verb,to be careful; to be discreet; to do in moderation; to refrain (from overdoing); to abstain; to be reverent,ADD_AFTER_SOURCE_CHECK,P2,"Only one external family supports the JLPT listing, but exact JMdict form is common; suitable after source/level check."
吊り革,つりかわ,N1,"{""N1"": 2}","{""community-independent"": ""N1"", ""waller-derived"": ""N1""}",openjlpt|waller|wordmaster,community-independent|waller-derived,2,lexical,strap,same-reading-different-writing|same-jmdict-entry,つり革|吊革,,つり革|吊革,つりかわ,N1,つりかわ|つり革|吊り革|吊革|釣り革|釣革,yes,HIGH,yes,no,no,N1,no,,n:noun (common) (futsuumeishi),strap (to hang onto); hanging strap,ADD_DISTINCT_VARIANT,P2,Supported by >=2 families; exact form is a distinct reference-listed writing even though another form of the same JMdict entry already exists.
手引,てびき,N1,"{""N1"": 1}","{""community-independent"": ""N1""}",wordmaster,community-independent,1,lexical,"guidance, guide, introduction",same-reading-different-writing|same-jmdict-entry,手引き,,手引き,てびき,N1,てびき|手びき|手引|手引き,yes,SINGLE_SOURCE,yes,yes,yes,N1,no,,n:noun (common) (futsuumeishi)|vs:noun or participle which takes the aux. verb suru|vt:transitive verb,guidance; lead; acting as guide; giving assistance; introduction; good offices,ADD_AFTER_SOURCE_CHECK,P2,"Only one external family supports the JLPT listing, but exact JMdict form is common; suitable after source/level check."
点火,てんか,N1,"{""N1"": 1}","{""waller-derived"": ""N1""}",openjlpt|waller,waller-derived,1,lexical,ignition; lighting; set fire to,same-reading-different-writing,天下|添加|転化|転嫁,,,,,,yes,SINGLE_SOURCE,yes,yes,yes,N1,no,,n:noun (common) (futsuumeishi)|vi:intransitive verb|vs:noun or participle which takes the aux. verb suru|vt:transitive verb,ignition; lighting; firing; setting off,ADD_AFTER_SOURCE_CHECK,P2,"Only one external family supports the JLPT listing, but exact JMdict form is common; suitable after source/level check."
転転,てんてん,N1,"{""N1"": 1}","{""waller-derived"": ""N1""}",openjlpt|waller,waller-derived,1,lexical,rolling about; moving from place to place; being passed around repeatedly,same-reading-different-writing|same-jmdict-entry,点々|転々,,転々,てんてん,N2,てんてん|転々|転転,yes,SINGLE_SOURCE,yes,no,yes,N2,yes,,adv-to:adverb taking the 'to' particle|adv:adverb (fukushi)|n:noun (common) (futsuumeishi)|vs:noun or participle which takes the aux. verb suru,moving from place to place; being passed around repeatedly; rolling about,ADD_AFTER_SOURCE_CHECK,P2,"Only one external family supports the JLPT listing, but exact JMdict form is common; suitable after source/level check. JLPT level conflicts with JMdict/Waller enrichment; add the form but review level before publishing."
出合う,であう,N1,"{""N1"": 1}","{""waller-derived"": ""N1""}",openjlpt|waller,waller-derived,1,lexical,to meet by chance; to come across; to happen to encounter,same-reading-different-writing|same-jmdict-entry,出会う,,出会う,であう,N2,であう|出あう|出会う|出合う|出逢う|出遭う,yes,SINGLE_SOURCE,yes,yes,yes,N3,yes,esp. 出合う | often used imperatively as 出会え | 出遭う usu. has a negative connotation,v5u:Godan verb with 'u' ending|vi:intransitive verb,"to meet (by chance); to come across; to run across; to encounter; to happen upon; to meet (e.g. of rivers, highways, etc.)",ADD_AFTER_SOURCE_CHECK,P2,"Only one external family supports the JLPT listing, but exact JMdict form is common; suitable after source/level check. JLPT level conflicts with JMdict/Waller enrichment; add the form but review level before publishing."
問屋,といや,N1,"{""N1"": 1}","{""waller-derived"": ""N1""}",openjlpt|waller,waller-derived,1,lexical,wholesale store,same-writing-different-reading|same-jmdict-entry,,とんや,問屋,とんや,N1,といや|とんや|問屋,yes,SINGLE_SOURCE,yes,yes,no,N1,no,,n:noun (common) (futsuumeishi),wholesale store; wholesale dealer; wholesaler,ADD_AFTER_SOURCE_CHECK,P2,"Only one external family supports the JLPT listing, but exact JMdict form is common; suitable after source/level check."
統治,とうじ,N1,"{""N1"": 1}","{""waller-derived"": ""N1""}",openjlpt|waller,waller-derived,1,lexical,rule; reign; government,same-reading-different-writing,冬至|当時|湯治,,,,,,yes,SINGLE_SOURCE,yes,yes,no,N1,no,,n:noun (common) (futsuumeishi)|vs:noun or participle which takes the aux. verb suru|vt:transitive verb,rule; reign; government; governing,ADD_AFTER_SOURCE_CHECK,P2,"Only one external family supports the JLPT listing, but exact JMdict form is common; suitable after source/level check."
統治,とうち,N1,"{""N1"": 1}","{""community-independent"": ""N1""}",wordmaster,community-independent,1,lexical,"rule, reign, governing",fully-absent,,,,,,,yes,SINGLE_SOURCE,yes,yes,yes,N1,no,,n:noun (common) (futsuumeishi)|vs:noun or participle which takes the aux. verb suru|vt:transitive verb,rule; reign; government; governing,ADD_AFTER_SOURCE_CHECK,P2,"Only one external family supports the JLPT listing, but exact JMdict form is common; suitable after source/level check."
貴い,とうとい,N1,"{""N1"": 1}","{""community-independent"": ""N1""}",wordmaster,community-independent,1,lexical,"precious, valuable, noble",same-reading-different-writing|same-jmdict-entry,尊い,,尊い,とうとい,N2,たっとい|とうとい|尊い|貴い,yes,SINGLE_SOURCE,yes,yes,yes,N1,no,,adj-i:adjective (keiyoushi),precious; valuable; priceless; noble; exalted; sacred,ADD_AFTER_SOURCE_CHECK,P2,"Only one external family supports the JLPT listing, but exact JMdict form is common; suitable after source/level check."
とがめる,とがめる,N1,"{""N1"": 1}","{""community-independent"": ""N1""}",wordmaster,community-independent,1,kana/loanword,"to blame, to rebuke",same-reading-different-writing|same-jmdict-entry,咎める,,咎める,とがめる,N1,とがめる|咎める|尤める,yes,SINGLE_SOURCE,yes,yes,yes,N1,no,,v1:Ichidan verb|vi:intransitive verb|vt:transitive verb,to blame; to reproach; to censure; to rebuke; to reprove; to find fault,ADD_AFTER_SOURCE_CHECK,P2,"Only one external family supports the JLPT listing, but exact JMdict form is common; suitable after source/level check."
とぎれる,とぎれる,N1,"{""N1"": 1}","{""community-independent"": ""N1""}",wordmaster,community-independent,1,kana/loanword,"to pause, to be interrupted",same-reading-different-writing|same-jmdict-entry,途切れる,,途切れる,とぎれる,N1,とぎれる|跡切れる|途切れる,yes,SINGLE_SOURCE,yes,yes,yes,N1,no,,v1:Ichidan verb|vi:intransitive verb,to break off; to come to an end; to be interrupted; to be cut short; to pause,ADD_AFTER_SOURCE_CHECK,P2,"Only one external family supports the JLPT listing, but exact JMdict form is common; suitable after source/level check."
跡切れる,とぎれる,N1,"{""N1"": 1}","{""waller-derived"": ""N1""}",openjlpt|waller,waller-derived,1,lexical,to pause; to be interrupted,same-reading-different-writing|same-jmdict-entry,途切れる,,途切れる,とぎれる,N1,とぎれる|跡切れる|途切れる,yes,SINGLE_SOURCE,yes,no,yes,N1,no,,v1:Ichidan verb|vi:intransitive verb,to break off; to come to an end; to be interrupted; to be cut short; to pause,ADD_AFTER_SOURCE_CHECK,P2,"Only one external family supports the JLPT listing, but exact JMdict form is common; suitable after source/level check."
特派,とくは,N1,"{""N1"": 2}","{""community-independent"": ""N1"", ""waller-derived"": ""N1""}",openjlpt|waller|wordmaster,community-independent|waller-derived,2,lexical,send specially; special envoy,fully-absent,,,,,,,yes,HIGH,yes,no,no,N1,no,,n:noun (common) (futsuumeishi)|vs:noun or participle which takes the aux. verb suru|vt:transitive verb,send specially; special envoy,ADD_HIGH_CONFIDENCE,P2,Supported by >=2 independent reference families and exact JMdict form exists.
とっさに,とっさに,N1,"{""N1"": 1}","{""community-independent"": ""N1""}",wordmaster,community-independent,1,kana/loanword,at once,fully-absent,,,,,,,yes,SINGLE_SOURCE,yes,yes,yes,,no,uk:word usually written using kana alone,adv:adverb (fukushi),at once; immediately; instantly; in an instant; quickly; suddenly,ADD_AFTER_SOURCE_CHECK,P2,"Only one external family supports the JLPT listing, but exact JMdict form is common; suitable after source/level check."
とって,とって,N1,"{""N1"": 1}","{""community-independent"": ""N1""}",wordmaster,community-independent,1,kana/loanword,"handle, grip, knob",same-reading-different-writing|same-jmdict-entry,取っ手,,取っ手,とって,N3,とって|はしゅ|取っ手|取手|把っ手|把手,yes,SINGLE_SOURCE,yes,yes,yes,N1,no,,n:noun (common) (futsuumeishi),handle; grip; knob,ADD_AFTER_SOURCE_CHECK,P2,"Only one external family supports the JLPT listing, but exact JMdict form is common; suitable after source/level check."
届,とどけ,N1,"{""N1"": 1}","{""community-independent"": ""N1""}",wordmaster,community-independent,1,lexical,"report, notification, registration",same-reading-different-writing|same-jmdict-entry,届け,,届け,とどけ,N3,とどけ|届|届け,yes,SINGLE_SOURCE,yes,yes,yes,N1,no,,"n-suf:noun, used as a suffix|n:noun (common) (futsuumeishi)",report; notification; registration,ADD_AFTER_SOURCE_CHECK,P2,"Only one external family supports the JLPT listing, but exact JMdict form is common; suitable after source/level check."
トランジスター,トランジスター,N1,"{""N1"": 2}","{""community-independent"": ""N1"", ""waller-derived"": ""N1""}",waller|wordmaster,community-independent|waller-derived,2,kana/loanword,transistor,same-jmdict-entry,,,トランジスタ,トランジスタ,N1,トランジスタ|トランジスター,yes,HIGH,yes,no,no,N1,no,,n:noun (common) (futsuumeishi),transistor,ADD_DISTINCT_VARIANT,P2,Supported by >=2 families; exact form is a distinct reference-listed writing even though another form of the same JMdict entry already exists.
取扱,とりあつかい,N1,"{""N1"": 1}","{""community-independent"": ""N1""}",wordmaster,community-independent,1,lexical,"treatment, handling, management",same-reading-different-writing|same-jmdict-entry,取り扱い,,取り扱い,とりあつかい,N2,とりあつかい|取り扱|取り扱い|取扱|取扱い,yes,SINGLE_SOURCE,yes,yes,yes,N1,no,,n:noun (common) (futsuumeishi),treatment; service; handling; management,ADD_AFTER_SOURCE_CHECK,P2,"Only one external family supports the JLPT listing, but exact JMdict form is common; suitable after source/level check."
取り替え,とりかえ,N1,"{""N1"": 2}","{""community-independent"": ""N1"", ""waller-derived"": ""N1""}",openjlpt|waller|wordmaster,community-independent|waller-derived,2,lexical,swap; exchange,fully-absent,,,,,,,yes,HIGH,yes,no,no,N1,no,,n:noun (common) (futsuumeishi),swap; exchange,ADD_HIGH_CONFIDENCE,P2,Supported by >=2 independent reference families and exact JMdict form exists.
取締り,とりしまり,N1,"{""N1"": 1}","{""community-independent"": ""N1""}",wordmaster,community-independent,1,lexical,管制,same-reading-different-writing|same-jmdict-entry,取り締まり,,取り締まり,とりしまり,N1,とりしまり|取り締まり|取り締り|取締|取締まり|取締り,yes,SINGLE_SOURCE,yes,yes,yes,N1,no,,n:noun (common) (futsuumeishi),control; management; supervision,ADD_AFTER_SOURCE_CHECK,P2,"Only one external family supports the JLPT listing, but exact JMdict form is common; suitable after source/level check."
副,とりわけ,N1,"{""N1"": 2}","{""community-independent"": ""N1"", ""waller-derived"": ""N1""}",openjlpt|wordmaster,community-independent|waller-derived,2,lexical,especially; above all,same-reading-different-writing|same-writing-different-reading,とりわけ|取り分け,ふく,,,,,no,HIGH,no,no,no,,no,,,,MANUAL_VERIFY_SOURCE,P2,Exact written-form + reading was not resolved in the JMdict common/JLPT subset; verify source spelling and lexical status before adding.
何方,どなた,N1,"{""N1"": 1}","{""waller-derived"": ""N1""}",waller,waller-derived,1,lexical,who?,same-reading-different-writing|same-jmdict-entry,どなた,,どなた,どなた,N5,どなた|何方,yes,SINGLE_SOURCE,yes,yes,yes,N5,yes,hon:honorific or respectful (sonkeigo) language | uk:word usually written using kana alone,pn:pronoun,who,ADD_AFTER_SOURCE_CHECK,P2,"Only one external family supports the JLPT listing, but exact JMdict form is common; suitable after source/level check. JLPT level conflicts with JMdict/Waller enrichment; add the form but review level before publishing."
中程,なかほど,N1,"{""N1"": 2}","{""community-independent"": ""N1"", ""waller-derived"": ""N1""}",openjlpt|waller|wordmaster,community-independent|waller-derived,2,lexical,middle; midway,same-reading-different-writing|same-jmdict-entry,なかほど|中ほど,,なかほど|中ほど,なかほど,N1,なかほど|中ほど|中程,yes,HIGH,yes,no,no,N1,no,,n:noun (common) (futsuumeishi),(about) middle; midway,ADD_DISTINCT_VARIANT,P2,Supported by >=2 families; exact form is a distinct reference-listed writing even though another form of the same JMdict entry already exists.
情深い,なさけぶかい,N1,"{""N1"": 1}","{""community-independent"": ""N1""}",wordmaster,community-independent,1,lexical,"tender-hearted, compassionate",same-reading-different-writing|same-jmdict-entry,情け深い,,情け深い,なさけぶかい,N1,なさけぶかい|情け深い|情深い,yes,SINGLE_SOURCE,yes,no,yes,N1,no,,adj-i:adjective (keiyoushi),tender-hearted; compassionate; charitable; good-hearted,ADD_AFTER_SOURCE_CHECK,P2,"Only one external family supports the JLPT listing, but exact JMdict form is common; suitable after source/level check."
なにより,なにより,N1,"{""N1"": 1}","{""community-independent"": ""N1""}",wordmaster,community-independent,1,kana/loanword,"most, best",same-reading-different-writing|same-jmdict-entry,何より,,何より,なにより,N2,なにより|何より,yes,SINGLE_SOURCE,yes,yes,yes,N1,no,,"adj-no:nouns which may take the genitive case particle 'no'|adv:adverb (fukushi)|exp:expressions (phrases, clauses, etc.)|n:noun (common) (futsuumeishi)",above anything else; above all; more than anything; best; greatest; excellent,ADD_AFTER_SOURCE_CHECK,P2,"Only one external family supports the JLPT listing, but exact JMdict form is common; suitable after source/level check."
鈍る,なまる,N1,"{""N1"": 1}","{""waller-derived"": ""N1""}",openjlpt|waller,waller-derived,1,lexical,to become less capable; to grow dull; to become blunt,same-writing-different-reading|same-jmdict-entry,,にぶる,鈍る,にぶる,N1,なまる|にぶる|鈍る,yes,SINGLE_SOURCE,yes,yes,no,N1,no,,v5r:Godan verb with 'ru' ending|vi:intransitive verb,to become blunt; to grow dull; to become less capable; to weaken; to falter,ADD_AFTER_SOURCE_CHECK,P2,"Only one external family supports the JLPT listing, but exact JMdict form is common; suitable after source/level check."
二人,ににん,N1,"{""N1"": 1}","{""waller-derived"": ""N1""}",openjlpt|waller,waller-derived,1,lexical,two persons; two people; pair,same-writing-different-reading|same-jmdict-entry,,ふたり,二人,ふたり,N5,ににん|ふたり|二人|２人,yes,SINGLE_SOURCE,yes,yes,no,N5,yes,,n:noun (common) (futsuumeishi),two persons; two people; pair; couple,ADD_AFTER_SOURCE_CHECK,P2,"Only one external family supports the JLPT listing, but exact JMdict form is common; suitable after source/level check. JLPT level conflicts with JMdict/Waller enrichment; add the form but review level before publishing."
にも拘らず,にもかかわらず,N1,"{""N1"": 1}","{""waller-derived"": ""N1""}",openjlpt|waller,waller-derived,1,lexical,in spite of; nevertheless,same-reading-different-writing|same-jmdict-entry,にもかかわらず|にも関わらず,,にもかかわらず|にも関わらず,にもかかわらず,N1|N2,にもかかわらず|にも拘らず|にも拘わらず|にも関らず|にも関わらず,yes,SINGLE_SOURCE,yes,yes,yes,N1,no,uk:word usually written using kana alone,"conj:conjunction|exp:expressions (phrases, clauses, etc.)",in spite of; despite; although; nonetheless; nevertheless; but,ADD_AFTER_SOURCE_CHECK,P2,"Only one external family supports the JLPT listing, but exact JMdict form is common; suitable after source/level check."
俄か,にわか,N1,"{""N1"": 1}","{""waller-derived"": ""N1""}",openjlpt|waller,waller-derived,1,lexical,sudden; abrupt; unexpected,same-reading-different-writing|same-jmdict-entry,にわか|俄,,にわか|俄,にわか,N1|N2,にわか|仁輪加|俄|俄か,yes,SINGLE_SOURCE,yes,no,yes,N2,yes,abbr:abbreviation | sl:slang | sometimes written as 仁輪加 | uk:word usually written using kana alone,adj-na:adjectival nouns or quasi-adjectives (keiyodoshi)|adj-no:nouns which may take the genitive case particle 'no'|n:noun (common) (futsuumeishi),sudden; abrupt; unexpected; immediate; hasty; improvised,ADD_AFTER_SOURCE_CHECK,P2,"Only one external family supports the JLPT listing, but exact JMdict form is common; suitable after source/level check. JLPT level conflicts with JMdict/Waller enrichment; add the form but review level before publishing."
軒並,のきなみ,N1,"{""N1"": 1}","{""community-independent"": ""N1""}",wordmaster,community-independent,1,lexical,row of houses; uniformly,same-reading-different-writing|same-jmdict-entry,軒並み,,軒並み,のきなみ,N1,のきなみ|軒並|軒並み,yes,SINGLE_SOURCE,yes,yes,yes,N1,no,,adv:adverb (fukushi)|n:noun (common) (futsuumeishi),row of houses; every house; each house; every door; all; totally,ADD_AFTER_SOURCE_CHECK,P2,"Only one external family supports the JLPT listing, but exact JMdict form is common; suitable after source/level check."
墓地,はかち,N1,"{""N1"": 1}","{""waller-derived"": ""N1""}",openjlpt|waller,waller-derived,1,lexical,cemetery; graveyard,same-writing-different-reading|same-jmdict-entry,,ぼち,墓地,ぼち,N1,はかち|ぼち|墓地,yes,SINGLE_SOURCE,yes,yes,no,N1,no,,n:noun (common) (futsuumeishi),cemetery; graveyard,ADD_AFTER_SOURCE_CHECK,P2,"Only one external family supports the JLPT listing, but exact JMdict form is common; suitable after source/level check."
始めまして,はじめまして,N1,"{""N1"": 1}","{""waller-derived"": ""N1""}",openjlpt|waller,waller-derived,1,lexical,How do you do?; I am glad to meet you,same-reading-different-writing|same-jmdict-entry,初めまして,,初めまして,はじめまして,N5,はじめまして|初めまして|始めまして,yes,SINGLE_SOURCE,yes,yes,yes,N2,yes,pol:polite (teineigo) language | uk:word usually written using kana alone,"exp:expressions (phrases, clauses, etc.)",nice to meet you; I'm glad to make your acquaintance; how do you do?,ADD_AFTER_SOURCE_CHECK,P2,"Only one external family supports the JLPT listing, but exact JMdict form is common; suitable after source/level check. JLPT level conflicts with JMdict/Waller enrichment; add the form but review level before publishing."
発足,はっそく,N1,"{""N1"": 1}","{""waller-derived"": ""N1""}",openjlpt|waller,waller-derived,1,lexical,starting; inauguration,same-writing-different-reading|same-jmdict-entry,,ほっそく,発足,ほっそく,N1,はっそく|ほっそく|発足,yes,SINGLE_SOURCE,yes,yes,no,N1,no,,n:noun (common) (futsuumeishi)|vi:intransitive verb|vs:noun or participle which takes the aux. verb suru,starting; inauguration; launch; founding; establishment; start-up,ADD_AFTER_SOURCE_CHECK,P2,"Only one external family supports the JLPT listing, but exact JMdict form is common; suitable after source/level check."
腹立ち,はらだち,N1,"{""N1"": 2}","{""community-independent"": ""N1"", ""waller-derived"": ""N1""}",openjlpt|waller|wordmaster,community-independent|waller-derived,2,lexical,anger,fully-absent,,,,,,,yes,HIGH,yes,no,no,N1,no,,n:noun (common) (futsuumeishi),anger,ADD_HIGH_CONFIDENCE,P2,Supported by >=2 independent reference families and exact JMdict form exists.
判,ばん,N1,"{""N1"": 1}","{""waller-derived"": ""N1""}",waller,waller-derived,1,lexical,size (of paper or books),same-reading-different-writing|same-writing-different-reading|same-jmdict-entry,バン|万|晩|番,はん,判,はん,N2,はん|ばん|判,yes,SINGLE_SOURCE,yes,yes,no,N1,no,,"n-suf:noun, used as a suffix|n:noun (common) (futsuumeishi)",seal; stamp; monogram signature; judgment; judgement; size (of paper or books),ADD_AFTER_SOURCE_CHECK,P2,"Only one external family supports the JLPT listing, but exact JMdict form is common; suitable after source/level check."
万人,ばんじん,N1,"{""N1"": 1}","{""waller-derived"": ""N1""}",openjlpt|waller,waller-derived,1,lexical,all people; everybody; 10000 people,same-writing-different-reading|same-jmdict-entry,,ばんにん,万人,ばんにん,N3,ばんじん|ばんにん|まんにん|万人,yes,SINGLE_SOURCE,yes,yes,yes,N1,no,,n:noun (common) (futsuumeishi),all people; everybody,ADD_AFTER_SOURCE_CHECK,P2,"Only one external family supports the JLPT listing, but exact JMdict form is common; suitable after source/level check."
番目,ばんめ,N1,"{""N1"": 1}","{""waller-derived"": ""N1""}",openjlpt|waller,waller-derived,1,lexical,cardinal number suffix,fully-absent,,,,,,,yes,SINGLE_SOURCE,yes,yes,yes,N1,no,indicates position in a sequence,ctr:counter|n:noun (common) (futsuumeishi),the nth ...; divisions of a kabuki performance,ADD_AFTER_SOURCE_CHECK,P2,"Only one external family supports the JLPT listing, but exact JMdict form is common; suitable after source/level check."
引き下げる,ひきさげる,N1,"{""N1"": 1}","{""waller-derived"": ""N1""}",openjlpt|waller,waller-derived,1,lexical,to pull down; to lower; to reduce,fully-absent,,,,,,,yes,SINGLE_SOURCE,yes,yes,yes,N1,no,,v1:Ichidan verb|vt:transitive verb,"to lower (a price, tax, standard, etc.); to bring down; to reduce; to cut; to demote; to withdraw (a proposal, request, etc.)",ADD_AFTER_SOURCE_CHECK,P2,"Only one external family supports the JLPT listing, but exact JMdict form is common; suitable after source/level check."
久し振り,ひさしぶり,N1,"{""N1"": 1}","{""waller-derived"": ""N1""}",openjlpt|waller,waller-derived,1,lexical,after a long time,same-reading-different-writing|same-jmdict-entry,久しぶり,,久しぶり,ひさしぶり,N4,ひさしぶり|久しぶり|久し振り,yes,SINGLE_SOURCE,yes,yes,yes,N4,yes,,"adj-na:adjectival nouns or quasi-adjectives (keiyodoshi)|adj-no:nouns which may take the genitive case particle 'no'|exp:expressions (phrases, clauses, etc.)|n:noun (common) (futsuumeishi)",a long time (since the last time); first in a long time; it's been a long time; long time no see,ADD_AFTER_SOURCE_CHECK,P2,"Only one external family supports the JLPT listing, but exact JMdict form is common; suitable after source/level check. JLPT level conflicts with JMdict/Waller enrichment; add the form but review level before publishing."
単,ひとえ,N1,"{""N1"": 1}","{""waller-derived"": ""N1""}",openjlpt|waller,waller-derived,1,lexical,one layer; single,same-reading-different-writing|same-writing-different-reading|same-jmdict-entry,一重,たん,一重,ひとえ,N1,ひとえ|一重|単,yes,SINGLE_SOURCE,yes,no,yes,N1,no,abbr:abbreviation | usu. 単,adj-no:nouns which may take the genitive case particle 'no'|n:noun (common) (futsuumeishi),one layer; single layer; monopetalous; unlined kimono; single-edged eyelid; eyelid with an epicanthic fold,ADD_AFTER_SOURCE_CHECK,P2,"Only one external family supports the JLPT listing, but exact JMdict form is common; suitable after source/level check."
一まず,ひとまず,N1,"{""N1"": 1}","{""waller-derived"": ""N1""}",openjlpt|waller,waller-derived,1,lexical,for the present; once; in outline,same-reading-different-writing|same-jmdict-entry,ひとまず|一先ず,,ひとまず|一先ず,ひとまず,N1|N2,ひとまず|ひと先ず|一と先ず|一まず|一先|一先ず,yes,SINGLE_SOURCE,yes,no,yes,N2,yes,uk:word usually written using kana alone,adv:adverb (fukushi),for now; for the time being; for the present; though not quite satisfactorily; after a fashion,ADD_AFTER_SOURCE_CHECK,P2,"Only one external family supports the JLPT listing, but exact JMdict form is common; suitable after source/level check. JLPT level conflicts with JMdict/Waller enrichment; add the form but review level before publishing."
一人でに,ひとりでに,N1,"{""N1"": 1}","{""waller-derived"": ""N1""}",openjlpt|waller,waller-derived,1,lexical,by itself; automatically; naturally,same-reading-different-writing|same-jmdict-entry,ひとりでに|独りでに,,ひとりでに|独りでに,ひとりでに,N2,ひとりでに|一人でに|独りでに,yes,SINGLE_SOURCE,yes,no,yes,N2,yes,iK:word containing irregular kanji usage | uk:word usually written using kana alone,adv:adverb (fukushi),by itself; automatically; naturally,ADD_AFTER_SOURCE_CHECK,P2,"Only one external family supports the JLPT listing, but exact JMdict form is common; suitable after source/level check. JLPT level conflicts with JMdict/Waller enrichment; add the form but review level before publishing."
百科辞典,ひゃっかじてん,N1,"{""N1"": 1}","{""waller-derived"": ""N1""}",openjlpt|waller,waller-derived,1,lexical,encyclopedia,same-reading-different-writing|same-jmdict-entry,百科事典,,百科事典,ひゃっかじてん,N2,ひゃっかじてん|百科事典|百科辞典,yes,SINGLE_SOURCE,yes,yes,yes,N2,yes,,n:noun (common) (futsuumeishi),encyclopedia; encyclopaedia,ADD_AFTER_SOURCE_CHECK,P2,"Only one external family supports the JLPT listing, but exact JMdict form is common; suitable after source/level check. JLPT level conflicts with JMdict/Waller enrichment; add the form but review level before publishing."
膨張,ぼうちょう,N1,"{""N1"": 1}","{""community-independent"": ""N1""}",wordmaster,community-independent,1,lexical,"expansion, swelling, increase",fully-absent,,,,,,,yes,SINGLE_SOURCE,yes,yes,yes,N1,no,,n:noun (common) (futsuumeishi)|vi:intransitive verb|vs:noun or participle which takes the aux. verb suru,expansion; swelling; increase; growth,ADD_AFTER_SOURCE_CHECK,P2,"Only one external family supports the JLPT listing, but exact JMdict form is common; suitable after source/level check."
膨脹,ぼうちょう,N1,"{""N1"": 1}","{""waller-derived"": ""N1""}",openjlpt|waller,waller-derived,1,lexical,expansion; swelling; increase,fully-absent,,,,,,,yes,SINGLE_SOURCE,yes,no,yes,N1,no,,n:noun (common) (futsuumeishi)|vi:intransitive verb|vs:noun or participle which takes the aux. verb suru,expansion; swelling; increase; growth,ADD_AFTER_SOURCE_CHECK,P2,"Only one external family supports the JLPT listing, but exact JMdict form is common; suitable after source/level check."
惚ける,ぼける,N1,"{""N1"": 1}","{""community-independent"": ""N1""}",wordmaster,community-independent,1,lexical,"to grow senile, to fade",same-reading-different-writing|same-jmdict-entry,ぼける,,ぼける,ぼける,N1,ぼける|ボケる|呆ける|惚ける|耄ける,yes,SINGLE_SOURCE,yes,yes,yes,,no,uk:word usually written using kana alone,v1:Ichidan verb|vi:intransitive verb,to grow senile; to be childish with age; to be mentally slow; to be befuddled; to play stupid; to say something stupid (oft. on purpose; esp. as part of a comedic routine),ADD_AFTER_SOURCE_CHECK,P2,"Only one external family supports the JLPT listing, but exact JMdict form is common; suitable after source/level check."
前売,まえうり,N1,"{""N1"": 1}","{""community-independent"": ""N1""}",wordmaster,community-independent,1,lexical,"advance sale, booking",same-reading-different-writing|same-jmdict-entry,前売り,,前売り,まえうり,N2,まえうり|前売|前売り,yes,SINGLE_SOURCE,yes,no,yes,N1,no,,n:noun (common) (futsuumeishi)|vs:noun or participle which takes the aux. verb suru|vt:transitive verb,advance sale; booking,ADD_AFTER_SOURCE_CHECK,P2,"Only one external family supports the JLPT listing, but exact JMdict form is common; suitable after source/level check."
真に,まことに,N1,"{""N1"": 1}","{""waller-derived"": ""N1""}",openjlpt|waller,waller-derived,1,lexical,truly; actually; really,same-reading-different-writing|same-jmdict-entry,まことに|誠に,,まことに|誠に,まことに,N1|N2,まことに|実に|寔に|洵に|真に|誠に,yes,SINGLE_SOURCE,yes,no,yes,N1,no,,adv:adverb (fukushi),really; truly; very; extremely; exceedingly; sincerely,ADD_AFTER_SOURCE_CHECK,P2,"Only one external family supports the JLPT listing, but exact JMdict form is common; suitable after source/level check."
跨がる,またがる,N1,"{""N1"": 1}","{""waller-derived"": ""N1""}",openjlpt|waller,waller-derived,1,lexical,to extend over or into; to straddle,same-reading-different-writing|same-jmdict-entry,跨る,,跨る,またがる,N1,またがる|股がる|跨がる|跨る,yes,SINGLE_SOURCE,yes,yes,yes,N1,no,uk:word usually written using kana alone,v5r:Godan verb with 'ru' ending|vi:intransitive verb,to straddle; to sit astride; to mount; to extend over; to spread over; to span,ADD_AFTER_SOURCE_CHECK,P2,"Only one external family supports the JLPT listing, but exact JMdict form is common; suitable after source/level check."
免れる,まぬかれる,N1,"{""N1"": 1}","{""waller-derived"": ""N1""}",openjlpt|waller,waller-derived,1,lexical,to escape from; to be rescued from; to avoid,same-writing-different-reading|same-jmdict-entry,,まぬがれる,免れる,まぬがれる,N1,まぬかれる|まぬがれる|免れる,yes,SINGLE_SOURCE,yes,yes,no,N1,no,,v1:Ichidan verb|vt:transitive verb,"to escape (disaster, death, etc.); to be saved from; to be rescued from; to avoid (e.g. punishment); to evade (e.g. responsibility); to avert",ADD_AFTER_SOURCE_CHECK,P2,"Only one external family supports the JLPT listing, but exact JMdict form is common; suitable after source/level check."
まるっきり,まるっきり,N1,"{""N1"": 1}","{""community-independent"": ""N1""}",wordmaster,community-independent,1,kana/loanword,"completely, perfectly, just as if",fully-absent,,,,,,,yes,SINGLE_SOURCE,yes,yes,yes,N1,no,uk:word usually written using kana alone,adv:adverb (fukushi),completely; absolutely; totally; (not) at all,ADD_AFTER_SOURCE_CHECK,P2,"Only one external family supports the JLPT listing, but exact JMdict form is common; suitable after source/level check."
丸っきり,まるっきり,N1,"{""N1"": 1}","{""waller-derived"": ""N1""}",openjlpt|waller,waller-derived,1,lexical,completely; perfectly; just as if,fully-absent,,,,,,,yes,SINGLE_SOURCE,yes,yes,yes,N1,no,uk:word usually written using kana alone,adv:adverb (fukushi),completely; absolutely; totally; (not) at all,ADD_AFTER_SOURCE_CHECK,P2,"Only one external family supports the JLPT listing, but exact JMdict form is common; suitable after source/level check."
真ん前,まんまえ,N1,"{""N1"": 2}","{""community-independent"": ""N1"", ""waller-derived"": ""N1""}",openjlpt|waller|wordmaster,community-independent|waller-derived,2,lexical,right in front; under the nose,fully-absent,,,,,,,yes,HIGH,yes,no,no,N1,no,,adj-no:nouns which may take the genitive case particle 'no'|adv:adverb (fukushi),right in front; just opposite; under the nose,ADD_HIGH_CONFIDENCE,P2,Supported by >=2 independent reference families and exact JMdict form exists.
三,み,N1,"{""N1"": 1}","{""waller-derived"": ""N1""}",openjlpt|waller,waller-derived,1,lexical,(num) three,same-reading-different-writing|same-writing-different-reading|same-jmdict-entry,味|実|巳|未|身,さん,さん|三,さん,N1|N5,さん|み|三|参|參|弎|３,yes,SINGLE_SOURCE,yes,yes,yes,N5,yes,参 is used in legal documents,num:numeric,three; 3,ADD_AFTER_SOURCE_CHECK,P2,"Only one external family supports the JLPT listing, but exact JMdict form is common; suitable after source/level check. JLPT level conflicts with JMdict/Waller enrichment; add the form but review level before publishing."
見積り,みつもり,N1,"{""N1"": 1}","{""waller-derived"": ""N1""}",openjlpt|waller,waller-derived,1,lexical,estimation; quotation,same-reading-different-writing|same-jmdict-entry,見積もり,,見積もり,みつもり,N2,みつもり|見積|見積もり|見積り,yes,SINGLE_SOURCE,yes,yes,yes,N1,no,,n:noun (common) (futsuumeishi),estimate; estimation; valuation; quotation,ADD_AFTER_SOURCE_CHECK,P2,"Only one external family supports the JLPT listing, but exact JMdict form is common; suitable after source/level check."
見舞,みまい,N1,"{""N1"": 1}","{""waller-derived"": ""N1""}",openjlpt|waller,waller-derived,1,lexical,enquiry; expression of sympathy; expression of concern,same-reading-different-writing|same-jmdict-entry,見舞い,,見舞い,みまい,N4,みまい|見舞|見舞い,yes,SINGLE_SOURCE,yes,no,yes,N3,yes,,n:noun (common) (futsuumeishi),visit (to someone affected by illness or misfortune); call; inquiry (about someone's health); expression of sympathy; letter of inquiry; letter of sympathy,ADD_AFTER_SOURCE_CHECK,P2,"Only one external family supports the JLPT listing, but exact JMdict form is common; suitable after source/level check. JLPT level conflicts with JMdict/Waller enrichment; add the form but review level before publishing."
六,む,N1,"{""N1"": 1}","{""waller-derived"": ""N1""}",openjlpt|waller,waller-derived,1,lexical,(num) six,same-reading-different-writing|same-writing-different-reading|same-jmdict-entry,無,ろく,ろく|六,ろく,N1|N5,む|むう|ろく|六|陸|６,yes,SINGLE_SOURCE,yes,yes,no,N5,yes,陸 is used in legal documents,num:numeric,six; 6,ADD_AFTER_SOURCE_CHECK,P2,"Only one external family supports the JLPT listing, but exact JMdict form is common; suitable after source/level check. JLPT level conflicts with JMdict/Waller enrichment; add the form but review level before publishing."
向け,むけ,N1,"{""N1"": 1}","{""waller-derived"": ""N1""}",openjlpt|waller,waller-derived,1,lexical,for ~; oriented towards ~,fully-absent,,,,,,,yes,SINGLE_SOURCE,yes,yes,yes,N1,no,,"n-suf:noun, used as a suffix",intended for ...; oriented towards ...; aimed at ...,ADD_AFTER_SOURCE_CHECK,P2,"Only one external family supports the JLPT listing, but exact JMdict form is common; suitable after source/level check."
愛でたい,めでたい,N1,"{""N1"": 1}","{""waller-derived"": ""N1""}",openjlpt|waller,waller-derived,1,lexical,auspicious,same-reading-different-writing|same-jmdict-entry,めでたい|目出度い,,めでたい|目出度い,めでたい,N2|N3,めでたい|愛でたい|目出度い|芽出度い,yes,SINGLE_SOURCE,yes,no,yes,N2,yes,uk:word usually written using kana alone,adj-i:adjective (keiyoushi),happy; auspicious; propitious; joyous; naive,ADD_AFTER_SOURCE_CHECK,P2,"Only one external family supports the JLPT listing, but exact JMdict form is common; suitable after source/level check. JLPT level conflicts with JMdict/Waller enrichment; add the form but review level before publishing."
目途,めど,N1,"{""N1"": 1}","{""community-independent"": ""N1""}",wordmaster,community-independent,1,lexical,"goal, outlook",same-reading-different-writing|same-jmdict-entry,めど|目処,,めど|目処,めど,N1|N2,めど|もくと|メド|目処|目途,yes,SINGLE_SOURCE,yes,no,yes,,no,uk:word usually written using kana alone,n:noun (common) (futsuumeishi),aim; goal; prospect; outlook,ADD_AFTER_SOURCE_CHECK,P2,"Only one external family supports the JLPT listing, but exact JMdict form is common; suitable after source/level check."
目眩,めまい,N1,"{""N1"": 1}","{""waller-derived"": ""N1""}",openjlpt|waller,waller-derived,1,lexical,dizziness; giddiness,same-reading-different-writing|same-jmdict-entry,眩暈,,眩暈,めまい,N2,めまい|目まい|目眩|目眩い|眩冒|眩暈,yes,SINGLE_SOURCE,yes,yes,yes,N2,yes,uk:word usually written using kana alone,n:noun (common) (futsuumeishi),dizziness; giddiness; vertigo,ADD_AFTER_SOURCE_CHECK,P2,"Only one external family supports the JLPT listing, but exact JMdict form is common; suitable after source/level check. JLPT level conflicts with JMdict/Waller enrichment; add the form but review level before publishing."
申込,もうしこみ,N1,"{""N1"": 1}","{""community-independent"": ""N1""}",wordmaster,community-independent,1,lexical,"application, request, proposal",same-reading-different-writing|same-jmdict-entry,申し込み,,申し込み,もうしこみ,N3,もうしこみ|申し込み|申込|申込み,yes,SINGLE_SOURCE,yes,yes,yes,N1,no,,n:noun (common) (futsuumeishi),application; entry; request; subscription; offer; proposal,ADD_AFTER_SOURCE_CHECK,P2,"Only one external family supports the JLPT listing, but exact JMdict form is common; suitable after source/level check."
若し,もし,N1,"{""N1"": 1}","{""waller-derived"": ""N1""}",openjlpt|waller,waller-derived,1,lexical,if; in case; supposing,same-reading-different-writing|same-jmdict-entry,もし,,もし,もし,N4,もし|若し,yes,SINGLE_SOURCE,yes,yes,yes,N1,no,uk:word usually written using kana alone,adv:adverb (fukushi),if; in case; supposing,ADD_AFTER_SOURCE_CHECK,P2,"Only one external family supports the JLPT listing, but exact JMdict form is common; suitable after source/level check."
物置き,ものおき,N1,"{""N1"": 1}","{""waller-derived"": ""N1""}",openjlpt|waller,waller-derived,1,lexical,storeroom,same-reading-different-writing|same-jmdict-entry,物置,,物置,ものおき,N1,ものおき|物置|物置き,yes,SINGLE_SOURCE,yes,no,yes,N2,yes,io:irregular okurigana usage,n:noun (common) (futsuumeishi),storage room; storeroom; lumber room,ADD_AFTER_SOURCE_CHECK,P2,"Only one external family supports the JLPT listing, but exact JMdict form is common; suitable after source/level check. JLPT level conflicts with JMdict/Waller enrichment; add the form but review level before publishing."
股,もも,N1,"{""N1"": 1}","{""community-independent"": ""N1""}",wordmaster,community-independent,1,lexical,"thigh, femur",same-reading-different-writing|same-writing-different-reading|same-jmdict-entry,もも|桃,また,もも,もも,N1,もも|股|腿,yes,SINGLE_SOURCE,yes,no,yes,N1,no,,n:noun (common) (futsuumeishi),thigh,ADD_AFTER_SOURCE_CHECK,P2,"Only one external family supports the JLPT listing, but exact JMdict form is common; suitable after source/level check."
問,もん,N1,"{""N1"": 1}","{""waller-derived"": ""N1""}",openjlpt|waller,waller-derived,1,lexical,problem; question,same-reading-different-writing,紋|門,,,,,,yes,SINGLE_SOURCE,yes,yes,yes,N1,no,,ctr:counter|suf:suffix,counter for questions,ADD_AFTER_SOURCE_CHECK,P2,"Only one external family supports the JLPT listing, but exact JMdict form is common; suitable after source/level check."
夜行,やぎょう,N1,"{""N1"": 1}","{""waller-derived"": ""N1""}",openjlpt|waller,waller-derived,1,lexical,walking around at night; night train; night travel,fully-absent,,,,,,,yes,SINGLE_SOURCE,yes,yes,no,N2,yes,abbr:abbreviation,n:noun (common) (futsuumeishi)|vi:intransitive verb|vs:noun or participle which takes the aux. verb suru,"night travel; walking around at night; night train; nightly procession of monsters, spirits, etc.",ADD_AFTER_SOURCE_CHECK,P2,"Only one external family supports the JLPT listing, but exact JMdict form is common; suitable after source/level check. JLPT level conflicts with JMdict/Waller enrichment; add the form but review level before publishing."
止むを得ない,やむをえない,N1,"{""N1"": 1}","{""waller-derived"": ""N1""}",openjlpt|waller,waller-derived,1,lexical,cannot be helped; unavoidable,same-reading-different-writing|same-jmdict-entry,やむを得ない,,やむを得ない,やむをえない,N2,やむをえない|やむを得ない|已むを得ない|止むをえない|止むを得ない,yes,SINGLE_SOURCE,yes,no,yes,N2,yes,,"adj-i:adjective (keiyoushi)|exp:expressions (phrases, clauses, etc.)",cannot be helped; unavoidable,ADD_AFTER_SOURCE_CHECK,P2,"Only one external family supports the JLPT listing, but exact JMdict form is common; suitable after source/level check. JLPT level conflicts with JMdict/Waller enrichment; add the form but review level before publishing."
好い,よい,N1,"{""N1"": 1}","{""waller-derived"": ""N1""}",openjlpt|waller,waller-derived,1,lexical,good,same-reading-different-writing|same-jmdict-entry,宵|良い|酔い,,良い,よい,N5,えい|よい|佳い|吉い|善い|好い|宜い|良い,yes,SINGLE_SOURCE,yes,no,yes,N5,yes,"after the -masu stem of a verb | also いい (all senses) | as て(も)良い, と(も)良い, etc.; indicates permission or compromise",adj-i:adjective (keiyoushi)|suf:suffix,good; excellent; fine; nice; pleasant; agreeable,ADD_AFTER_SOURCE_CHECK,P2,"Only one external family supports the JLPT listing, but exact JMdict form is common; suitable after source/level check. JLPT level conflicts with JMdict/Waller enrichment; add the form but review level before publishing."
欲深い,よくふかい,N1,"{""N1"": 2}","{""community-independent"": ""N1"", ""waller-derived"": ""N1""}",openjlpt|waller|wordmaster,community-independent|waller-derived,2,lexical,greedy,same-writing-different-reading|same-jmdict-entry,,よくぶかい,欲深い,よくぶかい,N1,よくふかい|よくぶかい|欲深い,yes,HIGH,yes,no,no,N1,no,,adj-i:adjective (keiyoushi),greedy,ADD_DISTINCT_VARIANT,P2,Supported by >=2 families; exact form is a distinct reference-listed writing even though another form of the same JMdict entry already exists.
避ける,よける,N1,"{""N1"": 1}","{""community-independent"": ""N1""}",wordmaster,community-independent,1,lexical,"to avoid (physical contact with; to ward off, to avert",same-writing-different-reading|same-jmdict-entry,,さける,避ける,さける,N2,さける|よける|避ける|除ける,yes,SINGLE_SOURCE,yes,yes,yes,N3,yes,,v1:Ichidan verb|vi:intransitive verb|vt:transitive verb,"to avoid (physical contact with); to avoid (situation); to evade (question, subject); to shirk (one's responsibilities); to ward off; to avert",ADD_AFTER_SOURCE_CHECK,P2,"Only one external family supports the JLPT listing, but exact JMdict form is common; suitable after source/level check. JLPT level conflicts with JMdict/Waller enrichment; add the form but review level before publishing."
流,りゅう,N1,"{""N1"": 1}","{""waller-derived"": ""N1""}",openjlpt|waller,waller-derived,1,lexical,styleof; method of; manner of,same-reading-different-writing,劉|竜,,,,,,yes,SINGLE_SOURCE,yes,yes,yes,N1,no,oft. after a number,suf:suffix,way; manner; style; fashion; mode; school (e.g. of flower arrangement),ADD_AFTER_SOURCE_CHECK,P2,"Only one external family supports the JLPT listing, but exact JMdict form is common; suitable after source/level check."
了,りょう,N1,"{""N1"": 1}","{""waller-derived"": ""N1""}",openjlpt|waller,waller-derived,1,lexical,finish; completion; understanding,same-reading-different-writing,両|寮|量,,,,,,yes,SINGLE_SOURCE,yes,yes,yes,N1,no,,n:noun (common) (futsuumeishi),finish; completion; the end,ADD_AFTER_SOURCE_CHECK,P2,"Only one external family supports the JLPT listing, but exact JMdict form is common; suitable after source/level check."
料,りょう,N1,"{""N1"": 1}","{""waller-derived"": ""N1""}",openjlpt|waller,waller-derived,1,lexical,material; charge; rate,same-reading-different-writing,両|寮|量,,,,,,yes,SINGLE_SOURCE,yes,yes,yes,N1,no,,"n-suf:noun, used as a suffix|n:noun (common) (futsuumeishi)",fee; charge; rate; material,ADD_AFTER_SOURCE_CHECK,P2,"Only one external family supports the JLPT listing, but exact JMdict form is common; suitable after source/level check."
連中,れんじゅう,N1,"{""N1"": 1}","{""waller-derived"": ""N1""}",openjlpt|waller,waller-derived,1,lexical,colleagues; company; a lot,same-writing-different-reading|same-jmdict-entry,,れんちゅう,連中,れんちゅう,N1,れんじゅう|れんちゅう|れんぢゅう|連中,yes,SINGLE_SOURCE,yes,yes,no,N1,no,familiar or derogatory,n:noun (common) (futsuumeishi),company; lot; people; bunch; gang; pack,ADD_AFTER_SOURCE_CHECK,P2,"Only one external family supports the JLPT listing, but exact JMdict form is common; suitable after source/level check."
ろくな,ろくな,N1,"{""N1"": 1}","{""community-independent"": ""N1""}",wordmaster,community-independent,1,kana/loanword,"satisfactory, decent",fully-absent,,,,,,,yes,SINGLE_SOURCE,yes,yes,yes,N1,no,uk:word usually written using kana alone | with neg. sentence,adj-pn:pre-noun adjectival (rentaishi),satisfactory; decent; good; proper; respectable,ADD_AFTER_SOURCE_CHECK,P2,"Only one external family supports the JLPT listing, but exact JMdict form is common; suitable after source/level check."
碌な,ろくな,N1,"{""N1"": 1}","{""waller-derived"": ""N1""}",openjlpt|waller,waller-derived,1,lexical,satisfactory; decent,fully-absent,,,,,,,yes,SINGLE_SOURCE,yes,no,yes,N1,no,ateji:ateji (phonetic) reading | uk:word usually written using kana alone | with neg. sentence,adj-pn:pre-noun adjectival (rentaishi),satisfactory; decent; good; proper; respectable,ADD_AFTER_SOURCE_CHECK,P2,"Only one external family supports the JLPT listing, but exact JMdict form is common; suitable after source/level check."
碌に,ろくに,N1,"{""N1"": 1}","{""waller-derived"": ""N1""}",openjlpt|waller,waller-derived,1,lexical,well; enough; sufficient,same-reading-different-writing|same-jmdict-entry,ろくに,,ろくに,ろくに,N1,ろくに|碌に|陸に,yes,SINGLE_SOURCE,yes,yes,yes,N1,no,uk:word usually written using kana alone | with negative verb,adv:adverb (fukushi),(not) well; (not) properly; (not) enough; (not) sufficiently; (not) satisfactorily; (not) decently,ADD_AFTER_SOURCE_CHECK,P2,"Only one external family supports the JLPT listing, but exact JMdict form is common; suitable after source/level check."
割当,わりあて,N1,"{""N1"": 1}","{""community-independent"": ""N1""}",wordmaster,community-independent,1,lexical,"allotment, allocation, quota",same-reading-different-writing|same-jmdict-entry,割り当て,,割り当て,わりあて,N1,かっとう|わりあて|割り当て|割当|割当て,yes,SINGLE_SOURCE,yes,no,yes,N1,no,,n:noun (common) (futsuumeishi),allotment; assignment; allocation; quota; rationing,ADD_AFTER_SOURCE_CHECK,P2,"Only one external family supports the JLPT listing, but exact JMdict form is common; suitable after source/level check."
割引き,わりびき,N1,"{""N1"": 1}","{""waller-derived"": ""N1""}",openjlpt|waller,waller-derived,1,lexical,discount; reduction; rebate,same-reading-different-writing|same-jmdict-entry,割引,,割引,わりびき,N3,わりびき|割り引|割り引き|割引|割引き,yes,SINGLE_SOURCE,yes,no,yes,N2,yes,,ctr:counter|n:noun (common) (futsuumeishi),discount; reduction; rebate; tenths discounted; tenths reduced,ADD_AFTER_SOURCE_CHECK,P2,"Only one external family supports the JLPT listing, but exact JMdict form is common; suitable after source/level check. JLPT level conflicts with JMdict/Waller enrichment; add the form but review level before publishing."
朝御飯,あさごはん,N5,"{""N5"": 2}","{""community-independent"": ""N5"", ""waller-derived"": ""N5""}",openjlpt|waller|wordmaster,community-independent|waller-derived,2,lexical,breakfast,same-reading-different-writing|same-jmdict-entry,朝ごはん|朝ご飯,,朝ごはん|朝ご飯,あさごはん,N5,あさごはん|朝ごはん|朝ご飯|朝御飯,yes,HIGH,yes,no,yes,N5,no,rK:rarely used kanji form,n:noun (common) (futsuumeishi),breakfast,LOW_PRIORITY_RARE_VARIANT,P3,"Exact form exists but is rare/dialectal/obscure; valid form, lower study priority."
居る,いる,N5,"{""N5"": 2}","{""community-independent"": ""N5"", ""waller-derived"": ""N5""}",openjlpt|waller|wordmaster,community-independent|waller-derived,2,lexical,to be; to have (used for people and animals),same-reading-different-writing|same-jmdict-entry,いる|入る|射る|炒る|要る|鋳る,,いる,いる,N5,いる|居る,yes,HIGH,yes,no,yes,N5,no,after the -te form of a verb; indicates continuing action | after the -te form of a verb; indicates continuing state | rK:rarely used kanji form | uk:word usually written using kana alone,aux-v:auxiliary verb|v1:Ichidan verb|vi:intransitive verb,to be (of animate objects); to exist; to stay; to be ...-ing; to have ...-ed; to be ...-ed,LOW_PRIORITY_RARE_VARIANT,P3,"Exact form exists but is rare/dialectal/obscure; valid form, lower study priority."
伯母さん,おばさん,N5,"{""N5"": 1}","{""waller-derived"": ""N5""}",openjlpt|waller,waller-derived,1,lexical,(hon) aunt,same-reading-different-writing|same-jmdict-entry,おばさん,,おばさん,おばさん,N5,おばさん|伯母さん|叔母さん,yes,SINGLE_SOURCE,yes,no,no,N5,no,fam:familiar language | hon:honorific or respectful (sonkeigo) language | uk:word usually written using kana alone | 伯母さん is older than one's parent and 叔母さん is younger,n:noun (common) (futsuumeishi),aunt,ADD_VARIANT_AFTER_SOURCE_CHECK,P3,Valid exact JMdict variant but only one external reference family supports this JLPT listing.
ください,ください,N5,"{""N5"": 1}","{""waller-derived"": ""N5""}",waller,waller-derived,1,fixed-expression/conjugated,Please,same-reading-different-writing|same-jmdict-entry,下さい,,下さい,ください,N5,ください|下さい,yes,SINGLE_SOURCE,yes,yes,yes,N5,no,after te-form of a verb or a noun prefixed with o- or go- | hon:honorific or respectful (sonkeigo) language | irregular imperative of くださる | uk:word usually written using kana alone,"exp:expressions (phrases, clauses, etc.)",please (give me); please (do for me),SEPARATE_EXPRESSION_REVIEW,P3,Reference item is a fixed expression/conjugated form; useful for learning but should not be blindly mixed into base-form vocabulary.
為る,する,N5,"{""N3"": 1, ""N5"": 1}","{""community-independent"": ""N3"", ""waller-derived"": ""N5""}",openjlpt|waller|wordmaster,community-independent|waller-derived,2,lexical,to change; to be of use; to reach to,same-reading-different-writing|same-jmdict-entry,する|刷る|掏る|擦る,,する,する,N5,する|為る,yes,HIGH,yes,no,yes,N5,no,"as AをBにする | as 〜うとする,〜ようとする | as 〜がする | as 〜にする | as 〜にする,〜とする | rK:rarely used kanji form | uk:word usually written using kana alone",aux-v:auxiliary verb|suf:suffix|vi:intransitive verb|vs-i:suru verb - included|vt:transitive verb,to do; to carry out; to perform; to cause to become; to make (into); to turn (into),LOW_PRIORITY_RARE_VARIANT,P3,"Exact form exists but is rare/dialectal/obscure; valid form, lower study priority."
～ございます,～ございます,N4,"{""N4"": 1}","{""community-independent"": ""N4""}",wordmaster,community-independent,1,fixed-expression/conjugated,有,fully-absent,,,,,,,no,SINGLE_SOURCE,no,no,no,,no,,,,SEPARATE_EXPRESSION_REVIEW,P3,Reference item is a fixed expression/conjugated form; useful for learning but should not be blindly mixed into base-form vocabulary.
泳ぎ方,およぎかた,N4,"{""N4"": 1}","{""waller-derived"": ""N4""}",openjlpt|waller,waller-derived,1,lexical,way of swimming,fully-absent,,,,,,,yes,SINGLE_SOURCE,yes,no,no,N4,no,,n:noun (common) (futsuumeishi),way of swimming,MANUAL_LEVEL_AND_USAGE_REVIEW,P3,"Exact JMdict form exists, but evidence is single-source and form is not marked common."
然る,しかる,N4,"{""N4"": 1}","{""waller-derived"": ""N4""}",waller,waller-derived,1,lexical,a particular,same-reading-different-writing,叱る,,,,,,yes,SINGLE_SOURCE,yes,no,no,N4,no,uk:word usually written using kana alone,adj-pn:pre-noun adjectival (rentaishi),a particular; a certain; that kind of; such a,MANUAL_LEVEL_AND_USAGE_REVIEW,P3,"Exact JMdict form exists, but evidence is single-source and form is not marked common."
いただきます,いただきます,N3,"{""N3"": 2}","{""community-independent"": ""N3"", ""waller-derived"": ""N3""}",waller|wordmaster,community-independent|waller-derived,2,fixed-expression/conjugated,expression of gratitude before meals,fully-absent,,,,,,,yes,HIGH,yes,yes,yes,N3,no,uk:word usually written using kana alone,"exp:expressions (phrases, clauses, etc.)",thank you (for the meal just served); I receive (this meal),SEPARATE_EXPRESSION_REVIEW,P3,Reference item is a fixed expression/conjugated form; useful for learning but should not be blindly mixed into base-form vocabulary.
角,すみ,N3,"{""N3"": 2}","{""community-independent"": ""N3"", ""waller-derived"": ""N3""}",openjlpt|waller|wordmaster,community-independent|waller-derived,2,lexical,horn,same-reading-different-writing|same-writing-different-reading|same-jmdict-entry,墨|済み|炭|隅,かく|かど|つの,隅,すみ,N1,すま|すみ|角|隅,yes,HIGH,yes,no,yes,N4,yes,rare:rare term,"n-suf:noun, used as a suffix|n:noun (common) (futsuumeishi)",corner; nook; recess; downstage right (on a noh stage),LOW_PRIORITY_RARE_VARIANT,P3,"Exact form exists but is rare/dialectal/obscure; valid form, lower study priority."
所為,せい,N3,"{""N3"": 2}","{""community-independent"": ""N3"", ""waller-derived"": ""N3""}",openjlpt|waller|wordmaster,community-independent|waller-derived,2,lexical,cause; reason; fault,same-reading-different-writing|same-jmdict-entry,せい|姓|性|正|生|精|背,,せい,せい,N5,せい|せえ|所為,yes,HIGH,yes,no,yes,N3,no,often ...のせい | rK:rarely used kanji form | uk:word usually written using kana alone,n:noun (common) (futsuumeishi),consequence; outcome; result; blame; fault,LOW_PRIORITY_RARE_VARIANT,P3,"Exact form exists but is rare/dialectal/obscure; valid form, lower study priority."
具える,そなえる,N3,"{""N2"": 1, ""N3"": 1}","{""community-independent"": ""N3"", ""waller-derived"": ""N2""}",openjlpt|waller|wordmaster,community-independent|waller-derived,2,lexical,to be furnished with,same-reading-different-writing|same-jmdict-entry,供える|備える,,備える,そなえる,N2,そなえる|備える|具える,yes,HIGH,yes,no,yes,N3,no,rK:rarely used kanji form,v1:Ichidan verb|vt:transitive verb,to furnish with; to equip with; to provide; to install; to prepare for; to make preparations for,LOW_PRIORITY_RARE_VARIANT,P3,"Exact form exists but is rare/dialectal/obscure; valid form, lower study priority."
偶々,たまたま,N3,"{""N3"": 2}","{""community-independent"": ""N3"", ""waller-derived"": ""N3""}",openjlpt|waller|wordmaster,community-independent|waller-derived,2,lexical,casually; unexpectedly; accidentally,same-reading-different-writing|same-jmdict-entry,たまたま,,たまたま,たまたま,N2,たまたま|偶|偶々|偶偶|適,yes,HIGH,yes,no,yes,N3,no,rK:rarely used kanji form | uk:word usually written using kana alone,adv:adverb (fukushi),"by chance; by accident; accidentally; happen to (be, do); unexpectedly; casually",LOW_PRIORITY_RARE_VARIANT,P3,"Exact form exists but is rare/dialectal/obscure; valid form, lower study priority."
ド,ド,N3,"{""N3"": 1}","{""waller-derived"": ""N3""}",waller,waller-derived,1,kana/loanword,"child,servant,foolishness",same-reading-different-writing|same-jmdict-entry,度,,どう|度,ど|どう,N4|N5,ど|どう|ド|度,yes,SINGLE_SOURCE,yes,no,no,N3,no,occ. written 度,pref:prefix,extreme; ultra; mega; totally; very much; precisely,ADD_VARIANT_AFTER_SOURCE_CHECK,P3,Valid exact JMdict variant but only one external reference family supports this JLPT listing.
殖やす,ふやす,N3,"{""N2"": 1, ""N3"": 1}","{""community-independent"": ""N3"", ""waller-derived"": ""N2""}",openjlpt|waller|wordmaster,community-independent|waller-derived,2,lexical,to increase; to add to; to augment,same-reading-different-writing|same-jmdict-entry,増やす,,増やす,ふやす,N3,ふやす|増やす|殖やす,yes,HIGH,yes,no,yes,N2,yes,rK:rarely used kanji form,v5s:Godan verb with 'su' ending|vt:transitive verb,to increase; to add to; to augment,LOW_PRIORITY_RARE_VARIANT,P3,"Exact form exists but is rare/dialectal/obscure; valid form, lower study priority."
不,ぶ,N3,"{""N3"": 1}","{""waller-derived"": ""N3""}",waller,waller-derived,1,lexical,"un,non,negative prefix",same-reading-different-writing|same-jmdict-entry,分|無|部,,無,ぶ,N3,ぶ|不|無,yes,SINGLE_SOURCE,yes,no,no,N3,no,,pref:prefix,un-; non-; bad ...; poor ...,ADD_VARIANT_AFTER_SOURCE_CHECK,P3,Valid exact JMdict variant but only one external reference family supports this JLPT listing.
因る,よる,N3,"{""N3"": 2}","{""community-independent"": ""N3"", ""waller-derived"": ""N3""}",openjlpt|waller|wordmaster,community-independent|waller-derived,2,lexical,to come from,same-reading-different-writing|same-jmdict-entry,よる|夜|寄る,,よる,よる,N5,よる|依る|因る|拠る|由る,yes,HIGH,yes,no,yes,N3,no,"esp. 依る | esp. 依る, 拠る | esp. 因る, 由る | esp. 拠る | rK:rarely used kanji form | uk:word usually written using kana alone",v5r:Godan verb with 'ru' ending|vi:intransitive verb,to be due to; to be caused by; to depend on; to turn on; to be based on; to come from,LOW_PRIORITY_RARE_VARIANT,P3,"Exact form exists but is rare/dialectal/obscure; valid form, lower study priority."
飽くまで,あくまで,N2,"{""N2"": 2}","{""community-independent"": ""N2"", ""waller-derived"": ""N2""}",openjlpt|waller|wordmaster,community-independent|waller-derived,2,lexical,to the end; to the last; stubbornly,same-reading-different-writing|same-jmdict-entry,あくまで,,あくまで,あくまで,N2,あくまで|飽くまで|飽く迄,yes,HIGH,yes,no,no,N2,no,rK:rarely used kanji form | uk:word usually written using kana alone,adv:adverb (fukushi),to the end; to the bitter end; to the last; stubbornly; persistently; consistently,LOW_PRIORITY_RARE_VARIANT,P3,"Exact form exists but is rare/dialectal/obscure; valid form, lower study priority."
いってきます,いってきます,N2,"{""N2"": 1}","{""community-independent"": ""N2""}",wordmaster,community-independent,1,fixed-expression/conjugated,"(Lit.) I'll go and come back, 'I'm going, see you later'",fully-absent,,,,,,,yes,SINGLE_SOURCE,yes,yes,yes,,no,often has a response of いってらっしゃい | pol:polite (teineigo) language,"exp:expressions (phrases, clauses, etc.)",I'm off (and will be back later); see you later,SEPARATE_EXPRESSION_REVIEW,P3,Reference item is a fixed expression/conjugated form; useful for learning but should not be blindly mixed into base-form vocabulary.
いってまいります,いってまいります,N2,"{""N2"": 2}","{""community-independent"": ""N2"", ""waller-derived"": ""N2""}",waller|wordmaster,community-independent|waller-derived,2,fixed-expression/conjugated,"(Lit.) I'll go and come back, 'I'm going, see you later'",fully-absent,,,,,,,yes,HIGH,yes,no,no,N2,no,pol:polite (teineigo) language,"exp:expressions (phrases, clauses, etc.)",good bye; I'm off; see you later,SEPARATE_EXPRESSION_REVIEW,P3,Reference item is a fixed expression/conjugated form; useful for learning but should not be blindly mixed into base-form vocabulary.
大凡,おおよそ,N2,"{""N2"": 2}","{""community-independent"": ""N2"", ""waller-derived"": ""N2""}",openjlpt|waller|wordmaster,community-independent|waller-derived,2,lexical,about; roughly; as a rule,same-reading-different-writing|same-jmdict-entry,おおよそ,,おおよそ,おおよそ,N2,おおよそ|凡|凡そ|大よそ|大凡,yes,HIGH,yes,no,no,N2,no,rK:rarely used kanji form | uk:word usually written using kana alone,adj-no:nouns which may take the genitive case particle 'no'|adv:adverb (fukushi)|n:noun (common) (futsuumeishi),about; roughly; approximately; generally; on the whole; as a rule,LOW_PRIORITY_RARE_VARIANT,P3,"Exact form exists but is rare/dialectal/obscure; valid form, lower study priority."
おかけください,おかけください,N2,"{""N2"": 2}","{""community-independent"": ""N2"", ""waller-derived"": ""N2""}",waller|wordmaster,community-independent|waller-derived,2,fixed-expression/conjugated,请坐,fully-absent,,,,,,,yes,HIGH,yes,no,no,N2,no,uk:word usually written using kana alone,"exp:expressions (phrases, clauses, etc.)",please sit down; please have a seat,SEPARATE_EXPRESSION_REVIEW,P3,Reference item is a fixed expression/conjugated form; useful for learning but should not be blindly mixed into base-form vocabulary.
おきのどくに,おきのどくに,N2,"{""N2"": 1}","{""waller-derived"": ""N2""}",waller,waller-derived,1,kana/loanword,,same-reading-different-writing|same-jmdict-entry,お気の毒に,,お気の毒に,おきのどくに,N2,おきのどくに|お気の毒に,yes,SINGLE_SOURCE,yes,no,no,N2,no,,"exp:expressions (phrases, clauses, etc.)",my sympathies; that's too bad; my condolences,ADD_VARIANT_AFTER_SOURCE_CHECK,P3,Valid exact JMdict variant but only one external reference family supports this JLPT listing.
おじゃまします,おじゃまします,N2,"{""N2"": 1}","{""waller-derived"": ""N2""}",waller,waller-derived,1,fixed-expression/conjugated,Excuse me for disturbing you,same-reading-different-writing|same-jmdict-entry,お邪魔します,,お邪魔します,おじゃまします,N2,おじゃまします|お邪魔します|御邪魔します,yes,SINGLE_SOURCE,yes,yes,yes,N2,no,greeting used when entering someone's home,"exp:expressions (phrases, clauses, etc.)",please excuse the intrusion; I'm coming in,SEPARATE_EXPRESSION_REVIEW,P3,Reference item is a fixed expression/conjugated form; useful for learning but should not be blindly mixed into base-form vocabulary.
おねがいします,おねがいします,N2,"{""N2"": 1}","{""waller-derived"": ""N2""}",waller,waller-derived,1,fixed-expression/conjugated,please,same-reading-different-writing|same-jmdict-entry,お願いします,,お願いします,おねがいします,N2,おねがいします|お願いしまあす|お願いします|御願いします,yes,SINGLE_SOURCE,yes,yes,yes,N2,no,hum:humble (kenjougo) language,"exp:expressions (phrases, clauses, etc.)",please,SEPARATE_EXPRESSION_REVIEW,P3,Reference item is a fixed expression/conjugated form; useful for learning but should not be blindly mixed into base-form vocabulary.
叔母さん,おばさん,N2,"{""N2"": 1}","{""waller-derived"": ""N2""}",openjlpt|waller,waller-derived,1,lexical,(1) aunt; (2) middle-aged lady,same-reading-different-writing|same-jmdict-entry,おばさん,,おばさん,おばさん,N5,おばさん|伯母さん|叔母さん,yes,SINGLE_SOURCE,yes,no,no,N5,yes,fam:familiar language | hon:honorific or respectful (sonkeigo) language | uk:word usually written using kana alone | 伯母さん is older than one's parent and 叔母さん is younger,n:noun (common) (futsuumeishi),aunt,ADD_VARIANT_AFTER_SOURCE_CHECK,P3,Valid exact JMdict variant but only one external reference family supports this JLPT listing. JLPT level conflicts with JMdict/Waller enrichment; add the form but review level before publishing.
お待ちください,おまちください,N2,"{""N2"": 1}","{""community-independent"": ""N2""}",wordmaster,community-independent,1,fixed-expression/conjugated,请稍等,fully-absent,,,,,,,no,SINGLE_SOURCE,no,no,no,,no,,,,SEPARATE_EXPRESSION_REVIEW,P3,Reference item is a fixed expression/conjugated form; useful for learning but should not be blindly mixed into base-form vocabulary.
思い掛けない,おもいがけない,N2,"{""N2"": 2}","{""community-independent"": ""N2"", ""waller-derived"": ""N2""}",openjlpt|waller|wordmaster,community-independent|waller-derived,2,lexical,unexpected; casual,same-reading-different-writing|same-jmdict-entry,思いがけない,,思いがけない,おもいがけない,N2,おもいがけない|思いがけない|思い掛けない|思い掛け無い,yes,HIGH,yes,no,yes,N2,no,rK:rarely used kanji form,adj-i:adjective (keiyoushi),unexpected; contrary to expectations; by chance; casual,LOW_PRIORITY_RARE_VARIANT,P3,"Exact form exists but is rare/dialectal/obscure; valid form, lower study priority."
思いっ切り,おもいっきり,N2,"{""N2"": 2}","{""community-independent"": ""N2"", ""waller-derived"": ""N2""}",waller|wordmaster,community-independent|waller-derived,2,lexical,狠狠地,fully-absent,,,,,,,yes,HIGH,yes,no,yes,N2,no,rK:rarely used kanji form,adv:adverb (fukushi)|n:noun (common) (futsuumeishi),to one's heart's content; as much as one wants; as hard as one can; with all one's strength; to the best of one's ability; to the utmost,LOW_PRIORITY_RARE_VARIANT,P3,"Exact form exists but is rare/dialectal/obscure; valid form, lower study priority."
オーバーコート,オーバーコート,N2,"{""N2"": 1}","{""waller-derived"": ""N2""}",waller,waller-derived,1,kana/loanword,,fully-absent,,,,,,,yes,SINGLE_SOURCE,yes,no,no,N2,no,,n:noun (common) (futsuumeishi),overcoat,MANUAL_LEVEL_AND_USAGE_REVIEW,P3,"Exact JMdict form exists, but evidence is single-source and form is not marked common."
構いません,かまいません,N2,"{""N2"": 1}","{""community-independent"": ""N2""}",wordmaster,community-independent,1,fixed-expression/conjugated,it's all right; one doesn’t mind,fully-absent,,,,,,,no,SINGLE_SOURCE,no,no,no,,no,,,,SEPARATE_EXPRESSION_REVIEW,P3,Reference item is a fixed expression/conjugated form; useful for learning but should not be blindly mixed into base-form vocabulary.
元気でね,げんきでね,N2,"{""N2"": 1}","{""waller-derived"": ""N2""}",waller,waller-derived,1,lexical,,fully-absent,,,,,,,yes,SINGLE_SOURCE,yes,no,no,N2,no,,int:interjection (kandoushi),take care; take good care of yourself,MANUAL_LEVEL_AND_USAGE_REVIEW,P3,"Exact JMdict form exists, but evidence is single-source and form is not marked common."
こらえる,こらえる,N2,"{""N2"": 1}","{""waller-derived"": ""N2""}",waller,waller-derived,1,kana/loanword,"to bear,to stand,to endure,to put up with",same-reading-different-writing|same-jmdict-entry,堪える,,堪える,こらえる,N2,こたえる|こらえる|堪える|怺える,yes,SINGLE_SOURCE,yes,no,no,N2,no,uk:word usually written using kana alone,v1:Ichidan verb|vt:transitive verb,to bear; to stand; to endure; to put up with; to restrain; to control,ADD_VARIANT_AFTER_SOURCE_CHECK,P3,Valid exact JMdict variant but only one external reference family supports this JLPT listing.
すれちがう,すれちがう,N2,"{""N2"": 1}","{""waller-derived"": ""N2""}",waller,waller-derived,1,kana/loanword,"to pass by one another,to disagree",same-reading-different-writing|same-jmdict-entry,すれ違う|擦れ違う,,すれ違う|擦れ違う,すれちがう,N2,すれちがう|すれ違う|擦れ違う,yes,SINGLE_SOURCE,yes,no,no,N2,no,,v5u:Godan verb with 'u' ending|vi:intransitive verb,to pass (by) each other; to brush past; to miss (meeting) each other; to fail to meet; to be at odds; to clash,ADD_VARIANT_AFTER_SOURCE_CHECK,P3,Valid exact JMdict variant but only one external reference family supports this JLPT listing.
卒直,そっちょく,N2,"{""N2"": 2}","{""community-independent"": ""N2"", ""waller-derived"": ""N2""}",openjlpt|waller|wordmaster,community-independent|waller-derived,2,lexical,frankness; candour; openheartedness,same-reading-different-writing|same-jmdict-entry,率直,,率直,そっちょく,N2,そっちょく|卒直|率直,yes,HIGH,yes,no,yes,N2,no,rK:rarely used kanji form,adj-na:adjectival nouns or quasi-adjectives (keiyodoshi)|n:noun (common) (futsuumeishi),frank; candid; straightforward; openhearted; direct; outspoken,LOW_PRIORITY_RARE_VARIANT,P3,"Exact form exists but is rare/dialectal/obscure; valid form, lower study priority."
タイア,タイア,N2,"{""N2"": 2}","{""community-independent"": ""N2"", ""waller-derived"": ""N2""}",waller|wordmaster,community-independent|waller-derived,2,kana/loanword,"tire,tyre",same-jmdict-entry,,,タイヤ,タイヤ,N2,タイア|タイヤ,yes,HIGH,yes,no,no,N2,no,rk:rarely used kana form,n:noun (common) (futsuumeishi),tire; tyre,LOW_PRIORITY_RARE_VARIANT,P3,"Exact form exists but is rare/dialectal/obscure; valid form, lower study priority."
ｘ,バツ,N2,"{""N2"": 1}","{""waller-derived"": ""N2""}",waller,waller-derived,1,lexical,,same-reading-different-writing,罰|閥,,,,,,yes,SINGLE_SOURCE,yes,no,no,N2,no,"sl:slang | uk:word usually written using kana alone | used to indicate an incorrect answer, etc.",n:noun (common) (futsuumeishi),x (mark); cross; MDMA; ecstasy; molly,MANUAL_LEVEL_AND_USAGE_REVIEW,P3,"Exact JMdict form exists, but evidence is single-source and form is not marked common."
引っ繰り返す,ひっくりかえす,N2,"{""N2"": 2}","{""community-independent"": ""N2"", ""waller-derived"": ""N2""}",openjlpt|waller|wordmaster,community-independent|waller-derived,2,lexical,to turn over; to overturn; to knock over,same-reading-different-writing|same-jmdict-entry,ひっくり返す,,ひっくり返す,ひっくりかえす,N2,ひっくりかえす|ひっくりがえす|ひっくり返す|ヒックリ返す|引っくり返す|引っ繰り返す|引繰り返す,yes,HIGH,yes,no,no,N2,no,rK:rarely used kanji form,v5s:Godan verb with 'su' ending|vt:transitive verb,to turn over; to turn upside down; to turn up; to turn inside out; to turn out; to knock over,LOW_PRIORITY_RARE_VARIANT,P3,"Exact form exists but is rare/dialectal/obscure; valid form, lower study priority."
御手洗,みたらし,N2,"{""N2"": 1}","{""waller-derived"": ""N2""}",waller,waller-derived,1,lexical,font of purifying water placed at entrance of shrine,fully-absent,,,,,,,yes,SINGLE_SOURCE,yes,no,no,N2,no,,n:noun (common) (futsuumeishi),font of purifying water placed at the entrance of a shrine,MANUAL_LEVEL_AND_USAGE_REVIEW,P3,"Exact JMdict form exists, but evidence is single-source and form is not marked common."
漸く,ようやく,N2,"{""N2"": 2}","{""community-independent"": ""N2"", ""waller-derived"": ""N2""}",openjlpt|waller|wordmaster,community-independent|waller-derived,2,lexical,gradually; finally; hardly,same-reading-different-writing|same-jmdict-entry,ようやく|要約,,ようやく,ようやく,N3,ようやく|漸く,yes,HIGH,yes,no,yes,N2,no,rK:rarely used kanji form | uk:word usually written using kana alone,adv:adverb (fukushi),finally; at last; barely; narrowly; hardly; only just,LOW_PRIORITY_RARE_VARIANT,P3,"Exact form exists but is rare/dialectal/obscure; valid form, lower study priority."
慶ぶ,よろこぶ,N2,"{""N2"": 2}","{""community-independent"": ""N2"", ""waller-derived"": ""N2""}",waller|wordmaster,community-independent|waller-derived,2,lexical,"to be delighted, to be glad",same-reading-different-writing|same-jmdict-entry,喜ぶ,,喜ぶ,よろこぶ,N4,よろこぶ|喜ぶ|悦ぶ|慶ぶ|欣ぶ|歓ぶ,yes,HIGH,yes,no,yes,N4,yes,as よろこんで... | rK:rarely used kanji form,v5b:Godan verb with 'bu' ending|vi:intransitive verb|vt:transitive verb,"to be delighted; to be glad; to be pleased; to rejoice; to congratulate; to welcome (a proposal, advice, etc.)",LOW_PRIORITY_RARE_VARIANT,P3,"Exact form exists but is rare/dialectal/obscure; valid form, lower study priority."
亜科,あか,N1,"{""N1"": 1}","{""waller-derived"": ""N1""}",openjlpt|waller,waller-derived,1,lexical,suborder; subfamily,same-reading-different-writing,垢|赤,,,,,,yes,SINGLE_SOURCE,yes,no,no,N1,no,,n:noun (common) (futsuumeishi),subfamily,MANUAL_LEVEL_AND_USAGE_REVIEW,P3,"Exact JMdict form exists, but evidence is single-source and form is not marked common."
灰汁,あく,N1,"{""N1"": 1}","{""waller-derived"": ""N1""}",waller,waller-derived,1,lexical,puckery juice,same-reading-different-writing,悪|空く|開く,,,,,,yes,SINGLE_SOURCE,yes,no,no,N1,no,also written incorrectly as 悪 | gikun:gikun (meaning as reading) or jukujikun (special kanji reading) | uk:word usually written using kana alone,n:noun (common) (futsuumeishi),"lye; harsh taste; bitter taste; alkaline taste; astringency; scum (on a soup, broth etc.)",MANUAL_LEVEL_AND_USAGE_REVIEW,P3,"Exact JMdict form exists, but evidence is single-source and form is not marked common."
悪日,あくび,N1,"{""N1"": 1}","{""waller-derived"": ""N1""}",openjlpt|waller,waller-derived,1,lexical,unlucky day,same-reading-different-writing|same-writing-different-reading|same-jmdict-entry,あくび|欠伸,あくにち,あくび|悪日,あくにち|あくび,N1|N3,あくにち|あくび|悪日,yes,SINGLE_SOURCE,yes,no,no,N1,no,,n:noun (common) (futsuumeishi),unlucky day,ADD_VARIANT_AFTER_SOURCE_CHECK,P3,Valid exact JMdict variant but only one external reference family supports this JLPT listing.
あつらえる,あつらえる,N1,"{""N1"": 1}","{""community-independent"": ""N1""}",wordmaster,community-independent,1,kana/loanword,"to give an order, to place an order",same-reading-different-writing|same-jmdict-entry,誂える,,誂える,あつらえる,N1,あつらえる|誂える,yes,SINGLE_SOURCE,yes,no,no,N1,no,uk:word usually written using kana alone,v1:Ichidan verb|vt:transitive verb,to give an order; to place an order; to have made to order,ADD_VARIANT_AFTER_SOURCE_CHECK,P3,Valid exact JMdict variant but only one external reference family supports this JLPT listing.
戴きます,いただきます,N1,"{""N1"": 1}","{""waller-derived"": ""N1""}",openjlpt|waller,waller-derived,1,fixed-expression/conjugated,expression of gratitude before meals,fully-absent,,,,,,,yes,SINGLE_SOURCE,yes,no,yes,N3,yes,sK:search-only kanji form | uk:word usually written using kana alone,"exp:expressions (phrases, clauses, etc.)",thank you (for the meal just served); I receive (this meal),SEPARATE_EXPRESSION_REVIEW,P3,Reference item is a fixed expression/conjugated form; useful for learning but should not be blindly mixed into base-form vocabulary.
含嗽,うがい,N1,"{""N1"": 1}","{""waller-derived"": ""N1""}",openjlpt|waller,waller-derived,1,lexical,gargle; rinse mouth,same-reading-different-writing|same-writing-different-reading|same-jmdict-entry,うがい|嗽,がんそう,うがい|含嗽,うがい|がんそう,N1|N3,うがい|がんそう|含嗽|含漱,yes,SINGLE_SOURCE,yes,no,no,N1,no,gikun:gikun (meaning as reading) or jukujikun (special kanji reading),n:noun (common) (futsuumeishi)|vi:intransitive verb|vs:noun or participle which takes the aux. verb suru,gargling; rinsing one's mouth,ADD_VARIANT_AFTER_SOURCE_CHECK,P3,Valid exact JMdict variant but only one external reference family supports this JLPT listing.
重,え,N1,"{""N1"": 1}","{""waller-derived"": ""N1""}",openjlpt|waller,waller-derived,1,lexical,-fold; -ply,same-reading-different-writing,柄|江|絵,,,,,,yes,SINGLE_SOURCE,yes,no,no,N1,no,counter for layers in the hito-futa-mi counting system,ctr:counter|suf:suffix,-fold; -ply,MANUAL_LEVEL_AND_USAGE_REVIEW,P3,"Exact JMdict form exists, but evidence is single-source and form is not marked common."
於いて,おいて,N1,"{""N1"": 2}","{""community-independent"": ""N1"", ""waller-derived"": ""N1""}",openjlpt|waller|wordmaster,community-independent|waller-derived,2,lexical,at; in; on,same-reading-different-writing|same-jmdict-entry,おいて,,おいて,おいて,N3,おいて|於|於いて|於て,yes,HIGH,yes,no,no,N1,no,as ...において | rK:rarely used kanji form | uk:word usually written using kana alone,"exp:expressions (phrases, clauses, etc.)","at (a time or place); in; on; in (a situation, matter, etc.); on (a point); when it comes to",LOW_PRIORITY_RARE_VARIANT,P3,"Exact form exists but is rare/dialectal/obscure; valid form, lower study priority."
お出でになる,おいでになる,N1,"{""N1"": 1}","{""waller-derived"": ""N1""}",openjlpt|waller,waller-derived,1,lexical,to be,same-reading-different-writing|same-jmdict-entry,おいでになる,,おいでになる,おいでになる,N3,おいでになる|お出でになる|御出でになる,yes,SINGLE_SOURCE,yes,no,no,N4,yes,hon:honorific or respectful (sonkeigo) language | uk:word usually written using kana alone,"exp:expressions (phrases, clauses, etc.)|v5r:Godan verb with 'ru' ending",to be; to come; to go,ADD_VARIANT_AFTER_SOURCE_CHECK,P3,Valid exact JMdict variant but only one external reference family supports this JLPT listing. JLPT level conflicts with JMdict/Waller enrichment; add the form but review level before publishing.
少女,おとめ,N1,"{""N1"": 1}","{""waller-derived"": ""N1""}",openjlpt|waller,waller-derived,1,lexical,daughter; young lady; virgin,same-reading-different-writing|same-writing-different-reading|same-jmdict-entry,乙女,しょうじょ,乙女,おとめ,N1,おとめ|乙女|少女,yes,SINGLE_SOURCE,yes,no,no,N1,no,,n:noun (common) (futsuumeishi),(young) girl; maiden; young lady,ADD_VARIANT_AFTER_SOURCE_CHECK,P3,Valid exact JMdict variant but only one external reference family supports this JLPT listing.
佳句,かく,N1,"{""N1"": 1}","{""waller-derived"": ""N1""}",openjlpt|waller,waller-derived,1,lexical,beautiful passage of literature,same-reading-different-writing,掻く|描く|搔[か]く|書く|核|格|欠く|角,,,,,,yes,SINGLE_SOURCE,yes,no,no,N1,no,,n:noun (common) (futsuumeishi),beautiful passage of literature,MANUAL_LEVEL_AND_USAGE_REVIEW,P3,"Exact JMdict form exists, but evidence is single-source and form is not marked common."
かさばる,かさばる,N1,"{""N1"": 1}","{""community-independent"": ""N1""}",wordmaster,community-independent,1,kana/loanword,to be bulky,same-reading-different-writing|same-jmdict-entry,嵩張[かさば]る|嵩張る,,嵩張る,かさばる,N1,かさばる|かさ張る|嵩張る,yes,SINGLE_SOURCE,yes,no,no,N1,no,uk:word usually written using kana alone,v5r:Godan verb with 'ru' ending|vi:intransitive verb,to be bulky; to be unwieldy; to grow voluminous,ADD_VARIANT_AFTER_SOURCE_CHECK,P3,Valid exact JMdict variant but only one external reference family supports this JLPT listing.
箇条書,かじょうがき,N1,"{""N1"": 1}","{""community-independent"": ""N1""}",wordmaster,community-independent,1,lexical,"itemized form, itemization",same-reading-different-writing|same-jmdict-entry,箇条書き,,箇条書き,かじょうがき,N1,かじょうがき|個条書き|箇条書|箇条書き,yes,SINGLE_SOURCE,yes,no,no,N1,no,,n:noun (common) (futsuumeishi),itemized form; itemised form; itemization; itemisation,ADD_VARIANT_AFTER_SOURCE_CHECK,P3,Valid exact JMdict variant but only one external reference family supports this JLPT listing.
噛る,かじる,N1,"{""N1"": 1}","{""waller-derived"": ""N1""}",openjlpt|waller,waller-derived,1,lexical,to chew; to bite (at); to gnaw,same-reading-different-writing|same-jmdict-entry,かじる|齧る,,かじる|齧る,かじる,N2|N3,かじる|噛じる|噛る|囓る|齧る,yes,SINGLE_SOURCE,yes,no,no,N2,yes,uk:word usually written using kana alone,v5r:Godan verb with 'ru' ending|vt:transitive verb,to gnaw; to nibble; to bite; to munch; to crunch; to dabble in,ADD_VARIANT_AFTER_SOURCE_CHECK,P3,Valid exact JMdict variant but only one external reference family supports this JLPT listing. JLPT level conflicts with JMdict/Waller enrichment; add the form but review level before publishing.
画期,かっき,N1,"{""N1"": 1}","{""waller-derived"": ""N1""}",openjlpt|waller,waller-derived,1,lexical,epoch-making,same-reading-different-writing,活気,,,,,,yes,SINGLE_SOURCE,yes,no,no,N1,no,,n:noun (common) (futsuumeishi),transition from one epoch to another; change of era,MANUAL_LEVEL_AND_USAGE_REVIEW,P3,"Exact JMdict form exists, but evidence is single-source and form is not marked common."
かぶれる,かぶれる,N1,"{""N1"": 1}","{""community-independent"": ""N1""}",wordmaster,community-independent,1,kana/loanword,to react to; to be influenced by,same-reading-different-writing|same-jmdict-entry,気触れる,,気触れる,かぶれる,N1,かぶれる|気触れる|蚊触れる,yes,SINGLE_SOURCE,yes,no,no,N1,no,uk:word usually written using kana alone,v1:Ichidan verb|vi:intransitive verb,to develop a rash or inflammation (e.g. in response to a skin irritant); to react to (something); to be strongly influenced (usu. negative or critical nuance),ADD_VARIANT_AFTER_SOURCE_CHECK,P3,Valid exact JMdict variant but only one external reference family supports this JLPT listing.
瓶,かめ,N1,"{""N1"": 1}","{""waller-derived"": ""N1""}",openjlpt|waller,waller-derived,1,lexical,earthenware pot,same-reading-different-writing|same-writing-different-reading|same-jmdict-entry,亀|甕,びん,甕,かめ,N1,かめ|瓶|甕,yes,SINGLE_SOURCE,yes,no,no,N1,no,,n:noun (common) (futsuumeishi),earthenware pot,ADD_VARIANT_AFTER_SOURCE_CHECK,P3,Valid exact JMdict variant but only one external reference family supports this JLPT listing.
贋物,がんぶつ,N1,"{""N1"": 1}","{""waller-derived"": ""N1""}",openjlpt|waller,waller-derived,1,lexical,imitation; counterfeit; forgery,same-jmdict-entry,,,偽物,にせもの,N1,がんぶつ|ぎぶつ|にせもの|にせもん|にせ物|ニセモノ|ニセ物|偽もの|偽物|贋物,yes,SINGLE_SOURCE,yes,no,no,N1,no,,n:noun (common) (futsuumeishi),spurious article; forgery; counterfeit; imitation; sham,ADD_VARIANT_AFTER_SOURCE_CHECK,P3,Valid exact JMdict variant but only one external reference family supports this JLPT listing.
きしむ,きしむ,N1,"{""N1"": 1}","{""community-independent"": ""N1""}",wordmaster,community-independent,1,kana/loanword,吱嘎作响,same-reading-different-writing|same-jmdict-entry,軋む,,軋む,きしむ,N1,きしむ|軋む,yes,SINGLE_SOURCE,yes,no,no,N1,no,uk:word usually written using kana alone,v5m:Godan verb with 'mu' ending|vi:intransitive verb,to jar; to creak; to grate,ADD_VARIANT_AFTER_SOURCE_CHECK,P3,Valid exact JMdict variant but only one external reference family supports this JLPT listing.
きまりわるい,きまりわるい,N1,"{""N1"": 1}","{""community-independent"": ""N1""}",wordmaster,community-independent,1,kana/loanword,"feeling awkward, being ashamed",same-reading-different-writing|same-jmdict-entry,きまり悪い|決まり悪い,,きまり悪い|決まり悪い,きまりわるい,N1,きまりわるい|きまり悪い|極まり悪い|極り悪い|決まり悪い|決り悪い,yes,SINGLE_SOURCE,yes,no,no,N1,no,,adj-i:adjective (keiyoushi),embarrassed; ashamed,ADD_VARIANT_AFTER_SOURCE_CHECK,P3,Valid exact JMdict variant but only one external reference family supports this JLPT listing.
僅々,きんきん,N1,"{""N1"": 1}","{""waller-derived"": ""N1""}",waller,waller-derived,1,lexical,"a little, small quantity",fully-absent,,,,,,,yes,SINGLE_SOURCE,yes,no,no,N1,no,,adj-t:'taru' adjective|adv:adverb (fukushi),only; just; merely; no more than,MANUAL_LEVEL_AND_USAGE_REVIEW,P3,"Exact JMdict form exists, but evidence is single-source and form is not marked common."
旧事,くじ,N1,"{""N1"": 1}","{""waller-derived"": ""N1""}",openjlpt|waller,waller-derived,1,lexical,past events; bygones,same-reading-different-writing|same-writing-different-reading|same-jmdict-entry,くじ|籤,きゅうじ,くじ|旧事,きゅうじ|くじ,N1|N2,きゅうじ|くじ|旧事,yes,SINGLE_SOURCE,yes,no,no,N1,no,,n:noun (common) (futsuumeishi),past events; bygones,ADD_VARIANT_AFTER_SOURCE_CHECK,P3,Valid exact JMdict variant but only one external reference family supports this JLPT listing.
けがらわしい,けがらわしい,N1,"{""N1"": 1}","{""community-independent"": ""N1""}",wordmaster,community-independent,1,kana/loanword,肮脏的,same-reading-different-writing|same-jmdict-entry,汚らわしい,,汚らわしい,けがらわしい,N1,けがらわしい|汚らわしい|穢らわしい,yes,SINGLE_SOURCE,yes,no,no,N1,no,,adj-i:adjective (keiyoushi),filthy; unfair; dirty; untouchable; disgusting; nasty,ADD_VARIANT_AFTER_SOURCE_CHECK,P3,Valid exact JMdict variant but only one external reference family supports this JLPT listing.
傑,けつ,N1,"{""N1"": 1}","{""waller-derived"": ""N1""}",openjlpt|waller,waller-derived,1,lexical,excellence,fully-absent,,,,,,,yes,SINGLE_SOURCE,yes,no,no,N1,no,,ctr:counter,the top (e.g. top ten); the best,MANUAL_LEVEL_AND_USAGE_REVIEW,P3,"Exact JMdict form exists, but evidence is single-source and form is not marked common."
故,こ,N1,"{""N1"": 1}","{""waller-derived"": ""N1""}",openjlpt|waller,waller-derived,1,lexical,the late (deceased),same-reading-different-writing,子|戸,,,,,,yes,SINGLE_SOURCE,yes,no,no,N1,no,,pref:prefix,the late; the deceased,MANUAL_LEVEL_AND_USAGE_REVIEW,P3,"Exact JMdict form exists, but evidence is single-source and form is not marked common."
堪える,こたえる,N1,"{""N1"": 1}","{""waller-derived"": ""N1""}",openjlpt|waller,waller-derived,1,lexical,to bear; to stand; to endure,same-reading-different-writing|same-writing-different-reading|same-jmdict-entry,応える|答える,こらえる,堪える,こらえる,N2,こたえる|こらえる|堪える|怺える,yes,SINGLE_SOURCE,yes,no,no,N2,yes,uk:word usually written using kana alone,v1:Ichidan verb|vt:transitive verb,to bear; to stand; to endure; to put up with; to restrain; to control,ADD_VARIANT_AFTER_SOURCE_CHECK,P3,Valid exact JMdict variant but only one external reference family supports this JLPT listing. JLPT level conflicts with JMdict/Waller enrichment; add the form but review level before publishing.
ご座います,ございます,N1,"{""N1"": 1}","{""waller-derived"": ""N1""}",openjlpt|waller,waller-derived,1,fixed-expression/conjugated,to be (polite); to exist,fully-absent,,,,,,,yes,SINGLE_SOURCE,yes,no,yes,N1,no,after the ～て form of a masu verb; as ましてございます | after the ～て form of a verb; in highly formal contexts | dated:dated term | pol:polite (teineigo) language | sK:search-only kanji form | uk:word usually written using kana alone,"aux-v:auxiliary verb|exp:expressions (phrases, clauses, etc.)",to be; to exist; to be (doing); did; (have) done,SEPARATE_EXPRESSION_REVIEW,P3,Reference item is a fixed expression/conjugated form; useful for learning but should not be blindly mixed into base-form vocabulary.
御免ください,ごめんください,N1,"{""N1"": 1}","{""waller-derived"": ""N1""}",openjlpt|waller,waller-derived,1,fixed-expression/conjugated,May I come in?,same-reading-different-writing|same-jmdict-entry,ごめんください|ごめん下さい,,ごめんください|ごめん下さい,ごめんください,N1|N2,ごめんください|ごめん下さい|ご免ください|ご免下さい|御免ください|御免下さい,yes,SINGLE_SOURCE,yes,no,yes,N2,yes,pol:polite (teineigo) language | sK:search-only kanji form | uk:word usually written using kana alone,"exp:expressions (phrases, clauses, etc.)",may I come in?; please forgive me; I'm sorry,SEPARATE_EXPRESSION_REVIEW,P3,Reference item is a fixed expression/conjugated form; useful for learning but should not be blindly mixed into base-form vocabulary.
御覧なさい,ごらんなさい,N1,"{""N1"": 1}","{""waller-derived"": ""N1""}",openjlpt|waller,waller-derived,1,fixed-expression/conjugated,(please) look; (please) try to do,fully-absent,,,,,,,yes,SINGLE_SOURCE,yes,no,no,N1,no,after the -te form of a verb | hon:honorific or respectful (sonkeigo) language | pol:polite (teineigo) language | uk:word usually written using kana alone | used to emphasize that an earlier prediction was correct,"aux-v:auxiliary verb|exp:expressions (phrases, clauses, etc.)",(please) look; see; (please) try to do,SEPARATE_EXPRESSION_REVIEW,P3,Reference item is a fixed expression/conjugated form; useful for learning but should not be blindly mixed into base-form vocabulary.
些事,さじ,N1,"{""N1"": 1}","{""waller-derived"": ""N1""}",openjlpt|waller,waller-derived,1,lexical,something small or petty; trifle,same-reading-different-writing|same-jmdict-entry,さじ|匙,,さじ,さじ,N1,さじ|些事|瑣事,yes,SINGLE_SOURCE,yes,no,no,N1,no,,n:noun (common) (futsuumeishi),something small; something petty; trifle,ADD_VARIANT_AFTER_SOURCE_CHECK,P3,Valid exact JMdict variant but only one external reference family supports this JLPT listing.
拐う,さらう,N1,"{""N1"": 1}","{""waller-derived"": ""N1""}",openjlpt|waller,waller-derived,1,lexical,to carry off; to run away with; to kidnap,same-reading-different-writing|same-jmdict-entry,攫う|浚う,,攫う,さらう,N1,さらう|拐う|掠う|攫う,yes,SINGLE_SOURCE,yes,no,no,N1,no,also written as 浚う | iK:word containing irregular kanji usage | uk:word usually written using kana alone,v5u:Godan verb with 'u' ending|vt:transitive verb,to carry off; to run away with; to sweep away; to snatch; to kidnap; to abduct,ADD_VARIANT_AFTER_SOURCE_CHECK,P3,Valid exact JMdict variant but only one external reference family supports this JLPT listing.
雑木,ざつぼく,N1,"{""N1"": 1}","{""waller-derived"": ""N1""}",openjlpt|waller,waller-derived,1,lexical,various kinds of small trees; assorted trees,same-writing-different-reading|same-jmdict-entry,,ぞうき,雑木,ぞうき,N1,ざつぼく|ぞうき|ぞうぼく|雑木,yes,SINGLE_SOURCE,yes,no,no,N1,no,,n:noun (common) (futsuumeishi),various kinds of small trees; assorted trees,ADD_VARIANT_AFTER_SOURCE_CHECK,P3,Valid exact JMdict variant but only one external reference family supports this JLPT listing.
仕舞,しまい,N1,"{""N1"": 1}","{""waller-derived"": ""N1""}",openjlpt|waller,waller-derived,1,lexical,end; termination; informal (Noh play),same-reading-different-writing|same-jmdict-entry,しまい|仕舞い|姉妹|終い,,しまい|仕舞い|終い,しまい,N1|N3|N4,しまい|了い|仕舞|仕舞い|終い,yes,SINGLE_SOURCE,yes,no,no,N3,yes,,n:noun (common) (futsuumeishi),end; close; finish; termination; noh dance in plain clothes,ADD_VARIANT_AFTER_SOURCE_CHECK,P3,Valid exact JMdict variant but only one external reference family supports this JLPT listing. JLPT level conflicts with JMdict/Waller enrichment; add the form but review level before publishing.
十分,じっぷん,N1,"{""N1"": 1}","{""waller-derived"": ""N1""}",openjlpt|waller,waller-derived,1,lexical,10 minutes,same-writing-different-reading,,じゅうぶん,,,,,yes,SINGLE_SOURCE,yes,no,no,N1,no,,n:noun (common) (futsuumeishi),ten minutes,MANUAL_LEVEL_AND_USAGE_REVIEW,P3,"Exact JMdict form exists, but evidence is single-source and form is not marked common."
助,じょ,N1,"{""N1"": 1}","{""waller-derived"": ""N1""}",openjlpt|waller,waller-derived,1,lexical,help; rescue; assistant,fully-absent,,,,,,,yes,SINGLE_SOURCE,yes,no,no,N1,no,,pref:prefix,help; rescue; assistant,MANUAL_LEVEL_AND_USAGE_REVIEW,P3,"Exact JMdict form exists, but evidence is single-source and form is not marked common."
蒸溜,じょうりゅう,N1,"{""N1"": 1}","{""community-independent"": ""N1""}",wordmaster,community-independent,1,lexical,distillation,same-reading-different-writing|same-jmdict-entry,上流|蒸留,,蒸留,じょうりゅう,N1,じょうりゅう|蒸溜|蒸留|蒸餾,yes,SINGLE_SOURCE,yes,no,no,N1,no,,n:noun (common) (futsuumeishi)|vs:noun or participle which takes the aux. verb suru|vt:transitive verb,distillation,ADD_VARIANT_AFTER_SOURCE_CHECK,P3,Valid exact JMdict variant but only one external reference family supports this JLPT listing.
済みません,すみません,N1,"{""N1"": 1}","{""waller-derived"": ""N1""}",openjlpt|waller,waller-derived,1,fixed-expression/conjugated,sorry; excuse me,same-reading-different-writing|same-jmdict-entry,すみません,,すみません,すみません,N5,すみません|スミマセン|済みません,yes,SINGLE_SOURCE,yes,yes,yes,N3,yes,pol:polite (teineigo) language | sk:search-only kana form | uk:word usually written using kana alone | used to apologize or get someone's attention,"exp:expressions (phrases, clauses, etc.)|int:interjection (kandoushi)",excuse me; pardon me; I'm sorry; I beg your pardon; thank you; you shouldn't have,SEPARATE_EXPRESSION_REVIEW,P3,Reference item is a fixed expression/conjugated form; useful for learning but should not be blindly mixed into base-form vocabulary.
すれちがい,すれちがい,N1,"{""N1"": 1}","{""community-independent"": ""N1""}",wordmaster,community-independent,1,kana/loanword,chance encounter,same-reading-different-writing|same-jmdict-entry,擦れ違い,,擦れ違い,すれちがい,N2,すれちがい|すれ違い|擦れ違い,yes,SINGLE_SOURCE,yes,no,no,N1,no,,n:noun (common) (futsuumeishi),passing each other; missing (meeting) each other; failing to meet; (being at) cross purposes; discrepancy; disagreement,ADD_VARIANT_AFTER_SOURCE_CHECK,P3,Valid exact JMdict variant but only one external reference family supports this JLPT listing.
先先月,せんせんげつ,N1,"{""N1"": 1}","{""waller-derived"": ""N1""}",openjlpt|waller,waller-derived,1,lexical,month before last,same-reading-different-writing|same-jmdict-entry,先々月,,先々月,せんせんげつ,N2,せんせんげつ|先々月|先先月,yes,SINGLE_SOURCE,yes,no,no,N2,yes,,adv:adverb (fukushi)|n:noun (common) (futsuumeishi),month before last,ADD_VARIANT_AFTER_SOURCE_CHECK,P3,Valid exact JMdict variant but only one external reference family supports this JLPT listing. JLPT level conflicts with JMdict/Waller enrichment; add the form but review level before publishing.
先先週,せんせんしゅう,N1,"{""N1"": 1}","{""waller-derived"": ""N1""}",openjlpt|waller,waller-derived,1,lexical,week before last,same-reading-different-writing|same-jmdict-entry,先々週,,先々週,せんせんしゅう,N1,せんせんしゅう|先々週|先先週,yes,SINGLE_SOURCE,yes,no,no,N2,yes,,adv:adverb (fukushi)|n:noun (common) (futsuumeishi),week before last,ADD_VARIANT_AFTER_SOURCE_CHECK,P3,Valid exact JMdict variant but only one external reference family supports this JLPT listing. JLPT level conflicts with JMdict/Waller enrichment; add the form but review level before publishing.
素っ気無い,そっけない,N1,"{""N1"": 1}","{""community-independent"": ""N1""}",wordmaster,community-independent,1,lexical,"cold, short, curt, blunt",same-reading-different-writing|same-jmdict-entry,そっけない|素っ気ない,,そっけない|素っ気ない,そっけない,N1,そっけない|素っ気ない|素っ気無い|素気ない|素気無い,yes,SINGLE_SOURCE,yes,no,no,N1,no,uk:word usually written using kana alone,adj-i:adjective (keiyoushi),cold; short; curt; blunt,ADD_VARIANT_AFTER_SOURCE_CHECK,P3,Valid exact JMdict variant but only one external reference family supports this JLPT listing.
外方,そっぽ,N1,"{""N1"": 2}","{""community-independent"": ""N1"", ""waller-derived"": ""N1""}",openjlpt|waller|wordmaster,community-independent|waller-derived,2,lexical,look (or turn) the other way,same-reading-different-writing|same-jmdict-entry,そっぽ,,そっぽ,そっぽ,N1,そっぽ|外方,yes,HIGH,yes,no,no,N1,no,rK:rarely used kanji form | uk:word usually written using kana alone,n:noun (common) (futsuumeishi),the other way,LOW_PRIORITY_RARE_VARIANT,P3,"Exact form exists but is rare/dialectal/obscure; valid form, lower study priority."
その為,そのため,N1,"{""N1"": 1}","{""waller-derived"": ""N1""}",openjlpt|waller,waller-derived,1,lexical,hence; for that reason,same-reading-different-writing|same-jmdict-entry,そのため,,そのため,そのため,N3,そのため|その為|其のため|其の為,yes,SINGLE_SOURCE,yes,no,no,N2,yes,uk:word usually written using kana alone,"exp:expressions (phrases, clauses, etc.)",hence; for that reason,ADD_VARIANT_AFTER_SOURCE_CHECK,P3,Valid exact JMdict variant but only one external reference family supports this JLPT listing. JLPT level conflicts with JMdict/Waller enrichment; add the form but review level before publishing.
其れ故,それゆえ,N1,"{""N1"": 1}","{""waller-derived"": ""N1""}",openjlpt|waller,waller-derived,1,lexical,therefore; for that reason; so,same-reading-different-writing|same-jmdict-entry,それゆえ|それ故,,それゆえ|それ故,それゆえ,N1,それゆえ|それ故|其れ故,yes,SINGLE_SOURCE,yes,no,no,N1,no,uk:word usually written using kana alone,conj:conjunction,therefore; for that reason; so; because of that,ADD_VARIANT_AFTER_SOURCE_CHECK,P3,Valid exact JMdict variant but only one external reference family supports this JLPT listing.
対して,たいして,N1,"{""N1"": 1}","{""waller-derived"": ""N1""}",openjlpt|waller,waller-derived,1,lexical,for; in regard to; per,same-reading-different-writing,大して,,,,,,yes,SINGLE_SOURCE,yes,no,no,N1,no,,"exp:expressions (phrases, clauses, etc.)",for; in regard to; per,MANUAL_LEVEL_AND_USAGE_REVIEW,P3,"Exact JMdict form exists, but evidence is single-source and form is not marked common."
歎,たん,N1,"{""N1"": 1}","{""waller-derived"": ""N1""}",openjlpt|waller,waller-derived,1,lexical,grief; sigh; lamentation,same-reading-different-writing,タン|単|反,,,,,,yes,SINGLE_SOURCE,yes,no,no,N1,no,,n:noun (common) (futsuumeishi),sigh; grief; lamentation,MANUAL_LEVEL_AND_USAGE_REVIEW,P3,"Exact JMdict form exists, but evidence is single-source and form is not marked common."
中っ腹,ちゅうっぱら,N1,"{""N1"": 1}","{""waller-derived"": ""N1""}",waller,waller-derived,1,lexical,"irritated, offended",fully-absent,,,,,,,yes,SINGLE_SOURCE,yes,no,no,N1,no,,n:noun (common) (futsuumeishi),anger (held in check); irritation; rage,MANUAL_LEVEL_AND_USAGE_REVIEW,P3,"Exact JMdict form exists, but evidence is single-source and form is not marked common."
継目,つぎめ,N1,"{""N1"": 1}","{""community-independent"": ""N1""}",wordmaster,community-independent,1,lexical,"joint, seam",same-reading-different-writing|same-jmdict-entry,継ぎ目,,継ぎ目,つぎめ,N1,つぎめ|継ぎ目|継目,yes,SINGLE_SOURCE,yes,no,no,N1,no,,n:noun (common) (futsuumeishi),joint; seam; joining point,ADD_VARIANT_AFTER_SOURCE_CHECK,P3,Valid exact JMdict variant but only one external reference family supports this JLPT listing.
務まる,つとまる,N1,"{""N1"": 1}","{""community-independent"": ""N1""}",wordmaster,community-independent,1,lexical,"be equal, be fit",same-reading-different-writing|same-jmdict-entry,勤まる,,勤まる,つとまる,N1,つとまる|務まる|勤まる,yes,SINGLE_SOURCE,yes,no,no,N1,no,,v5r:Godan verb with 'ru' ending|vi:intransitive verb,to be fit (for a role); to be qualified (for); to be equal (to a task); to be able to fulfill one's duties (as),ADD_VARIANT_AFTER_SOURCE_CHECK,P3,Valid exact JMdict variant but only one external reference family supports this JLPT listing.
釣り鐘,つりがね,N1,"{""N1"": 1}","{""community-independent"": ""N1""}",wordmaster,community-independent,1,lexical,temple bell (for striking),same-reading-different-writing|same-jmdict-entry,釣鐘,,釣鐘,つりがね,N1,つりがね|吊り鐘|吊鐘|釣り鐘|釣鐘,yes,SINGLE_SOURCE,yes,no,no,N1,no,,n:noun (common) (futsuumeishi),temple bell; hanging bell; funeral bell,ADD_VARIANT_AFTER_SOURCE_CHECK,P3,Valid exact JMdict variant but only one external reference family supports this JLPT listing.
鉄片,てっぺん,N1,"{""N1"": 1}","{""waller-derived"": ""N1""}",openjlpt|waller,waller-derived,1,lexical,iron scraps,same-reading-different-writing|same-jmdict-entry,てっぺん|天辺,,てっぺん,てっぺん,N1,てっぺん|鉄片,yes,SINGLE_SOURCE,yes,no,no,N1,no,,n:noun (common) (futsuumeishi),iron scraps,ADD_VARIANT_AFTER_SOURCE_CHECK,P3,Valid exact JMdict variant but only one external reference family supports this JLPT listing.
できもの,できもの,N1,"{""N1"": 1}","{""community-independent"": ""N1""}",wordmaster,community-independent,1,kana/loanword,"boil, rash",same-reading-different-writing|same-jmdict-entry,出来物,,出来物,できもの,N1,できもの|できもん|出来もの|出来物,yes,SINGLE_SOURCE,yes,no,no,N1,no,uk:word usually written using kana alone,n:noun (common) (futsuumeishi),tumour; tumor; growth; boil; ulcer; abscess,ADD_VARIANT_AFTER_SOURCE_CHECK,P3,Valid exact JMdict variant but only one external reference family supports this JLPT listing.
等,とう,N1,"{""N1"": 1}","{""waller-derived"": ""N1""}",openjlpt|waller,waller-derived,1,lexical,et cetera; etc.; and the like,same-reading-different-writing,党|唐|問う|塔|島|当|頭,,,,,,yes,SINGLE_SOURCE,yes,no,no,N1,no,,"ctr:counter|n-suf:noun, used as a suffix|n:noun (common) (futsuumeishi)|pref:prefix|suf:suffix",class; order; rank; et cetera; etc.; and the like,MANUAL_LEVEL_AND_USAGE_REVIEW,P3,"Exact JMdict form exists, but evidence is single-source and form is not marked common."
灯,ともしび,N1,"{""N1"": 1}","{""waller-derived"": ""N1""}",openjlpt|waller,waller-derived,1,lexical,light,same-reading-different-writing|same-writing-different-reading|same-jmdict-entry,灯火,ひ,灯火,ともしび,N1,ともしび|灯|灯し火|灯火|燈火|燭,yes,SINGLE_SOURCE,yes,no,no,N1,no,,n:noun (common) (futsuumeishi),light; lamp; torch,ADD_VARIANT_AFTER_SOURCE_CHECK,P3,Valid exact JMdict variant but only one external reference family supports this JLPT listing.
どうぞ宜しく,どうぞよろしく,N1,"{""N1"": 1}","{""waller-derived"": ""N1""}",openjlpt|waller,waller-derived,1,lexical,pleased to meet you,fully-absent,,,,,,,yes,SINGLE_SOURCE,yes,no,no,N2,yes,uk:word usually written using kana alone,"exp:expressions (phrases, clauses, etc.)",pleased to meet you; how do you do; my regards (to someone); my greetings; best wishes; remember me to,MANUAL_LEVEL_AND_USAGE_REVIEW,P3,"Exact JMdict form exists, but evidence is single-source and form is not marked common."
均し,ならし,N1,"{""N1"": 1}","{""waller-derived"": ""N1""}",waller,waller-derived,1,lexical,"equilibrium, balance, average, mean",fully-absent,,,,,,,yes,SINGLE_SOURCE,yes,no,no,N1,no,,n:noun (common) (futsuumeishi),average; leveling; levelling,MANUAL_LEVEL_AND_USAGE_REVIEW,P3,"Exact JMdict form exists, but evidence is single-source and form is not marked common."
なるたけ,なるたけ,N1,"{""N1"": 1}","{""community-independent"": ""N1""}",wordmaster,community-independent,1,kana/loanword,"as much as possible, if possible",fully-absent,,,,,,,yes,SINGLE_SOURCE,yes,no,no,N1,no,uk:word usually written using kana alone,adv:adverb (fukushi),as (much) as possible; as (much) as one can; wherever practicable; if possible,MANUAL_LEVEL_AND_USAGE_REVIEW,P3,"Exact JMdict form exists, but evidence is single-source and form is not marked common."
なんなり,なんなり,N1,"{""N1"": 1}","{""community-independent"": ""N1""}",wordmaster,community-independent,1,kana/loanword,"anything, whatever",fully-absent,,,,,,,yes,SINGLE_SOURCE,yes,no,no,N1,no,,adv:adverb (fukushi),anything; whatever,MANUAL_LEVEL_AND_USAGE_REVIEW,P3,"Exact JMdict form exists, but evidence is single-source and form is not marked common."
何なり,なんなり,N1,"{""N1"": 1}","{""waller-derived"": ""N1""}",openjlpt|waller,waller-derived,1,lexical,any; anything; whatever,fully-absent,,,,,,,yes,SINGLE_SOURCE,yes,no,no,N1,no,,adv:adverb (fukushi),anything; whatever,MANUAL_LEVEL_AND_USAGE_REVIEW,P3,"Exact JMdict form exists, but evidence is single-source and form is not marked common."
日当,にっとう,N1,"{""N1"": 1}","{""waller-derived"": ""N1""}",openjlpt|waller,waller-derived,1,lexical,daily allowance,fully-absent,,,,,,,yes,SINGLE_SOURCE,yes,no,no,N1,no,,n:noun (common) (futsuumeishi),daily allowance; daily wages,MANUAL_LEVEL_AND_USAGE_REVIEW,P3,"Exact JMdict form exists, but evidence is single-source and form is not marked common."
ねじまわし,ねじまわし,N1,"{""N1"": 1}","{""community-independent"": ""N1""}",wordmaster,community-independent,1,kana/loanword,screwdriver,fully-absent,,,,,,,yes,SINGLE_SOURCE,yes,no,no,N1,no,,n:noun (common) (futsuumeishi),screwdriver,MANUAL_LEVEL_AND_USAGE_REVIEW,P3,"Exact JMdict form exists, but evidence is single-source and form is not marked common."
ねじ回し,ねじまわし,N1,"{""N1"": 1}","{""waller-derived"": ""N1""}",openjlpt|waller,waller-derived,1,lexical,screwdriver,fully-absent,,,,,,,yes,SINGLE_SOURCE,yes,no,no,N1,no,,n:noun (common) (futsuumeishi),screwdriver,MANUAL_LEVEL_AND_USAGE_REVIEW,P3,"Exact JMdict form exists, but evidence is single-source and form is not marked common."
捻じれる,ねじれる,N1,"{""N1"": 1}","{""waller-derived"": ""N1""}",openjlpt|waller,waller-derived,1,lexical,to twist; to wrench; to screw,same-reading-different-writing|same-jmdict-entry,捩れる|捻れる,,捩れる|捻れる,ねじれる,N1,ねじれる|拗れる|捩じれる|捩れる|捻じれる|捻れる,yes,SINGLE_SOURCE,yes,no,no,N1,no,uk:word usually written using kana alone,v1:Ichidan verb|vi:intransitive verb,"to get twisted; to get crooked; to get warped; to become twisted (of a mind, relationship, etc.); to become warped; to become perverse",ADD_VARIANT_AFTER_SOURCE_CHECK,P3,Valid exact JMdict variant but only one external reference family supports this JLPT listing.
機,はた,N1,"{""N1"": 1}","{""waller-derived"": ""N1""}",openjlpt|waller,waller-derived,1,lexical,loom,same-reading-different-writing,旗,,,,,,yes,SINGLE_SOURCE,yes,no,no,N1,no,,n:noun (common) (futsuumeishi),loom,MANUAL_LEVEL_AND_USAGE_REVIEW,P3,"Exact JMdict form exists, but evidence is single-source and form is not marked common."
流行,はやり,N1,"{""N1"": 1}","{""waller-derived"": ""N1""}",openjlpt|waller,waller-derived,1,lexical,fashionable; fad; in vogue,same-reading-different-writing|same-writing-different-reading|same-jmdict-entry,流行[はや]り|流行り,りゅうこう,流行り,はやり,N1,はやり|流行|流行り,yes,SINGLE_SOURCE,yes,no,no,N1,no,io:irregular okurigana usage,adj-no:nouns which may take the genitive case particle 'no'|n:noun (common) (futsuumeishi),fashion; fad; vogue; craze; prevalence (e.g. of a disease),ADD_VARIANT_AFTER_SOURCE_CHECK,P3,Valid exact JMdict variant but only one external reference family supports this JLPT listing.
歩,ふ,N1,"{""N1"": 1}","{""waller-derived"": ""N1""}",openjlpt|waller,waller-derived,1,lexical,pawn (in chess or shogi),same-reading-different-writing|same-writing-different-reading,府|負,ほ,,,,,yes,SINGLE_SOURCE,yes,no,no,N1,no,abbr:abbreviation,n:noun (common) (futsuumeishi),pawn,MANUAL_LEVEL_AND_USAGE_REVIEW,P3,"Exact JMdict form exists, but evidence is single-source and form is not marked common."
フィルタ,フィルタ,N1,"{""N1"": 1}","{""community-independent"": ""N1""}",wordmaster,community-independent,1,kana/loanword,filter,same-jmdict-entry,,,フィルター,フィルター,N1,フィルタ|フィルター,yes,SINGLE_SOURCE,yes,no,no,N1,no,,n:noun (common) (futsuumeishi),filter,ADD_VARIANT_AFTER_SOURCE_CHECK,P3,Valid exact JMdict variant but only one external reference family supports this JLPT listing.
へりくだる,へりくだる,N1,"{""N1"": 1}","{""community-independent"": ""N1""}",wordmaster,community-independent,1,kana/loanword,to deprecate oneself and praise the listener,fully-absent,,,,,,,yes,SINGLE_SOURCE,yes,no,no,N1,no,uk:word usually written using kana alone,v5r:Godan verb with 'ru' ending|vi:intransitive verb,to deprecate oneself and praise the listener; to abase oneself,MANUAL_LEVEL_AND_USAGE_REVIEW,P3,"Exact JMdict form exists, but evidence is single-source and form is not marked common."
謙る,へりくだる,N1,"{""N1"": 1}","{""waller-derived"": ""N1""}",openjlpt|waller,waller-derived,1,lexical,to deprecate oneself and praise the listener,fully-absent,,,,,,,yes,SINGLE_SOURCE,yes,no,no,N1,no,uk:word usually written using kana alone,v5r:Godan verb with 'ru' ending|vi:intransitive verb,to deprecate oneself and praise the listener; to abase oneself,MANUAL_LEVEL_AND_USAGE_REVIEW,P3,"Exact JMdict form exists, but evidence is single-source and form is not marked common."
偏,へん,N1,"{""N1"": 1}","{""waller-derived"": ""N1""}",openjlpt|waller,waller-derived,1,lexical,side; left radical of a character; inclining,same-reading-different-writing,変|編|辺,,,,,,yes,SINGLE_SOURCE,yes,no,no,N1,no,e.g. 訁 in 話,n:noun (common) (futsuumeishi),left-hand radical of a character,MANUAL_LEVEL_AND_USAGE_REVIEW,P3,"Exact JMdict form exists, but evidence is single-source and form is not marked common."
宝器,ほうき,N1,"{""N1"": 1}","{""waller-derived"": ""N1""}",openjlpt|waller,waller-derived,1,lexical,treasured article or vessel; outstanding individual,same-reading-different-writing|same-jmdict-entry,ほうき|放棄|法規|箒,,ほうき,ほうき,N2,ほうき|宝器,yes,SINGLE_SOURCE,yes,no,no,N1,no,,n:noun (common) (futsuumeishi),treasured article or vessel; outstanding individual,ADD_VARIANT_AFTER_SOURCE_CHECK,P3,Valid exact JMdict variant but only one external reference family supports this JLPT listing.
乾,ほし,N1,"{""N1"": 1}","{""waller-derived"": ""N1""}",waller,waller-derived,1,lexical,"dried, cured",same-reading-different-writing|same-jmdict-entry,干し|星,,干し,ほし,N1,ほし|乾|乾し|干|干し,yes,SINGLE_SOURCE,yes,no,no,N1,no,io:irregular okurigana usage,"n-pref:noun, used as a prefix|n:noun (common) (futsuumeishi)",drying; dried,ADD_VARIANT_AFTER_SOURCE_CHECK,P3,Valid exact JMdict variant but only one external reference family supports this JLPT listing.
ほとり,ほとり,N1,"{""N1"": 1}","{""community-independent"": ""N1""}",wordmaster,community-independent,1,kana/loanword,vicinity of lake; river,same-reading-different-writing|same-jmdict-entry,辺,,辺,ほとり,N1,ほとり|畔|辺|辺り,yes,SINGLE_SOURCE,yes,no,no,N1,no,uk:word usually written using kana alone,n:noun (common) (futsuumeishi),side (esp. of a waterbody); edge; bank; shore,ADD_VARIANT_AFTER_SOURCE_CHECK,P3,Valid exact JMdict variant but only one external reference family supports this JLPT listing.
辺り,ほとり,N1,"{""N1"": 1}","{""waller-derived"": ""N1""}",openjlpt|waller,waller-derived,1,lexical,(in the) neighbourhood; vicinity; nearby,same-reading-different-writing|same-writing-different-reading|same-jmdict-entry,辺,あたり,辺,ほとり,N1,ほとり|畔|辺|辺り,yes,SINGLE_SOURCE,yes,no,no,N1,no,io:irregular okurigana usage | uk:word usually written using kana alone,n:noun (common) (futsuumeishi),side (esp. of a waterbody); edge; bank; shore,ADD_VARIANT_AFTER_SOURCE_CHECK,P3,Valid exact JMdict variant but only one external reference family supports this JLPT listing.
まさしく,まさしく,N1,"{""N1"": 1}","{""community-independent"": ""N1""}",wordmaster,community-independent,1,kana/loanword,"surely, no doubt, evidently",same-reading-different-writing|same-jmdict-entry,正しく,,正しく,まさしく,N1,まさしく|正しく,yes,SINGLE_SOURCE,yes,no,no,N1,no,uk:word usually written using kana alone,adv:adverb (fukushi),certainly; surely; undoubtedly; evidently; really; truly,ADD_VARIANT_AFTER_SOURCE_CHECK,P3,Valid exact JMdict variant but only one external reference family supports this JLPT listing.
瞬き,またたき,N1,"{""N1"": 1}","{""waller-derived"": ""N1""}",openjlpt|waller,waller-derived,1,lexical,wink; twinkling (of stars); flicker (of light),same-writing-different-reading|same-jmdict-entry,,まばたき,瞬き,まばたき,N1,またたき|まだたき|まばたき|めばたき|瞬き,yes,SINGLE_SOURCE,yes,no,no,N1,no,,n:noun (common) (futsuumeishi)|vi:intransitive verb|vs:noun or participle which takes the aux. verb suru,blink (of eyes); wink; twinkling (of stars); flicker (of light); blink (of light),ADD_VARIANT_AFTER_SOURCE_CHECK,P3,Valid exact JMdict variant but only one external reference family supports this JLPT listing.
まと,まと,N1,"{""N1"": 1}","{""community-independent"": ""N1""}",wordmaster,community-independent,1,kana/loanword,"mark, target",same-reading-different-writing|same-jmdict-entry,的,,的,まと,N1,まと|的,yes,SINGLE_SOURCE,yes,no,no,N1,no,,n:noun (common) (futsuumeishi),mark; target; object; subject; focus; point (e.g. of argument),ADD_VARIANT_AFTER_SOURCE_CHECK,P3,Valid exact JMdict variant but only one external reference family supports this JLPT listing.
纏め,まとめ,N1,"{""N1"": 2}","{""community-independent"": ""N1"", ""waller-derived"": ""N1""}",openjlpt|waller|wordmaster,community-independent|waller-derived,2,lexical,settlement; conclusion,same-reading-different-writing|same-jmdict-entry,まとめ,,まとめ,まとめ,N1,まとめ|纏め,yes,HIGH,yes,no,yes,N1,no,rK:rarely used kanji form | uk:word usually written using kana alone,n:noun (common) (futsuumeishi),summary; recapitulation; aggregation,LOW_PRIORITY_RARE_VARIANT,P3,"Exact form exists but is rare/dialectal/obscure; valid form, lower study priority."
真ん円い,まんまるい,N1,"{""N1"": 1}","{""community-independent"": ""N1""}",wordmaster,community-independent,1,lexical,perfectly round,same-reading-different-writing|same-jmdict-entry,真ん丸い,,真ん丸い,まんまるい,N1,まんまるい|まん丸い|まん円い|真ん丸い|真ん円い,yes,SINGLE_SOURCE,yes,no,no,N1,no,,adj-i:adjective (keiyoushi),perfectly round; perfectly circular,ADD_VARIANT_AFTER_SOURCE_CHECK,P3,Valid exact JMdict variant but only one external reference family supports this JLPT listing.
むしる,むしる,N1,"{""N1"": 1}","{""community-independent"": ""N1""}",wordmaster,community-independent,1,kana/loanword,"to pluck, to pick, to tear",same-reading-different-writing|same-jmdict-entry,毟る,,毟る,むしる,N1,むしる|挘る|毟る,yes,SINGLE_SOURCE,yes,no,no,N1,no,,v5r:Godan verb with 'ru' ending|vt:transitive verb,to pluck; to pick; to tear,ADD_VARIANT_AFTER_SOURCE_CHECK,P3,Valid exact JMdict variant but only one external reference family supports this JLPT listing.
優,やさ,N1,"{""N1"": 1}","{""waller-derived"": ""N1""}",openjlpt|waller,waller-derived,1,lexical,gentle; affectionate,fully-absent,,,,,,,yes,SINGLE_SOURCE,yes,no,no,N1,no,,pref:prefix,gentle; affectionate,MANUAL_LEVEL_AND_USAGE_REVIEW,P3,"Exact JMdict form exists, but evidence is single-source and form is not marked common."
やっ付ける,やっつける,N1,"{""N1"": 1}","{""waller-derived"": ""N1""}",openjlpt|waller,waller-derived,1,lexical,to beat,same-reading-different-writing|same-jmdict-entry,やっつける|遣っ付ける,,やっつける|遣っ付ける,やっつける,N1|N2,やっつける|やっ付ける|遣っつける|遣っ付ける,yes,SINGLE_SOURCE,yes,no,no,N2,yes,uk:word usually written using kana alone,v1:Ichidan verb|vt:transitive verb,to beat; to attack (an enemy); to do away with; to finish off,ADD_VARIANT_AFTER_SOURCE_CHECK,P3,Valid exact JMdict variant but only one external reference family supports this JLPT listing. JLPT level conflicts with JMdict/Waller enrichment; add the form but review level before publishing.
やりとおす,やりとおす,N1,"{""N1"": 1}","{""community-independent"": ""N1""}",wordmaster,community-independent,1,kana/loanword,"to carry through, to achieve, to complete",same-reading-different-writing|same-jmdict-entry,やり通す|遣り通す,,やり通す|遣り通す,やりとおす,N1,やりとおす|やり通す|遣り通す,yes,SINGLE_SOURCE,yes,no,no,N1,no,,v5s:Godan verb with 'su' ending,to carry through; to achieve; to complete,ADD_VARIANT_AFTER_SOURCE_CHECK,P3,Valid exact JMdict variant but only one external reference family supports this JLPT listing.
やりとげる,やりとげる,N1,"{""N1"": 1}","{""community-independent"": ""N1""}",wordmaster,community-independent,1,kana/loanword,to accomplish,same-reading-different-writing|same-jmdict-entry,やり遂げる,,やり遂げる,やりとげる,N1,やりとげる|やり遂げる|遣り遂げる,yes,SINGLE_SOURCE,yes,no,no,N1,no,,v1:Ichidan verb|vt:transitive verb,to accomplish; to finish; to carry through; to follow through,ADD_VARIANT_AFTER_SOURCE_CHECK,P3,Valid exact JMdict variant but only one external reference family supports this JLPT listing.
葦,よし,N1,"{""N1"": 1}","{""waller-derived"": ""N1""}",openjlpt|waller,waller-derived,1,lexical,reed; bulrush,same-reading-different-writing|same-writing-different-reading|same-jmdict-entry,よし|由,あし,よし|葦,あし|よし,N1,あし|よし|アシ|ヨシ|芦|葦|葭|蘆,yes,SINGLE_SOURCE,yes,no,no,N1,no,uk:word usually written using kana alone,adj-no:nouns which may take the genitive case particle 'no'|n:noun (common) (futsuumeishi),common reed (Phragmites australis),ADD_VARIANT_AFTER_SOURCE_CHECK,P3,Valid exact JMdict variant but only one external reference family supports this JLPT listing.
ロープウエイ,ロープウエイ,N1,"{""N1"": 1}","{""community-independent"": ""N1""}",wordmaster,community-independent,1,kana/loanword,"ropeway, aerial tram",same-jmdict-entry,,,ロープウェイ|ロープウエー,ロープウェイ|ロープウエー,N1,ロープウェイ|ロープウェー|ロープウエイ|ロープウエー,yes,SINGLE_SOURCE,yes,no,no,,no,,n:noun (common) (futsuumeishi),ropeway; cableway; aerial lift; cable car,ADD_VARIANT_AFTER_SOURCE_CHECK,P3,Valid exact JMdict variant but only one external reference family supports this JLPT listing.
～円,～えん,N5,"{""N5"": 1}","{""community-independent"": ""N5""}",wordmaster,community-independent,1,lexical,～日元,fully-absent,,,,,,,no,SINGLE_SOURCE,no,no,no,,no,,,,MANUAL_VERIFY_SOURCE,P4,Exact written-form + reading was not resolved in the JMdict common/JLPT subset; verify source spelling and lexical status before adding.
～回,～かい,N5,"{""N5"": 1}","{""community-independent"": ""N5""}",wordmaster,community-independent,1,lexical,～次,fully-absent,,,,,,,no,SINGLE_SOURCE,no,no,no,,no,,,,MANUAL_VERIFY_SOURCE,P4,Exact written-form + reading was not resolved in the JMdict common/JLPT subset; verify source spelling and lexical status before adding.
～階,～かい,N5,"{""N5"": 1}","{""community-independent"": ""N5""}",wordmaster,community-independent,1,lexical,～层,fully-absent,,,,,,,no,SINGLE_SOURCE,no,no,no,,no,,,,MANUAL_VERIFY_SOURCE,P4,Exact written-form + reading was not resolved in the JMdict common/JLPT subset; verify source spelling and lexical status before adding.
～か月,～かげつ,N5,"{""N5"": 1}","{""community-independent"": ""N5""}",wordmaster,community-independent,1,lexical,(number of) months,fully-absent,,,,,,,no,SINGLE_SOURCE,no,no,no,,no,,,,MANUAL_VERIFY_SOURCE,P4,Exact written-form + reading was not resolved in the JMdict common/JLPT subset; verify source spelling and lexical status before adding.
～月,～がつ,N5,"{""N5"": 1}","{""community-independent"": ""N5""}",wordmaster,community-independent,1,lexical,month of year,fully-absent,,,,,,,no,SINGLE_SOURCE,no,no,no,,no,,,,MANUAL_VERIFY_SOURCE,P4,Exact written-form + reading was not resolved in the JMdict common/JLPT subset; verify source spelling and lexical status before adding.
～がる,～がる,N5,"{""N5"": 1}","{""community-independent"": ""N5""}",wordmaster,community-independent,1,lexical,感到,fully-absent,,,,,,,no,SINGLE_SOURCE,no,no,no,,no,,,,MANUAL_VERIFY_SOURCE,P4,Exact written-form + reading was not resolved in the JMdict common/JLPT subset; verify source spelling and lexical status before adding.
～側,～がわ,N5,"{""N5"": 1}","{""community-independent"": ""N5""}",wordmaster,community-independent,1,lexical,～侧,fully-absent,,,,,,,no,SINGLE_SOURCE,no,no,no,,no,,,,MANUAL_VERIFY_SOURCE,P4,Exact written-form + reading was not resolved in the JMdict common/JLPT subset; verify source spelling and lexical status before adding.
～くらい; ぐらい,～くらい; ぐらい,N5,"{""N5"": 1}","{""community-independent"": ""N5""}",wordmaster,community-independent,1,lexical,大约,fully-absent,,,,,,,no,SINGLE_SOURCE,no,no,no,,no,,,,MANUAL_VERIFY_SOURCE,P4,Exact written-form + reading was not resolved in the JMdict common/JLPT subset; verify source spelling and lexical status before adding.
～個,～こ,N5,"{""N5"": 1}","{""community-independent"": ""N5""}",wordmaster,community-independent,1,lexical,"counter for small items (e.g., fruits, cups)",fully-absent,,,,,,,no,SINGLE_SOURCE,no,no,no,,no,,,,MANUAL_VERIFY_SOURCE,P4,Exact written-form + reading was not resolved in the JMdict common/JLPT subset; verify source spelling and lexical status before adding.
～ころ; ～ごろ,～ころ; ～ごろ,N5,"{""N5"": 1}","{""community-independent"": ""N5""}",wordmaster,community-independent,1,lexical,"about, toward, approximately (time)",fully-absent,,,,,,,no,SINGLE_SOURCE,no,no,no,,no,,,,MANUAL_VERIFY_SOURCE,P4,Exact written-form + reading was not resolved in the JMdict common/JLPT subset; verify source spelling and lexical status before adding.
～語,～ご,N5,"{""N5"": 1}","{""community-independent"": ""N5""}",wordmaster,community-independent,1,lexical,"word, language",fully-absent,,,,,,,no,SINGLE_SOURCE,no,no,no,,no,,,,MANUAL_VERIFY_SOURCE,P4,Exact written-form + reading was not resolved in the JMdict common/JLPT subset; verify source spelling and lexical status before adding.
～歳,～さい,N5,"{""N5"": 1}","{""community-independent"": ""N5""}",wordmaster,community-independent,1,lexical,~岁,fully-absent,,,,,,,no,SINGLE_SOURCE,no,no,no,,no,,,,MANUAL_VERIFY_SOURCE,P4,Exact written-form + reading was not resolved in the JMdict common/JLPT subset; verify source spelling and lexical status before adding.
～冊,～さつ,N5,"{""N5"": 1}","{""community-independent"": ""N5""}",wordmaster,community-independent,1,lexical,~本(书),fully-absent,,,,,,,no,SINGLE_SOURCE,no,no,no,,no,,,,MANUAL_VERIFY_SOURCE,P4,Exact written-form + reading was not resolved in the JMdict common/JLPT subset; verify source spelling and lexical status before adding.
～さん,～さん,N5,"{""N5"": 1}","{""community-independent"": ""N5""}",wordmaster,community-independent,1,lexical,～先生/～女士/～先生,fully-absent,,,,,,,no,SINGLE_SOURCE,no,no,no,,no,,,,MANUAL_VERIFY_SOURCE,P4,Exact written-form + reading was not resolved in the JMdict common/JLPT subset; verify source spelling and lexical status before adding.
～週間,～しゅうかん,N5,"{""N5"": 1}","{""community-independent"": ""N5""}",wordmaster,community-independent,1,lexical,~ weeks,fully-absent,,,,,,,no,SINGLE_SOURCE,no,no,no,,no,,,,MANUAL_VERIFY_SOURCE,P4,Exact written-form + reading was not resolved in the JMdict common/JLPT subset; verify source spelling and lexical status before adding.
～時,～じ,N5,"{""N5"": 1}","{""community-independent"": ""N5""}",wordmaster,community-independent,1,lexical,～点,fully-absent,,,,,,,no,SINGLE_SOURCE,no,no,no,,no,,,,MANUAL_VERIFY_SOURCE,P4,Exact written-form + reading was not resolved in the JMdict common/JLPT subset; verify source spelling and lexical status before adding.
～時間,～じかん,N5,"{""N5"": 1}","{""community-independent"": ""N5""}",wordmaster,community-independent,1,lexical,～小时,fully-absent,,,,,,,no,SINGLE_SOURCE,no,no,no,,no,,,,MANUAL_VERIFY_SOURCE,P4,Exact written-form + reading was not resolved in the JMdict common/JLPT subset; verify source spelling and lexical status before adding.
～中,～じゅう,N5,"{""N5"": 1}","{""community-independent"": ""N5""}",wordmaster,community-independent,1,lexical,"during, while",fully-absent,,,,,,,no,SINGLE_SOURCE,no,no,no,,no,,,,MANUAL_VERIFY_SOURCE,P4,Exact written-form + reading was not resolved in the JMdict common/JLPT subset; verify source spelling and lexical status before adding.
～人,～じん,N5,"{""N5"": 1}","{""community-independent"": ""N5""}",wordmaster,community-independent,1,lexical,counter for people,fully-absent,,,,,,,no,SINGLE_SOURCE,no,no,no,,no,,,,MANUAL_VERIFY_SOURCE,P4,Exact written-form + reading was not resolved in the JMdict common/JLPT subset; verify source spelling and lexical status before adding.
～すぎ,～すぎ,N5,"{""N5"": 1}","{""community-independent"": ""N5""}",wordmaster,community-independent,1,lexical,过度，太～,fully-absent,,,,,,,no,SINGLE_SOURCE,no,no,no,,no,,,,MANUAL_VERIFY_SOURCE,P4,Exact written-form + reading was not resolved in the JMdict common/JLPT subset; verify source spelling and lexical status before adding.
～ずつ,～ずつ,N5,"{""N5"": 1}","{""community-independent"": ""N5""}",wordmaster,community-independent,1,lexical,每次，各～,fully-absent,,,,,,,no,SINGLE_SOURCE,no,no,no,,no,,,,MANUAL_VERIFY_SOURCE,P4,Exact written-form + reading was not resolved in the JMdict common/JLPT subset; verify source spelling and lexical status before adding.
～たち,～たち,N5,"{""N5"": 1}","{""community-independent"": ""N5""}",wordmaster,community-independent,1,lexical,们,fully-absent,,,,,,,no,SINGLE_SOURCE,no,no,no,,no,,,,MANUAL_VERIFY_SOURCE,P4,Exact written-form + reading was not resolved in the JMdict common/JLPT subset; verify source spelling and lexical status before adding.
～台,～だい,N5,"{""N5"": 1}","{""community-independent"": ""N5""}",wordmaster,community-independent,1,lexical,～台 (量词，用于车辆、机器),fully-absent,,,,,,,no,SINGLE_SOURCE,no,no,no,,no,,,,MANUAL_VERIFY_SOURCE,P4,Exact written-form + reading was not resolved in the JMdict common/JLPT subset; verify source spelling and lexical status before adding.
～だけ,～だけ,N5,"{""N5"": 1}","{""community-independent"": ""N5""}",wordmaster,community-independent,1,lexical,只; 仅,fully-absent,,,,,,,no,SINGLE_SOURCE,no,no,no,,no,,,,MANUAL_VERIFY_SOURCE,P4,Exact written-form + reading was not resolved in the JMdict common/JLPT subset; verify source spelling and lexical status before adding.
～度,～ど,N5,"{""N5"": 1}","{""community-independent"": ""N5""}",wordmaster,community-independent,1,lexical,counter for occurrences; ~ degree; ~ point,fully-absent,,,,,,,no,SINGLE_SOURCE,no,no,no,,no,,,,MANUAL_VERIFY_SOURCE,P4,Exact written-form + reading was not resolved in the JMdict common/JLPT subset; verify source spelling and lexical status before adding.
～など,～など,N5,"{""N5"": 1}","{""community-independent"": ""N5""}",wordmaster,community-independent,1,lexical,等等,fully-absent,,,,,,,no,SINGLE_SOURCE,no,no,no,,no,,,,MANUAL_VERIFY_SOURCE,P4,Exact written-form + reading was not resolved in the JMdict common/JLPT subset; verify source spelling and lexical status before adding.
～日,～にち,N5,"{""N5"": 1}","{""community-independent"": ""N5""}",wordmaster,community-independent,1,lexical,~日,fully-absent,,,,,,,no,SINGLE_SOURCE,no,no,no,,no,,,,MANUAL_VERIFY_SOURCE,P4,Exact written-form + reading was not resolved in the JMdict common/JLPT subset; verify source spelling and lexical status before adding.
～年,～ねん,N5,"{""N5"": 1}","{""community-independent"": ""N5""}",wordmaster,community-independent,1,lexical,~年,fully-absent,,,,,,,no,SINGLE_SOURCE,no,no,no,,no,,,,MANUAL_VERIFY_SOURCE,P4,Exact written-form + reading was not resolved in the JMdict common/JLPT subset; verify source spelling and lexical status before adding.
～杯,～はい,N5,"{""N5"": 1}","{""community-independent"": ""N5""}",wordmaster,community-independent,1,lexical,counter for cupfuls,fully-absent,,,,,,,no,SINGLE_SOURCE,no,no,no,,no,,,,MANUAL_VERIFY_SOURCE,P4,Exact written-form + reading was not resolved in the JMdict common/JLPT subset; verify source spelling and lexical status before adding.
～番,～ばん,N5,"{""N5"": 1}","{""community-independent"": ""N5""}",wordmaster,community-independent,1,lexical,第～,fully-absent,,,,,,,no,SINGLE_SOURCE,no,no,no,,no,,,,MANUAL_VERIFY_SOURCE,P4,Exact written-form + reading was not resolved in the JMdict common/JLPT subset; verify source spelling and lexical status before adding.
～匹,～ひき,N5,"{""N5"": 1}","{""community-independent"": ""N5""}",wordmaster,community-independent,1,lexical,～只 (小动物),fully-absent,,,,,,,no,SINGLE_SOURCE,no,no,no,,no,,,,MANUAL_VERIFY_SOURCE,P4,Exact written-form + reading was not resolved in the JMdict common/JLPT subset; verify source spelling and lexical status before adding.
～分,～ふん,N5,"{""N5"": 1}","{""community-independent"": ""N5""}",wordmaster,community-independent,1,lexical,~ minutes,fully-absent,,,,,,,no,SINGLE_SOURCE,no,no,no,,no,,,,MANUAL_VERIFY_SOURCE,P4,Exact written-form + reading was not resolved in the JMdict common/JLPT subset; verify source spelling and lexical status before adding.
～本,～ほん,N5,"{""N5"": 1}","{""community-independent"": ""N5""}",wordmaster,community-independent,1,lexical,～根/支/条 (量词，用于细长物体),fully-absent,,,,,,,no,SINGLE_SOURCE,no,no,no,,no,,,,MANUAL_VERIFY_SOURCE,P4,Exact written-form + reading was not resolved in the JMdict common/JLPT subset; verify source spelling and lexical status before adding.
～枚,～まい,N5,"{""N5"": 1}","{""community-independent"": ""N5""}",wordmaster,community-independent,1,lexical,～张 (量词，用于扁平物体),fully-absent,,,,,,,no,SINGLE_SOURCE,no,no,no,,no,,,,MANUAL_VERIFY_SOURCE,P4,Exact written-form + reading was not resolved in the JMdict common/JLPT subset; verify source spelling and lexical status before adding.
～前,～まえ,N5,"{""N5"": 1}","{""community-independent"": ""N5""}",wordmaster,community-independent,1,lexical,～前,fully-absent,,,,,,,no,SINGLE_SOURCE,no,no,no,,no,,,,MANUAL_VERIFY_SOURCE,P4,Exact written-form + reading was not resolved in the JMdict common/JLPT subset; verify source spelling and lexical status before adding.
～屋,～や,N5,"{""N5"": 1}","{""community-independent"": ""N5""}",wordmaster,community-independent,1,lexical,~ shop,fully-absent,,,,,,,no,SINGLE_SOURCE,no,no,no,,no,,,,MANUAL_VERIFY_SOURCE,P4,Exact written-form + reading was not resolved in the JMdict common/JLPT subset; verify source spelling and lexical status before adding.
明い,あかるい,N5,"{""N5"": 1}","{""waller-derived"": ""N5""}",openjlpt|waller,waller-derived,1,lexical,bright,same-reading-different-writing|same-jmdict-entry,明るい,,明るい,あかるい,N5,あかるい|明い|明るい,yes,SINGLE_SOURCE,yes,no,yes,N5,no,as ...に明るい | sK:search-only kanji form,adj-i:adjective (keiyoushi),light; bright; well-lit; well-lighted; bright (colour); cheerful,LOW_PRIORITY_ARCHAIC,P4,Exact form exists but carries archaic/obsolete/historical metadata; keep only if advanced/historical coverage is desired.
足; 脚,あし,N5,"{""N5"": 1}","{""community-independent"": ""N5""}",wordmaster,community-independent,1,lexical,脚,same-reading-different-writing,脚|葦|足,,,,,,no,SINGLE_SOURCE,no,no,no,,no,,,,MANUAL_VERIFY_SOURCE,P4,Exact written-form + reading was not resolved in the JMdict common/JLPT subset; verify source spelling and lexical status before adding.
いい; よい,いい; よい,N5,"{""N5"": 1}","{""community-independent"": ""N5""}",wordmaster,community-independent,1,lexical,好,fully-absent,,,,,,,no,SINGLE_SOURCE,no,no,no,,no,,,,MANUAL_VERIFY_SOURCE,P4,Exact written-form + reading was not resolved in the JMdict common/JLPT subset; verify source spelling and lexical status before adding.
行く,いく; ゆく,N5,"{""N5"": 1}","{""community-independent"": ""N5""}",wordmaster,community-independent,1,lexical,去,same-writing-different-reading,,いく,,,,,no,SINGLE_SOURCE,no,no,no,,no,,,,MANUAL_VERIFY_SOURCE,P4,Exact written-form + reading was not resolved in the JMdict common/JLPT subset; verify source spelling and lexical status before adding.
何時,いつ,N5,"{""N5"": 1}","{""waller-derived"": ""N5""}",openjlpt|waller,waller-derived,1,lexical,when; how soon,same-reading-different-writing|same-writing-different-reading|same-jmdict-entry,いつ|佚,なんじ,いつ,いつ,N5,いつ|何時,yes,SINGLE_SOURCE,yes,no,yes,N5,no,dated:dated term | gikun:gikun (meaning as reading) or jukujikun (special kanji reading) | rK:rarely used kanji form | uk:word usually written using kana alone,pn:pronoun,when; at what time; how soon; normal times; ordinary days,LOW_PRIORITY_ARCHAIC,P4,Exact form exists but carries archaic/obsolete/historical metadata; keep only if advanced/historical coverage is desired.
お～,お～,N5,"{""N5"": 1}","{""community-independent"": ""N5""}",wordmaster,community-independent,1,lexical,尊～,fully-absent,,,,,,,no,SINGLE_SOURCE,no,no,no,,no,,,,MANUAL_VERIFY_SOURCE,P4,Exact written-form + reading was not resolved in the JMdict common/JLPT subset; verify source spelling and lexical status before adding.
伯父/叔父,おじいさん,N5,"{""N5"": 1}","{""waller-derived"": ""N5""}",openjlpt,waller-derived,1,lexical,grandfather; male senior citizen,same-reading-different-writing,おじいさん|お祖父さん,,,,,,no,SINGLE_SOURCE,no,no,no,,no,,,,MANUAL_VERIFY_SOURCE,P4,Exact written-form + reading was not resolved in the JMdict common/JLPT subset; verify source spelling and lexical status before adding.
伯父; 叔父さん,おじさん,N5,"{""N5"": 1}","{""community-independent"": ""N5""}",wordmaster,community-independent,1,lexical,"uncle, middle-aged man",same-reading-different-writing,おじさん|伯父さん,,,,,,no,SINGLE_SOURCE,no,no,no,,no,,,,MANUAL_VERIFY_SOURCE,P4,Exact written-form + reading was not resolved in the JMdict common/JLPT subset; verify source spelling and lexical status before adding.
伯母さん/叔母さん,おばさん,N5,"{""N5"": 1}","{""waller-derived"": ""N5""}",openjlpt,waller-derived,1,lexical,aunt,same-reading-different-writing,おばさん,,,,,,no,SINGLE_SOURCE,no,no,no,,no,,,,MANUAL_VERIFY_SOURCE,P4,Exact written-form + reading was not resolved in the JMdict common/JLPT subset; verify source spelling and lexical status before adding.
伯母さん; 叔母さん,おばさん,N5,"{""N5"": 1}","{""community-independent"": ""N5""}",wordmaster,community-independent,1,lexical,aunt,same-reading-different-writing,おばさん,,,,,,no,SINGLE_SOURCE,no,no,no,,no,,,,MANUAL_VERIFY_SOURCE,P4,Exact written-form + reading was not resolved in the JMdict common/JLPT subset; verify source spelling and lexical status before adding.
かける,かける,N5,"{""N5"": 1}","{""community-independent"": ""N5""}",wordmaster,community-independent,1,kana/loanword,"to dial/call (e.g., phone); to sit down",same-reading-different-writing|same-jmdict-entry,掛ける|架ける|欠ける|翔る|賭ける|駆ける,,掛ける|欠ける|翔る|賭ける|駆ける,かける,N1|N2|N3|N5,かける|懸ける|掛ける|欠ける|缺ける|翔ける|翔る|賭ける|闕ける|駆ける|駈ける,yes,SINGLE_SOURCE,yes,yes,yes,N1|N3|N5,no,"after -masu stem of verb | after -masu stem of verb; indicates an action is being directed to someone | also as 繋ける | also 虧ける | arch:archaic | uk:word usually written using kana alone | usu. 翔る. 翔ける, 一段 is unorthodox. | usu. 駆ける",suf:suffix|v1:Ichidan verb|v5r:Godan verb with 'ru' ending|vi:intransitive verb|vt:transitive verb,"to hang up (e.g. a coat, a picture on the wall); to let hang; to suspend (from); to hoist (e.g. sail); to raise (e.g. flag); to put on (e.g. a blanket); to run; to dash; to race; to gallop (on horseback); to canter; to advance (against one's enemy); to chip; to be chipped; to break (off); to be damaged; to be missing (from a set, team, etc.); to be absent; to wager; to bet; to risk; to stake; to gamble; to soar; to fly",LOW_PRIORITY_ARCHAIC,P4,Exact form exists but carries archaic/obsolete/historical metadata; keep only if advanced/historical coverage is desired.
川/河,かわ,N5,"{""N5"": 1}","{""waller-derived"": ""N5""}",openjlpt,waller-derived,1,lexical,river,same-reading-different-writing,川|皮|革,,,,,,no,SINGLE_SOURCE,no,no,no,,no,,,,MANUAL_VERIFY_SOURCE,P4,Exact written-form + reading was not resolved in the JMdict common/JLPT subset; verify source spelling and lexical status before adding.
川; 河,かわ,N5,"{""N5"": 1}","{""community-independent"": ""N5""}",wordmaster,community-independent,1,lexical,河；川,same-reading-different-writing,川|皮|革,,,,,,no,SINGLE_SOURCE,no,no,no,,no,,,,MANUAL_VERIFY_SOURCE,P4,Exact written-form + reading was not resolved in the JMdict common/JLPT subset; verify source spelling and lexical status before adding.
九,きゅう / く,N5,"{""N5"": 1}","{""waller-derived"": ""N5""}",openjlpt,waller-derived,1,lexical,nine,same-writing-different-reading,,きゅう,,,,,no,SINGLE_SOURCE,no,no,no,,no,,,,MANUAL_VERIFY_SOURCE,P4,Exact written-form + reading was not resolved in the JMdict common/JLPT subset; verify source spelling and lexical status before adding.
キロ; キログラム,キロ; キログラム,N5,"{""N5"": 1}","{""community-independent"": ""N5""}",wordmaster,community-independent,1,lexical,(abbr.) kilo (kilogram),fully-absent,,,,,,,no,SINGLE_SOURCE,no,no,no,,no,,,,MANUAL_VERIFY_SOURCE,P4,Exact written-form + reading was not resolved in the JMdict common/JLPT subset; verify source spelling and lexical status before adding.
キロ; キロメートル,キロ; キロメートル,N5,"{""N5"": 1}","{""community-independent"": ""N5""}",wordmaster,community-independent,1,lexical,(abbr.) kilo (kilometer),fully-absent,,,,,,,no,SINGLE_SOURCE,no,no,no,,no,,,,MANUAL_VERIFY_SOURCE,P4,Exact written-form + reading was not resolved in the JMdict common/JLPT subset; verify source spelling and lexical status before adding.
結婚,けっこん (する),N5,"{""N5"": 1}","{""community-independent"": ""N5""}",wordmaster,community-independent,1,lexical,marriage (get married),same-writing-different-reading,,けっこん,,,,,no,SINGLE_SOURCE,no,no,no,,no,,,,MANUAL_VERIFY_SOURCE,P4,Exact written-form + reading was not resolved in the JMdict common/JLPT subset; verify source spelling and lexical status before adding.
此処,ここ,N5,"{""N5"": 1}","{""waller-derived"": ""N5""}",waller,waller-derived,1,lexical,Here,same-reading-different-writing|same-jmdict-entry,ここ|個々,,ここ,ここ,N5,ここ|是|此処|此所|爰|茲,yes,SINGLE_SOURCE,yes,no,yes,N5,no,followed by a duration noun | rK:rarely used kanji form | uk:word usually written using kana alone,pn:pronoun,here; this place; this point; now; these past ... (e.g. three years),LOW_PRIORITY_RARE_VARIANT,P4,"Exact form exists but is rare/dialectal/obscure; valid form, lower study priority."
此方,こっち,N5,"{""N5"": 1}","{""waller-derived"": ""N5""}",waller,waller-derived,1,lexical,this person or way,same-reading-different-writing|same-jmdict-entry,こっち,,こちら|こっち,こちら|こっち,N5,こち|こちら|こっち|此方,yes,SINGLE_SOURCE,yes,no,yes,N5,no,direction close to the speaker or towards the speaker | place close to the speaker or where the speaker is | rK:rarely used kanji form | someone physically close to the speaker and of equal or higher status | something physically close to the speaker | uk:word usually written using kana alone,pn:pronoun,this way; this direction; here; this (one); I; me,LOW_PRIORITY_RARE_VARIANT,P4,"Exact form exists but is rare/dialectal/obscure; valid form, lower study priority."
此の,この,N5,"{""N5"": 1}","{""waller-derived"": ""N5""}",openjlpt|waller,waller-derived,1,lexical,this,same-reading-different-writing|same-jmdict-entry,この,,この,この,N5,この|こん|斯の|此の,yes,SINGLE_SOURCE,yes,no,yes,N5,no,"emphatic, accusatory, insulting | in ref. to a stretch of time or date | rK:rarely used kanji form | something or someone close to the speaker (including the speaker), or ideas expressed by the speaker | uk:word usually written using kana alone",adj-pn:pre-noun adjectival (rentaishi),"this; last (couple of years, etc.); these; past; you (as in ""you liar"")",LOW_PRIORITY_RARE_VARIANT,P4,"Exact form exists but is rare/dialectal/obscure; valid form, lower study priority."
コピーする,コピーする,N5,"{""N5"": 1}","{""community-independent"": ""N5""}",wordmaster,community-independent,1,kana/loanword,to copy,fully-absent,,,,,,,no,SINGLE_SOURCE,no,no,no,,no,,,,MANUAL_VERIFY_SOURCE,P4,Exact written-form + reading was not resolved in the JMdict common/JLPT subset; verify source spelling and lexical status before adding.
さ来年,さらいねん,N5,"{""N5"": 2}","{""community-independent"": ""N5"", ""waller-derived"": ""N5""}",openjlpt|waller|wordmaster,community-independent|waller-derived,2,lexical,year after next,same-reading-different-writing|same-jmdict-entry,再来年,,再来年,さらいねん,N2,さらいねん|さ来年|再来年,yes,HIGH,yes,no,yes,N5,no,sK:search-only kanji form,adv:adverb (fukushi)|n:noun (common) (futsuumeishi),year after next,LOW_PRIORITY_ARCHAIC,P4,Exact form exists but carries archaic/obsolete/historical metadata; keep only if advanced/historical coverage is desired.
散歩,さんぽ (する),N5,"{""N5"": 1}","{""community-independent"": ""N5""}",wordmaster,community-independent,1,lexical,"walk, stroll",same-writing-different-reading,,さんぽ,,,,,no,SINGLE_SOURCE,no,no,no,,no,,,,MANUAL_VERIFY_SOURCE,P4,Exact written-form + reading was not resolved in the JMdict common/JLPT subset; verify source spelling and lexical status before adding.
散歩,さんぽする,N5,"{""N5"": 1}","{""waller-derived"": ""N5""}",openjlpt,waller-derived,1,lexical,to stroll,same-writing-different-reading,,さんぽ,,,,,no,SINGLE_SOURCE,no,no,no,,no,,,,MANUAL_VERIFY_SOURCE,P4,Exact written-form + reading was not resolved in the JMdict common/JLPT subset; verify source spelling and lexical status before adding.
四,し / よん,N5,"{""N5"": 1}","{""waller-derived"": ""N5""}",openjlpt,waller-derived,1,lexical,four,same-writing-different-reading,,し|よん,,,,,no,SINGLE_SOURCE,no,no,no,,no,,,,MANUAL_VERIFY_SOURCE,P4,Exact written-form + reading was not resolved in the JMdict common/JLPT subset; verify source spelling and lexical status before adding.
然し,しかし,N5,"{""N5"": 1}","{""waller-derived"": ""N5""}",openjlpt|waller,waller-derived,1,lexical,however; but,same-reading-different-writing|same-jmdict-entry,しかし,,しかし,しかし,N5,しかし|しっかし|併し|然し,yes,SINGLE_SOURCE,yes,no,yes,N5,no,rK:rarely used kanji form | uk:word usually written using kana alone,conj:conjunction,however; but,LOW_PRIORITY_RARE_VARIANT,P4,"Exact form exists but is rare/dialectal/obscure; valid form, lower study priority."
七,しち / なな,N5,"{""N5"": 1}","{""waller-derived"": ""N5""}",openjlpt,waller-derived,1,lexical,seven,same-writing-different-reading,,なな,,,,,no,SINGLE_SOURCE,no,no,no,,no,,,,MANUAL_VERIFY_SOURCE,P4,Exact written-form + reading was not resolved in the JMdict common/JLPT subset; verify source spelling and lexical status before adding.
じゃ; じゃあ,じゃ; じゃあ,N5,"{""N5"": 1}","{""community-independent"": ""N5""}",wordmaster,community-independent,1,lexical,"well, well then",fully-absent,,,,,,,no,SINGLE_SOURCE,no,no,no,,no,,,,MANUAL_VERIFY_SOURCE,P4,Exact written-form + reading was not resolved in the JMdict common/JLPT subset; verify source spelling and lexical status before adding.
十,じゅう とお,N5,"{""N5"": 1}","{""waller-derived"": ""N5""}",openjlpt,waller-derived,1,lexical,ten,same-writing-different-reading,,じゅう|とお,,,,,no,SINGLE_SOURCE,no,no,no,,no,,,,MANUAL_VERIFY_SOURCE,P4,Exact written-form + reading was not resolved in the JMdict common/JLPT subset; verify source spelling and lexical status before adding.
そう; そうです,そう; そうです,N5,"{""N5"": 1}","{""community-independent"": ""N5""}",wordmaster,community-independent,1,lexical,是; 是的,fully-absent,,,,,,,no,SINGLE_SOURCE,no,no,no,,no,,,,MANUAL_VERIFY_SOURCE,P4,Exact written-form + reading was not resolved in the JMdict common/JLPT subset; verify source spelling and lexical status before adding.
そうして; そして,そうして; そして,N5,"{""N5"": 1}","{""community-independent"": ""N5""}",wordmaster,community-independent,1,lexical,然后,fully-absent,,,,,,,no,SINGLE_SOURCE,no,no,no,,no,,,,MANUAL_VERIFY_SOURCE,P4,Exact written-form + reading was not resolved in the JMdict common/JLPT subset; verify source spelling and lexical status before adding.
掃除,そうじ (する),N5,"{""N5"": 1}","{""community-independent"": ""N5""}",wordmaster,community-independent,1,lexical,打扫,same-writing-different-reading,,そうじ,,,,,no,SINGLE_SOURCE,no,no,no,,no,,,,MANUAL_VERIFY_SOURCE,P4,Exact written-form + reading was not resolved in the JMdict common/JLPT subset; verify source spelling and lexical status before adding.
掃除,そうじする,N5,"{""N5"": 1}","{""waller-derived"": ""N5""}",openjlpt,waller-derived,1,lexical,to clean; to sweep,same-writing-different-reading,,そうじ,,,,,no,SINGLE_SOURCE,no,no,no,,no,,,,MANUAL_VERIFY_SOURCE,P4,Exact written-form + reading was not resolved in the JMdict common/JLPT subset; verify source spelling and lexical status before adding.
其処,そこ,N5,"{""N5"": 1}","{""waller-derived"": ""N5""}",openjlpt|waller,waller-derived,1,lexical,that place; there,same-reading-different-writing|same-jmdict-entry,そこ|底,,そこ,そこ,N5,そこ|其処|其所,yes,SINGLE_SOURCE,yes,no,yes,N5,no,arch:archaic | rK:rarely used kanji form | uk:word usually written using kana alone,pn:pronoun,there (place relatively near listener); there (place just mentioned); that place; then (of some incident just spoken of); that (of point just raised); you,LOW_PRIORITY_ARCHAIC,P4,Exact form exists but carries archaic/obsolete/historical metadata; keep only if advanced/historical coverage is desired.
其の,その,N5,"{""N5"": 1}","{""waller-derived"": ""N5""}",waller,waller-derived,1,lexical,That,same-reading-different-writing|same-jmdict-entry,その|園,,その,その,N5,その|そん|其の,yes,SINGLE_SOURCE,yes,no,yes,N5,no,"preceding a number | rK:rarely used kanji form | something or someone distant from the speaker, close to the listener; actions of the listener, or ideas expressed or understood by the listener | uk:word usually written using kana alone",adj-pn:pre-noun adjectival (rentaishi)|int:interjection (kandoushi),"that; the; part (as in ""part two""); um ...; er ...; uh ...",LOW_PRIORITY_RARE_VARIANT,P4,"Exact form exists but is rare/dialectal/obscure; valid form, lower study priority."
如何,どう,N5,"{""N5"": 1}","{""waller-derived"": ""N5""}",waller,waller-derived,1,lexical,"how,in what way",same-reading-different-writing|same-writing-different-reading|same-jmdict-entry,どう|動|同|堂|胴|銅,いかが,どう,どう,N5,どう|何う|如何,yes,SINGLE_SOURCE,yes,no,yes,N5,no,gikun:gikun (meaning as reading) or jukujikun (special kanji reading) | rK:rarely used kanji form | uk:word usually written using kana alone,adv:adverb (fukushi),how; in what way; how about,LOW_PRIORITY_RARE_VARIANT,P4,"Exact form exists but is rare/dialectal/obscure; valid form, lower study priority."
何の,どの,N5,"{""N5"": 1}","{""waller-derived"": ""N5""}",openjlpt|waller,waller-derived,1,lexical,which; what,same-reading-different-writing|same-jmdict-entry,どの|殿,,どの,どの,N5,どの|何の,yes,SINGLE_SOURCE,yes,no,yes,N5,no,rK:rarely used kanji form | uk:word usually written using kana alone,adj-pn:pre-noun adjectival (rentaishi),which; what (way),LOW_PRIORITY_RARE_VARIANT,P4,"Exact form exists but is rare/dialectal/obscure; valid form, lower study priority."
何,なん/なに,N5,"{""N5"": 1}","{""waller-derived"": ""N5""}",openjlpt,waller-derived,1,lexical,what,same-writing-different-reading,,なに|なん,,,,,no,SINGLE_SOURCE,no,no,no,,no,,,,MANUAL_VERIFY_SOURCE,P4,Exact written-form + reading was not resolved in the JMdict common/JLPT subset; verify source spelling and lexical status before adding.
何,なん; なに,N5,"{""N5"": 1}","{""community-independent"": ""N5""}",wordmaster,community-independent,1,lexical,什么,same-writing-different-reading,,なに|なん,,,,,no,SINGLE_SOURCE,no,no,no,,no,,,,MANUAL_VERIFY_SOURCE,P4,Exact written-form + reading was not resolved in the JMdict common/JLPT subset; verify source spelling and lexical status before adding.
何～,なん～,N5,"{""N5"": 1}","{""community-independent"": ""N5""}",wordmaster,community-independent,1,lexical,什么样的~,fully-absent,,,,,,,no,SINGLE_SOURCE,no,no,no,,no,,,,MANUAL_VERIFY_SOURCE,P4,Exact written-form + reading was not resolved in the JMdict common/JLPT subset; verify source spelling and lexical status before adding.
初め/始め,はじめ,N5,"{""N5"": 1}","{""waller-derived"": ""N5""}",openjlpt,waller-derived,1,lexical,beginning,same-reading-different-writing,はじめ|初め|始め,,,,,,no,SINGLE_SOURCE,no,no,no,,no,,,,MANUAL_VERIFY_SOURCE,P4,Exact written-form + reading was not resolved in the JMdict common/JLPT subset; verify source spelling and lexical status before adding.
初め; 始め,はじめ,N5,"{""N5"": 1}","{""community-independent"": ""N5""}",wordmaster,community-independent,1,lexical,"beginning, start",same-reading-different-writing,はじめ|初め|始め,,,,,,no,SINGLE_SOURCE,no,no,no,,no,,,,MANUAL_VERIFY_SOURCE,P4,Exact written-form + reading was not resolved in the JMdict common/JLPT subset; verify source spelling and lexical status before adding.
勉強,べんきょう (する),N5,"{""N5"": 1}","{""community-independent"": ""N5""}",wordmaster,community-independent,1,lexical,学习,same-writing-different-reading,,べんきょう,,,,,no,SINGLE_SOURCE,no,no,no,,no,,,,MANUAL_VERIFY_SOURCE,P4,Exact written-form + reading was not resolved in the JMdict common/JLPT subset; verify source spelling and lexical status before adding.
勉強,べんきょうする,N5,"{""N5"": 1}","{""waller-derived"": ""N5""}",openjlpt,waller-derived,1,lexical,to study,same-writing-different-reading,,べんきょう,,,,,no,SINGLE_SOURCE,no,no,no,,no,,,,MANUAL_VERIFY_SOURCE,P4,Exact written-form + reading was not resolved in the JMdict common/JLPT subset; verify source spelling and lexical status before adding.
毎月,まいげつ/まいつき,N5,"{""N5"": 1}","{""waller-derived"": ""N5""}",openjlpt,waller-derived,1,lexical,every month,same-writing-different-reading,,まいつき,,,,,no,SINGLE_SOURCE,no,no,no,,no,,,,MANUAL_VERIFY_SOURCE,P4,Exact written-form + reading was not resolved in the JMdict common/JLPT subset; verify source spelling and lexical status before adding.
毎月,まいげつ; まいつき,N5,"{""N5"": 1}","{""community-independent"": ""N5""}",wordmaster,community-independent,1,lexical,每个月,same-writing-different-reading,,まいつき,,,,,no,SINGLE_SOURCE,no,no,no,,no,,,,MANUAL_VERIFY_SOURCE,P4,Exact written-form + reading was not resolved in the JMdict common/JLPT subset; verify source spelling and lexical status before adding.
毎年,まいねん/まいとし,N5,"{""N5"": 1}","{""waller-derived"": ""N5""}",openjlpt,waller-derived,1,lexical,every year,same-writing-different-reading,,まいとし,,,,,no,SINGLE_SOURCE,no,no,no,,no,,,,MANUAL_VERIFY_SOURCE,P4,Exact written-form + reading was not resolved in the JMdict common/JLPT subset; verify source spelling and lexical status before adding.
毎年,まいねん; まいとし,N5,"{""N5"": 1}","{""community-independent"": ""N5""}",wordmaster,community-independent,1,lexical,每年,same-writing-different-reading,,まいとし,,,,,no,SINGLE_SOURCE,no,no,no,,no,,,,MANUAL_VERIFY_SOURCE,P4,Exact written-form + reading was not resolved in the JMdict common/JLPT subset; verify source spelling and lexical status before adding.
丸い/円い,まるい,N5,"{""N5"": 1}","{""waller-derived"": ""N5""}",openjlpt,waller-derived,1,lexical,round; circular,same-reading-different-writing,丸い,,,,,,no,SINGLE_SOURCE,no,no,no,,no,,,,MANUAL_VERIFY_SOURCE,P4,Exact written-form + reading was not resolved in the JMdict common/JLPT subset; verify source spelling and lexical status before adding.
丸い; 円い,まるい,N5,"{""N5"": 1}","{""community-independent"": ""N5""}",wordmaster,community-independent,1,lexical,"round, circular",same-reading-different-writing,丸い,,,,,,no,SINGLE_SOURCE,no,no,no,,no,,,,MANUAL_VERIFY_SOURCE,P4,Exact written-form + reading was not resolved in the JMdict common/JLPT subset; verify source spelling and lexical status before adding.
見る 観る,みる,N5,"{""N5"": 1}","{""waller-derived"": ""N5""}",openjlpt,waller-derived,1,lexical,to see; to watch,same-reading-different-writing,見る|診る,,,,,,no,SINGLE_SOURCE,no,no,no,,no,,,,MANUAL_VERIFY_SOURCE,P4,Exact written-form + reading was not resolved in the JMdict common/JLPT subset; verify source spelling and lexical status before adding.
遣る,やる,N5,"{""N5"": 1}","{""waller-derived"": ""N5""}",openjlpt|waller,waller-derived,1,lexical,to do; to have sexual intercourse; to kill,same-reading-different-writing|same-jmdict-entry,やる,,やる,やる,N5,やる|ヤる|行る|遣る,yes,SINGLE_SOURCE,yes,no,yes,N5,no,"after the -masu stem of a verb | after the -masu stem of a verb, often in the negative | after the -te form of a verb | after the -te form of a verb; sometimes with negative nuance | col:colloquial | oft. written as ヤる | rK:rarely used kanji form | sk:search-only kana form | sl:slang | uk:word usually written using kana alone | vulg:vulgar expression or word",aux-v:auxiliary verb|suf:suffix|v5r:Godan verb with 'ru' ending|vi:intransitive verb|vt:transitive verb,to do; to undertake; to perform; to play (a game); to study; to send,LOW_PRIORITY_ARCHAIC,P4,Exact form exists but carries archaic/obsolete/historical metadata; keep only if advanced/historical coverage is desired.
ゆっくりと,ゆっくりと,N5,"{""N5"": 1}","{""community-independent"": ""N5""}",wordmaster,community-independent,1,kana/loanword,"slowly, at ease",fully-absent,,,,,,,no,SINGLE_SOURCE,no,no,no,,no,,,,MANUAL_VERIFY_SOURCE,P4,Exact written-form + reading was not resolved in the JMdict common/JLPT subset; verify source spelling and lexical status before adding.
ラジオカセ,ラジオカセ,N5,"{""N5"": 1}","{""community-independent"": ""N5""}",wordmaster,community-independent,1,kana/loanword,radio cassette player,fully-absent,,,,,,,no,SINGLE_SOURCE,no,no,no,,no,,,,MANUAL_VERIFY_SOURCE,P4,Exact written-form + reading was not resolved in the JMdict common/JLPT subset; verify source spelling and lexical status before adding.
練習,れんしゅう (する),N5,"{""N5"": 1}","{""community-independent"": ""N5""}",wordmaster,community-independent,1,lexical,练习,same-writing-different-reading,,れんしゅう,,,,,no,SINGLE_SOURCE,no,no,no,,no,,,,MANUAL_VERIFY_SOURCE,P4,Exact written-form + reading was not resolved in the JMdict common/JLPT subset; verify source spelling and lexical status before adding.
練習,れんしゅうする,N5,"{""N5"": 1}","{""waller-derived"": ""N5""}",openjlpt,waller-derived,1,lexical,to practice,same-writing-different-reading,,れんしゅう,,,,,no,SINGLE_SOURCE,no,no,no,,no,,,,MANUAL_VERIFY_SOURCE,P4,Exact written-form + reading was not resolved in the JMdict common/JLPT subset; verify source spelling and lexical status before adding.
～(て) しまう,～(て) しまう,N4,"{""N4"": 1}","{""community-independent"": ""N4""}",wordmaster,community-independent,1,lexical,to end up ~,fully-absent,,,,,,,no,SINGLE_SOURCE,no,no,no,,no,,,,MANUAL_VERIFY_SOURCE,P4,Exact written-form + reading was not resolved in the JMdict common/JLPT subset; verify source spelling and lexical status before adding.
～(に) ついて,～(に) ついて,N4,"{""N4"": 1}","{""community-independent"": ""N4""}",wordmaster,community-independent,1,lexical,"about, concerning",fully-absent,,,,,,,no,SINGLE_SOURCE,no,no,no,,no,,,,MANUAL_VERIFY_SOURCE,P4,Exact written-form + reading was not resolved in the JMdict common/JLPT subset; verify source spelling and lexical status before adding.
～(に) よると,～(に) よると,N4,"{""N4"": 1}","{""community-independent"": ""N4""}",wordmaster,community-independent,1,lexical,according to ~,fully-absent,,,,,,,no,SINGLE_SOURCE,no,no,no,,no,,,,MANUAL_VERIFY_SOURCE,P4,Exact written-form + reading was not resolved in the JMdict common/JLPT subset; verify source spelling and lexical status before adding.
～員,～いん,N4,"{""N4"": 1}","{""community-independent"": ""N4""}",wordmaster,community-independent,1,lexical,member of ~,fully-absent,,,,,,,no,SINGLE_SOURCE,no,no,no,,no,,,,MANUAL_VERIFY_SOURCE,P4,Exact written-form + reading was not resolved in the JMdict common/JLPT subset; verify source spelling and lexical status before adding.
～おき,～おき,N4,"{""N4"": 1}","{""community-independent"": ""N4""}",wordmaster,community-independent,1,lexical,每隔～,fully-absent,,,,,,,no,SINGLE_SOURCE,no,no,no,,no,,,,MANUAL_VERIFY_SOURCE,P4,Exact written-form + reading was not resolved in the JMdict common/JLPT subset; verify source spelling and lexical status before adding.
～おわる,～おわる,N4,"{""N4"": 1}","{""community-independent"": ""N4""}",wordmaster,community-independent,1,lexical,to finish doing ~,fully-absent,,,,,,,no,SINGLE_SOURCE,no,no,no,,no,,,,MANUAL_VERIFY_SOURCE,P4,Exact written-form + reading was not resolved in the JMdict common/JLPT subset; verify source spelling and lexical status before adding.
～家,～か,N4,"{""N4"": 1}","{""community-independent"": ""N4""}",wordmaster,community-independent,1,lexical,person who is specialized in ~,fully-absent,,,,,,,no,SINGLE_SOURCE,no,no,no,,no,,,,MANUAL_VERIFY_SOURCE,P4,Exact written-form + reading was not resolved in the JMdict common/JLPT subset; verify source spelling and lexical status before adding.
～会,～かい,N4,"{""N4"": 1}","{""community-independent"": ""N4""}",wordmaster,community-independent,1,lexical,～会,fully-absent,,,,,,,no,SINGLE_SOURCE,no,no,no,,no,,,,MANUAL_VERIFY_SOURCE,P4,Exact written-form + reading was not resolved in the JMdict common/JLPT subset; verify source spelling and lexical status before adding.
～学部,～がくぶ,N4,"{""N4"": 1}","{""community-independent"": ""N4""}",wordmaster,community-independent,1,lexical,department of a university,fully-absent,,,,,,,no,SINGLE_SOURCE,no,no,no,,no,,,,MANUAL_VERIFY_SOURCE,P4,Exact written-form + reading was not resolved in the JMdict common/JLPT subset; verify source spelling and lexical status before adding.
～区,～く,N4,"{""N4"": 1}","{""community-independent"": ""N4""}",wordmaster,community-independent,1,lexical,"~ district, ~ ward, ~ borough",fully-absent,,,,,,,no,SINGLE_SOURCE,no,no,no,,no,,,,MANUAL_VERIFY_SOURCE,P4,Exact written-form + reading was not resolved in the JMdict common/JLPT subset; verify source spelling and lexical status before adding.
～君,～くん,N4,"{""N4"": 1}","{""community-independent"": ""N4""}",wordmaster,community-independent,1,lexical,~君 (对晚辈或同辈男性的称呼),fully-absent,,,,,,,no,SINGLE_SOURCE,no,no,no,,no,,,,MANUAL_VERIFY_SOURCE,P4,Exact written-form + reading was not resolved in the JMdict common/JLPT subset; verify source spelling and lexical status before adding.
～軒,～けん,N4,"{""N4"": 1}","{""community-independent"": ""N4""}",wordmaster,community-independent,1,lexical,counter for houses,fully-absent,,,,,,,no,SINGLE_SOURCE,no,no,no,,no,,,,MANUAL_VERIFY_SOURCE,P4,Exact written-form + reading was not resolved in the JMdict common/JLPT subset; verify source spelling and lexical status before adding.
～様,～さま,N4,"{""N4"": 1}","{""community-independent"": ""N4""}",wordmaster,community-independent,1,lexical,～先生/女士/先生,fully-absent,,,,,,,no,SINGLE_SOURCE,no,no,no,,no,,,,MANUAL_VERIFY_SOURCE,P4,Exact written-form + reading was not resolved in the JMdict common/JLPT subset; verify source spelling and lexical status before adding.
～式,～しき,N4,"{""N4"": 1}","{""community-independent"": ""N4""}",wordmaster,community-independent,1,lexical,~式,fully-absent,,,,,,,no,SINGLE_SOURCE,no,no,no,,no,,,,MANUAL_VERIFY_SOURCE,P4,Exact written-form + reading was not resolved in the JMdict common/JLPT subset; verify source spelling and lexical status before adding.
～製,～せい,N4,"{""N4"": 1}","{""community-independent"": ""N4""}",wordmaster,community-independent,1,lexical,made in ~,fully-absent,,,,,,,no,SINGLE_SOURCE,no,no,no,,no,,,,MANUAL_VERIFY_SOURCE,P4,Exact written-form + reading was not resolved in the JMdict common/JLPT subset; verify source spelling and lexical status before adding.
～代,～だい,N4,"{""N4"": 1}","{""community-independent"": ""N4""}",wordmaster,community-independent,1,lexical,～年代,fully-absent,,,,,,,no,SINGLE_SOURCE,no,no,no,,no,,,,MANUAL_VERIFY_SOURCE,P4,Exact written-form + reading was not resolved in the JMdict common/JLPT subset; verify source spelling and lexical status before adding.
～だす,～だす,N4,"{""N4"": 1}","{""community-independent"": ""N4""}",wordmaster,community-independent,1,lexical,to start doing ~,fully-absent,,,,,,,no,SINGLE_SOURCE,no,no,no,,no,,,,MANUAL_VERIFY_SOURCE,P4,Exact written-form + reading was not resolved in the JMdict common/JLPT subset; verify source spelling and lexical status before adding.
建て,～だて,N4,"{""N4"": 1}","{""community-independent"": ""N4""}",wordmaster,community-independent,1,lexical,"~ storied, separate housing",fully-absent,,,,,,,no,SINGLE_SOURCE,no,no,no,,no,,,,MANUAL_VERIFY_SOURCE,P4,Exact written-form + reading was not resolved in the JMdict common/JLPT subset; verify source spelling and lexical status before adding.
～ちゃん,～ちゃん,N4,"{""N4"": 1}","{""community-independent"": ""N4""}",wordmaster,community-independent,1,lexical,suffix for familiar (female) person,fully-absent,,,,,,,no,SINGLE_SOURCE,no,no,no,,no,,,,MANUAL_VERIFY_SOURCE,P4,Exact written-form + reading was not resolved in the JMdict common/JLPT subset; verify source spelling and lexical status before adding.
～町,～ちょう,N4,"{""N4"": 1}","{""community-independent"": ""N4""}",wordmaster,community-independent,1,lexical,the town of ~,fully-absent,,,,,,,no,SINGLE_SOURCE,no,no,no,,no,,,,MANUAL_VERIFY_SOURCE,P4,Exact written-form + reading was not resolved in the JMdict common/JLPT subset; verify source spelling and lexical status before adding.
～月,～つき,N4,"{""N4"": 1}","{""community-independent"": ""N4""}",wordmaster,community-independent,1,lexical,～月,fully-absent,,,,,,,no,SINGLE_SOURCE,no,no,no,,no,,,,MANUAL_VERIFY_SOURCE,P4,Exact written-form + reading was not resolved in the JMdict common/JLPT subset; verify source spelling and lexical status before adding.
～続ける,～つづける,N4,"{""N4"": 1}","{""community-independent"": ""N4""}",wordmaster,community-independent,1,lexical,继续～,fully-absent,,,,,,,no,SINGLE_SOURCE,no,no,no,,no,,,,MANUAL_VERIFY_SOURCE,P4,Exact written-form + reading was not resolved in the JMdict common/JLPT subset; verify source spelling and lexical status before adding.
～にくい,～にくい,N4,"{""N4"": 1}","{""community-independent"": ""N4""}",wordmaster,community-independent,1,lexical,difficult to do ~,fully-absent,,,,,,,no,SINGLE_SOURCE,no,no,no,,no,,,,MANUAL_VERIFY_SOURCE,P4,Exact written-form + reading was not resolved in the JMdict common/JLPT subset; verify source spelling and lexical status before adding.
～始める,～はじめる,N4,"{""N4"": 1}","{""community-independent"": ""N4""}",wordmaster,community-independent,1,lexical,to start doing ~,fully-absent,,,,,,,no,SINGLE_SOURCE,no,no,no,,no,,,,MANUAL_VERIFY_SOURCE,P4,Exact written-form + reading was not resolved in the JMdict common/JLPT subset; verify source spelling and lexical status before adding.
～ばかり,～ばかり,N4,"{""N4"": 1}","{""community-independent"": ""N4""}",wordmaster,community-independent,1,lexical,"just did ~, only",fully-absent,,,,,,,no,SINGLE_SOURCE,no,no,no,,no,,,,MANUAL_VERIFY_SOURCE,P4,Exact written-form + reading was not resolved in the JMdict common/JLPT subset; verify source spelling and lexical status before adding.
～まま,～まま,N4,"{""N4"": 1}","{""community-independent"": ""N4""}",wordmaster,community-independent,1,lexical,as it is,fully-absent,,,,,,,no,SINGLE_SOURCE,no,no,no,,no,,,,MANUAL_VERIFY_SOURCE,P4,Exact written-form + reading was not resolved in the JMdict common/JLPT subset; verify source spelling and lexical status before adding.
～目,～め,N4,"{""N4"": 1}","{""community-independent"": ""N4""}",wordmaster,community-independent,1,lexical,"number ~ sequence, ~nd; ~th",fully-absent,,,,,,,no,SINGLE_SOURCE,no,no,no,,no,,,,MANUAL_VERIFY_SOURCE,P4,Exact written-form + reading was not resolved in the JMdict common/JLPT subset; verify source spelling and lexical status before adding.
～やすい,～やすい,N4,"{""N4"": 1}","{""community-independent"": ""N4""}",wordmaster,community-independent,1,lexical,容易～,fully-absent,,,,,,,no,SINGLE_SOURCE,no,no,no,,no,,,,MANUAL_VERIFY_SOURCE,P4,Exact written-form + reading was not resolved in the JMdict common/JLPT subset; verify source spelling and lexical status before adding.
あいさつ,あいさつ,N4,"{""N4"": 1}","{""waller-derived"": ""N4""}",waller,waller-derived,1,kana/loanword,to greet,same-reading-different-writing|same-jmdict-entry,挨拶,,挨拶,あいさつ,N4,あいさつ|挨拶,yes,SINGLE_SOURCE,yes,yes,yes,N4,no,"arch:archaic | col:colloquial | joc:jocular, humorous term | orig. meaning | used sarcastically as a response to a rude remark; usu. in the form of ご挨拶","exp:expressions (phrases, clauses, etc.)|n:noun (common) (futsuumeishi)|vi:intransitive verb|vs:noun or participle which takes the aux. verb suru",greeting; greetings; salutation; salute; polite set phrase used when meeting or parting from someone; speech (congratulatory or appreciative),LOW_PRIORITY_ARCHAIC,P4,Exact form exists but carries archaic/obsolete/historical metadata; keep only if advanced/historical coverage is desired.
上る,あがる,N4,"{""N4"": 1}","{""waller-derived"": ""N4""}",openjlpt|waller,waller-derived,1,lexical,to rise,same-reading-different-writing|same-writing-different-reading|same-jmdict-entry,上がる|挙がる,のぼる,上がる,あがる,N5,あがる|アガる|上がる|上る|上ル|騰がる,yes,SINGLE_SOURCE,yes,no,yes,N4,no,after the -masu stem of a verb | as ～上ル; in the Kyoto address system | col:colloquial | esp. アガる | hon:honorific or respectful (sonkeigo) language | hum:humble (kenjougo) language | io:irregular okurigana usage | occ. as 騰る in ref. to money | often as 〜で上がる | sk:search-only kana form,"exp:expressions (phrases, clauses, etc.)|suf:suffix|v5r:Godan verb with 'ru' ending|vi:intransitive verb|vt:transitive verb",to rise; to go up; to come up; to ascend; to be raised; to enter (esp. from outdoors),LOW_PRIORITY_ARCHAIC,P4,Exact form exists but carries archaic/obsolete/historical metadata; keep only if advanced/historical coverage is desired.
いくら～ても,いくら～ても,N4,"{""N4"": 1}","{""community-independent"": ""N4""}",wordmaster,community-independent,1,lexical,无论多么～也,fully-absent,,,,,,,no,SINGLE_SOURCE,no,no,no,,no,,,,MANUAL_VERIFY_SOURCE,P4,Exact written-form + reading was not resolved in the JMdict common/JLPT subset; verify source spelling and lexical status before adding.
おかげ,お陰,N4,"{""N4"": 1}","{""community-independent"": ""N4""}",wordmaster,community-independent,1,kana/loanword,thanks or owing to,same-writing-different-reading,,おかげ,,,,,no,SINGLE_SOURCE,no,no,no,,no,,,,MANUAL_VERIFY_SOURCE,P4,Exact written-form + reading was not resolved in the JMdict common/JLPT subset; verify source spelling and lexical status before adding.
堅/硬/固い,かたい,N4,"{""N4"": 1}","{""waller-derived"": ""N4""}",openjlpt,waller-derived,1,lexical,hard,same-reading-different-writing,固い|堅い|硬い|難い,,,,,,no,SINGLE_SOURCE,no,no,no,,no,,,,MANUAL_VERIFY_SOURCE,P4,Exact written-form + reading was not resolved in the JMdict common/JLPT subset; verify source spelling and lexical status before adding.
堅; 硬; 固い,かたい,N4,"{""N4"": 1}","{""community-independent"": ""N4""}",wordmaster,community-independent,1,lexical,"solid, hard, firm",same-reading-different-writing,固い|堅い|硬い|難い,,,,,,no,SINGLE_SOURCE,no,no,no,,no,,,,MANUAL_VERIFY_SOURCE,P4,Exact written-form + reading was not resolved in the JMdict common/JLPT subset; verify source spelling and lexical status before adding.
お金持ち,かねもち/おかねもち,N4,"{""N4"": 1}","{""waller-derived"": ""N4""}",openjlpt,waller-derived,1,lexical,rich man,fully-absent,,,,,,,no,SINGLE_SOURCE,no,no,no,,no,,,,MANUAL_VERIFY_SOURCE,P4,Exact written-form + reading was not resolved in the JMdict common/JLPT subset; verify source spelling and lexical status before adding.
お金持ち,かねもち; おかねもち,N4,"{""N4"": 1}","{""community-independent"": ""N4""}",wordmaster,community-independent,1,lexical,有钱人,fully-absent,,,,,,,no,SINGLE_SOURCE,no,no,no,,no,,,,MANUAL_VERIFY_SOURCE,P4,Exact written-form + reading was not resolved in the JMdict common/JLPT subset; verify source spelling and lexical status before adding.
かまう,かまう,N4,"{""N4"": 1}","{""waller-derived"": ""N4""}",waller,waller-derived,1,kana/loanword,to mind,same-reading-different-writing|same-jmdict-entry,構う,,構う,かまう,N4,かまう|構う,yes,SINGLE_SOURCE,yes,yes,yes,N4,no,arch:archaic | uk:word usually written using kana alone,v5u:Godan verb with 'u' ending|vi:intransitive verb|vt:transitive verb,to mind; to care about; to be concerned about; to have a regard for; to be an issue; to matter,LOW_PRIORITY_ARCHAIC,P4,Exact form exists but carries archaic/obsolete/historical metadata; keep only if advanced/historical coverage is desired.
決る,きまる,N4,"{""N4"": 1}","{""waller-derived"": ""N4""}",openjlpt|waller,waller-derived,1,lexical,to be decided,same-reading-different-writing|same-jmdict-entry,決まる,,決まる,きまる,N4,きまる|キマる|極る|決まる|決る,yes,SINGLE_SOURCE,yes,no,yes,N4,no,as ...と決まっている | as 決まっている or 決まった | io:irregular okurigana usage | sk:search-only kana form | sl:slang | uk:word usually written using kana alone | usu. written as キマる,v5r:Godan verb with 'ru' ending|vi:intransitive verb,to be decided; to be settled; to be fixed; to be arranged; to be unchanging; to be the same (as always),LOW_PRIORITY_ARCHAIC,P4,Exact form exists but carries archaic/obsolete/historical metadata; keep only if advanced/historical coverage is desired.
呉れる,くれる,N4,"{""N4"": 1}","{""waller-derived"": ""N4""}",openjlpt|waller,waller-derived,1,lexical,to give; to let one have; to do for one,same-reading-different-writing|same-jmdict-entry,くれる|暮れる,,くれる,くれる,N5,くれる|呉れる,yes,SINGLE_SOURCE,yes,no,yes,N4,no,after the -te form of a verb | often as くれてやる; shows mild disdain for the receiver | rK:rarely used kanji form | the receiver is the speaker or someone close to the speaker | uk:word usually written using kana alone,aux-v:auxiliary verb|v1-s:Ichidan verb - kureru special class|vt:transitive verb,to give; to let (one) have; to do for one; to take the trouble to do; to do to someone's disadvantage,LOW_PRIORITY_RARE_VARIANT,P4,"Exact form exists but is rare/dialectal/obscure; valid form, lower study priority."
けがする,けがする,N4,"{""N4"": 1}","{""community-independent"": ""N4""}",wordmaster,community-independent,1,kana/loanword,"injury (to animate object), hurt",fully-absent,,,,,,,no,SINGLE_SOURCE,no,no,no,,no,,,,MANUAL_VERIFY_SOURCE,P4,Exact written-form + reading was not resolved in the JMdict common/JLPT subset; verify source spelling and lexical status before adding.
けれど; けれども,けれど; けれども,N4,"{""N4"": 1}","{""community-independent"": ""N4""}",wordmaster,community-independent,1,lexical,"but, although",fully-absent,,,,,,,no,SINGLE_SOURCE,no,no,no,,no,,,,MANUAL_VERIFY_SOURCE,P4,Exact written-form + reading was not resolved in the JMdict common/JLPT subset; verify source spelling and lexical status before adding.
けんかする,けんかする,N4,"{""N4"": 1}","{""community-independent"": ""N4""}",wordmaster,community-independent,1,kana/loanword,quarrel,fully-absent,,,,,,,no,SINGLE_SOURCE,no,no,no,,no,,,,MANUAL_VERIFY_SOURCE,P4,Exact written-form + reading was not resolved in the JMdict common/JLPT subset; verify source spelling and lexical status before adding.
斯う,こう,N4,"{""N4"": 1}","{""waller-derived"": ""N4""}",waller,waller-derived,1,lexical,this way,same-reading-different-writing|same-jmdict-entry,こう|乞う|侯|校|甲|稿|高|黄,,こう,こう,N5,こう|斯う,yes,SINGLE_SOURCE,yes,no,yes,N4,no,"interjection used as a verbal pause | rK:rarely used kanji form | uk:word usually written using kana alone | used for something or someone close to the speaker, including the speaker himself, or for the opinions of the speaker",adv:adverb (fukushi)|int:interjection (kandoushi),in this way; like this; so; thus; this (much),LOW_PRIORITY_RARE_VARIANT,P4,"Exact form exists but is rare/dialectal/obscure; valid form, lower study priority."
高校; 高等学校,こうこう; こうとうがっこう,N4,"{""N4"": 1}","{""community-independent"": ""N4""}",wordmaster,community-independent,1,lexical,high school; senior high school,fully-absent,,,,,,,no,SINGLE_SOURCE,no,no,no,,no,,,,MANUAL_VERIFY_SOURCE,P4,Exact written-form + reading was not resolved in the JMdict common/JLPT subset; verify source spelling and lexical status before adding.
コンピュータ; コンピューター,コンピュータ; コンピューター,N4,"{""N4"": 1}","{""community-independent"": ""N4""}",wordmaster,community-independent,1,lexical,computer,fully-absent,,,,,,,no,SINGLE_SOURCE,no,no,no,,no,,,,MANUAL_VERIFY_SOURCE,P4,Exact written-form + reading was not resolved in the JMdict common/JLPT subset; verify source spelling and lexical status before adding.
御～,ご～,N4,"{""N4"": 1}","{""community-independent"": ""N4""}",wordmaster,community-independent,1,lexical,honorable ~,fully-absent,,,,,,,no,SINGLE_SOURCE,no,no,no,,no,,,,MANUAL_VERIFY_SOURCE,P4,Exact written-form + reading was not resolved in the JMdict common/JLPT subset; verify source spelling and lexical status before adding.
先,さっき,N4,"{""N4"": 1}","{""waller-derived"": ""N4""}",waller,waller-derived,1,lexical,some time ago,same-reading-different-writing|same-writing-different-reading|same-jmdict-entry,さっき|殺気,さき,さっき,さっき,N3,さっき|先|先刻,yes,SINGLE_SOURCE,yes,no,yes,N4,no,rK:rarely used kanji form | uk:word usually written using kana alone,adv:adverb (fukushi)|n:noun (common) (futsuumeishi),a short while ago; a moment ago; just now; some time ago,LOW_PRIORITY_RARE_VARIANT,P4,"Exact form exists but is rare/dialectal/obscure; valid form, lower study priority."
さ来月,さらいげつ,N4,"{""N4"": 1}","{""waller-derived"": ""N4""}",openjlpt|waller,waller-derived,1,lexical,the month after next,same-reading-different-writing|same-jmdict-entry,再来月,,再来月,さらいげつ,N2,さらいげつ|さ来月|再来月,yes,SINGLE_SOURCE,yes,no,yes,N4,no,sK:search-only kanji form,adv:adverb (fukushi)|n:noun (common) (futsuumeishi),month after next,LOW_PRIORITY_ARCHAIC,P4,Exact form exists but carries archaic/obsolete/historical metadata; keep only if advanced/historical coverage is desired.
掏摸,すり,N4,"{""N4"": 1}","{""waller-derived"": ""N4""}",openjlpt|waller,waller-derived,1,lexical,pickpocket,same-reading-different-writing|same-jmdict-entry,すり|刷り,,すり,すり,N4,すり|スリ|掏児|掏摸,yes,SINGLE_SOURCE,yes,no,yes,N4,no,gikun:gikun (meaning as reading) or jukujikun (special kanji reading) | rK:rarely used kanji form | uk:word usually written using kana alone,n:noun (common) (futsuumeishi),pickpocket,LOW_PRIORITY_RARE_VARIANT,P4,"Exact form exists but is rare/dialectal/obscure; valid form, lower study priority."
スーパー (マーケット),スーパー (マーケット),N4,"{""N4"": 1}","{""community-independent"": ""N4""}",wordmaster,community-independent,1,lexical,超市,fully-absent,,,,,,,no,SINGLE_SOURCE,no,no,no,,no,,,,MANUAL_VERIFY_SOURCE,P4,Exact written-form + reading was not resolved in the JMdict common/JLPT subset; verify source spelling and lexical status before adding.
楽む,たのしむ,N4,"{""N4"": 2}","{""community-independent"": ""N4"", ""waller-derived"": ""N4""}",openjlpt|waller|wordmaster,community-independent|waller-derived,2,lexical,to enjoy oneself,same-reading-different-writing|same-jmdict-entry,楽しむ,,楽しむ,たのしむ,N4,たのしむ|愉しむ|楽しむ|楽む,yes,HIGH,yes,no,yes,N4,no,dated:dated term | sK:search-only kanji form,v5m:Godan verb with 'mu' ending|vt:transitive verb,to enjoy; to take pleasure in; to have a good time; to have fun; to amuse oneself; to look forward to,LOW_PRIORITY_ARCHAIC,P4,Exact form exists but carries archaic/obsolete/historical metadata; keep only if advanced/historical coverage is desired.
チェックする,チェックする,N4,"{""N4"": 1}","{""community-independent"": ""N4""}",wordmaster,community-independent,1,kana/loanword,check,fully-absent,,,,,,,no,SINGLE_SOURCE,no,no,no,,no,,,,MANUAL_VERIFY_SOURCE,P4,Exact written-form + reading was not resolved in the JMdict common/JLPT subset; verify source spelling and lexical status before adding.
ちゃん,ちゃん,N4,"{""N4"": 1}","{""waller-derived"": ""N4""}",waller,waller-derived,1,kana/loanword,suffix for familiar female person,same-jmdict-entry,,,父,ちち,N5,あて|かそ|かぞ|しし|ちち|ちゃん|てて|父,yes,SINGLE_SOURCE,yes,yes,yes,N4,no,fam:familiar language | hum:humble (kenjougo) language | ok:out-dated or obsolete kana usage,n:noun (common) (futsuumeishi)|suf:suffix,suffix for familiar person; father,LOW_PRIORITY_ARCHAIC,P4,Exact form exists but carries archaic/obsolete/historical metadata; keep only if advanced/historical coverage is desired.
到頭,とうとう,N4,"{""N4"": 1}","{""waller-derived"": ""N4""}",waller,waller-derived,1,lexical,"finally, after all",same-reading-different-writing|same-jmdict-entry,とうとう|丁々|等々,,とうとう,とうとう,N3,とうとう|到頭,yes,SINGLE_SOURCE,yes,no,yes,N4,no,rK:rarely used kanji form | uk:word usually written using kana alone,adv:adverb (fukushi),finally; at last; in the end; ultimately,LOW_PRIORITY_RARE_VARIANT,P4,"Exact form exists but is rare/dialectal/obscure; valid form, lower study priority."
パート (タイム),パート (タイム),N4,"{""N4"": 1}","{""community-independent"": ""N4""}",wordmaster,community-independent,1,lexical,兼职,fully-absent,,,,,,,no,SINGLE_SOURCE,no,no,no,,no,,,,MANUAL_VERIFY_SOURCE,P4,Exact written-form + reading was not resolved in the JMdict common/JLPT subset; verify source spelling and lexical status before adding.
びっくりする,びっくりする,N4,"{""N4"": 1}","{""community-independent"": ""N4""}",wordmaster,community-independent,1,kana/loanword,吓一跳,fully-absent,,,,,,,no,SINGLE_SOURCE,no,no,no,,no,,,,MANUAL_VERIFY_SOURCE,P4,Exact written-form + reading was not resolved in the JMdict common/JLPT subset; verify source spelling and lexical status before adding.
回る、回す,まわる、まわす,N4,"{""N4"": 1}","{""community-independent"": ""N4""}",wordmaster,community-independent,1,lexical,转动，旋转,fully-absent,,,,,,,no,SINGLE_SOURCE,no,no,no,,no,,,,MANUAL_VERIFY_SOURCE,P4,Exact written-form + reading was not resolved in the JMdict common/JLPT subset; verify source spelling and lexical status before adding.
やはり; やっぱり,やはり; やっぱり,N4,"{""N4"": 1}","{""community-independent"": ""N4""}",wordmaster,community-independent,1,lexical,"as I thought, absolutely",fully-absent,,,,,,,no,SINGLE_SOURCE,no,no,no,,no,,,,MANUAL_VERIFY_SOURCE,P4,Exact written-form + reading was not resolved in the JMdict common/JLPT subset; verify source spelling and lexical status before adding.
輸入,ゆにゅうする,N4,"{""N4"": 1}","{""waller-derived"": ""N4""}",openjlpt,waller-derived,1,lexical,to import,same-writing-different-reading,,ゆにゅう,,,,,no,SINGLE_SOURCE,no,no,no,,no,,,,MANUAL_VERIFY_SOURCE,P4,Exact written-form + reading was not resolved in the JMdict common/JLPT subset; verify source spelling and lexical status before adding.
レポート; リポート,レポート; リポート,N4,"{""N4"": 1}","{""community-independent"": ""N4""}",wordmaster,community-independent,1,lexical,report,fully-absent,,,,,,,no,SINGLE_SOURCE,no,no,no,,no,,,,MANUAL_VERIFY_SOURCE,P4,Exact written-form + reading was not resolved in the JMdict common/JLPT subset; verify source spelling and lexical status before adding.
いっぱい,一杯,N4,"{""N4"": 1}","{""community-independent"": ""N4""}",wordmaster,community-independent,1,kana/loanword,"full, to the utmost",same-writing-different-reading,,いっぱい,,,,,no,SINGLE_SOURCE,no,no,no,,no,,,,MANUAL_VERIFY_SOURCE,P4,Exact written-form + reading was not resolved in the JMdict common/JLPT subset; verify source spelling and lexical status before adding.
うそ,嘘,N4,"{""N4"": 1}","{""community-independent"": ""N4""}",wordmaster,community-independent,1,kana/loanword,谎言,same-writing-different-reading,,うそ,,,,,no,SINGLE_SOURCE,no,no,no,,no,,,,MANUAL_VERIFY_SOURCE,P4,Exact written-form + reading was not resolved in the JMdict common/JLPT subset; verify source spelling and lexical status before adding.
うれしい,嬉しい,N4,"{""N4"": 1}","{""community-independent"": ""N4""}",wordmaster,community-independent,1,kana/loanword,to be happy; to be glad,same-writing-different-reading,,うれしい,,,,,no,SINGLE_SOURCE,no,no,no,,no,,,,MANUAL_VERIFY_SOURCE,P4,Exact written-form + reading was not resolved in the JMdict common/JLPT subset; verify source spelling and lexical status before adding.
あいさつする,挨拶,N4,"{""N4"": 1}","{""community-independent"": ""N4""}",wordmaster,community-independent,1,kana/loanword,greet(ing),fully-absent,,,,,,,no,SINGLE_SOURCE,no,no,no,,no,,,,MANUAL_VERIFY_SOURCE,P4,Exact written-form + reading was not resolved in the JMdict common/JLPT subset; verify source spelling and lexical status before adding.
かっこう,格好,N4,"{""N4"": 1}","{""community-independent"": ""N4""}",wordmaster,community-independent,1,kana/loanword,打扮,fully-absent,,,,,,,no,SINGLE_SOURCE,no,no,no,,no,,,,MANUAL_VERIFY_SOURCE,P4,Exact written-form + reading was not resolved in the JMdict common/JLPT subset; verify source spelling and lexical status before adding.
いただく,頂く,N4,"{""N4"": 1}","{""community-independent"": ""N4""}",wordmaster,community-independent,1,kana/loanword,-- extra-modest expression for たべる and のむ; humble expression for もらう --,same-writing-different-reading,,いただく,,,,,no,SINGLE_SOURCE,no,no,no,,no,,,,MANUAL_VERIFY_SOURCE,P4,Exact written-form + reading was not resolved in the JMdict common/JLPT subset; verify source spelling and lexical status before adding.
とん,（1000,N3,"{""N3"": 1}","{""waller-derived"": ""N3""}",openjlpt,waller-derived,1,kana/loanword,ton,fully-absent,,,,,,,no,SINGLE_SOURCE,no,no,no,,no,,,,MANUAL_VERIFY_SOURCE,P4,Exact written-form + reading was not resolved in the JMdict common/JLPT subset; verify source spelling and lexical status before adding.
ふと,（副）,N3,"{""N3"": 1}","{""waller-derived"": ""N3""}",openjlpt,waller-derived,1,kana/loanword,suddenly; casually; accidentally,same-writing-different-reading,,ふと,,,,,no,SINGLE_SOURCE,no,no,no,,no,,,,MANUAL_VERIFY_SOURCE,P4,Exact written-form + reading was not resolved in the JMdict common/JLPT subset; verify source spelling and lexical status before adding.
できる,（可能。出現。発生）,N3,"{""N3"": 1}","{""waller-derived"": ""N3""}",openjlpt,waller-derived,1,kana/loanword,to be able to; to be ready; to occur,same-writing-different-reading,,できる,,,,,no,SINGLE_SOURCE,no,no,no,,no,,,,MANUAL_VERIFY_SOURCE,P4,Exact written-form + reading was not resolved in the JMdict common/JLPT subset; verify source spelling and lexical status before adding.
うん,（感）,N3,"{""N3"": 1}","{""waller-derived"": ""N3""}",openjlpt,waller-derived,1,kana/loanword,fortune; luck,same-writing-different-reading,,うん,,,,,no,SINGLE_SOURCE,no,no,no,,no,,,,MANUAL_VERIFY_SOURCE,P4,Exact written-form + reading was not resolved in the JMdict common/JLPT subset; verify source spelling and lexical status before adding.
しまった,（感）,N3,"{""N3"": 1}","{""waller-derived"": ""N3""}",openjlpt,waller-derived,1,kana/loanword,Damn it!,same-writing-different-reading,,しまった,,,,,no,SINGLE_SOURCE,no,no,no,,no,,,,MANUAL_VERIFY_SOURCE,P4,Exact written-form + reading was not resolved in the JMdict common/JLPT subset; verify source spelling and lexical status before adding.
すみません,（感）,N3,"{""N3"": 1}","{""waller-derived"": ""N3""}",openjlpt,waller-derived,1,kana/loanword,sorry; excuse me,same-writing-different-reading,,すみません,,,,,no,SINGLE_SOURCE,no,no,no,,no,,,,MANUAL_VERIFY_SOURCE,P4,Exact written-form + reading was not resolved in the JMdict common/JLPT subset; verify source spelling and lexical status before adding.
ね,（感）,N3,"{""N3"": 1}","{""waller-derived"": ""N3""}",openjlpt,waller-derived,1,kana/loanword,value; price; cost,same-writing-different-reading,,ね,,,,,no,SINGLE_SOURCE,no,no,no,,no,,,,MANUAL_VERIFY_SOURCE,P4,Exact written-form + reading was not resolved in the JMdict common/JLPT subset; verify source spelling and lexical status before adding.
はい,（感）,N3,"{""N3"": 1}","{""waller-derived"": ""N3""}",openjlpt,waller-derived,1,kana/loanword,wear; put on (sword),same-writing-different-reading,,はい,,,,,no,SINGLE_SOURCE,no,no,no,,no,,,,MANUAL_VERIFY_SOURCE,P4,Exact written-form + reading was not resolved in the JMdict common/JLPT subset; verify source spelling and lexical status before adding.
よろしく,（感）,N3,"{""N3"": 1}","{""waller-derived"": ""N3""}",openjlpt,waller-derived,1,kana/loanword,well; properly; suitably,same-writing-different-reading,,よろしく,,,,,no,SINGLE_SOURCE,no,no,no,,no,,,,MANUAL_VERIFY_SOURCE,P4,Exact written-form + reading was not resolved in the JMdict common/JLPT subset; verify source spelling and lexical status before adding.
どう,（接。副）,N3,"{""N3"": 1}","{""waller-derived"": ""N3""}",openjlpt,waller-derived,1,kana/loanword,child; servant; foolishness,same-writing-different-reading,,どう,,,,,no,SINGLE_SOURCE,no,no,no,,no,,,,MANUAL_VERIFY_SOURCE,P4,Exact written-form + reading was not resolved in the JMdict common/JLPT subset; verify source spelling and lexical status before adding.
それ,（接。感）,N3,"{""N3"": 1}","{""waller-derived"": ""N3""}",openjlpt,waller-derived,1,kana/loanword,it; that,same-writing-different-reading,,それ,,,,,no,SINGLE_SOURCE,no,no,no,,no,,,,MANUAL_VERIFY_SOURCE,P4,Exact written-form + reading was not resolved in the JMdict common/JLPT subset; verify source spelling and lexical status before adding.
しまい,（終わり）,N3,"{""N3"": 1}","{""waller-derived"": ""N3""}",openjlpt,waller-derived,1,kana/loanword,sisters,same-writing-different-reading,,しまい,,,,,no,SINGLE_SOURCE,no,no,no,,no,,,,MANUAL_VERIFY_SOURCE,P4,Exact written-form + reading was not resolved in the JMdict common/JLPT subset; verify source spelling and lexical status before adding.
しまう,（終わる）,N3,"{""N3"": 1}","{""waller-derived"": ""N3""}",openjlpt,waller-derived,1,kana/loanword,to finish; to close; to do something completely,same-writing-different-reading,,しまう,,,,,no,SINGLE_SOURCE,no,no,no,,no,,,,MANUAL_VERIFY_SOURCE,P4,Exact written-form + reading was not resolved in the JMdict common/JLPT subset; verify source spelling and lexical status before adding.
賛成,Uӣ[い,N3,"{""N3"": 1}","{""waller-derived"": ""N3""}",openjlpt,waller-derived,1,lexical,approval; agreement; support,same-writing-different-reading,,さんせい,,,,,no,SINGLE_SOURCE,no,no,no,,no,,,,MANUAL_VERIFY_SOURCE,P4,Exact written-form + reading was not resolved in the JMdict common/JLPT subset; verify source spelling and lexical status before adding.
～時,～とき,N3,"{""N3"": 1}","{""community-independent"": ""N3""}",wordmaster,community-independent,1,lexical,～的时候,fully-absent,,,,,,,no,SINGLE_SOURCE,no,no,no,,no,,,,MANUAL_VERIFY_SOURCE,P4,Exact written-form + reading was not resolved in the JMdict common/JLPT subset; verify source spelling and lexical status before adding.
暖かい,あたたか(い),N3,"{""N3"": 1}","{""waller-derived"": ""N3""}",openjlpt,waller-derived,1,lexical,warm; mild,same-writing-different-reading,,あたたかい,,,,,no,SINGLE_SOURCE,no,no,no,,no,,,,MANUAL_VERIFY_SOURCE,P4,Exact written-form + reading was not resolved in the JMdict common/JLPT subset; verify source spelling and lexical status before adding.
在る; 有る,ある,N3,"{""N3"": 1}","{""community-independent"": ""N3""}",wordmaster,community-independent,1,lexical,存在,same-reading-different-writing,ある|或|或る|有る,,,,,,no,SINGLE_SOURCE,no,no,no,,no,,,,MANUAL_VERIFY_SOURCE,P4,Exact written-form + reading was not resolved in the JMdict common/JLPT subset; verify source spelling and lexical status before adding.
意,い,N3,"{""N3"": 1}","{""community-independent"": ""N3""}",wordmaster,community-independent,1,lexical,will,same-reading-different-writing,亥|伊|位|胃,,,,,,no,SINGLE_SOURCE,no,no,no,,no,,,,MANUAL_VERIFY_SOURCE,P4,Exact written-form + reading was not resolved in the JMdict common/JLPT subset; verify source spelling and lexical status before adding.
異,い,N3,"{""N3"": 1}","{""community-independent"": ""N3""}",wordmaster,community-independent,1,lexical,objection,same-reading-different-writing,亥|伊|位|胃,,,,,,no,SINGLE_SOURCE,no,no,no,,no,,,,MANUAL_VERIFY_SOURCE,P4,Exact written-form + reading was not resolved in the JMdict common/JLPT subset; verify source spelling and lexical status before adding.
お目出度う,おめでとう,N3,"{""N3"": 1}","{""waller-derived"": ""N3""}",openjlpt|waller,waller-derived,1,lexical,(ateji) (int) (uk) Congratulations!; an auspicious occasion!,same-reading-different-writing|same-jmdict-entry,おめでとう,,おめでとう,おめでとう,N5,おめでとう|お目出度う|お芽出度う|御目出度う|御芽出度う,yes,SINGLE_SOURCE,yes,no,yes,N3,no,sK:search-only kanji form | uk:word usually written using kana alone,int:interjection (kandoushi),congratulations!; well done!; best wishes!; all the best!,LOW_PRIORITY_ARCHAIC,P4,Exact form exists but carries archaic/obsolete/historical metadata; keep only if advanced/historical coverage is desired.
お目に掛かる,おめにかかる,N3,"{""N3"": 2}","{""community-independent"": ""N3"", ""waller-derived"": ""N3""}",waller|wordmaster,community-independent|waller-derived,2,lexical,拜见,same-reading-different-writing|same-jmdict-entry,お目にかかる,,お目にかかる,おめにかかる,N3,おめにかかる|お目にかかる|お目に掛かる|御目にかかる|御目に掛かる,yes,HIGH,yes,no,no,N3,no,arch:archaic | hum:humble (kenjougo) language,"exp:expressions (phrases, clauses, etc.)|v5r:Godan verb with 'ru' ending",to meet (someone of higher status); to be recognized (esp. by someone of higher status); to be visible; to be seen; to be noticed,LOW_PRIORITY_ARCHAIC,P4,Exact form exists but carries archaic/obsolete/historical metadata; keep only if advanced/historical coverage is desired.
～観,かん,N3,"{""N3"": 1}","{""community-independent"": ""N3""}",wordmaster,community-independent,1,lexical,"feeling, view",same-reading-different-writing,勘|巻|棺|管|缶|艦|観|貫|間|韓|館,,,,,,no,SINGLE_SOURCE,no,no,no,,no,,,,MANUAL_VERIFY_SOURCE,P4,Exact written-form + reading was not resolved in the JMdict common/JLPT subset; verify source spelling and lexical status before adding.
故人,こじん,N3,"{""N1"": 1, ""N3"": 1}","{""community-independent"": ""N3"", ""waller-derived"": ""N1""}",openjlpt|waller|wordmaster,community-independent|waller-derived,2,lexical,the deceased; old friend,same-reading-different-writing,個人,,,,,,yes,HIGH,yes,yes,yes,N1,yes,dated:dated term,n:noun (common) (futsuumeishi),the deceased; the departed; old friend; longtime acquaintance,LOW_PRIORITY_ARCHAIC,P4,Exact form exists but carries archaic/obsolete/historical metadata; keep only if advanced/historical coverage is desired.
仕舞う,しまう,N3,"{""N3"": 1}","{""waller-derived"": ""N3""}",openjlpt|waller,waller-derived,1,lexical,to finish; to close; to do something completely,same-reading-different-writing|same-jmdict-entry,しまう,,しまう,しまう,N4,しまう|了う|仕舞う|終う|蔵う,yes,SINGLE_SOURCE,yes,no,yes,N3,no,after the -te form of a verb | rK:rarely used kanji form | uk:word usually written using kana alone,aux-v:auxiliary verb|v5u:Godan verb with 'u' ending|vt:transitive verb,"to finish; to stop; to end; to put an end to; to bring to a close; to close (a business, etc.)",LOW_PRIORITY_RARE_VARIANT,P4,"Exact form exists but is rare/dialectal/obscure; valid form, lower study priority."
仕舞った,しまった,N3,"{""N3"": 1}","{""waller-derived"": ""N3""}",waller,waller-derived,1,lexical,Damn it!,same-reading-different-writing|same-jmdict-entry,しまった,,しまった,しまった,N3,しまった|仕舞った,yes,SINGLE_SOURCE,yes,no,yes,N3,no,rK:rarely used kanji form | uk:word usually written using kana alone,int:interjection (kandoushi),darn it!; darn!; oops!; oh dear!; oh no!,LOW_PRIORITY_RARE_VARIANT,P4,"Exact form exists but is rare/dialectal/obscure; valid form, lower study priority."
しまった (かん),しまった (かん),N3,"{""N3"": 1}","{""community-independent"": ""N3""}",wordmaster,community-independent,1,lexical,Damn it!,fully-absent,,,,,,,no,SINGLE_SOURCE,no,no,no,,no,,,,MANUAL_VERIFY_SOURCE,P4,Exact written-form + reading was not resolved in the JMdict common/JLPT subset; verify source spelling and lexical status before adding.
小,しょう,N3,"{""N3"": 2}","{""community-independent"": ""N3"", ""waller-derived"": ""N3""}",waller|wordmaster,community-independent|waller-derived,2,lexical,小,same-reading-different-writing,商|症|相|省|章|象|賞,,,,,,yes,HIGH,yes,yes,yes,N3,no,abbr:abbreviation | arch:archaic,"n-pref:noun, used as a prefix|n:noun (common) (futsuumeishi)","smallness; small item; short month (i.e. having fewer than 31 days); elementary school; smaller (of two things, places, etc. with the same name); inferior",LOW_PRIORITY_ARCHAIC,P4,Exact form exists but carries archaic/obsolete/historical metadata; keep only if advanced/historical coverage is desired.
知合い,しりあい,N3,"{""N2"": 1, ""N3"": 1}","{""community-independent"": ""N3"", ""waller-derived"": ""N2""}",openjlpt|waller|wordmaster,community-independent|waller-derived,2,lexical,acquaintance,same-reading-different-writing|same-jmdict-entry,知り合い,,知り合い,しりあい,N3,しりあい|知りあい|知り合|知り合い|知合|知合い,yes,HIGH,yes,no,yes,N2,yes,sK:search-only kanji form,n:noun (common) (futsuumeishi),acquaintance,LOW_PRIORITY_ARCHAIC,P4,Exact form exists but carries archaic/obsolete/historical metadata; keep only if advanced/historical coverage is desired.
すみません (かん),すみません (かん),N3,"{""N3"": 1}","{""community-independent"": ""N3""}",wordmaster,community-independent,1,lexical,对不起,fully-absent,,,,,,,no,SINGLE_SOURCE,no,no,no,,no,,,,MANUAL_VERIFY_SOURCE,P4,Exact written-form + reading was not resolved in the JMdict common/JLPT subset; verify source spelling and lexical status before adding.
然う,そう,N3,"{""N3"": 1}","{""waller-derived"": ""N3""}",waller,waller-derived,1,lexical,so,same-reading-different-writing|same-jmdict-entry,そう|僧|双|層|想|沿う|添う|総,,そう,そう,N5,そう|然う,yes,SINGLE_SOURCE,yes,no,yes,N3,no,"concerning the actions of the listener or concerning the ideas expressed or understood by the listener; with a neg. sentence, implies that something isn't as much as one might think | rK:rarely used kanji form | uk:word usually written using kana alone | used to express agreement with something said | used to express doubt with something said",adv:adverb (fukushi)|int:interjection (kandoushi),in that way; thus; such; so; the same; that's the case,LOW_PRIORITY_RARE_VARIANT,P4,"Exact form exists but is rare/dialectal/obscure; valid form, lower study priority."
相,そう,N3,"{""N3"": 1}","{""community-independent"": ""N3""}",wordmaster,community-independent,1,lexical,"aspect, phase, countenance",same-reading-different-writing|same-writing-different-reading,そう|僧|双|層|想|沿う|添う|総,あい|しょう,,,,,no,SINGLE_SOURCE,no,no,no,,no,,,,MANUAL_VERIFY_SOURCE,P4,Exact written-form + reading was not resolved in the JMdict common/JLPT subset; verify source spelling and lexical status before adding.
隊,たい,N3,"{""N3"": 1}","{""community-independent"": ""N3""}",wordmaster,community-independent,1,lexical,"party, troops",same-reading-different-writing,タイ|他意|対|帯|戴|泰|鯛,,,,,,no,SINGLE_SOURCE,no,no,no,,no,,,,MANUAL_VERIFY_SOURCE,P4,Exact written-form + reading was not resolved in the JMdict common/JLPT subset; verify source spelling and lexical status before adding.
付合う,つきあう,N3,"{""N2"": 1, ""N3"": 1}","{""community-independent"": ""N3"", ""waller-derived"": ""N2""}",openjlpt|waller|wordmaster,community-independent|waller-derived,2,lexical,to associate with; to keep company with; to get on with,same-reading-different-writing|same-jmdict-entry,付き合う,,付き合う,つきあう,N3,つきあう|つき合う|付きあう|付き合う|付合う,yes,HIGH,yes,no,yes,N2,yes,sK:search-only kanji form,v5u:Godan verb with 'u' ending|vi:intransitive verb,to associate with; to keep company with; to go out with; to go steady with; to get on with; to go along with,LOW_PRIORITY_ARCHAIC,P4,Exact form exists but carries archaic/obsolete/historical metadata; keep only if advanced/historical coverage is desired.
屯,トン,N3,"{""N3"": 1}","{""waller-derived"": ""N3""}",waller,waller-derived,1,lexical,1000 ton,same-reading-different-writing|same-jmdict-entry,トン,,トン,トン,N3,トン|噸|屯|瓲,yes,SINGLE_SOURCE,yes,no,yes,N3,no,ateji:ateji (phonetic) reading | rK:rarely used kanji form | uk:word usually written using kana alone,n:noun (common) (futsuumeishi),"ton (esp. a metric ton, i.e. 1000 kg); tonne",LOW_PRIORITY_RARE_VARIANT,P4,"Exact form exists but is rare/dialectal/obscure; valid form, lower study priority."
為る,なる,N3,"{""N3"": 1}","{""waller-derived"": ""N3""}",waller,waller-derived,1,lexical,"to change,to be of use,to reach to",same-reading-different-writing|same-jmdict-entry,なる|成る|生る|鳴る,,なる|成る,なる,N3|N4,なる|成る|為る,yes,SINGLE_SOURCE,yes,no,yes,N5,yes,"as ...からなる or ...よりなる | as お + -masu stem + になる, or ご + noun + になる | hon:honorific or respectful (sonkeigo) language | rK:rarely used kanji form | uk:word usually written using kana alone",aux-v:auxiliary verb|v5r:Godan verb with 'ru' ending|vi:intransitive verb,to become; to get; to grow; to turn; to reach; to attain,LOW_PRIORITY_RARE_VARIANT,P4,"Exact form exists but is rare/dialectal/obscure; valid form, lower study priority."
はあ (かん),はあ (かん),N3,"{""N3"": 1}","{""community-independent"": ""N3""}",wordmaster,community-independent,1,lexical,唉 (叹气),fully-absent,,,,,,,no,SINGLE_SOURCE,no,no,no,,no,,,,MANUAL_VERIFY_SOURCE,P4,Exact written-form + reading was not resolved in the JMdict common/JLPT subset; verify source spelling and lexical status before adding.
～敗,はい,N3,"{""N3"": 1}","{""community-independent"": ""N3""}",wordmaster,community-independent,1,lexical,"counter for loss, defeat",same-reading-different-writing,はい|敗|灰|肺,,,,,,no,SINGLE_SOURCE,no,no,no,,no,,,,MANUAL_VERIFY_SOURCE,P4,Exact written-form + reading was not resolved in the JMdict common/JLPT subset; verify source spelling and lexical status before adding.
二十,はたち,N3,"{""N3"": 1}","{""waller-derived"": ""N3""}",openjlpt|waller,waller-derived,1,lexical,20 years old; 20th year,same-reading-different-writing|same-writing-different-reading|same-jmdict-entry,二十歳,にじゅう,二十歳,はたち,N3,にじっさい|にじゅっさい|はたち|二十|二十歳|廿|２０才|２０歳,yes,SINGLE_SOURCE,yes,no,yes,N5,yes,arch:archaic,n:noun (common) (futsuumeishi),20 years old; twenty,LOW_PRIORITY_ARCHAIC,P4,Exact form exists but carries archaic/obsolete/historical metadata; keep only if advanced/historical coverage is desired.
不図,ふと,N3,"{""N3"": 1}","{""waller-derived"": ""N3""}",openjlpt|waller,waller-derived,1,lexical,suddenly; casually; accidentally,same-reading-different-writing|same-jmdict-entry,ふと,,ふと,ふと,N3,ふと|不図|不圖|不斗,yes,SINGLE_SOURCE,yes,no,yes,N3,no,ateji:ateji (phonetic) reading | rK:rarely used kanji form | uk:word usually written using kana alone,adv:adverb (fukushi),suddenly; casually; accidentally; incidentally; unexpectedly; unintentionally,LOW_PRIORITY_RARE_VARIANT,P4,"Exact form exists but is rare/dialectal/obscure; valid form, lower study priority."
略,ほぼ,N3,"{""N3"": 1}","{""waller-derived"": ""N3""}",waller,waller-derived,1,lexical,"almost,roughly,approximately",same-reading-different-writing|same-writing-different-reading|same-jmdict-entry,ほぼ,りゃく,ほぼ,ほぼ,N2,ほぼ|略|粗,yes,SINGLE_SOURCE,yes,no,yes,N3,no,rK:rarely used kanji form | uk:word usually written using kana alone,adv:adverb (fukushi),almost; roughly; approximately; about; around,LOW_PRIORITY_RARE_VARIANT,P4,"Exact form exists but is rare/dialectal/obscure; valid form, lower study priority."
本当,ほんと,N3,"{""N3"": 2}","{""community-independent"": ""N3"", ""waller-derived"": ""N3""}",openjlpt|waller|wordmaster,community-independent|waller-derived,2,lexical,truth; reality,same-writing-different-reading|same-jmdict-entry,,ほんとう,本当,ほんとう,N5,ほんと|ほんとう|ホント|ホントウ|ホントー|本当|本當,yes,HIGH,yes,yes,no,N5,yes,sk:search-only kana form,adj-na:adjectival nouns or quasi-adjectives (keiyodoshi)|adj-no:nouns which may take the genitive case particle 'no'|n:noun (common) (futsuumeishi),truth; reality; actuality; fact; proper; right,LOW_PRIORITY_ARCHAIC,P4,Exact form exists but carries archaic/obsolete/historical metadata; keep only if advanced/historical coverage is desired.
円,まる,N3,"{""N3"": 1}","{""waller-derived"": ""N3""}",waller,waller-derived,1,lexical,"circle,money",same-reading-different-writing|same-writing-different-reading|same-jmdict-entry,丸,えん,丸,まる,N2,まる|マル|丸|円,yes,SINGLE_SOURCE,yes,no,yes,N3,no,esp. 丸 | ksb:Kansai-ben | sl:slang,"n-pref:noun, used as a prefix|n:noun (common) (futsuumeishi)|suf:suffix",circle; entirety; whole; full; complete; money,LOW_PRIORITY_RARE_VARIANT,P4,"Exact form exists but is rare/dialectal/obscure; valid form, lower study priority."
優,ゆう,N3,"{""N3"": 1}","{""community-independent"": ""N3""}",wordmaster,community-independent,1,lexical,优秀/优,same-reading-different-writing,夕|有|結う,,,,,,no,SINGLE_SOURCE,no,no,no,,no,,,,MANUAL_VERIFY_SOURCE,P4,Exact written-form + reading was not resolved in the JMdict common/JLPT subset; verify source spelling and lexical status before adding.
よろしく (かん),よろしく (かん),N3,"{""N3"": 1}","{""community-independent"": ""N3""}",wordmaster,community-independent,1,lexical,"best regards, please remember me",fully-absent,,,,,,,no,SINGLE_SOURCE,no,no,no,,no,,,,MANUAL_VERIFY_SOURCE,P4,Exact written-form + reading was not resolved in the JMdict common/JLPT subset; verify source spelling and lexical status before adding.
来,らい～,N3,"{""N3"": 1}","{""community-independent"": ""N3""}",wordmaster,community-independent,1,lexical,next ~,fully-absent,,,,,,,no,SINGLE_SOURCE,no,no,no,,no,,,,MANUAL_VERIFY_SOURCE,P4,Exact written-form + reading was not resolved in the JMdict common/JLPT subset; verify source spelling and lexical status before adding.
(かさを～) さす,(かさを～) さす,N2,"{""N2"": 1}","{""community-independent"": ""N2""}",wordmaster,community-independent,1,lexical,撑（伞）,fully-absent,,,,,,,no,SINGLE_SOURCE,no,no,no,,no,,,,MANUAL_VERIFY_SOURCE,P4,Exact written-form + reading was not resolved in the JMdict common/JLPT subset; verify source spelling and lexical status before adding.
じゅうたん,（カーペット）,N2,"{""N2"": 1}","{""waller-derived"": ""N2""}",openjlpt,waller-derived,1,kana/loanword,carpet,fully-absent,,,,,,,no,SINGLE_SOURCE,no,no,no,,no,,,,MANUAL_VERIFY_SOURCE,P4,Exact written-form + reading was not resolved in the JMdict common/JLPT subset; verify source spelling and lexical status before adding.
しいんと,（する）,N2,"{""N2"": 1}","{""waller-derived"": ""N2""}",openjlpt,waller-derived,1,kana/loanword,silent (as the grave); (deathly) quiet,same-writing-different-reading,,しいんと,,,,,no,SINGLE_SOURCE,no,no,no,,no,,,,MANUAL_VERIFY_SOURCE,P4,Exact written-form + reading was not resolved in the JMdict common/JLPT subset; verify source spelling and lexical status before adding.
ミリ,（メートル）,N2,"{""N2"": 1}","{""waller-derived"": ""N2""}",openjlpt,waller-derived,1,kana/loanword,milli-; 10^-3,same-writing-different-reading,,ミリ,,,,,no,SINGLE_SOURCE,no,no,no,,no,,,,MANUAL_VERIFY_SOURCE,P4,Exact written-form + reading was not resolved in the JMdict common/JLPT subset; verify source spelling and lexical status before adding.
だいいち,（副）,N2,"{""N2"": 1}","{""waller-derived"": ""N2""}",openjlpt,waller-derived,1,kana/loanword,first; foremost; # 1,fully-absent,,,,,,,no,SINGLE_SOURCE,no,no,no,,no,,,,MANUAL_VERIFY_SOURCE,P4,Exact written-form + reading was not resolved in the JMdict common/JLPT subset; verify source spelling and lexical status before adding.
〜(日本) 式,～(にほん) しき,N2,"{""N2"": 1}","{""community-independent"": ""N2""}",wordmaster,community-independent,1,lexical,"custom,",fully-absent,,,,,,,no,SINGLE_SOURCE,no,no,no,,no,,,,MANUAL_VERIFY_SOURCE,P4,Exact written-form + reading was not resolved in the JMdict common/JLPT subset; verify source spelling and lexical status before adding.
～位,～い,N2,"{""N2"": 1}","{""community-independent"": ""N2""}",wordmaster,community-independent,1,lexical,~th place,fully-absent,,,,,,,no,SINGLE_SOURCE,no,no,no,,no,,,,MANUAL_VERIFY_SOURCE,P4,Exact written-form + reading was not resolved in the JMdict common/JLPT subset; verify source spelling and lexical status before adding.
～いち (にほんいち),～いち (にほんいち),N2,"{""N2"": 1}","{""community-independent"": ""N2""}",wordmaster,community-independent,1,lexical,No. 1 ~ (in),fully-absent,,,,,,,no,SINGLE_SOURCE,no,no,no,,no,,,,MANUAL_VERIFY_SOURCE,P4,Exact written-form + reading was not resolved in the JMdict common/JLPT subset; verify source spelling and lexical status before adding.
～園,～えん,N2,"{""N2"": 1}","{""community-independent"": ""N2""}",wordmaster,community-independent,1,lexical,~ garden (especially man made),fully-absent,,,,,,,no,SINGLE_SOURCE,no,no,no,,no,,,,MANUAL_VERIFY_SOURCE,P4,Exact written-form + reading was not resolved in the JMdict common/JLPT subset; verify source spelling and lexical status before adding.
～おしまい (おわり),～おしまい (おわり),N2,"{""N2"": 1}","{""community-independent"": ""N2""}",wordmaster,community-independent,1,lexical,end up ~,fully-absent,,,,,,,no,SINGLE_SOURCE,no,no,no,,no,,,,MANUAL_VERIFY_SOURCE,P4,Exact written-form + reading was not resolved in the JMdict common/JLPT subset; verify source spelling and lexical status before adding.
～下,～か,N2,"{""N2"": 1}","{""community-independent"": ""N2""}",wordmaster,community-independent,1,lexical,～下,fully-absent,,,,,,,no,SINGLE_SOURCE,no,no,no,,no,,,,MANUAL_VERIFY_SOURCE,P4,Exact written-form + reading was not resolved in the JMdict common/JLPT subset; verify source spelling and lexical status before adding.
～化,～か,N2,"{""N2"": 1}","{""community-independent"": ""N2""}",wordmaster,community-independent,1,lexical,～化,fully-absent,,,,,,,no,SINGLE_SOURCE,no,no,no,,no,,,,MANUAL_VERIFY_SOURCE,P4,Exact written-form + reading was not resolved in the JMdict common/JLPT subset; verify source spelling and lexical status before adding.
～日,～か,N2,"{""N2"": 1}","{""community-independent"": ""N2""}",wordmaster,community-independent,1,lexical,～日,fully-absent,,,,,,,no,SINGLE_SOURCE,no,no,no,,no,,,,MANUAL_VERIFY_SOURCE,P4,Exact written-form + reading was not resolved in the JMdict common/JLPT subset; verify source spelling and lexical status before adding.
～歌,～か,N2,"{""N2"": 1}","{""community-independent"": ""N2""}",wordmaster,community-independent,1,lexical,～歌,fully-absent,,,,,,,no,SINGLE_SOURCE,no,no,no,,no,,,,MANUAL_VERIFY_SOURCE,P4,Exact written-form + reading was not resolved in the JMdict common/JLPT subset; verify source spelling and lexical status before adding.
～科,～か,N2,"{""N2"": 1}","{""community-independent"": ""N2""}",wordmaster,community-independent,1,lexical,～科,fully-absent,,,,,,,no,SINGLE_SOURCE,no,no,no,,no,,,,MANUAL_VERIFY_SOURCE,P4,Exact written-form + reading was not resolved in the JMdict common/JLPT subset; verify source spelling and lexical status before adding.
～刊,～かん,N2,"{""N2"": 1}","{""community-independent"": ""N2""}",wordmaster,community-independent,1,lexical,～刊,fully-absent,,,,,,,no,SINGLE_SOURCE,no,no,no,,no,,,,MANUAL_VERIFY_SOURCE,P4,Exact written-form + reading was not resolved in the JMdict common/JLPT subset; verify source spelling and lexical status before adding.
～巻,～かん,N2,"{""N2"": 1}","{""community-independent"": ""N2""}",wordmaster,community-independent,1,lexical,～卷,fully-absent,,,,,,,no,SINGLE_SOURCE,no,no,no,,no,,,,MANUAL_VERIFY_SOURCE,P4,Exact written-form + reading was not resolved in the JMdict common/JLPT subset; verify source spelling and lexical status before adding.
～感,～かん,N2,"{""N2"": 1}","{""community-independent"": ""N2""}",wordmaster,community-independent,1,lexical,～感，感觉,fully-absent,,,,,,,no,SINGLE_SOURCE,no,no,no,,no,,,,MANUAL_VERIFY_SOURCE,P4,Exact written-form + reading was not resolved in the JMdict common/JLPT subset; verify source spelling and lexical status before adding.
～間,～かん,N2,"{""N2"": 1}","{""community-independent"": ""N2""}",wordmaster,community-independent,1,lexical,～之间，～期间,fully-absent,,,,,,,no,SINGLE_SOURCE,no,no,no,,no,,,,MANUAL_VERIFY_SOURCE,P4,Exact written-form + reading was not resolved in the JMdict common/JLPT subset; verify source spelling and lexical status before adding.
～館,～かん,N2,"{""N2"": 1}","{""community-independent"": ""N2""}",wordmaster,community-independent,1,lexical,～馆,fully-absent,,,,,,,no,SINGLE_SOURCE,no,no,no,,no,,,,MANUAL_VERIFY_SOURCE,P4,Exact written-form + reading was not resolved in the JMdict common/JLPT subset; verify source spelling and lexical status before adding.
～画,～が,N2,"{""N2"": 1}","{""community-independent"": ""N2""}",wordmaster,community-independent,1,lexical,～画,fully-absent,,,,,,,no,SINGLE_SOURCE,no,no,no,,no,,,,MANUAL_VERIFY_SOURCE,P4,Exact written-form + reading was not resolved in the JMdict common/JLPT subset; verify source spelling and lexical status before adding.
～外,～がい,N2,"{""N2"": 1}","{""community-independent"": ""N2""}",wordmaster,community-independent,1,lexical,～以外,fully-absent,,,,,,,no,SINGLE_SOURCE,no,no,no,,no,,,,MANUAL_VERIFY_SOURCE,P4,Exact written-form + reading was not resolved in the JMdict common/JLPT subset; verify source spelling and lexical status before adding.
～難い,～がたい,N2,"{""N2"": 1}","{""community-independent"": ""N2""}",wordmaster,community-independent,1,lexical,hard (difficult) to do ~,fully-absent,,,,,,,no,SINGLE_SOURCE,no,no,no,,no,,,,MANUAL_VERIFY_SOURCE,P4,Exact written-form + reading was not resolved in the JMdict common/JLPT subset; verify source spelling and lexical status before adding.
～がち,～がち,N2,"{""N2"": 1}","{""community-independent"": ""N2""}",wordmaster,community-independent,1,lexical,容易～,fully-absent,,,,,,,no,SINGLE_SOURCE,no,no,no,,no,,,,MANUAL_VERIFY_SOURCE,P4,Exact written-form + reading was not resolved in the JMdict common/JLPT subset; verify source spelling and lexical status before adding.
～器,～き,N2,"{""N2"": 1}","{""community-independent"": ""N2""}",wordmaster,community-independent,1,lexical,～器,fully-absent,,,,,,,no,SINGLE_SOURCE,no,no,no,,no,,,,MANUAL_VERIFY_SOURCE,P4,Exact written-form + reading was not resolved in the JMdict common/JLPT subset; verify source spelling and lexical status before adding.
～期,～き,N2,"{""N2"": 1}","{""community-independent"": ""N2""}",wordmaster,community-independent,1,lexical,～期,fully-absent,,,,,,,no,SINGLE_SOURCE,no,no,no,,no,,,,MANUAL_VERIFY_SOURCE,P4,Exact written-form + reading was not resolved in the JMdict common/JLPT subset; verify source spelling and lexical status before adding.
～機,～き,N2,"{""N2"": 1}","{""community-independent"": ""N2""}",wordmaster,community-independent,1,lexical,～机,fully-absent,,,,,,,no,SINGLE_SOURCE,no,no,no,,no,,,,MANUAL_VERIFY_SOURCE,P4,Exact written-form + reading was not resolved in the JMdict common/JLPT subset; verify source spelling and lexical status before adding.
～教,～きょう,N2,"{""N2"": 1}","{""community-independent"": ""N2""}",wordmaster,community-independent,1,lexical,religion,fully-absent,,,,,,,no,SINGLE_SOURCE,no,no,no,,no,,,,MANUAL_VERIFY_SOURCE,P4,Exact written-form + reading was not resolved in the JMdict common/JLPT subset; verify source spelling and lexical status before adding.
～きる,～きる,N2,"{""N2"": 1}","{""community-independent"": ""N2""}",wordmaster,community-independent,1,lexical,彻底，完全,fully-absent,,,,,,,no,SINGLE_SOURCE,no,no,no,,no,,,,MANUAL_VERIFY_SOURCE,P4,Exact written-form + reading was not resolved in the JMdict common/JLPT subset; verify source spelling and lexical status before adding.
～切れ,～きれ,N2,"{""N2"": 1}","{""community-independent"": ""N2""}",wordmaster,community-independent,1,lexical,用完，耗尽,fully-absent,,,,,,,no,SINGLE_SOURCE,no,no,no,,no,,,,MANUAL_VERIFY_SOURCE,P4,Exact written-form + reading was not resolved in the JMdict common/JLPT subset; verify source spelling and lexical status before adding.
～気味,～ぎみ,N2,"{""N2"": 1}","{""community-independent"": ""N2""}",wordmaster,community-independent,1,lexical,slightly ~,fully-absent,,,,,,,no,SINGLE_SOURCE,no,no,no,,no,,,,MANUAL_VERIFY_SOURCE,P4,Exact written-form + reading was not resolved in the JMdict common/JLPT subset; verify source spelling and lexical status before adding.
～業,～ぎょう,N2,"{""N2"": 1}","{""community-independent"": ""N2""}",wordmaster,community-independent,1,lexical,type of business,fully-absent,,,,,,,no,SINGLE_SOURCE,no,no,no,,no,,,,MANUAL_VERIFY_SOURCE,P4,Exact written-form + reading was not resolved in the JMdict common/JLPT subset; verify source spelling and lexical status before adding.
～行,～ぎょう,N2,"{""N2"": 1}","{""community-independent"": ""N2""}",wordmaster,community-independent,1,lexical,"line, row",fully-absent,,,,,,,no,SINGLE_SOURCE,no,no,no,,no,,,,MANUAL_VERIFY_SOURCE,P4,Exact written-form + reading was not resolved in the JMdict common/JLPT subset; verify source spelling and lexical status before adding.
～口,～くち,N2,"{""N2"": 1}","{""community-independent"": ""N2""}",wordmaster,community-independent,1,lexical,"~ opening; ~ entrance, ~ exit",fully-absent,,,,,,,no,SINGLE_SOURCE,no,no,no,,no,,,,MANUAL_VERIFY_SOURCE,P4,Exact written-form + reading was not resolved in the JMdict common/JLPT subset; verify source spelling and lexical status before adding.
～家,～け,N2,"{""N2"": 1}","{""community-independent"": ""N2""}",wordmaster,community-independent,1,lexical,～家,fully-absent,,,,,,,no,SINGLE_SOURCE,no,no,no,,no,,,,MANUAL_VERIFY_SOURCE,P4,Exact written-form + reading was not resolved in the JMdict common/JLPT subset; verify source spelling and lexical status before adding.
～形,～けい,N2,"{""N2"": 1}","{""community-independent"": ""N2""}",wordmaster,community-independent,1,lexical,shape of ~,fully-absent,,,,,,,no,SINGLE_SOURCE,no,no,no,,no,,,,MANUAL_VERIFY_SOURCE,P4,Exact written-form + reading was not resolved in the JMdict common/JLPT subset; verify source spelling and lexical status before adding.
～系,～けい,N2,"{""N2"": 1}","{""community-independent"": ""N2""}",wordmaster,community-independent,1,lexical,"~ system, ~ lineage, ~ group",fully-absent,,,,,,,no,SINGLE_SOURCE,no,no,no,,no,,,,MANUAL_VERIFY_SOURCE,P4,Exact written-form + reading was not resolved in the JMdict common/JLPT subset; verify source spelling and lexical status before adding.
～圏,～けん,N2,"{""N2"": 1}","{""community-independent"": ""N2""}",wordmaster,community-independent,1,lexical,"bloc, sphere, area",fully-absent,,,,,,,no,SINGLE_SOURCE,no,no,no,,no,,,,MANUAL_VERIFY_SOURCE,P4,Exact written-form + reading was not resolved in the JMdict common/JLPT subset; verify source spelling and lexical status before adding.
～校,～こう,N2,"{""N2"": 1}","{""community-independent"": ""N2""}",wordmaster,community-independent,1,lexical,counter for school,fully-absent,,,,,,,no,SINGLE_SOURCE,no,no,no,,no,,,,MANUAL_VERIFY_SOURCE,P4,Exact written-form + reading was not resolved in the JMdict common/JLPT subset; verify source spelling and lexical status before adding.
～港,～こう,N2,"{""N2"": 1}","{""community-independent"": ""N2""}",wordmaster,community-independent,1,lexical,~ port,fully-absent,,,,,,,no,SINGLE_SOURCE,no,no,no,,no,,,,MANUAL_VERIFY_SOURCE,P4,Exact written-form + reading was not resolved in the JMdict common/JLPT subset; verify source spelling and lexical status before adding.
～国,～こく,N2,"{""N2"": 1}","{""community-independent"": ""N2""}",wordmaster,community-independent,1,lexical,nation of ~,fully-absent,,,,,,,no,SINGLE_SOURCE,no,no,no,,no,,,,MANUAL_VERIFY_SOURCE,P4,Exact written-form + reading was not resolved in the JMdict common/JLPT subset; verify source spelling and lexical status before adding.
～号,～ごう,N2,"{""N2"": 1}","{""community-independent"": ""N2""}",wordmaster,community-independent,1,lexical,counter for magazine; the name of ship,fully-absent,,,,,,,no,SINGLE_SOURCE,no,no,no,,no,,,,MANUAL_VERIFY_SOURCE,P4,Exact written-form + reading was not resolved in the JMdict common/JLPT subset; verify source spelling and lexical status before adding.
～毎,～ごと,N2,"{""N2"": 1}","{""community-independent"": ""N2""}",wordmaster,community-independent,1,lexical,每～,fully-absent,,,,,,,no,SINGLE_SOURCE,no,no,no,,no,,,,MANUAL_VERIFY_SOURCE,P4,Exact written-form + reading was not resolved in the JMdict common/JLPT subset; verify source spelling and lexical status before adding.
～山,～さん,N2,"{""N2"": 1}","{""community-independent"": ""N2""}",wordmaster,community-independent,1,lexical,the name of mountain,fully-absent,,,,,,,no,SINGLE_SOURCE,no,no,no,,no,,,,MANUAL_VERIFY_SOURCE,P4,Exact written-form + reading was not resolved in the JMdict common/JLPT subset; verify source spelling and lexical status before adding.
～産,～さん,N2,"{""N2"": 1}","{""community-independent"": ""N2""}",wordmaster,community-independent,1,lexical,made in ~,fully-absent,,,,,,,no,SINGLE_SOURCE,no,no,no,,no,,,,MANUAL_VERIFY_SOURCE,P4,Exact written-form + reading was not resolved in the JMdict common/JLPT subset; verify source spelling and lexical status before adding.
～史,～し,N2,"{""N2"": 1}","{""community-independent"": ""N2""}",wordmaster,community-independent,1,lexical,history of ~,fully-absent,,,,,,,no,SINGLE_SOURCE,no,no,no,,no,,,,MANUAL_VERIFY_SOURCE,P4,Exact written-form + reading was not resolved in the JMdict common/JLPT subset; verify source spelling and lexical status before adding.
～紙,～し,N2,"{""N2"": 1}","{""community-independent"": ""N2""}",wordmaster,community-independent,1,lexical,"newspaper, type of paper",fully-absent,,,,,,,no,SINGLE_SOURCE,no,no,no,,no,,,,MANUAL_VERIFY_SOURCE,P4,Exact written-form + reading was not resolved in the JMdict common/JLPT subset; verify source spelling and lexical status before adding.
～室,～しつ,N2,"{""N2"": 1}","{""community-independent"": ""N2""}",wordmaster,community-independent,1,lexical,counter for room,fully-absent,,,,,,,no,SINGLE_SOURCE,no,no,no,,no,,,,MANUAL_VERIFY_SOURCE,P4,Exact written-form + reading was not resolved in the JMdict common/JLPT subset; verify source spelling and lexical status before adding.
～社,～しゃ,N2,"{""N2"": 1}","{""community-independent"": ""N2""}",wordmaster,community-independent,1,lexical,counter for company,fully-absent,,,,,,,no,SINGLE_SOURCE,no,no,no,,no,,,,MANUAL_VERIFY_SOURCE,P4,Exact written-form + reading was not resolved in the JMdict common/JLPT subset; verify source spelling and lexical status before adding.
～者,～しゃ,N2,"{""N2"": 1}","{""community-independent"": ""N2""}",wordmaster,community-independent,1,lexical,person,fully-absent,,,,,,,no,SINGLE_SOURCE,no,no,no,,no,,,,MANUAL_VERIFY_SOURCE,P4,Exact written-form + reading was not resolved in the JMdict common/JLPT subset; verify source spelling and lexical status before adding.
～車,～しゃ,N2,"{""N2"": 1}","{""community-independent"": ""N2""}",wordmaster,community-independent,1,lexical,~ car,fully-absent,,,,,,,no,SINGLE_SOURCE,no,no,no,,no,,,,MANUAL_VERIFY_SOURCE,P4,Exact written-form + reading was not resolved in the JMdict common/JLPT subset; verify source spelling and lexical status before adding.
～手,～しゅ,N2,"{""N2"": 1}","{""community-independent"": ""N2""}",wordmaster,community-independent,1,lexical,"~ player, person who does ~",fully-absent,,,,,,,no,SINGLE_SOURCE,no,no,no,,no,,,,MANUAL_VERIFY_SOURCE,P4,Exact written-form + reading was not resolved in the JMdict common/JLPT subset; verify source spelling and lexical status before adding.
～酒,～しゅ,N2,"{""N2"": 1}","{""community-independent"": ""N2""}",wordmaster,community-independent,1,lexical,kind of alcohol,fully-absent,,,,,,,no,SINGLE_SOURCE,no,no,no,,no,,,,MANUAL_VERIFY_SOURCE,P4,Exact written-form + reading was not resolved in the JMdict common/JLPT subset; verify source spelling and lexical status before adding.
～集,～しゅう,N2,"{""N2"": 1}","{""community-independent"": ""N2""}",wordmaster,community-independent,1,lexical,collection of ~,fully-absent,,,,,,,no,SINGLE_SOURCE,no,no,no,,no,,,,MANUAL_VERIFY_SOURCE,P4,Exact written-form + reading was not resolved in the JMdict common/JLPT subset; verify source spelling and lexical status before adding.
～所,～しょ,N2,"{""N2"": 1}","{""community-independent"": ""N2""}",wordmaster,community-independent,1,lexical,place,fully-absent,,,,,,,no,SINGLE_SOURCE,no,no,no,,no,,,,MANUAL_VERIFY_SOURCE,P4,Exact written-form + reading was not resolved in the JMdict common/JLPT subset; verify source spelling and lexical status before adding.
～勝,～しょう,N2,"{""N2"": 1}","{""community-independent"": ""N2""}",wordmaster,community-independent,1,lexical,count for victory,fully-absent,,,,,,,no,SINGLE_SOURCE,no,no,no,,no,,,,MANUAL_VERIFY_SOURCE,P4,Exact written-form + reading was not resolved in the JMdict common/JLPT subset; verify source spelling and lexical status before adding.
～商,～しょう,N2,"{""N2"": 1}","{""community-independent"": ""N2""}",wordmaster,community-independent,1,lexical,"merchant, business",fully-absent,,,,,,,no,SINGLE_SOURCE,no,no,no,,no,,,,MANUAL_VERIFY_SOURCE,P4,Exact written-form + reading was not resolved in the JMdict common/JLPT subset; verify source spelling and lexical status before adding.
～省,～しょう,N2,"{""N2"": 1}","{""community-independent"": ""N2""}",wordmaster,community-independent,1,lexical,kind of ministry,fully-absent,,,,,,,no,SINGLE_SOURCE,no,no,no,,no,,,,MANUAL_VERIFY_SOURCE,P4,Exact written-form + reading was not resolved in the JMdict common/JLPT subset; verify source spelling and lexical status before adding.
～色,～しょく,N2,"{""N2"": 1}","{""community-independent"": ""N2""}",wordmaster,community-independent,1,lexical,kind of color,fully-absent,,,,,,,no,SINGLE_SOURCE,no,no,no,,no,,,,MANUAL_VERIFY_SOURCE,P4,Exact written-form + reading was not resolved in the JMdict common/JLPT subset; verify source spelling and lexical status before adding.
～寺,～じ,N2,"{""N2"": 1}","{""community-independent"": ""N2""}",wordmaster,community-independent,1,lexical,the name of temple,fully-absent,,,,,,,no,SINGLE_SOURCE,no,no,no,,no,,,,MANUAL_VERIFY_SOURCE,P4,Exact written-form + reading was not resolved in the JMdict common/JLPT subset; verify source spelling and lexical status before adding.
～時間目,～じかんめ,N2,"{""N2"": 1}","{""community-independent"": ""N2""}",wordmaster,community-independent,1,lexical,"~th hour, ~th period",fully-absent,,,,,,,no,SINGLE_SOURCE,no,no,no,,no,,,,MANUAL_VERIFY_SOURCE,P4,Exact written-form + reading was not resolved in the JMdict common/JLPT subset; verify source spelling and lexical status before adding.
～女,～じょ,N2,"{""N2"": 1}","{""community-independent"": ""N2""}",wordmaster,community-independent,1,lexical,count for sisters,fully-absent,,,,,,,no,SINGLE_SOURCE,no,no,no,,no,,,,MANUAL_VERIFY_SOURCE,P4,Exact written-form + reading was not resolved in the JMdict common/JLPT subset; verify source spelling and lexical status before adding.
～場,～じょう,N2,"{""N2"": 1}","{""community-independent"": ""N2""}",wordmaster,community-independent,1,lexical,"kind of field, ground",fully-absent,,,,,,,no,SINGLE_SOURCE,no,no,no,,no,,,,MANUAL_VERIFY_SOURCE,P4,Exact written-form + reading was not resolved in the JMdict common/JLPT subset; verify source spelling and lexical status before adding.
～条,～じょう,N2,"{""N2"": 1}","{""community-independent"": ""N2""}",wordmaster,community-independent,1,lexical,counter for article,fully-absent,,,,,,,no,SINGLE_SOURCE,no,no,no,,no,,,,MANUAL_VERIFY_SOURCE,P4,Exact written-form + reading was not resolved in the JMdict common/JLPT subset; verify source spelling and lexical status before adding.
～畳,～じょう,N2,"{""N2"": 1}","{""community-independent"": ""N2""}",wordmaster,community-independent,1,lexical,"count for tatami, mat",fully-absent,,,,,,,no,SINGLE_SOURCE,no,no,no,,no,,,,MANUAL_VERIFY_SOURCE,P4,Exact written-form + reading was not resolved in the JMdict common/JLPT subset; verify source spelling and lexical status before adding.
～過ぎる,～すぎる,N2,"{""N2"": 1}","{""community-independent"": ""N2""}",wordmaster,community-independent,1,lexical,too much ~,fully-absent,,,,,,,no,SINGLE_SOURCE,no,no,no,,no,,,,MANUAL_VERIFY_SOURCE,P4,Exact written-form + reading was not resolved in the JMdict common/JLPT subset; verify source spelling and lexical status before adding.
～済,～ずみ,N2,"{""N2"": 1}","{""community-independent"": ""N2""}",wordmaster,community-independent,1,lexical,已完成,fully-absent,,,,,,,no,SINGLE_SOURCE,no,no,no,,no,,,,MANUAL_VERIFY_SOURCE,P4,Exact written-form + reading was not resolved in the JMdict common/JLPT subset; verify source spelling and lexical status before adding.
～席,～せき,N2,"{""N2"": 1}","{""community-independent"": ""N2""}",wordmaster,community-independent,1,lexical,～座位,fully-absent,,,,,,,no,SINGLE_SOURCE,no,no,no,,no,,,,MANUAL_VERIFY_SOURCE,P4,Exact written-form + reading was not resolved in the JMdict common/JLPT subset; verify source spelling and lexical status before adding.
～戦,～せん,N2,"{""N2"": 1}","{""community-independent"": ""N2""}",wordmaster,community-independent,1,lexical,"counter for games, matches",fully-absent,,,,,,,no,SINGLE_SOURCE,no,no,no,,no,,,,MANUAL_VERIFY_SOURCE,P4,Exact written-form + reading was not resolved in the JMdict common/JLPT subset; verify source spelling and lexical status before adding.
～船,～せん,N2,"{""N2"": 1}","{""community-independent"": ""N2""}",wordmaster,community-independent,1,lexical,counter for ships,fully-absent,,,,,,,no,SINGLE_SOURCE,no,no,no,,no,,,,MANUAL_VERIFY_SOURCE,P4,Exact written-form + reading was not resolved in the JMdict common/JLPT subset; verify source spelling and lexical status before adding.
～前,～ぜん,N2,"{""N2"": 1}","{""community-independent"": ""N2""}",wordmaster,community-independent,1,lexical,before ~,fully-absent,,,,,,,no,SINGLE_SOURCE,no,no,no,,no,,,,MANUAL_VERIFY_SOURCE,P4,Exact written-form + reading was not resolved in the JMdict common/JLPT subset; verify source spelling and lexical status before adding.
～沿い,～そい,N2,"{""N2"": 1}","{""community-independent"": ""N2""}",wordmaster,community-independent,1,lexical,沿着～,fully-absent,,,,,,,no,SINGLE_SOURCE,no,no,no,,no,,,,MANUAL_VERIFY_SOURCE,P4,Exact written-form + reading was not resolved in the JMdict common/JLPT subset; verify source spelling and lexical status before adding.
～艘,～そう,N2,"{""N2"": 1}","{""community-independent"": ""N2""}",wordmaster,community-independent,1,lexical,艘,fully-absent,,,,,,,no,SINGLE_SOURCE,no,no,no,,no,,,,MANUAL_VERIFY_SOURCE,P4,Exact written-form + reading was not resolved in the JMdict common/JLPT subset; verify source spelling and lexical status before adding.
～足,～そく,N2,"{""N2"": 1}","{""community-independent"": ""N2""}",wordmaster,community-independent,1,lexical,counter for shoes,fully-absent,,,,,,,no,SINGLE_SOURCE,no,no,no,,no,,,,MANUAL_VERIFY_SOURCE,P4,Exact written-form + reading was not resolved in the JMdict common/JLPT subset; verify source spelling and lexical status before adding.
～だらけ,～だらけ,N2,"{""N2"": 1}","{""community-independent"": ""N2""}",wordmaster,community-independent,1,lexical,满是~,fully-absent,,,,,,,no,SINGLE_SOURCE,no,no,no,,no,,,,MANUAL_VERIFY_SOURCE,P4,Exact written-form + reading was not resolved in the JMdict common/JLPT subset; verify source spelling and lexical status before adding.
～団,～だん,N2,"{""N2"": 1}","{""community-independent"": ""N2""}",wordmaster,community-independent,1,lexical,团,fully-absent,,,,,,,no,SINGLE_SOURCE,no,no,no,,no,,,,MANUAL_VERIFY_SOURCE,P4,Exact written-form + reading was not resolved in the JMdict common/JLPT subset; verify source spelling and lexical status before adding.
～着,～ちゃく,N2,"{""N2"": 1}","{""community-independent"": ""N2""}",wordmaster,community-independent,1,lexical,counter for clothes; finishing place,fully-absent,,,,,,,no,SINGLE_SOURCE,no,no,no,,no,,,,MANUAL_VERIFY_SOURCE,P4,Exact written-form + reading was not resolved in the JMdict common/JLPT subset; verify source spelling and lexical status before adding.
～兆,～ちょう,N2,"{""N2"": 1}","{""community-independent"": ""N2""}",wordmaster,community-independent,1,lexical,trillion,fully-absent,,,,,,,no,SINGLE_SOURCE,no,no,no,,no,,,,MANUAL_VERIFY_SOURCE,P4,Exact written-form + reading was not resolved in the JMdict common/JLPT subset; verify source spelling and lexical status before adding.
～帳,～ちょう,N2,"{""N2"": 1}","{""community-independent"": ""N2""}",wordmaster,community-independent,1,lexical,"~ book, notebook",fully-absent,,,,,,,no,SINGLE_SOURCE,no,no,no,,no,,,,MANUAL_VERIFY_SOURCE,P4,Exact written-form + reading was not resolved in the JMdict common/JLPT subset; verify source spelling and lexical status before adding.
～庁,～ちょう,N2,"{""N2"": 1}","{""community-independent"": ""N2""}",wordmaster,community-independent,1,lexical,"office, agency",fully-absent,,,,,,,no,SINGLE_SOURCE,no,no,no,,no,,,,MANUAL_VERIFY_SOURCE,P4,Exact written-form + reading was not resolved in the JMdict common/JLPT subset; verify source spelling and lexical status before adding.
～長,～ちょう,N2,"{""N2"": 1}","{""community-independent"": ""N2""}",wordmaster,community-independent,1,lexical,"leader, head",fully-absent,,,,,,,no,SINGLE_SOURCE,no,no,no,,no,,,,MANUAL_VERIFY_SOURCE,P4,Exact written-form + reading was not resolved in the JMdict common/JLPT subset; verify source spelling and lexical status before adding.
～丁目,～ちょうめ,N2,"{""N2"": 1}","{""community-independent"": ""N2""}",wordmaster,community-independent,1,lexical,"~ district (of a town; city, block)",fully-absent,,,,,,,no,SINGLE_SOURCE,no,no,no,,no,,,,MANUAL_VERIFY_SOURCE,P4,Exact written-form + reading was not resolved in the JMdict common/JLPT subset; verify source spelling and lexical status before adding.
～通,～つう,N2,"{""N2"": 1}","{""community-independent"": ""N2""}",wordmaster,community-independent,1,lexical,counter for letters,fully-absent,,,,,,,no,SINGLE_SOURCE,no,no,no,,no,,,,MANUAL_VERIFY_SOURCE,P4,Exact written-form + reading was not resolved in the JMdict common/JLPT subset; verify source spelling and lexical status before adding.
～付,～つき,N2,"{""N2"": 1}","{""community-independent"": ""N2""}",wordmaster,community-independent,1,lexical,with ~,fully-absent,,,,,,,no,SINGLE_SOURCE,no,no,no,,no,,,,MANUAL_VERIFY_SOURCE,P4,Exact written-form + reading was not resolved in the JMdict common/JLPT subset; verify source spelling and lexical status before adding.
～続く,～つづく,N2,"{""N2"": 1}","{""community-independent"": ""N2""}",wordmaster,community-independent,1,lexical,"follow, continue, go on",fully-absent,,,,,,,no,SINGLE_SOURCE,no,no,no,,no,,,,MANUAL_VERIFY_SOURCE,P4,Exact written-form + reading was not resolved in the JMdict common/JLPT subset; verify source spelling and lexical status before adding.
～遣い,～づかい,N2,"{""N2"": 1}","{""community-independent"": ""N2""}",wordmaster,community-independent,1,lexical,use of ~,fully-absent,,,,,,,no,SINGLE_SOURCE,no,no,no,,no,,,,MANUAL_VERIFY_SOURCE,P4,Exact written-form + reading was not resolved in the JMdict common/JLPT subset; verify source spelling and lexical status before adding.
～辛い,～づらい,N2,"{""N2"": 1}","{""community-independent"": ""N2""}",wordmaster,community-independent,1,lexical,hard to do ~,fully-absent,,,,,,,no,SINGLE_SOURCE,no,no,no,,no,,,,MANUAL_VERIFY_SOURCE,P4,Exact written-form + reading was not resolved in the JMdict common/JLPT subset; verify source spelling and lexical status before adding.
～滴,～てき,N2,"{""N2"": 1}","{""community-independent"": ""N2""}",wordmaster,community-independent,1,lexical,drop,fully-absent,,,,,,,no,SINGLE_SOURCE,no,no,no,,no,,,,MANUAL_VERIFY_SOURCE,P4,Exact written-form + reading was not resolved in the JMdict common/JLPT subset; verify source spelling and lexical status before adding.
～点,～てん,N2,"{""N2"": 1}","{""community-independent"": ""N2""}",wordmaster,community-independent,1,lexical,counter for scores,fully-absent,,,,,,,no,SINGLE_SOURCE,no,no,no,,no,,,,MANUAL_VERIFY_SOURCE,P4,Exact written-form + reading was not resolved in the JMdict common/JLPT subset; verify source spelling and lexical status before adding.
～島,～とう,N2,"{""N2"": 1}","{""community-independent"": ""N2""}",wordmaster,community-independent,1,lexical,kind of islands,fully-absent,,,,,,,no,SINGLE_SOURCE,no,no,no,,no,,,,MANUAL_VERIFY_SOURCE,P4,Exact written-form + reading was not resolved in the JMdict common/JLPT subset; verify source spelling and lexical status before adding.
～等,～とう,N2,"{""N2"": 1}","{""community-independent"": ""N2""}",wordmaster,community-independent,1,lexical,"level, place",fully-absent,,,,,,,no,SINGLE_SOURCE,no,no,no,,no,,,,MANUAL_VERIFY_SOURCE,P4,Exact written-form + reading was not resolved in the JMdict common/JLPT subset; verify source spelling and lexical status before adding.
～頭,～とう,N2,"{""N2"": 1}","{""community-independent"": ""N2""}",wordmaster,community-independent,1,lexical,counter for animals,fully-absent,,,,,,,no,SINGLE_SOURCE,no,no,no,,no,,,,MANUAL_VERIFY_SOURCE,P4,Exact written-form + reading was not resolved in the JMdict common/JLPT subset; verify source spelling and lexical status before adding.
～通り,～とおり,N2,"{""N2"": 1}","{""community-independent"": ""N2""}",wordmaster,community-independent,1,lexical,"in accordance with ~; following ~; ~ street, ~ avenue",fully-absent,,,,,,,no,SINGLE_SOURCE,no,no,no,,no,,,,MANUAL_VERIFY_SOURCE,P4,Exact written-form + reading was not resolved in the JMdict common/JLPT subset; verify source spelling and lexical status before adding.
～ところ,～ところ,N2,"{""N2"": 1}","{""community-independent"": ""N2""}",wordmaster,community-independent,1,lexical,about to do ~,fully-absent,,,,,,,no,SINGLE_SOURCE,no,no,no,,no,,,,MANUAL_VERIFY_SOURCE,P4,Exact written-form + reading was not resolved in the JMdict common/JLPT subset; verify source spelling and lexical status before adding.
～道,～どう,N2,"{""N2"": 1}","{""community-independent"": ""N2""}",wordmaster,community-independent,1,lexical,"kind of path, road",fully-absent,,,,,,,no,SINGLE_SOURCE,no,no,no,,no,,,,MANUAL_VERIFY_SOURCE,P4,Exact written-form + reading was not resolved in the JMdict common/JLPT subset; verify source spelling and lexical status before adding.
～内,～ない,N2,"{""N2"": 1}","{""community-independent"": ""N2""}",wordmaster,community-independent,1,lexical,inside ~,fully-absent,,,,,,,no,SINGLE_SOURCE,no,no,no,,no,,,,MANUAL_VERIFY_SOURCE,P4,Exact written-form + reading was not resolved in the JMdict common/JLPT subset; verify source spelling and lexical status before adding.
～年生,～ねんせい,N2,"{""N2"": 1}","{""community-independent"": ""N2""}",wordmaster,community-independent,1,lexical,counter for school year,fully-absent,,,,,,,no,SINGLE_SOURCE,no,no,no,,no,,,,MANUAL_VERIFY_SOURCE,P4,Exact written-form + reading was not resolved in the JMdict common/JLPT subset; verify source spelling and lexical status before adding.
～泊,～はく,N2,"{""N2"": 1}","{""community-independent"": ""N2""}",wordmaster,community-independent,1,lexical,"counter for staying (e.g., 2 nights)",fully-absent,,,,,,,no,SINGLE_SOURCE,no,no,no,,no,,,,MANUAL_VERIFY_SOURCE,P4,Exact written-form + reading was not resolved in the JMdict common/JLPT subset; verify source spelling and lexical status before adding.
～発,～はつ,N2,"{""N2"": 1}","{""community-independent"": ""N2""}",wordmaster,community-independent,1,lexical,counter for bullets,fully-absent,,,,,,,no,SINGLE_SOURCE,no,no,no,,no,,,,MANUAL_VERIFY_SOURCE,P4,Exact written-form + reading was not resolved in the JMdict common/JLPT subset; verify source spelling and lexical status before adding.
～番目,～ばんめ,N2,"{""N2"": 1}","{""community-independent"": ""N2""}",wordmaster,community-independent,1,lexical,~th,fully-absent,,,,,,,no,SINGLE_SOURCE,no,no,no,,no,,,,MANUAL_VERIFY_SOURCE,P4,Exact written-form + reading was not resolved in the JMdict common/JLPT subset; verify source spelling and lexical status before adding.
～費,～ひ,N2,"{""N2"": 1}","{""community-independent"": ""N2""}",wordmaster,community-independent,1,lexical,cost of ~,fully-absent,,,,,,,no,SINGLE_SOURCE,no,no,no,,no,,,,MANUAL_VERIFY_SOURCE,P4,Exact written-form + reading was not resolved in the JMdict common/JLPT subset; verify source spelling and lexical status before adding.
～病,～びょう,N2,"{""N2"": 1}","{""community-independent"": ""N2""}",wordmaster,community-independent,1,lexical,kind of disease,fully-absent,,,,,,,no,SINGLE_SOURCE,no,no,no,,no,,,,MANUAL_VERIFY_SOURCE,P4,Exact written-form + reading was not resolved in the JMdict common/JLPT subset; verify source spelling and lexical status before adding.
～風,～ふう,N2,"{""N2"": 1}","{""community-independent"": ""N2""}",wordmaster,community-independent,1,lexical,~ style,fully-absent,,,,,,,no,SINGLE_SOURCE,no,no,no,,no,,,,MANUAL_VERIFY_SOURCE,P4,Exact written-form + reading was not resolved in the JMdict common/JLPT subset; verify source spelling and lexical status before adding.
～部,～ぶ,N2,"{""N2"": 1}","{""community-independent"": ""N2""}",wordmaster,community-independent,1,lexical,~ part,fully-absent,,,,,,,no,SINGLE_SOURCE,no,no,no,,no,,,,MANUAL_VERIFY_SOURCE,P4,Exact written-form + reading was not resolved in the JMdict common/JLPT subset; verify source spelling and lexical status before adding.
～振り,～ぶり,N2,"{""N2"": 1}","{""community-independent"": ""N2""}",wordmaster,community-independent,1,lexical,after an interval of ~,fully-absent,,,,,,,no,SINGLE_SOURCE,no,no,no,,no,,,,MANUAL_VERIFY_SOURCE,P4,Exact written-form + reading was not resolved in the JMdict common/JLPT subset; verify source spelling and lexical status before adding.
～遍,～へん,N2,"{""N2"": 1}","{""community-independent"": ""N2""}",wordmaster,community-independent,1,lexical,time,fully-absent,,,,,,,no,SINGLE_SOURCE,no,no,no,,no,,,,MANUAL_VERIFY_SOURCE,P4,Exact written-form + reading was not resolved in the JMdict common/JLPT subset; verify source spelling and lexical status before adding.
～弁,～べん,N2,"{""N2"": 1}","{""community-independent"": ""N2""}",wordmaster,community-independent,1,lexical,"speech, dialect",fully-absent,,,,,,,no,SINGLE_SOURCE,no,no,no,,no,,,,MANUAL_VERIFY_SOURCE,P4,Exact written-form + reading was not resolved in the JMdict common/JLPT subset; verify source spelling and lexical status before adding.
～歩,～ほ,N2,"{""N2"": 1}","{""community-independent"": ""N2""}",wordmaster,community-independent,1,lexical,"step, pace",fully-absent,,,,,,,no,SINGLE_SOURCE,no,no,no,,no,,,,MANUAL_VERIFY_SOURCE,P4,Exact written-form + reading was not resolved in the JMdict common/JLPT subset; verify source spelling and lexical status before adding.
～ほう (ひかく),～ほう (ひかく),N2,"{""N2"": 1}","{""community-independent"": ""N2""}",wordmaster,community-independent,1,lexical,(in comparison),fully-absent,,,,,,,no,SINGLE_SOURCE,no,no,no,,no,,,,MANUAL_VERIFY_SOURCE,P4,Exact written-form + reading was not resolved in the JMdict common/JLPT subset; verify source spelling and lexical status before adding.
～ぽい,～ぽい,N2,"{""N2"": 1}","{""community-independent"": ""N2""}",wordmaster,community-independent,1,lexical,~ish,fully-absent,,,,,,,no,SINGLE_SOURCE,no,no,no,,no,,,,MANUAL_VERIFY_SOURCE,P4,Exact written-form + reading was not resolved in the JMdict common/JLPT subset; verify source spelling and lexical status before adding.
～みたい,～みたい,N2,"{""N2"": 1}","{""community-independent"": ""N2""}",wordmaster,community-independent,1,lexical,looks like ~,fully-absent,,,,,,,no,SINGLE_SOURCE,no,no,no,,no,,,,MANUAL_VERIFY_SOURCE,P4,Exact written-form + reading was not resolved in the JMdict common/JLPT subset; verify source spelling and lexical status before adding.
～向け,～むけ,N2,"{""N2"": 1}","{""community-independent"": ""N2""}",wordmaster,community-independent,1,lexical,for ~,fully-absent,,,,,,,no,SINGLE_SOURCE,no,no,no,,no,,,,MANUAL_VERIFY_SOURCE,P4,Exact written-form + reading was not resolved in the JMdict common/JLPT subset; verify source spelling and lexical status before adding.
～名,～めい,N2,"{""N2"": 1}","{""community-independent"": ""N2""}",wordmaster,community-independent,1,lexical,counter for people,fully-absent,,,,,,,no,SINGLE_SOURCE,no,no,no,,no,,,,MANUAL_VERIFY_SOURCE,P4,Exact written-form + reading was not resolved in the JMdict common/JLPT subset; verify source spelling and lexical status before adding.
～もち,～もち,N2,"{""N2"": 1}","{""community-independent"": ""N2""}",wordmaster,community-independent,1,lexical,person who has ~,fully-absent,,,,,,,no,SINGLE_SOURCE,no,no,no,,no,,,,MANUAL_VERIFY_SOURCE,P4,Exact written-form + reading was not resolved in the JMdict common/JLPT subset; verify source spelling and lexical status before adding.
～問,～もん,N2,"{""N2"": 1}","{""community-independent"": ""N2""}",wordmaster,community-independent,1,lexical,counter for questions,fully-absent,,,,,,,no,SINGLE_SOURCE,no,no,no,,no,,,,MANUAL_VERIFY_SOURCE,P4,Exact written-form + reading was not resolved in the JMdict common/JLPT subset; verify source spelling and lexical status before adding.
～夜,～や,N2,"{""N2"": 1}","{""community-independent"": ""N2""}",wordmaster,community-independent,1,lexical,counter for nights,fully-absent,,,,,,,no,SINGLE_SOURCE,no,no,no,,no,,,,MANUAL_VERIFY_SOURCE,P4,Exact written-form + reading was not resolved in the JMdict common/JLPT subset; verify source spelling and lexical status before adding.
～流,～りゅう,N2,"{""N2"": 1}","{""community-independent"": ""N2""}",wordmaster,community-independent,1,lexical,"fashion, manner, way",fully-absent,,,,,,,no,SINGLE_SOURCE,no,no,no,,no,,,,MANUAL_VERIFY_SOURCE,P4,Exact written-form + reading was not resolved in the JMdict common/JLPT subset; verify source spelling and lexical status before adding.
～料,～りょう,N2,"{""N2"": 1}","{""community-independent"": ""N2""}",wordmaster,community-independent,1,lexical,"fare, charge",fully-absent,,,,,,,no,SINGLE_SOURCE,no,no,no,,no,,,,MANUAL_VERIFY_SOURCE,P4,Exact written-form + reading was not resolved in the JMdict common/JLPT subset; verify source spelling and lexical status before adding.
～領,～りょう,N2,"{""N2"": 1}","{""community-independent"": ""N2""}",wordmaster,community-independent,1,lexical,territory,fully-absent,,,,,,,no,SINGLE_SOURCE,no,no,no,,no,,,,MANUAL_VERIFY_SOURCE,P4,Exact written-form + reading was not resolved in the JMdict common/JLPT subset; verify source spelling and lexical status before adding.
～力,～りょく,N2,"{""N2"": 1}","{""community-independent"": ""N2""}",wordmaster,community-independent,1,lexical,power of ~,fully-absent,,,,,,,no,SINGLE_SOURCE,no,no,no,,no,,,,MANUAL_VERIFY_SOURCE,P4,Exact written-form + reading was not resolved in the JMdict common/JLPT subset; verify source spelling and lexical status before adding.
～論,～ろん,N2,"{""N2"": 1}","{""community-independent"": ""N2""}",wordmaster,community-independent,1,lexical,theory,fully-absent,,,,,,,no,SINGLE_SOURCE,no,no,no,,no,,,,MANUAL_VERIFY_SOURCE,P4,Exact written-form + reading was not resolved in the JMdict common/JLPT subset; verify source spelling and lexical status before adding.
～羽,～わ,N2,"{""N2"": 1}","{""community-independent"": ""N2""}",wordmaster,community-independent,1,lexical,counter for rabbits; birds,fully-absent,,,,,,,no,SINGLE_SOURCE,no,no,no,,no,,,,MANUAL_VERIFY_SOURCE,P4,Exact written-form + reading was not resolved in the JMdict common/JLPT subset; verify source spelling and lexical status before adding.
〜 (まる) ごと,〜 (まる) ごと,N2,"{""N2"": 1}","{""community-independent"": ""N2""}",wordmaster,community-independent,1,lexical,整个～，全部的～,fully-absent,,,,,,,no,SINGLE_SOURCE,no,no,no,,no,,,,MANUAL_VERIFY_SOURCE,P4,Exact written-form + reading was not resolved in the JMdict common/JLPT subset; verify source spelling and lexical status before adding.
アイデア; アイディア,アイデア; アイディア,N2,"{""N2"": 1}","{""community-independent"": ""N2""}",wordmaster,community-independent,1,lexical,idea,fully-absent,,,,,,,no,SINGLE_SOURCE,no,no,no,,no,,,,MANUAL_VERIFY_SOURCE,P4,Exact written-form + reading was not resolved in the JMdict common/JLPT subset; verify source spelling and lexical status before adding.
あかんぼう,あかんぼう,N2,"{""N2"": 1}","{""waller-derived"": ""N2""}",waller,waller-derived,1,kana/loanword,baby,same-reading-different-writing|same-jmdict-entry,赤ん坊,,赤ん坊,あかんぼう,N4,あかんぼ|あかんぼう|赤んぼ|赤んぼう|赤ん坊,yes,SINGLE_SOURCE,no,no,no,,no,,,,MANUAL_VERIFY_SOURCE,P4,Exact written-form + reading was not resolved in the JMdict common/JLPT subset; verify source spelling and lexical status before adding.
明くる～,あくる～,N2,"{""N2"": 1}","{""community-independent"": ""N2""}",wordmaster,community-independent,1,lexical,"next, following",fully-absent,,,,,,,no,SINGLE_SOURCE,no,no,no,,no,,,,MANUAL_VERIFY_SOURCE,P4,Exact written-form + reading was not resolved in the JMdict common/JLPT subset; verify source spelling and lexical status before adding.
幾～,いく～,N2,"{""N2"": 1}","{""community-independent"": ""N2""}",wordmaster,community-independent,1,lexical,several ~,fully-absent,,,,,,,no,SINGLE_SOURCE,no,no,no,,no,,,,MANUAL_VERIFY_SOURCE,P4,Exact written-form + reading was not resolved in the JMdict common/JLPT subset; verify source spelling and lexical status before adding.
行っていらっしゃい,いっていらっしゃい,N2,"{""N2"": 1}","{""community-independent"": ""N2""}",wordmaster,community-independent,1,lexical,"have a nice day, see you",fully-absent,,,,,,,no,SINGLE_SOURCE,no,no,no,,no,,,,MANUAL_VERIFY_SOURCE,P4,Exact written-form + reading was not resolved in the JMdict common/JLPT subset; verify source spelling and lexical status before adding.
ウエートレス,ウエートレス,N2,"{""N2"": 2}","{""community-independent"": ""N2"", ""waller-derived"": ""N2""}",waller|wordmaster,community-independent|waller-derived,2,kana/loanword,waitress,same-jmdict-entry,,,ウェートレス,ウェートレス,N1,ウェイトレス|ウェートレス|ウエイトレス|ウエートレス,yes,HIGH,yes,no,no,N2,no,sk:search-only kana form,n:noun (common) (futsuumeishi),waitress,LOW_PRIORITY_ARCHAIC,P4,Exact form exists but carries archaic/obsolete/historical metadata; keep only if advanced/historical coverage is desired.
浮ぶ,うかぶ,N2,"{""N2"": 2}","{""community-independent"": ""N2"", ""waller-derived"": ""N2""}",openjlpt|waller|wordmaster,community-independent|waller-derived,2,lexical,to float; to rise to surface; to come to mind,same-reading-different-writing|same-jmdict-entry,浮かぶ,,浮かぶ,うかぶ,N2,うかぶ|泛かぶ|泛ぶ|浮かぶ|浮ぶ,yes,HIGH,yes,no,yes,N2,no,sK:search-only kanji form,v5b:Godan verb with 'bu' ending|vi:intransitive verb,to float; to be suspended; to rise to the surface; to appear; to emerge; to show up,LOW_PRIORITY_ARCHAIC,P4,Exact form exists but carries archaic/obsolete/historical metadata; keep only if advanced/historical coverage is desired.
打合せ,うちあわせ,N2,"{""N2"": 2}","{""community-independent"": ""N2"", ""waller-derived"": ""N2""}",openjlpt|waller|wordmaster,community-independent|waller-derived,2,lexical,business meeting; previous arrangement; appointment,same-reading-different-writing|same-jmdict-entry,打ち合わせ,,打ち合わせ,うちあわせ,N2,うちあわせ|うち合わせ|打ちあわせ|打ち合せ|打ち合わせ|打合せ|打合わせ,yes,HIGH,yes,yes,yes,N2,no,arch:archaic,n:noun (common) (futsuumeishi)|vs:noun or participle which takes the aux. verb suru|vt:transitive verb,"(preparatory) meeting; briefing session; (making) advance arrangements; overlap (of a coat, etc.); making something match exactly",LOW_PRIORITY_ARCHAIC,P4,Exact form exists but carries archaic/obsolete/historical metadata; keep only if advanced/historical coverage is desired.
売行き,うれゆき,N2,"{""N2"": 2}","{""community-independent"": ""N2"", ""waller-derived"": ""N2""}",openjlpt|waller|wordmaster,community-independent|waller-derived,2,lexical,sales,same-reading-different-writing|same-jmdict-entry,売れ行き,,売れ行き,うれゆき,N2,うれゆき|売れゆき|売れ行き|売行|売行き,yes,HIGH,yes,no,yes,N2,no,sK:search-only kanji form,n:noun (common) (futsuumeishi),sales; demand,LOW_PRIORITY_ARCHAIC,P4,Exact form exists but carries archaic/obsolete/historical metadata; keep only if advanced/historical coverage is desired.
上～,うわ～,N2,"{""N2"": 1}","{""community-independent"": ""N2""}",wordmaster,community-independent,1,lexical,upper ~,fully-absent,,,,,,,no,SINGLE_SOURCE,no,no,no,,no,,,,MANUAL_VERIFY_SOURCE,P4,Exact written-form + reading was not resolved in the JMdict common/JLPT subset; verify source spelling and lexical status before adding.
うんと,うんと,N2,"{""N2"": 2}","{""community-independent"": ""N2"", ""waller-derived"": ""N2""}",waller|wordmaster,community-independent|waller-derived,2,kana/loanword,"a great deal,very much",fully-absent,,,,,,,yes,HIGH,yes,no,no,N2,no,arch:archaic | on-mim:onomatopoeic or mimetic word,adv:adverb (fukushi),a great deal; very much; a lot; with a great amount of effort,LOW_PRIORITY_ARCHAIC,P4,Exact form exists but carries archaic/obsolete/historical metadata; keep only if advanced/historical coverage is desired.
おかまいなく,おかまいなく,N2,"{""N2"": 1}","{""community-independent"": ""N2""}",wordmaster,community-independent,1,kana/loanword,请别客气,fully-absent,,,,,,,no,SINGLE_SOURCE,no,no,no,,no,,,,MANUAL_VERIFY_SOURCE,P4,Exact written-form + reading was not resolved in the JMdict common/JLPT subset; verify source spelling and lexical status before adding.
お世話になりました,おせわになりました,N2,"{""N2"": 1}","{""community-independent"": ""N2""}",wordmaster,community-independent,1,lexical,I've been in your care,fully-absent,,,,,,,no,SINGLE_SOURCE,no,no,no,,no,,,,MANUAL_VERIFY_SOURCE,P4,Exact written-form + reading was not resolved in the JMdict common/JLPT subset; verify source spelling and lexical status before adding.
小母さん,おばさん,N2,"{""N2"": 1}","{""community-independent"": ""N2""}",wordmaster,community-independent,1,lexical,"lady, woman, ma'am",same-reading-different-writing,おばさん,,,,,,no,SINGLE_SOURCE,no,no,no,,no,,,,MANUAL_VERIFY_SOURCE,P4,Exact written-form + reading was not resolved in the JMdict common/JLPT subset; verify source spelling and lexical status before adding.
御～,おん～,N2,"{""N2"": 1}","{""community-independent"": ""N2""}",wordmaster,community-independent,1,lexical,honorific ~,fully-absent,,,,,,,no,SINGLE_SOURCE,no,no,no,,no,,,,MANUAL_VERIFY_SOURCE,P4,Exact written-form + reading was not resolved in the JMdict common/JLPT subset; verify source spelling and lexical status before adding.
各～,かく～,N2,"{""N2"": 1}","{""community-independent"": ""N2""}",wordmaster,community-independent,1,lexical,"every ~, each ~",fully-absent,,,,,,,no,SINGLE_SOURCE,no,no,no,,no,,,,MANUAL_VERIFY_SOURCE,P4,Exact written-form + reading was not resolved in the JMdict common/JLPT subset; verify source spelling and lexical status before adding.
勝手に,かってに,N2,"{""N2"": 1}","{""community-independent"": ""N2""}",wordmaster,community-independent,1,lexical,擅自,fully-absent,,,,,,,no,SINGLE_SOURCE,no,no,no,,no,,,,MANUAL_VERIFY_SOURCE,P4,Exact written-form + reading was not resolved in the JMdict common/JLPT subset; verify source spelling and lexical status before adding.
かび (～がはえる),かび (～がはえる),N2,"{""N2"": 1}","{""community-independent"": ""N2""}",wordmaster,community-independent,1,lexical,霉菌,fully-absent,,,,,,,no,SINGLE_SOURCE,no,no,no,,no,,,,MANUAL_VERIFY_SOURCE,P4,Exact written-form + reading was not resolved in the JMdict common/JLPT subset; verify source spelling and lexical status before adding.
感ずる,かんずる,N2,"{""N2"": 2}","{""community-independent"": ""N2"", ""waller-derived"": ""N2""}",openjlpt|waller|wordmaster,community-independent|waller-derived,2,lexical,to feel; to sense,fully-absent,,,,,,,yes,HIGH,yes,yes,yes,N2,no,dated:dated term,vi:intransitive verb|vt:transitive verb|vz:Ichidan verb - zuru verb (alternative form of -jiru verbs),to feel; to sense; to experience; to be moved (by); to be touched (by); to be impressed (by),LOW_PRIORITY_ARCHAIC,P4,Exact form exists but carries archaic/obsolete/historical metadata; keep only if advanced/historical coverage is desired.
外～,がい～,N2,"{""N2"": 1}","{""community-independent"": ""N2""}",wordmaster,community-independent,1,lexical,外国～，外部～,fully-absent,,,,,,,no,SINGLE_SOURCE,no,no,no,,no,,,,MANUAL_VERIFY_SOURCE,P4,Exact written-form + reading was not resolved in the JMdict common/JLPT subset; verify source spelling and lexical status before adding.
共産～,きょうさん～,N2,"{""N2"": 1}","{""community-independent"": ""N2""}",wordmaster,community-independent,1,lexical,communist ~,fully-absent,,,,,,,no,SINGLE_SOURCE,no,no,no,,no,,,,MANUAL_VERIFY_SOURCE,P4,Exact written-form + reading was not resolved in the JMdict common/JLPT subset; verify source spelling and lexical status before adding.
空～,くう～,N2,"{""N2"": 1}","{""community-independent"": ""N2""}",wordmaster,community-independent,1,lexical,空～,fully-absent,,,,,,,no,SINGLE_SOURCE,no,no,no,,no,,,,MANUAL_VERIFY_SOURCE,P4,Exact written-form + reading was not resolved in the JMdict common/JLPT subset; verify source spelling and lexical status before adding.
現～,げん～,N2,"{""N2"": 1}","{""community-independent"": ""N2""}",wordmaster,community-independent,1,lexical,"present, incumbent",fully-absent,,,,,,,no,SINGLE_SOURCE,no,no,no,,no,,,,MANUAL_VERIFY_SOURCE,P4,Exact written-form + reading was not resolved in the JMdict common/JLPT subset; verify source spelling and lexical status before adding.
小～,こ～,N2,"{""N2"": 1}","{""community-independent"": ""N2""}",wordmaster,community-independent,1,lexical,small ~,fully-absent,,,,,,,no,SINGLE_SOURCE,no,no,no,,no,,,,MANUAL_VERIFY_SOURCE,P4,Exact written-form + reading was not resolved in the JMdict common/JLPT subset; verify source spelling and lexical status before adding.
高～,こう～,N2,"{""N2"": 1}","{""community-independent"": ""N2""}",wordmaster,community-independent,1,lexical,high (level) ~,fully-absent,,,,,,,no,SINGLE_SOURCE,no,no,no,,no,,,,MANUAL_VERIFY_SOURCE,P4,Exact written-form + reading was not resolved in the JMdict common/JLPT subset; verify source spelling and lexical status before adding.
今～,こん～,N2,"{""N2"": 1}","{""community-independent"": ""N2""}",wordmaster,community-independent,1,lexical,"this, current",fully-absent,,,,,,,no,SINGLE_SOURCE,no,no,no,,no,,,,MANUAL_VERIFY_SOURCE,P4,Exact written-form + reading was not resolved in the JMdict common/JLPT subset; verify source spelling and lexical status before adding.
塵芥,ごみ,N2,"{""N2"": 1}","{""waller-derived"": ""N2""}",openjlpt,waller-derived,1,lexical,trash; rubbish,same-reading-different-writing,ごみ|塵,,,,,,no,SINGLE_SOURCE,no,no,no,,no,,,,MANUAL_VERIFY_SOURCE,P4,Exact written-form + reading was not resolved in the JMdict common/JLPT subset; verify source spelling and lexical status before adding.
再～,さい～,N2,"{""N2"": 1}","{""community-independent"": ""N2""}",wordmaster,community-independent,1,lexical,re ~,fully-absent,,,,,,,no,SINGLE_SOURCE,no,no,no,,no,,,,MANUAL_VERIFY_SOURCE,P4,Exact written-form + reading was not resolved in the JMdict common/JLPT subset; verify source spelling and lexical status before adding.
最～,さい～,N2,"{""N2"": 1}","{""community-independent"": ""N2""}",wordmaster,community-independent,1,lexical,the most ~,fully-absent,,,,,,,no,SINGLE_SOURCE,no,no,no,,no,,,,MANUAL_VERIFY_SOURCE,P4,Exact written-form + reading was not resolved in the JMdict common/JLPT subset; verify source spelling and lexical status before adding.
しいんと (する),しいんと (する),N2,"{""N2"": 1}","{""community-independent"": ""N2""}",wordmaster,community-independent,1,lexical,"silent (as the grave), (deathly) quiet",fully-absent,,,,,,,no,SINGLE_SOURCE,no,no,no,,no,,,,MANUAL_VERIFY_SOURCE,P4,Exact written-form + reading was not resolved in the JMdict common/JLPT subset; verify source spelling and lexical status before adding.
室～,しつ～,N2,"{""N2"": 1}","{""community-independent"": ""N2""}",wordmaster,community-independent,1,lexical,room,fully-absent,,,,,,,no,SINGLE_SOURCE,no,no,no,,no,,,,MANUAL_VERIFY_SOURCE,P4,Exact written-form + reading was not resolved in the JMdict common/JLPT subset; verify source spelling and lexical status before adding.
しつれいしました (かん),しつれいしました (かん),N2,"{""N2"": 1}","{""community-independent"": ""N2""}",wordmaster,community-independent,1,lexical,"Excuse me., I'm sorry.",fully-absent,,,,,,,no,SINGLE_SOURCE,no,no,no,,no,,,,MANUAL_VERIFY_SOURCE,P4,Exact written-form + reading was not resolved in the JMdict common/JLPT subset; verify source spelling and lexical status before adding.
しめた (かん),しめた (かん),N2,"{""N2"": 1}","{""community-independent"": ""N2""}",wordmaster,community-independent,1,lexical,"I've got it, all right, fine",fully-absent,,,,,,,no,SINGLE_SOURCE,no,no,no,,no,,,,MANUAL_VERIFY_SOURCE,P4,Exact written-form + reading was not resolved in the JMdict common/JLPT subset; verify source spelling and lexical status before adding.
初～,しょ～,N2,"{""N2"": 1}","{""community-independent"": ""N2""}",wordmaster,community-independent,1,lexical,first ~,fully-absent,,,,,,,no,SINGLE_SOURCE,no,no,no,,no,,,,MANUAL_VERIFY_SOURCE,P4,Exact written-form + reading was not resolved in the JMdict common/JLPT subset; verify source spelling and lexical status before adding.
諸～,しょ～,N2,"{""N2"": 1}","{""community-independent"": ""N2""}",wordmaster,community-independent,1,lexical,various ~,fully-absent,,,,,,,no,SINGLE_SOURCE,no,no,no,,no,,,,MANUAL_VERIFY_SOURCE,P4,Exact written-form + reading was not resolved in the JMdict common/JLPT subset; verify source spelling and lexical status before adding.
省～,しょう～,N2,"{""N2"": 1}","{""community-independent"": ""N2""}",wordmaster,community-independent,1,lexical,economizing ~,fully-absent,,,,,,,no,SINGLE_SOURCE,no,no,no,,no,,,,MANUAL_VERIFY_SOURCE,P4,Exact written-form + reading was not resolved in the JMdict common/JLPT subset; verify source spelling and lexical status before adding.
しわ (かおの～),しわ (かおの～),N2,"{""N2"": 1}","{""community-independent"": ""N2""}",wordmaster,community-independent,1,lexical,皱纹,fully-absent,,,,,,,no,SINGLE_SOURCE,no,no,no,,no,,,,MANUAL_VERIFY_SOURCE,P4,Exact written-form + reading was not resolved in the JMdict common/JLPT subset; verify source spelling and lexical status before adding.
重～,じゅう～,N2,"{""N2"": 1}","{""community-independent"": ""N2""}",wordmaster,community-independent,1,lexical,heavy ~,fully-absent,,,,,,,no,SINGLE_SOURCE,no,no,no,,no,,,,MANUAL_VERIFY_SOURCE,P4,Exact written-form + reading was not resolved in the JMdict common/JLPT subset; verify source spelling and lexical status before adding.
じゅうたん (カーペット),じゅうたん (カーペット),N2,"{""N2"": 1}","{""community-independent"": ""N2""}",wordmaster,community-independent,1,lexical,carpet,fully-absent,,,,,,,no,SINGLE_SOURCE,no,no,no,,no,,,,MANUAL_VERIFY_SOURCE,P4,Exact written-form + reading was not resolved in the JMdict common/JLPT subset; verify source spelling and lexical status before adding.
女～,じょ～,N2,"{""N2"": 1}","{""community-independent"": ""N2""}",wordmaster,community-independent,1,lexical,things done by women,fully-absent,,,,,,,no,SINGLE_SOURCE,no,no,no,,no,,,,MANUAL_VERIFY_SOURCE,P4,Exact written-form + reading was not resolved in the JMdict common/JLPT subset; verify source spelling and lexical status before adding.
棄てる,すてる,N2,"{""N2"": 1}","{""waller-derived"": ""N2""}",waller,waller-derived,1,lexical,,same-reading-different-writing|same-jmdict-entry,捨てる,,捨てる,すてる,N4,すてる|捨てる|棄てる,yes,SINGLE_SOURCE,yes,no,yes,N4,yes,rK:rarely used kanji form,v1:Ichidan verb|vt:transitive verb,to throw away; to cast away; to dump; to discard; to abandon; to desert,LOW_PRIORITY_RARE_VARIANT,P4,"Exact form exists but is rare/dialectal/obscure; valid form, lower study priority."
ずうっと,ずうっと,N2,"{""N2"": 2}","{""community-independent"": ""N2"", ""waller-derived"": ""N2""}",waller|wordmaster,community-independent|waller-derived,2,kana/loanword,"all the time, all the way",same-jmdict-entry,,,ずっと,ずっと,N5,ずうっと|ずっと|ずーっと,yes,HIGH,yes,no,no,N3,yes,sk:search-only kana form | ずーっと is emphatic,adv:adverb (fukushi),continuously; the whole time; all the way; throughout; much (more); (by) far,LOW_PRIORITY_ARCHAIC,P4,Exact form exists but carries archaic/obsolete/historical metadata; keep only if advanced/historical coverage is desired.
狡い,ずるい,N2,"{""N2"": 2}","{""community-independent"": ""N2"", ""waller-derived"": ""N2""}",openjlpt|waller|wordmaster,community-independent|waller-derived,2,lexical,sly; cunning,same-reading-different-writing|same-jmdict-entry,ずるい,,ずるい,ずるい,N3,こすい|ずるい|ズルい|ズルイ|狡い,yes,HIGH,yes,no,yes,N2,no,rK:rarely used kanji form | sk:search-only kana form | uk:word usually written using kana alone,adj-i:adjective (keiyoushi),sly; cunning; sneaky; crafty; unfair; dishonest,LOW_PRIORITY_ARCHAIC,P4,Exact form exists but carries archaic/obsolete/historical metadata; keep only if advanced/historical coverage is desired.
前～,ぜん～,N2,"{""N2"": 1}","{""community-independent"": ""N2""}",wordmaster,community-independent,1,lexical,"former, late ~, past ~",fully-absent,,,,,,,no,SINGLE_SOURCE,no,no,no,,no,,,,MANUAL_VERIFY_SOURCE,P4,Exact written-form + reading was not resolved in the JMdict common/JLPT subset; verify source spelling and lexical status before adding.
総～,そう～,N2,"{""N2"": 1}","{""community-independent"": ""N2""}",wordmaster,community-independent,1,lexical,总～,fully-absent,,,,,,,no,SINGLE_SOURCE,no,no,no,,no,,,,MANUAL_VERIFY_SOURCE,P4,Exact written-form + reading was not resolved in the JMdict common/JLPT subset; verify source spelling and lexical status before adding.
それはいけませんね (かん),それはいけませんね (かん),N2,"{""N2"": 1}","{""community-independent"": ""N2""}",wordmaster,community-independent,1,lexical,那可不好,fully-absent,,,,,,,no,SINGLE_SOURCE,no,no,no,,no,,,,MANUAL_VERIFY_SOURCE,P4,Exact written-form + reading was not resolved in the JMdict common/JLPT subset; verify source spelling and lexical status before adding.
Ͼ立,たいりつ,N2,"{""N2"": 1}","{""waller-derived"": ""N2""}",openjlpt,waller-derived,1,lexical,confrontation; opposition; antagonism,same-reading-different-writing,対立,,,,,,no,SINGLE_SOURCE,no,no,no,,no,,,,MANUAL_VERIFY_SOURCE,P4,Exact written-form + reading was not resolved in the JMdict common/JLPT subset; verify source spelling and lexical status before adding.
短～,たん～,N2,"{""N2"": 1}","{""community-independent"": ""N2""}",wordmaster,community-independent,1,lexical,短~,fully-absent,,,,,,,no,SINGLE_SOURCE,no,no,no,,no,,,,MANUAL_VERIFY_SOURCE,P4,Exact written-form + reading was not resolved in the JMdict common/JLPT subset; verify source spelling and lexical status before adding.
第～,だい～,N2,"{""N2"": 1}","{""community-independent"": ""N2""}",wordmaster,community-independent,1,lexical,~th,fully-absent,,,,,,,no,SINGLE_SOURCE,no,no,no,,no,,,,MANUAL_VERIFY_SOURCE,P4,Exact written-form + reading was not resolved in the JMdict common/JLPT subset; verify source spelling and lexical status before adding.
だいいち (とりわけ),だいいち (とりわけ),N2,"{""N2"": 1}","{""community-independent"": ""N2""}",wordmaster,community-independent,1,lexical,第一,fully-absent,,,,,,,no,SINGLE_SOURCE,no,no,no,,no,,,,MANUAL_VERIFY_SOURCE,P4,Exact written-form + reading was not resolved in the JMdict common/JLPT subset; verify source spelling and lexical status before adding.
作る/造る,つくる,N2,"{""N2"": 1}","{""waller-derived"": ""N2""}",openjlpt,waller-derived,1,lexical,to make; to create,same-reading-different-writing,作る|造る,,,,,,no,SINGLE_SOURCE,no,no,no,,no,,,,MANUAL_VERIFY_SOURCE,P4,Exact written-form + reading was not resolved in the JMdict common/JLPT subset; verify source spelling and lexical status before adding.
低～,てい～,N2,"{""N2"": 1}","{""community-independent"": ""N2""}",wordmaster,community-independent,1,lexical,low ~,fully-absent,,,,,,,no,SINGLE_SOURCE,no,no,no,,no,,,,MANUAL_VERIFY_SOURCE,P4,Exact written-form + reading was not resolved in the JMdict common/JLPT subset; verify source spelling and lexical status before adding.
同～,どう～,N2,"{""N2"": 1}","{""community-independent"": ""N2""}",wordmaster,community-independent,1,lexical,same ~,fully-absent,,,,,,,no,SINGLE_SOURCE,no,no,no,,no,,,,MANUAL_VERIFY_SOURCE,P4,Exact written-form + reading was not resolved in the JMdict common/JLPT subset; verify source spelling and lexical status before adding.
どういたしまして (かん),どういたしまして (かん),N2,"{""N2"": 1}","{""community-independent"": ""N2""}",wordmaster,community-independent,1,lexical,"you are welcome, don't mention it",fully-absent,,,,,,,no,SINGLE_SOURCE,no,no,no,,no,,,,MANUAL_VERIFY_SOURCE,P4,Exact written-form + reading was not resolved in the JMdict common/JLPT subset; verify source spelling and lexical status before adding.
長～,なが～,N2,"{""N2"": 1}","{""community-independent"": ""N2""}",wordmaster,community-independent,1,lexical,long ~,fully-absent,,,,,,,no,SINGLE_SOURCE,no,no,no,,no,,,,MANUAL_VERIFY_SOURCE,P4,Exact written-form + reading was not resolved in the JMdict common/JLPT subset; verify source spelling and lexical status before adding.
傾らか,なだらか,N2,"{""N2"": 1}","{""community-independent"": ""N2""}",wordmaster,community-independent,1,lexical,"gradual, gentle",same-reading-different-writing,なだらか,,,,,,no,SINGLE_SOURCE,no,no,no,,no,,,,MANUAL_VERIFY_SOURCE,P4,Exact written-form + reading was not resolved in the JMdict common/JLPT subset; verify source spelling and lexical status before adding.
はい (かん),はい (かん),N2,"{""N2"": 1}","{""community-independent"": ""N2""}",wordmaster,community-independent,1,lexical,yes,fully-absent,,,,,,,no,SINGLE_SOURCE,no,no,no,,no,,,,MANUAL_VERIFY_SOURCE,P4,Exact written-form + reading was not resolved in the JMdict common/JLPT subset; verify source spelling and lexical status before adding.
反～,はん～,N2,"{""N2"": 1}","{""community-independent"": ""N2""}",wordmaster,community-independent,1,lexical,"anti ~, counter ~",fully-absent,,,,,,,no,SINGLE_SOURCE,no,no,no,,no,,,,MANUAL_VERIFY_SOURCE,P4,Exact written-form + reading was not resolved in the JMdict common/JLPT subset; verify source spelling and lexical status before adding.
×,ばつ,N2,"{""N2"": 1}","{""community-independent"": ""N2""}",wordmaster,community-independent,1,lexical,cross,same-reading-different-writing,罰|閥,,,,,,no,SINGLE_SOURCE,no,no,no,,no,,,,MANUAL_VERIFY_SOURCE,P4,Exact written-form + reading was not resolved in the JMdict common/JLPT subset; verify source spelling and lexical status before adding.
非～,ひ～,N2,"{""N2"": 1}","{""community-independent"": ""N2""}",wordmaster,community-independent,1,lexical,"anti~, counter~, an~, non~",fully-absent,,,,,,,no,SINGLE_SOURCE,no,no,no,,no,,,,MANUAL_VERIFY_SOURCE,P4,Exact written-form + reading was not resolved in the JMdict common/JLPT subset; verify source spelling and lexical status before adding.
引返す,ひきかえす,N2,"{""N2"": 1}","{""waller-derived"": ""N2""}",openjlpt|waller,waller-derived,1,lexical,to repeat; to send back; to bring back,same-reading-different-writing|same-jmdict-entry,引き返す,,引き返す,ひきかえす,N2,ひきかえす|引きかえす|引き返す|引返す,yes,SINGLE_SOURCE,yes,no,yes,N2,no,sK:search-only kanji form,v5s:Godan verb with 'su' ending|vi:intransitive verb,to turn back; to go back; to come back; to return; to retrace one's steps,LOW_PRIORITY_ARCHAIC,P4,Exact form exists but carries archaic/obsolete/historical metadata; keep only if advanced/historical coverage is desired.
陽射,ひざし,N2,"{""N2"": 2}","{""community-independent"": ""N2"", ""waller-derived"": ""N2""}",openjlpt|waller|wordmaster,community-independent|waller-derived,2,lexical,sunlight; rays of the sun,same-reading-different-writing|same-jmdict-entry,日差し,,日差し,ひざし,N2,ひざし|日ざし|日射し|日差|日差し|陽ざし|陽射|陽射し|陽差し,yes,HIGH,yes,no,yes,N2,no,sK:search-only kanji form,n:noun (common) (futsuumeishi),sunlight; rays of the Sun,LOW_PRIORITY_ARCHAIC,P4,Exact form exists but carries archaic/obsolete/historical metadata; keep only if advanced/historical coverage is desired.
一～,ひと～,N2,"{""N2"": 1}","{""community-independent"": ""N2""}",wordmaster,community-independent,1,lexical,one ~,fully-absent,,,,,,,no,SINGLE_SOURCE,no,no,no,,no,,,,MANUAL_VERIFY_SOURCE,P4,Exact written-form + reading was not resolved in the JMdict common/JLPT subset; verify source spelling and lexical status before adding.
人差指,ひとさしゆび,N2,"{""N2"": 2}","{""community-independent"": ""N2"", ""waller-derived"": ""N2""}",openjlpt|waller|wordmaster,community-independent|waller-derived,2,lexical,index finger,same-reading-different-writing|same-jmdict-entry,人差し指,,人差し指,ひとさしゆび,N3,ひとさしゆび|人さし指|人差し指|人差指|人指し指,yes,HIGH,yes,no,yes,N2,no,sK:search-only kanji form,n:noun (common) (futsuumeishi),index finger; forefinger; first (occ. second) finger; second toe,LOW_PRIORITY_ARCHAIC,P4,Exact form exists but carries archaic/obsolete/historical metadata; keep only if advanced/historical coverage is desired.
副～,ふく～,N2,"{""N2"": 1}","{""community-independent"": ""N2""}",wordmaster,community-independent,1,lexical,vice ~,fully-absent,,,,,,,no,SINGLE_SOURCE,no,no,no,,no,,,,MANUAL_VERIFY_SOURCE,P4,Exact written-form + reading was not resolved in the JMdict common/JLPT subset; verify source spelling and lexical status before adding.
古～,ふる～,N2,"{""N2"": 1}","{""community-independent"": ""N2""}",wordmaster,community-independent,1,lexical,old ~,fully-absent,,,,,,,no,SINGLE_SOURCE,no,no,no,,no,,,,MANUAL_VERIFY_SOURCE,P4,Exact written-form + reading was not resolved in the JMdict common/JLPT subset; verify source spelling and lexical status before adding.
古里,ふるさと,N2,"{""N2"": 1}","{""community-independent"": ""N2""}",wordmaster,community-independent,1,lexical,"home town, birthplace",same-reading-different-writing|same-jmdict-entry,ふるさと|故郷,,ふるさと|故郷,ふるさと,N1|N3,ふるさと|ふる里|古里|故郷|故里,yes,SINGLE_SOURCE,yes,yes,yes,,no,arch:archaic | uk:word usually written using kana alone,n:noun (common) (futsuumeishi),hometown; birthplace; native place; one's old home; ruins; historic remains,LOW_PRIORITY_ARCHAIC,P4,Exact form exists but carries archaic/obsolete/historical metadata; keep only if advanced/historical coverage is desired.
庖丁,ほうちょう,N2,"{""N2"": 1}","{""waller-derived"": ""N2""}",openjlpt|waller,waller-derived,1,lexical,kitchen knife; carving knife,same-reading-different-writing|same-jmdict-entry,包丁,,包丁,ほうちょう,N3,ほうちょう|包丁|庖丁,yes,SINGLE_SOURCE,yes,no,yes,N2,no,arch:archaic,n:noun (common) (futsuumeishi),kitchen knife; cooking; food,LOW_PRIORITY_ARCHAIC,P4,Exact form exists but carries archaic/obsolete/historical metadata; keep only if advanced/historical coverage is desired.
ほんの～,ほんの～,N2,"{""N2"": 1}","{""community-independent"": ""N2""}",wordmaster,community-independent,1,lexical,"mere, just",fully-absent,,,,,,,no,SINGLE_SOURCE,no,no,no,,no,,,,MANUAL_VERIFY_SOURCE,P4,Exact written-form + reading was not resolved in the JMdict common/JLPT subset; verify source spelling and lexical status before adding.
防～,ぼう～,N2,"{""N2"": 1}","{""community-independent"": ""N2""}",wordmaster,community-independent,1,lexical,~ prevention,fully-absent,,,,,,,no,SINGLE_SOURCE,no,no,no,,no,,,,MANUAL_VERIFY_SOURCE,P4,Exact written-form + reading was not resolved in the JMdict common/JLPT subset; verify source spelling and lexical status before adding.
毎～,まい～,N2,"{""N2"": 1}","{""community-independent"": ""N2""}",wordmaster,community-independent,1,lexical,every ~,fully-absent,,,,,,,no,SINGLE_SOURCE,no,no,no,,no,,,,MANUAL_VERIFY_SOURCE,P4,Exact written-form + reading was not resolved in the JMdict common/JLPT subset; verify source spelling and lexical status before adding.
未～,み～,N2,"{""N2"": 1}","{""community-independent"": ""N2""}",wordmaster,community-independent,1,lexical,not yet ~,fully-absent,,,,,,,no,SINGLE_SOURCE,no,no,no,,no,,,,MANUAL_VERIFY_SOURCE,P4,Exact written-form + reading was not resolved in the JMdict common/JLPT subset; verify source spelling and lexical status before adding.
見付かる,みつかる,N2,"{""N2"": 1}","{""waller-derived"": ""N2""}",openjlpt|waller,waller-derived,1,lexical,to be found; to be discovered,same-reading-different-writing|same-jmdict-entry,見つかる,,見つかる,みつかる,N4,みつかる|見つかる|見付かる|見付る,yes,SINGLE_SOURCE,yes,no,yes,N4,yes,rK:rarely used kanji form,v5r:Godan verb with 'ru' ending|vi:intransitive verb,to be found; to be discovered,LOW_PRIORITY_RARE_VARIANT,P4,"Exact form exists but is rare/dialectal/obscure; valid form, lower study priority."
見詰める,みつめる,N2,"{""N2"": 1}","{""community-independent"": ""N2""}",wordmaster,community-independent,1,lexical,"to stare at, to gaze at",same-reading-different-writing|same-jmdict-entry,見つめる,,見つめる,みつめる,N3,みつめる|凝視める|瞶める|見つめる|見凝める|見詰める,yes,SINGLE_SOURCE,yes,no,yes,,no,rK:rarely used kanji form,v1:Ichidan verb|vt:transitive verb,to stare (at); to gaze (at); to look hard (at); to watch intently; to fix one's eyes (on),LOW_PRIORITY_RARE_VARIANT,P4,"Exact form exists but is rare/dialectal/obscure; valid form, lower study priority."
ミリ (メートル),ミリ (メートル),N2,"{""N2"": 1}","{""community-independent"": ""N2""}",wordmaster,community-independent,1,lexical,milli-,fully-absent,,,,,,,no,SINGLE_SOURCE,no,no,no,,no,,,,MANUAL_VERIFY_SOURCE,P4,Exact written-form + reading was not resolved in the JMdict common/JLPT subset; verify source spelling and lexical status before adding.
民主～,みんしゅ～,N2,"{""N2"": 1}","{""community-independent"": ""N2""}",wordmaster,community-independent,1,lexical,democratic,fully-absent,,,,,,,no,SINGLE_SOURCE,no,no,no,,no,,,,MANUAL_VERIFY_SOURCE,P4,Exact written-form + reading was not resolved in the JMdict common/JLPT subset; verify source spelling and lexical status before adding.
名～,めい～,N2,"{""N2"": 1}","{""community-independent"": ""N2""}",wordmaster,community-independent,1,lexical,famous ~,fully-absent,,,,,,,no,SINGLE_SOURCE,no,no,no,,no,,,,MANUAL_VERIFY_SOURCE,P4,Exact written-form + reading was not resolved in the JMdict common/JLPT subset; verify source spelling and lexical status before adding.
やたらに,やたらに,N2,"{""N2"": 1}","{""community-independent"": ""N2""}",wordmaster,community-independent,1,kana/loanword,"randomly, recklessly, blindly",fully-absent,,,,,,,no,SINGLE_SOURCE,no,no,no,,no,,,,MANUAL_VERIFY_SOURCE,P4,Exact written-form + reading was not resolved in the JMdict common/JLPT subset; verify source spelling and lexical status before adding.
翌～,よく～,N2,"{""N2"": 1}","{""community-independent"": ""N2""}",wordmaster,community-independent,1,lexical,next ~,fully-absent,,,,,,,no,SINGLE_SOURCE,no,no,no,,no,,,,MANUAL_VERIFY_SOURCE,P4,Exact written-form + reading was not resolved in the JMdict common/JLPT subset; verify source spelling and lexical status before adding.
慶び,よろこび,N2,"{""N2"": 1}","{""waller-derived"": ""N2""}",openjlpt|waller,waller-derived,1,lexical,(n) (a) joy; (a) delight; rapture,same-reading-different-writing|same-jmdict-entry,喜び,,喜び,よろこび,N2,よろこび|喜び|悦び|慶び|歓び,yes,SINGLE_SOURCE,yes,no,yes,N3,yes,rK:rarely used kanji form,n:noun (common) (futsuumeishi),joy; delight; rapture; pleasure; gratification; rejoicing,LOW_PRIORITY_RARE_VARIANT,P4,"Exact form exists but is rare/dialectal/obscure; valid form, lower study priority."
両～,りょう～,N2,"{""N2"": 1}","{""community-independent"": ""N2""}",wordmaster,community-independent,1,lexical,both ~,fully-absent,,,,,,,no,SINGLE_SOURCE,no,no,no,,no,,,,MANUAL_VERIFY_SOURCE,P4,Exact written-form + reading was not resolved in the JMdict common/JLPT subset; verify source spelling and lexical status before adding.
和～,わ～,N2,"{""N2"": 1}","{""community-independent"": ""N2""}",wordmaster,community-independent,1,lexical,Japanese style,fully-absent,,,,,,,no,SINGLE_SOURCE,no,no,no,,no,,,,MANUAL_VERIFY_SOURCE,P4,Exact written-form + reading was not resolved in the JMdict common/JLPT subset; verify source spelling and lexical status before adding.
我～,わが～,N2,"{""N2"": 1}","{""community-independent"": ""N2""}",wordmaster,community-independent,1,lexical,our ~,fully-absent,,,,,,,no,SINGLE_SOURCE,no,no,no,,no,,,,MANUAL_VERIFY_SOURCE,P4,Exact written-form + reading was not resolved in the JMdict common/JLPT subset; verify source spelling and lexical status before adding.
"(花を〜) 生ける, 活ける",(はなを～) いける,N1,"{""N1"": 1}","{""community-independent"": ""N1""}",wordmaster,community-independent,1,lexical,to arrange (flowers),fully-absent,,,,,,,no,SINGLE_SOURCE,no,no,no,,no,,,,MANUAL_VERIFY_SOURCE,P4,Exact written-form + reading was not resolved in the JMdict common/JLPT subset; verify source spelling and lexical status before adding.
～宛,～あて,N1,"{""N1"": 1}","{""community-independent"": ""N1""}",wordmaster,community-independent,1,lexical,"for…(e.g., In a letter)",fully-absent,,,,,,,no,SINGLE_SOURCE,no,no,no,,no,,,,MANUAL_VERIFY_SOURCE,P4,Exact written-form + reading was not resolved in the JMdict common/JLPT subset; verify source spelling and lexical status before adding.
～合せ,～あわせ,N1,"{""N1"": 1}","{""community-independent"": ""N1""}",wordmaster,community-independent,1,lexical,in all,fully-absent,,,,,,,no,SINGLE_SOURCE,no,no,no,,no,,,,MANUAL_VERIFY_SOURCE,P4,Exact written-form + reading was not resolved in the JMdict common/JLPT subset; verify source spelling and lexical status before adding.
～営,～えい,N1,"{""N1"": 1}","{""community-independent"": ""N1""}",wordmaster,community-independent,1,lexical,~ run,fully-absent,,,,,,,no,SINGLE_SOURCE,no,no,no,,no,,,,MANUAL_VERIFY_SOURCE,P4,Exact written-form + reading was not resolved in the JMdict common/JLPT subset; verify source spelling and lexical status before adding.
～界,～かい,N1,"{""N1"": 1}","{""community-independent"": ""N1""}",wordmaster,community-independent,1,lexical,"world, circle, kingdom",fully-absent,,,,,,,no,SINGLE_SOURCE,no,no,no,,no,,,,MANUAL_VERIFY_SOURCE,P4,Exact written-form + reading was not resolved in the JMdict common/JLPT subset; verify source spelling and lexical status before adding.
～画,～かく,N1,"{""N1"": 1}","{""community-independent"": ""N1""}",wordmaster,community-independent,1,lexical,~ strokes,fully-absent,,,,,,,no,SINGLE_SOURCE,no,no,no,,no,,,,MANUAL_VERIFY_SOURCE,P4,Exact written-form + reading was not resolved in the JMdict common/JLPT subset; verify source spelling and lexical status before adding.
～掛け,～かけ,N1,"{""N1"": 1}","{""community-independent"": ""N1""}",wordmaster,community-independent,1,lexical,"rack, hanger",fully-absent,,,,,,,no,SINGLE_SOURCE,no,no,no,,no,,,,MANUAL_VERIFY_SOURCE,P4,Exact written-form + reading was not resolved in the JMdict common/JLPT subset; verify source spelling and lexical status before adding.
～街,～がい,N1,"{""N1"": 1}","{""community-independent"": ""N1""}",wordmaster,community-independent,1,lexical,town,fully-absent,,,,,,,no,SINGLE_SOURCE,no,no,no,,no,,,,MANUAL_VERIFY_SOURCE,P4,Exact written-form + reading was not resolved in the JMdict common/JLPT subset; verify source spelling and lexical status before adding.
～狂,～きょう,N1,"{""N1"": 1}","{""community-independent"": ""N1""}",wordmaster,community-independent,1,lexical,"maniac, fan, freak",fully-absent,,,,,,,no,SINGLE_SOURCE,no,no,no,,no,,,,MANUAL_VERIFY_SOURCE,P4,Exact written-form + reading was not resolved in the JMdict common/JLPT subset; verify source spelling and lexical status before adding.
～きり,～きり,N1,"{""N1"": 1}","{""community-independent"": ""N1""}",wordmaster,community-independent,1,lexical,only,fully-absent,,,,,,,no,SINGLE_SOURCE,no,no,no,,no,,,,MANUAL_VERIFY_SOURCE,P4,Exact written-form + reading was not resolved in the JMdict common/JLPT subset; verify source spelling and lexical status before adding.
～光,～こう,N1,"{""N1"": 1}","{""community-independent"": ""N1""}",wordmaster,community-independent,1,lexical,light,fully-absent,,,,,,,no,SINGLE_SOURCE,no,no,no,,no,,,,MANUAL_VERIFY_SOURCE,P4,Exact written-form + reading was not resolved in the JMdict common/JLPT subset; verify source spelling and lexical status before adding.
～宗,～しゅう,N1,"{""N1"": 1}","{""community-independent"": ""N1""}",wordmaster,community-independent,1,lexical,sect,fully-absent,,,,,,,no,SINGLE_SOURCE,no,no,no,,no,,,,MANUAL_VERIFY_SOURCE,P4,Exact written-form + reading was not resolved in the JMdict common/JLPT subset; verify source spelling and lexical status before adding.
～署,～しょ,N1,"{""N1"": 1}","{""community-independent"": ""N1""}",wordmaster,community-independent,1,lexical,department,fully-absent,,,,,,,no,SINGLE_SOURCE,no,no,no,,no,,,,MANUAL_VERIFY_SOURCE,P4,Exact written-form + reading was not resolved in the JMdict common/JLPT subset; verify source spelling and lexical status before adding.
～症,～しょう,N1,"{""N1"": 1}","{""community-independent"": ""N1""}",wordmaster,community-independent,1,lexical,disease,fully-absent,,,,,,,no,SINGLE_SOURCE,no,no,no,,no,,,,MANUAL_VERIFY_SOURCE,P4,Exact written-form + reading was not resolved in the JMdict common/JLPT subset; verify source spelling and lexical status before adding.
～証,～しょう,N1,"{""N1"": 1}","{""community-independent"": ""N1""}",wordmaster,community-independent,1,lexical,"proof, certificate",fully-absent,,,,,,,no,SINGLE_SOURCE,no,no,no,,no,,,,MANUAL_VERIFY_SOURCE,P4,Exact written-form + reading was not resolved in the JMdict common/JLPT subset; verify source spelling and lexical status before adding.
～心,～しん,N1,"{""N1"": 1}","{""community-independent"": ""N1""}",wordmaster,community-independent,1,lexical,mind of ~,fully-absent,,,,,,,no,SINGLE_SOURCE,no,no,no,,no,,,,MANUAL_VERIFY_SOURCE,P4,Exact written-form + reading was not resolved in the JMdict common/JLPT subset; verify source spelling and lexical status before adding.
～嬢,～じょう,N1,"{""N1"": 1}","{""community-independent"": ""N1""}",wordmaster,community-independent,1,lexical,young woman,fully-absent,,,,,,,no,SINGLE_SOURCE,no,no,no,,no,,,,MANUAL_VERIFY_SOURCE,P4,Exact written-form + reading was not resolved in the JMdict common/JLPT subset; verify source spelling and lexical status before adding.
～著,～ちょ,N1,"{""N1"": 1}","{""community-independent"": ""N1""}",wordmaster,community-independent,1,lexical,written by ~,fully-absent,,,,,,,no,SINGLE_SOURCE,no,no,no,,no,,,,MANUAL_VERIFY_SOURCE,P4,Exact written-form + reading was not resolved in the JMdict common/JLPT subset; verify source spelling and lexical status before adding.
～どころか,～どころか,N1,"{""N1"": 1}","{""community-independent"": ""N1""}",wordmaster,community-independent,1,lexical,"rather, far from",fully-absent,,,,,,,no,SINGLE_SOURCE,no,no,no,,no,,,,MANUAL_VERIFY_SOURCE,P4,Exact written-form + reading was not resolved in the JMdict common/JLPT subset; verify source spelling and lexical status before adding.
～なんか,～なんか,N1,"{""N1"": 1}","{""community-independent"": ""N1""}",wordmaster,community-independent,1,lexical,in the least ~,fully-absent,,,,,,,no,SINGLE_SOURCE,no,no,no,,no,,,,MANUAL_VERIFY_SOURCE,P4,Exact written-form + reading was not resolved in the JMdict common/JLPT subset; verify source spelling and lexical status before adding.
～派,～は,N1,"{""N1"": 1}","{""community-independent"": ""N1""}",wordmaster,community-independent,1,lexical,"group, party, section (mil)",fully-absent,,,,,,,no,SINGLE_SOURCE,no,no,no,,no,,,,MANUAL_VERIFY_SOURCE,P4,Exact written-form + reading was not resolved in the JMdict common/JLPT subset; verify source spelling and lexical status before adding.
～まみれ,～まみれ,N1,"{""N1"": 1}","{""community-independent"": ""N1""}",wordmaster,community-independent,1,lexical,"covered with (by, in) ~",fully-absent,,,,,,,no,SINGLE_SOURCE,no,no,no,,no,,,,MANUAL_VERIFY_SOURCE,P4,Exact written-form + reading was not resolved in the JMdict common/JLPT subset; verify source spelling and lexical status before adding.
～味,～み,N1,"{""N1"": 1}","{""community-independent"": ""N1""}",wordmaster,community-independent,1,lexical,~ cast (sense of taste),fully-absent,,,,,,,no,SINGLE_SOURCE,no,no,no,,no,,,,MANUAL_VERIFY_SOURCE,P4,Exact written-form + reading was not resolved in the JMdict common/JLPT subset; verify source spelling and lexical status before adding.
～網,～もう,N1,"{""N1"": 1}","{""community-independent"": ""N1""}",wordmaster,community-independent,1,lexical,~ network,fully-absent,,,,,,,no,SINGLE_SOURCE,no,no,no,,no,,,,MANUAL_VERIFY_SOURCE,P4,Exact written-form + reading was not resolved in the JMdict common/JLPT subset; verify source spelling and lexical status before adding.
～薬,～やく,N1,"{""N1"": 1}","{""community-independent"": ""N1""}",wordmaster,community-independent,1,lexical,medicine,fully-absent,,,,,,,no,SINGLE_SOURCE,no,no,no,,no,,,,MANUAL_VERIFY_SOURCE,P4,Exact written-form + reading was not resolved in the JMdict common/JLPT subset; verify source spelling and lexical status before adding.
～油,～ゆ,N1,"{""N1"": 1}","{""community-independent"": ""N1""}",wordmaster,community-independent,1,lexical,~ oil,fully-absent,,,,,,,no,SINGLE_SOURCE,no,no,no,,no,,,,MANUAL_VERIFY_SOURCE,P4,Exact written-form + reading was not resolved in the JMdict common/JLPT subset; verify source spelling and lexical status before adding.
～寄り,～より,N1,"{""N1"": 1}","{""community-independent"": ""N1""}",wordmaster,community-independent,1,lexical,"near to ~ (e.g., North by East)",fully-absent,,,,,,,no,SINGLE_SOURCE,no,no,no,,no,,,,MANUAL_VERIFY_SOURCE,P4,Exact written-form + reading was not resolved in the JMdict common/JLPT subset; verify source spelling and lexical status before adding.
～割,～わり,N1,"{""N1"": 1}","{""community-independent"": ""N1""}",wordmaster,community-independent,1,lexical,~ percent,fully-absent,,,,,,,no,SINGLE_SOURCE,no,no,no,,no,,,,MANUAL_VERIFY_SOURCE,P4,Exact written-form + reading was not resolved in the JMdict common/JLPT subset; verify source spelling and lexical status before adding.
～増し,～増し,N1,"{""N1"": 1}","{""community-independent"": ""N1""}",wordmaster,community-independent,1,lexical,~increase,fully-absent,,,,,,,no,SINGLE_SOURCE,no,no,no,,no,,,,MANUAL_VERIFY_SOURCE,P4,Exact written-form + reading was not resolved in the JMdict common/JLPT subset; verify source spelling and lexical status before adding.
嗚呼,ああ,N1,"{""N1"": 1}","{""waller-derived"": ""N1""}",openjlpt|waller,waller-derived,1,lexical,Ah!; Oh!; Alas!,same-reading-different-writing|same-jmdict-entry,ああ,,ああ,ああ,N5,あ〜|あ〜あ|あ〜っ|あぁ|ああ|ああぁ|ああっ|ああー|あー|あーっ|アァ|アア|アー|吁|嗚呼|嗟|嗟乎|噫|於乎|於戯,yes,SINGLE_SOURCE,yes,no,yes,N1,no,"in exasperation | occ. written as 嗚呼, 噫 or 嗟 | sK:search-only kanji form | sk:search-only kana form",int:interjection (kandoushi),ah!; oh!; alas!; yes; indeed; that is correct,LOW_PRIORITY_ARCHAIC,P4,Exact form exists but carries archaic/obsolete/historical metadata; keep only if advanced/historical coverage is desired.
愛憎,あいにく,N1,"{""N1"": 1}","{""waller-derived"": ""N1""}",openjlpt,waller-derived,1,lexical,likes and dislikes,same-reading-different-writing|same-writing-different-reading,あいにく|生憎,あいぞう,,,,,no,SINGLE_SOURCE,no,no,no,,no,,,,MANUAL_VERIFY_SOURCE,P4,Exact written-form + reading was not resolved in the JMdict common/JLPT subset; verify source spelling and lexical status before adding.
敢えて,あえて,N1,"{""N1"": 2}","{""community-independent"": ""N1"", ""waller-derived"": ""N1""}",openjlpt|waller|wordmaster,community-independent|waller-derived,2,lexical,dare (to do); challenge (to do),same-reading-different-writing|same-jmdict-entry,あえて,,あえて,あえて,N2,あえて|敢えて|敢て,yes,HIGH,yes,yes,yes,N1,no,arch:archaic | uk:word usually written using kana alone | used with neg. verb,adv:adverb (fukushi),"purposely (of something needless, unexpected or seemingly counterproductive, etc.); daringly (doing something); deliberately; intentionally; not necessarily; not particularly",LOW_PRIORITY_ARCHAIC,P4,Exact form exists but carries archaic/obsolete/historical metadata; keep only if advanced/historical coverage is desired.
明白,あからさま,N1,"{""N1"": 1}","{""waller-derived"": ""N1""}",openjlpt|waller,waller-derived,1,lexical,obvious; overt; plainly,same-reading-different-writing|same-writing-different-reading|same-jmdict-entry,あからさま,めいはく,あからさま,あからさま,N1,あからさま|偸閑|明白|白地,yes,SINGLE_SOURCE,yes,no,no,N1,no,ateji:ateji (phonetic) reading | rK:rarely used kanji form | uk:word usually written using kana alone,adj-na:adjectival nouns or quasi-adjectives (keiyodoshi)|adj-no:nouns which may take the genitive case particle 'no',plain; frank; candid; open; direct; straightforward,LOW_PRIORITY_RARE_VARIANT,P4,"Exact form exists but is rare/dialectal/obscure; valid form, lower study priority."
商人,あきうど,N1,"{""N1"": 1}","{""waller-derived"": ""N1""}",openjlpt|waller,waller-derived,1,lexical,trader; shopkeeper; merchant,same-writing-different-reading|same-jmdict-entry,,しょうにん,商人,しょうにん,N1,あきうど|あきびと|あきゅうど|あきんど|しょうにん|商人,yes,SINGLE_SOURCE,yes,yes,no,N3,yes,ok:out-dated or obsolete kana usage,n:noun (common) (futsuumeishi),merchant; trader; tradesman; dealer; shopkeeper,LOW_PRIORITY_ARCHAIC,P4,Exact form exists but carries archaic/obsolete/historical metadata; keep only if advanced/historical coverage is desired.
空間,あきま,N1,"{""N1"": 1}","{""waller-derived"": ""N1""}",openjlpt|waller,waller-derived,1,lexical,vacancy; room for rent or lease,same-reading-different-writing|same-writing-different-reading|same-jmdict-entry,空き間,くうかん,空き間,あきま,N1,あきま|明き間|空き間|空間,yes,SINGLE_SOURCE,yes,no,no,N1,no,dated:dated term | io:irregular okurigana usage,n:noun (common) (futsuumeishi),vacancy; room for rent or lease; gap (between two objects); opening; space,LOW_PRIORITY_ARCHAIC,P4,Exact form exists but carries archaic/obsolete/historical metadata; keep only if advanced/historical coverage is desired.
灰,あく,N1,"{""N1"": 1}","{""waller-derived"": ""N1""}",openjlpt,waller-derived,1,lexical,puckery juice,same-reading-different-writing|same-writing-different-reading,悪|空く|開く,はい,,,,,no,SINGLE_SOURCE,no,no,no,,no,,,,MANUAL_VERIFY_SOURCE,P4,Exact written-form + reading was not resolved in the JMdict common/JLPT subset; verify source spelling and lexical status before adding.
あせる (こえが～),あせる (こえが～),N1,"{""N1"": 1}","{""community-independent"": ""N1""}",wordmaster,community-independent,1,lexical,褪色,fully-absent,,,,,,,no,SINGLE_SOURCE,no,no,no,,no,,,,MANUAL_VERIFY_SOURCE,P4,Exact written-form + reading was not resolved in the JMdict common/JLPT subset; verify source spelling and lexical status before adding.
彼処,あそこ,N1,"{""N1"": 1}","{""waller-derived"": ""N1""}",openjlpt|waller,waller-derived,1,lexical,1.  (uk) there; over there; that place,same-reading-different-writing|same-jmdict-entry,あそこ,,あそこ,あそこ,N5,あこ|あしこ|あすこ|あそこ|かしこ|アソコ|彼処|彼所,yes,SINGLE_SOURCE,yes,no,yes,N5,yes,col:colloquial | euph:euphemistic | place physically distant from both speaker and listener | rK:rarely used kanji form | something psychologically distant from both speaker and listener | uk:word usually written using kana alone,n:noun (common) (futsuumeishi)|pn:pronoun,there; over there; that place; yonder; you-know-where; genitals,LOW_PRIORITY_RARE_VARIANT,P4,"Exact form exists but is rare/dialectal/obscure; valid form, lower study priority."
他人,あだびと,N1,"{""N1"": 1}","{""waller-derived"": ""N1""}",openjlpt|waller,waller-derived,1,lexical,another person; unrelated person; outsider,same-writing-different-reading|same-jmdict-entry,,たにん,他人,たにん,N4,あだびと|たにん|ひと|他人,yes,SINGLE_SOURCE,yes,yes,no,N3,yes,ok:out-dated or obsolete kana usage,n:noun (common) (futsuumeishi),another person; other people; others; unrelated person (i.e. not related by blood); outsider; stranger,LOW_PRIORITY_ARCHAIC,P4,Exact form exists but carries archaic/obsolete/historical metadata; keep only if advanced/historical coverage is desired.
彼方此方,あちこち,N1,"{""N1"": 1}","{""waller-derived"": ""N1""}",openjlpt|waller,waller-derived,1,lexical,here and there,same-reading-different-writing|same-jmdict-entry,あちこち,,あちこち|あちらこちら|あっちこっち,あちこち|あちらこちら|あっちこっち,N3,あちこち|あちらこちら|あっちこっち|アチコチ|彼方此方,yes,SINGLE_SOURCE,yes,no,yes,N3,yes,rK:rarely used kanji form | uk:word usually written using kana alone,adj-na:adjectival nouns or quasi-adjectives (keiyodoshi)|adv:adverb (fukushi)|n:noun (common) (futsuumeishi)|pn:pronoun|vi:intransitive verb|vs:noun or participle which takes the aux. verb suru,here and there; various places; all around; all over; everywhere; throughout,LOW_PRIORITY_RARE_VARIANT,P4,"Exact form exists but is rare/dialectal/obscure; valid form, lower study priority."
彼方,あちら,N1,"{""N1"": 1}","{""waller-derived"": ""N1""}",openjlpt|waller,waller-derived,1,lexical,1.  there; yonder; that,same-reading-different-writing|same-writing-different-reading|same-jmdict-entry,あちら,かなた,あちら|あっち,あちら|あっち,N5,あち|あちら|あっち|彼方,yes,SINGLE_SOURCE,yes,no,yes,N5,yes,"direction distant from both speaker and listener | place distant from both speaker and listener | rK:rarely used kanji form | someone physically distant from both speaker and listener, or someone not present but known by both speaker and listener. あちら is polite | something physically distant from both speaker and listener, or something not visible but known by both speaker and listener | uk:word usually written using kana alone",pn:pronoun,that way; that direction; over there; yonder; that (one); that person,LOW_PRIORITY_RARE_VARIANT,P4,"Exact form exists but is rare/dialectal/obscure; valid form, lower study priority."
彼方此方,あちらこちら,N1,"{""N1"": 1}","{""waller-derived"": ""N1""}",waller,waller-derived,1,lexical,here and there,same-reading-different-writing|same-jmdict-entry,あちらこちら,,あちこち|あちらこちら|あっちこっち,あちこち|あちらこちら|あっちこっち,N3,あちこち|あちらこちら|あっちこっち|アチコチ|彼方此方,yes,SINGLE_SOURCE,yes,no,yes,N3,yes,rK:rarely used kanji form | uk:word usually written using kana alone,adj-na:adjectival nouns or quasi-adjectives (keiyodoshi)|adv:adverb (fukushi)|n:noun (common) (futsuumeishi)|pn:pronoun|vi:intransitive verb|vs:noun or participle which takes the aux. verb suru,here and there; various places; all around; all over; everywhere; throughout,LOW_PRIORITY_RARE_VARIANT,P4,"Exact form exists but is rare/dialectal/obscure; valid form, lower study priority."
悪口,あっこう,N1,"{""N1"": 1}","{""waller-derived"": ""N1""}",openjlpt|waller,waller-derived,1,lexical,abuse; insult; slander,same-writing-different-reading,,わるくち|わるぐち,,,,,yes,SINGLE_SOURCE,yes,yes,yes,N1,no,dated:dated term,n:noun (common) (futsuumeishi)|vi:intransitive verb|vs:noun or participle which takes the aux. verb suru,(verbal) abuse; name-calling; abusive language; insulting remarks,LOW_PRIORITY_ARCHAIC,P4,Exact form exists but carries archaic/obsolete/historical metadata; keep only if advanced/historical coverage is desired.
宛,あて,N1,"{""N1"": 1}","{""waller-derived"": ""N1""}",openjlpt|waller,waller-derived,1,lexical,addressed to,same-reading-different-writing|same-jmdict-entry,当て,,当て,あて,N1,あて|宛|宛て|当て,yes,SINGLE_SOURCE,yes,yes,yes,N1,no,also written as 充て | ksb:Kansai-ben | uk:word usually written using kana alone,"n-pref:noun, used as a prefix|n-suf:noun, used as a suffix|n:noun (common) (futsuumeishi)|suf:suffix",aim; object; purpose; end; expectations; prospects,LOW_PRIORITY_RARE_VARIANT,P4,"Exact form exists but is rare/dialectal/obscure; valid form, lower study priority."
彼の,あの,N1,"{""N1"": 1}","{""waller-derived"": ""N1""}",openjlpt|waller,waller-derived,1,lexical,that over there,same-reading-different-writing|same-jmdict-entry,あの,,あの,あの,N5,あの|あん|彼の,yes,SINGLE_SOURCE,yes,no,yes,N1,no,"rK:rarely used kanji form | someone or something distant from both speaker and listener, or situation unfamiliar to both speaker and listener | uk:word usually written using kana alone",adj-pn:pre-noun adjectival (rentaishi),that; those; the,LOW_PRIORITY_RARE_VARIANT,P4,"Exact form exists but is rare/dialectal/obscure; valid form, lower study priority."
天,あまつ,N1,"{""N1"": 1}","{""waller-derived"": ""N1""}",openjlpt,waller-derived,1,lexical,heavenly; imperial,same-writing-different-reading,,てん,,,,,no,SINGLE_SOURCE,no,no,no,,no,,,,MANUAL_VERIFY_SOURCE,P4,Exact written-form + reading was not resolved in the JMdict common/JLPT subset; verify source spelling and lexical status before adding.
天津,あまつ,N1,"{""N1"": 1}","{""waller-derived"": ""N1""}",waller,waller-derived,1,lexical,"heavenly, imperial",same-writing-different-reading,,てんしん,,,,,yes,SINGLE_SOURCE,yes,no,no,N1,no,arch:archaic | ateji:ateji (phonetic) reading,adj-f:noun or verb acting prenominally,heavenly; imperial,LOW_PRIORITY_ARCHAIC,P4,Exact form exists but carries archaic/obsolete/historical metadata; keep only if advanced/historical coverage is desired.
凡ゆる,あらゆる,N1,"{""N1"": 1}","{""waller-derived"": ""N1""}",openjlpt|waller,waller-derived,1,lexical,all; every,same-reading-different-writing|same-jmdict-entry,あらゆる,,あらゆる,あらゆる,N3,あらゆる|凡ゆる|有らゆる|汎ゆる,yes,SINGLE_SOURCE,yes,no,yes,N3,yes,rK:rarely used kanji form | uk:word usually written using kana alone,adj-pn:pre-noun adjectival (rentaishi),all; every,LOW_PRIORITY_RARE_VARIANT,P4,"Exact form exists but is rare/dialectal/obscure; valid form, lower study priority."
有りのまま,ありのまま,N1,"{""N1"": 1}","{""waller-derived"": ""N1""}",openjlpt|waller,waller-derived,1,lexical,the truth; fact; as it is,same-reading-different-writing|same-jmdict-entry,ありのまま,,ありのまま,ありのまま,N2,ありのまま|在りのまま|在りの儘|有りのまま|有りの侭|有りの儘,yes,SINGLE_SOURCE,yes,no,yes,N1,no,rK:rarely used kanji form | uk:word usually written using kana alone,adj-no:nouns which may take the genitive case particle 'no'|adv:adverb (fukushi)|n:noun (common) (futsuumeishi),as it is; plain (truth); bare; undisguised; unvarnished; unexaggerated,LOW_PRIORITY_RARE_VARIANT,P4,"Exact form exists but is rare/dialectal/obscure; valid form, lower study priority."
亜爾加里,アルカリ,N1,"{""N1"": 1}","{""waller-derived"": ""N1""}",waller,waller-derived,1,lexical,alkali,same-reading-different-writing|same-jmdict-entry,アルカリ,,アルカリ,アルカリ,N1,アルカリ|亜爾加里,yes,SINGLE_SOURCE,yes,no,yes,N1,no,ateji:ateji (phonetic) reading | rK:rarely used kanji form | uk:word usually written using kana alone,n:noun (common) (futsuumeishi),alkali,LOW_PRIORITY_RARE_VARIANT,P4,"Exact form exists but is rare/dialectal/obscure; valid form, lower study priority."
彼此,あれこれ,N1,"{""N1"": 1}","{""waller-derived"": ""N1""}",openjlpt|waller,waller-derived,1,lexical,one thing or another; this and that; this or that,same-reading-different-writing|same-jmdict-entry,あれこれ,,あれこれ|かれこれ,あれこれ|かれこれ,N1|N3,あれこれ|かれこれ|ひし|アレコレ|彼是|彼此,yes,SINGLE_SOURCE,yes,no,yes,N2,yes,rK:rarely used kanji form | uk:word usually written using kana alone,adv:adverb (fukushi)|pn:pronoun,this and that; this or that; one thing or another; this way and that; around; about,LOW_PRIORITY_RARE_VARIANT,P4,"Exact form exists but is rare/dialectal/obscure; valid form, lower study priority."
依,い,N1,"{""N1"": 1}","{""waller-derived"": ""N1""}",openjlpt|waller,waller-derived,1,lexical,depending on,same-reading-different-writing,亥|伊|位|胃,,,,,,no,SINGLE_SOURCE,no,no,no,,no,,,,MANUAL_VERIFY_SOURCE,P4,Exact written-form + reading was not resolved in the JMdict common/JLPT subset; verify source spelling and lexical status before adding.
伊井,いい,N1,"{""N1"": 1}","{""waller-derived"": ""N1""}",openjlpt,waller-derived,1,lexical,that one; Italy,same-reading-different-writing,いい,,,,,,no,SINGLE_SOURCE,no,no,no,,no,,,,MANUAL_VERIFY_SOURCE,P4,Exact written-form + reading was not resolved in the JMdict common/JLPT subset; verify source spelling and lexical status before adding.
良い,いい,N1,"{""N1"": 1}","{""waller-derived"": ""N1""}",openjlpt,waller-derived,1,lexical,good,same-reading-different-writing|same-writing-different-reading,いい,よい,,,,,no,SINGLE_SOURCE,no,no,no,,no,,,,MANUAL_VERIFY_SOURCE,P4,Exact written-form + reading was not resolved in the JMdict common/JLPT subset; verify source spelling and lexical status before adding.
否,いいえ,N1,"{""N1"": 1}","{""waller-derived"": ""N1""}",openjlpt,waller-derived,1,lexical,no; nay; yes,same-reading-different-writing|same-writing-different-reading,いいえ,いや,,,,,no,SINGLE_SOURCE,no,no,no,,no,,,,MANUAL_VERIFY_SOURCE,P4,Exact written-form + reading was not resolved in the JMdict common/JLPT subset; verify source spelling and lexical status before adding.
イェス,イェス,N1,"{""N1"": 1}","{""community-independent"": ""N1""}",wordmaster,community-independent,1,kana/loanword,是；耶稣,fully-absent,,,,,,,no,SINGLE_SOURCE,no,no,no,,no,,,,MANUAL_VERIFY_SOURCE,P4,Exact written-form + reading was not resolved in the JMdict common/JLPT subset; verify source spelling and lexical status before adding.
雷,いかずち,N1,"{""N1"": 1}","{""waller-derived"": ""N1""}",openjlpt|waller,waller-derived,1,lexical,thunder,same-writing-different-reading,,かみなり,,,,,no,SINGLE_SOURCE,no,no,no,,no,,,,MANUAL_VERIFY_SOURCE,P4,Exact written-form + reading was not resolved in the JMdict common/JLPT subset; verify source spelling and lexical status before adding.
行き成り,いきなり,N1,"{""N1"": 1}","{""waller-derived"": ""N1""}",openjlpt|waller,waller-derived,1,lexical,suddenly,same-reading-different-writing|same-jmdict-entry,いきなり,,いきなり,いきなり,N2,いきなり|いっきなり|ゆきなり|行きなり|行き成|行き成り|行成|行成り,yes,SINGLE_SOURCE,yes,no,yes,N2,yes,rK:rarely used kanji form | uk:word usually written using kana alone,adj-no:nouns which may take the genitive case particle 'no'|adv:adverb (fukushi),abruptly; suddenly; all of a sudden; without warning,LOW_PRIORITY_RARE_VARIANT,P4,"Exact form exists but is rare/dialectal/obscure; valid form, lower study priority."
軍,いくさ,N1,"{""N1"": 1}","{""waller-derived"": ""N1""}",openjlpt|waller,waller-derived,1,lexical,war; battle; campaign,same-reading-different-writing|same-writing-different-reading|same-jmdict-entry,戦,ぐん,戦,いくさ,N1,いくさ|兵|戦|軍,yes,SINGLE_SOURCE,yes,no,yes,N1,no,arch:archaic,n:noun (common) (futsuumeishi),war; battle; campaign; fight; troops; forces,LOW_PRIORITY_ARCHAIC,P4,Exact form exists but carries archaic/obsolete/historical metadata; keep only if advanced/historical coverage is desired.
位地,いち,N1,"{""N1"": 1}","{""waller-derived"": ""N1""}",openjlpt|waller,waller-derived,1,lexical,place; situation; position,same-reading-different-writing|same-jmdict-entry,一|位置|市,,位置,いち,N4,いち|位地|位置,yes,SINGLE_SOURCE,yes,no,yes,N3,yes,rK:rarely used kanji form,n:noun (common) (futsuumeishi)|vi:intransitive verb|vs:noun or participle which takes the aux. verb suru,place; position; location; standing; status,LOW_PRIORITY_RARE_VARIANT,P4,"Exact form exists but is rare/dialectal/obscure; valid form, lower study priority."
一定,いちじょう,N1,"{""N1"": 1}","{""waller-derived"": ""N1""}",openjlpt|waller,waller-derived,1,lexical,fixed; settled; definite,same-reading-different-writing|same-writing-different-reading,一条,いってい,,,,,yes,SINGLE_SOURCE,yes,no,no,N1,no,arch:archaic | dated:dated term,adj-nari:archaic/formal form of na-adjective|adv:adverb (fukushi)|n:noun (common) (futsuumeishi),veritably; verily; to be sure; certainly; certain; inevitable,LOW_PRIORITY_ARCHAIC,P4,Exact form exists but carries archaic/obsolete/historical metadata; keep only if advanced/historical coverage is desired.
厭々,いやいや,N1,"{""N1"": 1}","{""waller-derived"": ""N1""}",openjlpt|waller,waller-derived,1,lexical,unwillingly; grudgingly; shaking head in refusal (to children),same-reading-different-writing|same-jmdict-entry,いやいや|否々|嫌々,,いやいや|嫌々,いやいや,N1|N2,いやいや|イヤイヤ|厭々|厭厭|嫌々|嫌嫌,yes,SINGLE_SOURCE,yes,no,no,N1,no,rK:rarely used kanji form | uk:word usually written using kana alone | usu. as 〜(を)する,adv:adverb (fukushi)|n:noun (common) (futsuumeishi),unwillingly; reluctantly; grudgingly; shaking one's head in refusal (like a child),LOW_PRIORITY_RARE_VARIANT,P4,"Exact form exists but is rare/dialectal/obscure; valid form, lower study priority."
厭やらしい,いやらしい,N1,"{""N1"": 1}","{""waller-derived"": ""N1""}",openjlpt,waller-derived,1,lexical,detestable; disagreeable,same-reading-different-writing,嫌らしい,,,,,,no,SINGLE_SOURCE,no,no,no,,no,,,,MANUAL_VERIFY_SOURCE,P4,Exact written-form + reading was not resolved in the JMdict common/JLPT subset; verify source spelling and lexical status before adding.
愈々,いよいよ,N1,"{""N1"": 1}","{""waller-derived"": ""N1""}",openjlpt|waller,waller-derived,1,lexical,more and more; all the more; increasingly,same-reading-different-writing|same-jmdict-entry,いよいよ,,いよいよ,いよいよ,N2,いよいよ|弥々|弥弥|愈|愈々|愈愈,yes,SINGLE_SOURCE,yes,no,yes,N2,yes,rK:rarely used kanji form | uk:word usually written using kana alone,adv:adverb (fukushi),more and more; all the more; increasingly; at last; finally; beyond doubt,LOW_PRIORITY_RARE_VARIANT,P4,"Exact form exists but is rare/dialectal/obscure; valid form, lower study priority."
潮,うしお,N1,"{""N1"": 1}","{""waller-derived"": ""N1""}",openjlpt|waller,waller-derived,1,lexical,tide,same-writing-different-reading,,しお,,,,,no,SINGLE_SOURCE,no,no,no,,no,,,,MANUAL_VERIFY_SOURCE,P4,Exact written-form + reading was not resolved in the JMdict common/JLPT subset; verify source spelling and lexical status before adding.
うたた寝,うたたね,N1,"{""N1"": 1}","{""community-independent"": ""N1""}",wordmaster,community-independent,1,lexical,"dozing, napping",same-reading-different-writing,転寝,,,,,,no,SINGLE_SOURCE,no,no,no,,no,,,,MANUAL_VERIFY_SOURCE,P4,Exact written-form + reading was not resolved in the JMdict common/JLPT subset; verify source spelling and lexical status before adding.
饂飩,うどん,N1,"{""N1"": 1}","{""waller-derived"": ""N1""}",openjlpt|waller,waller-derived,1,lexical,noodles (Japanese),same-reading-different-writing|same-jmdict-entry,うどん,,うどん,うどん,N2,うどん|うんどん|饂飩,yes,SINGLE_SOURCE,yes,no,yes,N2,yes,rK:rarely used kanji form | uk:word usually written using kana alone,n:noun (common) (futsuumeishi),udon; thick Japanese wheat noodles,LOW_PRIORITY_RARE_VARIANT,P4,"Exact form exists but is rare/dialectal/obscure; valid form, lower study priority."
末,うら,N1,"{""N1"": 1}","{""waller-derived"": ""N1""}",openjlpt|waller,waller-derived,1,lexical,top end; tip,same-reading-different-writing|same-writing-different-reading,裏,すえ|まつ,,,,,yes,SINGLE_SOURCE,yes,no,no,N1,no,arch:archaic,n:noun (common) (futsuumeishi),top end; tip,LOW_PRIORITY_ARCHAIC,P4,Exact form exists but carries archaic/obsolete/historical metadata; keep only if advanced/historical coverage is desired.
五月蝿い,うるさい,N1,"{""N1"": 1}","{""waller-derived"": ""N1""}",openjlpt|waller,waller-derived,1,lexical,noisy; loud; fussy,same-reading-different-writing|same-jmdict-entry,うるさい|煩い,,うるさい|煩い,うるさい,N5,うるさい|ウルサイ|五月蝿い|五月蠅い|煩い|煩さい,yes,SINGLE_SOURCE,yes,no,yes,N5,yes,ateji:ateji (phonetic) reading | sk:search-only kana form | uk:word usually written using kana alone,adj-i:adjective (keiyoushi)|int:interjection (kandoushi),noisy; loud; annoying; troublesome; tiresome; persistent,LOW_PRIORITY_ARCHAIC,P4,Exact form exists but carries archaic/obsolete/historical metadata; keep only if advanced/historical coverage is desired.
会,え,N1,"{""N1"": 1}","{""waller-derived"": ""N1""}",openjlpt|waller,waller-derived,1,lexical,understanding,same-reading-different-writing|same-writing-different-reading,柄|江|絵,かい,,,,,yes,SINGLE_SOURCE,yes,no,no,N1,no,arch:archaic,n:noun (common) (futsuumeishi),"gathering (esp. Buddhist, festive, etc.)",LOW_PRIORITY_ARCHAIC,P4,Exact form exists but carries archaic/obsolete/historical metadata; keep only if advanced/historical coverage is desired.
於,お,N1,"{""N1"": 1}","{""waller-derived"": ""N1""}",openjlpt|waller,waller-derived,1,lexical,at; in; on,same-reading-different-writing,尾,,,,,,no,SINGLE_SOURCE,no,no,no,,no,,,,MANUAL_VERIFY_SOURCE,P4,Exact written-form + reading was not resolved in the JMdict common/JLPT subset; verify source spelling and lexical status before adding.
おおい (かん),おおい (かん),N1,"{""N1"": 1}","{""community-independent"": ""N1""}",wordmaster,community-independent,1,lexical,hey,fully-absent,,,,,,,no,SINGLE_SOURCE,no,no,no,,no,,,,MANUAL_VERIFY_SOURCE,P4,Exact written-form + reading was not resolved in the JMdict common/JLPT subset; verify source spelling and lexical status before adding.
おおまかな,おおまかな,N1,"{""N1"": 1}","{""community-independent"": ""N1""}",wordmaster,community-independent,1,kana/loanword,粗略的,fully-absent,,,,,,,no,SINGLE_SOURCE,no,no,no,,no,,,,MANUAL_VERIFY_SOURCE,P4,Exact written-form + reading was not resolved in the JMdict common/JLPT subset; verify source spelling and lexical status before adding.
お蔭,おかげ,N1,"{""N1"": 1}","{""waller-derived"": ""N1""}",openjlpt|waller,waller-derived,1,lexical,(your) backing; assistance,same-reading-different-writing|same-jmdict-entry,おかげ|お陰,,おかげ|お陰,おかげ,N3|N4,おかげ|お蔭|お陰|御蔭|御陰,yes,SINGLE_SOURCE,yes,no,no,N4,yes,rK:rarely used kanji form | uk:word usually written using kana alone,n:noun (common) (futsuumeishi),grace (of God); benevolence (of Buddha); blessing; assistance; help; aid,LOW_PRIORITY_RARE_VARIANT,P4,"Exact form exists but is rare/dialectal/obscure; valid form, lower study priority."
お菜,おかず,N1,"{""N1"": 1}","{""waller-derived"": ""N1""}",openjlpt|waller,waller-derived,1,lexical,side dish; accompaniment for rice dishes,same-reading-different-writing|same-jmdict-entry,おかず,,おかず,おかず,N2,おかず|お数|お菜|オカズ|御数|御菜,yes,SINGLE_SOURCE,yes,no,yes,N2,yes,col:colloquial | oft. as オカズ | rK:rarely used kanji form | sk:search-only kana form | sl:slang | uk:word usually written using kana alone | vulg:vulgar expression or word,n:noun (common) (futsuumeishi),small dish (usu. one of several accompanying rice); side dish; fill; fill-in (drumming); jack-off material; something to masturbate to,LOW_PRIORITY_ARCHAIC,P4,Exact form exists but carries archaic/obsolete/historical metadata; keep only if advanced/historical coverage is desired.
傲る,おごる,N1,"{""N1"": 1}","{""waller-derived"": ""N1""}",openjlpt|waller,waller-derived,1,lexical,to be proud,same-reading-different-writing|same-jmdict-entry,おごる|奢る|驕る,,おごる|驕る,おごる,N1|N2,おごる|傲る|驕る,yes,SINGLE_SOURCE,yes,no,yes,N1,no,rK:rarely used kanji form | uk:word usually written using kana alone,v5r:Godan verb with 'ru' ending|vi:intransitive verb,to be proud; to be haughty; to be arrogant; to be conceited; to brag; to show off,LOW_PRIORITY_RARE_VARIANT,P4,"Exact form exists but is rare/dialectal/obscure; valid form, lower study priority."
おごる (ゆうしょくを～),おごる (ゆうしょくを～),N1,"{""N1"": 1}","{""community-independent"": ""N1""}",wordmaster,community-independent,1,lexical,请客（晚餐）,fully-absent,,,,,,,no,SINGLE_SOURCE,no,no,no,,no,,,,MANUAL_VERIFY_SOURCE,P4,Exact written-form + reading was not resolved in the JMdict common/JLPT subset; verify source spelling and lexical status before adding.
長,おさ,N1,"{""N1"": 1}","{""waller-derived"": ""N1""}",openjlpt|waller,waller-derived,1,lexical,chief; head,same-writing-different-reading,,ちょう|なが,,,,,yes,SINGLE_SOURCE,yes,no,no,N1,no,dated:dated term,n:noun (common) (futsuumeishi),head; chief; leader; the greatest (of all the ...),LOW_PRIORITY_ARCHAIC,P4,Exact form exists but carries archaic/obsolete/historical metadata; keep only if advanced/historical coverage is desired.
御世辞,おせじ,N1,"{""N1"": 1}","{""community-independent"": ""N1""}",wordmaster,community-independent,1,lexical,"flattery, compliment",same-reading-different-writing|same-jmdict-entry,お世辞,,お世辞,おせじ,N1,おせじ|お世辞|御世辞,yes,SINGLE_SOURCE,yes,no,yes,N1,no,sK:search-only kanji form,n:noun (common) (futsuumeishi),flattery; compliment,LOW_PRIORITY_ARCHAIC,P4,Exact form exists but carries archaic/obsolete/historical metadata; keep only if advanced/historical coverage is desired.
仰っしゃる,おっしゃる,N1,"{""N1"": 1}","{""waller-derived"": ""N1""}",openjlpt|waller,waller-derived,1,lexical,to say; to speak; to tell,same-reading-different-writing|same-jmdict-entry,おっしゃる,,おっしゃる,おっしゃる,N3,おっしゃる|仰しゃる|仰っしゃる|仰る|仰有る,yes,SINGLE_SOURCE,yes,no,yes,N4,yes,as ...とおっしゃる after a person's name | hon:honorific or respectful (sonkeigo) language | sK:search-only kanji form | uk:word usually written using kana alone,v5aru:Godan verb - -aru special class|vt:transitive verb,to say; to speak; to tell; to be called,LOW_PRIORITY_ARCHAIC,P4,Exact form exists but carries archaic/obsolete/historical metadata; keep only if advanced/historical coverage is desired.
御手洗い,おてあらい,N1,"{""N1"": 1}","{""waller-derived"": ""N1""}",openjlpt|waller,waller-derived,1,lexical,toilet; restroom; lavatory,same-reading-different-writing|same-jmdict-entry,お手洗い,,お手洗い,おてあらい,N5,おてあらい|お手洗い|御手洗|御手洗い,yes,SINGLE_SOURCE,yes,no,yes,N5,yes,sK:search-only kanji form,n:noun (common) (futsuumeishi),toilet; restroom; lavatory; bathroom,LOW_PRIORITY_ARCHAIC,P4,Exact form exists but carries archaic/obsolete/historical metadata; keep only if advanced/historical coverage is desired.
弟,おと,N1,"{""N1"": 1}","{""waller-derived"": ""N1""}",openjlpt|waller,waller-derived,1,lexical,younger brother,same-reading-different-writing|same-writing-different-reading,音,おとうと,,,,,yes,SINGLE_SOURCE,yes,no,no,N1,no,arch:archaic,n:noun (common) (futsuumeishi)|pref:prefix,younger brother (of an older brother); younger sister (of an older sister); youngest child; young; younger; youngest,LOW_PRIORITY_ARCHAIC,P4,Exact form exists but carries archaic/obsolete/historical metadata; keep only if advanced/historical coverage is desired.
女子,おなご,N1,"{""N1"": 1}","{""waller-derived"": ""N1""}",openjlpt|waller,waller-derived,1,lexical,woman; girl,same-writing-different-reading,,じょし,,,,,yes,SINGLE_SOURCE,yes,no,no,N1,no,dated:dated term,n:noun (common) (futsuumeishi),woman; girl,LOW_PRIORITY_ARCHAIC,P4,Exact form exists but carries archaic/obsolete/historical metadata; keep only if advanced/historical coverage is desired.
各,おのおの,N1,"{""N1"": 1}","{""waller-derived"": ""N1""}",openjlpt|waller,waller-derived,1,lexical,each; every; either,same-reading-different-writing|same-jmdict-entry,おのおの|各々,,おのおの|各々,おのおの,N1|N2,おのおの|各|各々|各各,yes,SINGLE_SOURCE,yes,no,yes,N2,yes,arch:archaic,adv:adverb (fukushi)|n:noun (common) (futsuumeishi)|pn:pronoun,each; you (plural),LOW_PRIORITY_ARCHAIC,P4,Exact form exists but carries archaic/obsolete/historical metadata; keep only if advanced/historical coverage is desired.
御負け,おまけ,N1,"{""N1"": 1}","{""waller-derived"": ""N1""}",openjlpt|waller,waller-derived,1,lexical,1.  a discount; a prize; 2.  something additional,same-reading-different-writing|same-jmdict-entry,おまけ,,おまけ,おまけ,N1,おまけ|お負け|御負け,yes,SINGLE_SOURCE,yes,no,yes,N1,no,rK:rarely used kanji form | uk:word usually written using kana alone,n:noun (common) (futsuumeishi)|vi:intransitive verb|vs:noun or participle which takes the aux. verb suru,something thrown in (with a purchase); something extra; free gift; freebie; giveaway; premium,LOW_PRIORITY_RARE_VARIANT,P4,"Exact form exists but is rare/dialectal/obscure; valid form, lower study priority."
お襁褓,おむつ,N1,"{""N1"": 1}","{""waller-derived"": ""N1""}",openjlpt|waller,waller-derived,1,lexical,diaper; nappy,same-reading-different-writing|same-jmdict-entry,おむつ,,おむつ,おむつ,N3,おむつ|お襁褓|オムツ|御襁褓,yes,SINGLE_SOURCE,yes,no,yes,N1,no,rK:rarely used kanji form | uk:word usually written using kana alone,n:noun (common) (futsuumeishi),diaper; nappy,LOW_PRIORITY_RARE_VARIANT,P4,"Exact form exists but is rare/dialectal/obscure; valid form, lower study priority."
重なる,おもなる,N1,"{""N1"": 1}","{""waller-derived"": ""N1""}",openjlpt|waller,waller-derived,1,lexical,main; principal; important,same-writing-different-reading,,かさなる,,,,,yes,SINGLE_SOURCE,yes,no,no,N1,no,form:formal or literary term | rK:rarely used kanji form,"adj-pn:pre-noun adjectival (rentaishi)|exp:expressions (phrases, clauses, etc.)",main; principal; chief; leading; important,LOW_PRIORITY_RARE_VARIANT,P4,"Exact form exists but is rare/dialectal/obscure; valid form, lower study priority."
重役,おもやく,N1,"{""N1"": 1}","{""waller-derived"": ""N1""}",openjlpt|waller,waller-derived,1,lexical,heavy responsibilities; director,same-writing-different-reading|same-jmdict-entry,,じゅうやく,重役,じゅうやく,N2,おもやく|じゅうやく|重役,yes,SINGLE_SOURCE,yes,yes,no,N2,yes,ok:out-dated or obsolete kana usage,n:noun (common) (futsuumeishi),(company) director; executive; top management; important post; role with heavy responsibilities,LOW_PRIORITY_ARCHAIC,P4,Exact form exists but carries archaic/obsolete/historical metadata; keep only if advanced/historical coverage is desired.
お八,おやつ,N1,"{""N1"": 1}","{""waller-derived"": ""N1""}",openjlpt,waller-derived,1,lexical,1.  (uk) between meal snack; afternoon refreshment; afternoon tea,same-reading-different-writing,おやつ,,,,,,no,SINGLE_SOURCE,no,no,no,,no,,,,MANUAL_VERIFY_SOURCE,P4,Exact written-form + reading was not resolved in the JMdict common/JLPT subset; verify source spelling and lexical status before adding.
お八つ,おやつ,N1,"{""N1"": 1}","{""waller-derived"": ""N1""}",waller,waller-derived,1,lexical,"1. (uk) between meal snack, afternoon refreshment, afternoon tea, 2. mid-day snack",same-reading-different-writing|same-jmdict-entry,おやつ,,おやつ,おやつ,N3,おやつ|お八つ|御八つ,yes,SINGLE_SOURCE,yes,no,yes,N2,yes,rK:rarely used kanji form | uk:word usually written using kana alone,n:noun (common) (futsuumeishi),between-meal snack; mid-afternoon (around 3 o'clock) snack; afternoon refreshment; afternoon tea,LOW_PRIORITY_RARE_VARIANT,P4,"Exact form exists but is rare/dialectal/obscure; valid form, lower study priority."
音色,おんいろ,N1,"{""N1"": 1}","{""waller-derived"": ""N1""}",openjlpt,waller-derived,1,lexical,tone color; tone quality; timbre,same-writing-different-reading,,ねいろ,,,,,no,SINGLE_SOURCE,no,no,no,,no,,,,MANUAL_VERIFY_SOURCE,P4,Exact written-form + reading was not resolved in the JMdict common/JLPT subset; verify source spelling and lexical status before adding.
ＯＫ,オーケー,N1,"{""N1"": 1}","{""waller-derived"": ""N1""}",waller,waller-derived,1,lexical,OK,same-reading-different-writing|same-jmdict-entry,オーケー,,オーケー,オーケー,N1,おっけ|おっけい|おっけー|おーけー|オッケ|オッケィ|オッケイ|オッケー|オーケイ|オーケー|ＯＫ,yes,SINGLE_SOURCE,yes,no,yes,N1,no,sk:search-only kana form,int:interjection (kandoushi)|n:noun (common) (futsuumeishi)|vi:intransitive verb|vs:noun or participle which takes the aux. verb suru|vt:transitive verb,OK; okay; fine (without); not needed; unnecessary; all right,LOW_PRIORITY_ARCHAIC,P4,Exact form exists but carries archaic/obsolete/historical metadata; keep only if advanced/historical coverage is desired.
仮,か,N1,"{""N1"": 1}","{""waller-derived"": ""N1""}",openjlpt|waller,waller-derived,1,lexical,tentative; provisional,same-reading-different-writing|same-writing-different-reading,可|科|箇|蚊|課,かり,,,,,no,SINGLE_SOURCE,no,no,no,,no,,,,MANUAL_VERIFY_SOURCE,P4,Exact written-form + reading was not resolved in the JMdict common/JLPT subset; verify source spelling and lexical status before adding.
個,か,N1,"{""N1"": 1}","{""waller-derived"": ""N1""}",openjlpt|waller,waller-derived,1,lexical,article counter,same-reading-different-writing|same-jmdict-entry,可|科|箇|蚊|課,,箇,か,N1,か|カ|ケ|ヶ|个|個|箇,yes,SINGLE_SOURCE,yes,no,no,N1,no,"precedes the thing being counted; e.g. ３か月, ５か所; also written as ヶ or ケ | rK:rarely used kanji form | uk:word usually written using kana alone",ctr:counter,counter used with Sino-Japanese words,LOW_PRIORITY_RARE_VARIANT,P4,"Exact form exists but is rare/dialectal/obscure; valid form, lower study priority."
かく (はじを),かく (はじを),N1,"{""N1"": 1}","{""community-independent"": ""N1""}",wordmaster,community-independent,1,lexical,to humiliate oneself,fully-absent,,,,,,,no,SINGLE_SOURCE,no,no,no,,no,,,,MANUAL_VERIFY_SOURCE,P4,Exact written-form + reading was not resolved in the JMdict common/JLPT subset; verify source spelling and lexical status before adding.
掛～,かけ～,N1,"{""N1"": 1}","{""community-independent"": ""N1""}",wordmaster,community-independent,1,lexical,credit,fully-absent,,,,,,,no,SINGLE_SOURCE,no,no,no,,no,,,,MANUAL_VERIFY_SOURCE,P4,Exact written-form + reading was not resolved in the JMdict common/JLPT subset; verify source spelling and lexical status before adding.
風車,かざぐるま,N1,"{""N1"": 1}","{""waller-derived"": ""N1""}",openjlpt|waller,waller-derived,1,lexical,1.  windmill; 2.  pinwheel,same-writing-different-reading|same-jmdict-entry,,ふうしゃ,風車,ふうしゃ,N1,かざぐるま|ふうしゃ|カザグルマ|風ぐるま|風車,yes,SINGLE_SOURCE,yes,no,no,N1,no,sk:search-only kana form | uk:word usually written using kana alone,n:noun (common) (futsuumeishi),windmill; wind turbine; pinwheel (toy); windmill (toy); Clematis patens (species of climbing plant),LOW_PRIORITY_ARCHAIC,P4,Exact form exists but carries archaic/obsolete/historical metadata; keep only if advanced/historical coverage is desired.
片～,かた～,N1,"{""N1"": 1}","{""community-independent"": ""N1""}",wordmaster,community-independent,1,lexical,single ~,fully-absent,,,,,,,no,SINGLE_SOURCE,no,no,no,,no,,,,MANUAL_VERIFY_SOURCE,P4,Exact written-form + reading was not resolved in the JMdict common/JLPT subset; verify source spelling and lexical status before adding.
傾く,かたぶく,N1,"{""N1"": 1}","{""waller-derived"": ""N1""}",openjlpt|waller,waller-derived,1,lexical,to incline toward; to slant; to lurch,same-writing-different-reading|same-jmdict-entry,,かたむく,傾く,かたむく,N2,かたぶく|かたむく|傾く,yes,SINGLE_SOURCE,yes,yes,no,N2,yes,ok:out-dated or obsolete kana usage,v5k:Godan verb with 'ku' ending|vi:intransitive verb,to incline toward; to slant; to lurch; to heel over; to be disposed to; to trend toward,LOW_PRIORITY_ARCHAIC,P4,Exact form exists but carries archaic/obsolete/historical metadata; keep only if advanced/historical coverage is desired.
割,かつ,N1,"{""N1"": 1}","{""waller-derived"": ""N1""}",openjlpt|waller,waller-derived,1,lexical,divide; cut; halve,same-reading-different-writing,カツ|且つ|勝つ,,,,,,no,SINGLE_SOURCE,no,no,no,,no,,,,MANUAL_VERIFY_SOURCE,P4,Exact written-form + reading was not resolved in the JMdict common/JLPT subset; verify source spelling and lexical status before adding.
嘗て,かつて,N1,"{""N1"": 1}","{""waller-derived"": ""N1""}",openjlpt|waller,waller-derived,1,lexical,once; ever,same-reading-different-writing|same-jmdict-entry,かつて,,かって|かつて,かって|かつて,N1|N2,かって|かつて|嘗て|曽て|曾て|都て,yes,SINGLE_SOURCE,yes,no,yes,N1,no,rK:rarely used kanji form | uk:word usually written using kana alone | used with neg. verb,adj-no:nouns which may take the genitive case particle 'no'|adv:adverb (fukushi),once; before; formerly; ever; former; ex-,LOW_PRIORITY_RARE_VARIANT,P4,"Exact form exists but is rare/dialectal/obscure; valid form, lower study priority."
日付,かづけ,N1,"{""N1"": 1}","{""waller-derived"": ""N1""}",openjlpt,waller-derived,1,lexical,date; dating,same-writing-different-reading,,ひづけ,,,,,no,SINGLE_SOURCE,no,no,no,,no,,,,MANUAL_VERIFY_SOURCE,P4,Exact written-form + reading was not resolved in the JMdict common/JLPT subset; verify source spelling and lexical status before adding.
門,かど,N1,"{""N1"": 1}","{""waller-derived"": ""N1""}",openjlpt|waller,waller-derived,1,lexical,gate,same-reading-different-writing|same-writing-different-reading,角|過度,もん,,,,,no,SINGLE_SOURCE,no,no,no,,no,,,,MANUAL_VERIFY_SOURCE,P4,Exact written-form + reading was not resolved in the JMdict common/JLPT subset; verify source spelling and lexical status before adding.
哉,かな,N1,"{""N1"": 1}","{""waller-derived"": ""N1""}",waller,waller-derived,1,lexical,question mark,same-reading-different-writing|same-jmdict-entry,かな|仮名,,かな,かな,N1,かな|哉,yes,SINGLE_SOURCE,yes,no,no,N1,no,arch:archaic | uk:word usually written using kana alone,prt:particle,how!; what!; alas!,LOW_PRIORITY_ARCHAIC,P4,Exact form exists but carries archaic/obsolete/historical metadata; keep only if advanced/historical coverage is desired.
鉄棒,かなぼう,N1,"{""N1"": 1}","{""waller-derived"": ""N1""}",openjlpt|waller,waller-derived,1,lexical,iron rod; crowbar; horizontal bar (gymnastics),same-reading-different-writing|same-writing-different-reading|same-jmdict-entry,金棒,てつぼう,金棒,かなぼう,N1,かなぼう|金棒|鉄棒,yes,SINGLE_SOURCE,yes,no,no,N1,no,rK:rarely used kanji form,n:noun (common) (futsuumeishi),metal rod; metal bar; iron rod; crowbar; iron club; iron staff with rings on top (traditionally used by night watchmen),LOW_PRIORITY_RARE_VARIANT,P4,"Exact form exists but is rare/dialectal/obscure; valid form, lower study priority."
可成,かなり,N1,"{""N1"": 1}","{""waller-derived"": ""N1""}",openjlpt|waller,waller-derived,1,lexical,considerably; fairly; quite,same-reading-different-writing|same-jmdict-entry,かなり,,かなり,かなり,N3,かなり|可なり|可也|可成|可成り,yes,SINGLE_SOURCE,yes,no,yes,N3,yes,sK:search-only kanji form | uk:word usually written using kana alone,adj-na:adjectival nouns or quasi-adjectives (keiyodoshi)|adj-no:nouns which may take the genitive case particle 'no'|adv:adverb (fukushi),considerably; fairly; quite; rather; pretty,LOW_PRIORITY_ARCHAIC,P4,Exact form exists but carries archaic/obsolete/historical metadata; keep only if advanced/historical coverage is desired.
金庫,かねぐら,N1,"{""N1"": 1}","{""waller-derived"": ""N1""}",openjlpt|waller,waller-derived,1,lexical,safe; vault; treasury,same-writing-different-reading,,きんこ,,,,,yes,SINGLE_SOURCE,yes,no,no,N1,no,sK:search-only kanji form,n:noun (common) (futsuumeishi),treasure house; treasury; financial supporter; patron; financier; backer,LOW_PRIORITY_ARCHAIC,P4,Exact form exists but carries archaic/obsolete/historical metadata; keep only if advanced/historical coverage is desired.
予言,かねごと,N1,"{""N1"": 1}","{""waller-derived"": ""N1""}",openjlpt|waller,waller-derived,1,lexical,prediction; promise; prognostication,same-writing-different-reading,,よげん,,,,,yes,SINGLE_SOURCE,yes,no,no,N1,no,arch:archaic,n:noun (common) (futsuumeishi),promise; prediction,LOW_PRIORITY_ARCHAIC,P4,Exact form exists but carries archaic/obsolete/historical metadata; keep only if advanced/historical coverage is desired.
下品,かひん,N1,"{""N1"": 1}","{""waller-derived"": ""N1""}",openjlpt,waller-derived,1,lexical,inferior article,same-writing-different-reading,,げひん,,,,,no,SINGLE_SOURCE,no,no,no,,no,,,,MANUAL_VERIFY_SOURCE,P4,Exact written-form + reading was not resolved in the JMdict common/JLPT subset; verify source spelling and lexical status before adding.
揶揄う,からかう,N1,"{""N1"": 1}","{""waller-derived"": ""N1""}",openjlpt|waller,waller-derived,1,lexical,to ridicule; to tease; to banter with,same-reading-different-writing|same-jmdict-entry,からかう,,からかう,からかう,N2,からかう|揶揄う,yes,SINGLE_SOURCE,yes,no,yes,N2,yes,rK:rarely used kanji form | uk:word usually written using kana alone,v5u:Godan verb with 'u' ending|vt:transitive verb,to tease; to make fun of; to poke fun at; to make a crack about; to chaff; to kid,LOW_PRIORITY_RARE_VARIANT,P4,"Exact form exists but is rare/dialectal/obscure; valid form, lower study priority."
加留多,かるた,N1,"{""N1"": 1}","{""waller-derived"": ""N1""}",openjlpt|waller,waller-derived,1,lexical,(pt:) (n) playing cards (pt: carta),same-reading-different-writing|same-jmdict-entry,歌留多,,歌留多,カルタ,N2,かるた|かる多|カルタ|加留多|哥留多|嘉留太|歌留多|賀留多|軽多|軽板|骨牌,yes,SINGLE_SOURCE,yes,no,yes,N2,yes,ateji:ateji (phonetic) reading | rK:rarely used kanji form | uk:word usually written using kana alone,n:noun (common) (futsuumeishi),"karuta; traditional Japanese playing cards, esp. hyakunin isshu karuta or iroha karuta",LOW_PRIORITY_RARE_VARIANT,P4,"Exact form exists but is rare/dialectal/obscure; valid form, lower study priority."
交す,かわす,N1,"{""N1"": 1}","{""community-independent"": ""N1""}",wordmaster,community-independent,1,lexical,to exchange,same-reading-different-writing|same-jmdict-entry,かわす|交わす,,かわす|交わす,かわす,N1|N2,かわす|交す|交わす,yes,SINGLE_SOURCE,yes,no,yes,N1,no,after the -masu stem of a verb | sK:search-only kanji form,suf:suffix|v5s:Godan verb with 'su' ending|vt:transitive verb,"to exchange (messages, greetings, arguments, etc.); to intersect; to cross; to interlace; ... with one another; ... to each other",LOW_PRIORITY_ARCHAIC,P4,Exact form exists but carries archaic/obsolete/historical metadata; keep only if advanced/historical coverage is desired.
乾,かん,N1,"{""N1"": 1}","{""waller-derived"": ""N1""}",openjlpt|waller,waller-derived,1,lexical,heaven; emperor,same-reading-different-writing,勘|巻|棺|管|缶|艦|観|貫|間|韓|館,,,,,,no,SINGLE_SOURCE,no,no,no,,no,,,,MANUAL_VERIFY_SOURCE,P4,Exact written-form + reading was not resolved in the JMdict common/JLPT subset; verify source spelling and lexical status before adding.
幹,かん,N1,"{""N1"": 1}","{""waller-derived"": ""N1""}",openjlpt|waller,waller-derived,1,lexical,(tree) trunk,same-reading-different-writing|same-writing-different-reading,勘|巻|棺|管|缶|艦|観|貫|間|韓|館,みき,,,,,no,SINGLE_SOURCE,no,no,no,,no,,,,MANUAL_VERIFY_SOURCE,P4,Exact written-form + reading was not resolved in the JMdict common/JLPT subset; verify source spelling and lexical status before adding.
肝腎,かんじん,N1,"{""N1"": 1}","{""community-independent"": ""N1""}",wordmaster,community-independent,1,lexical,"essential, fundamental, crucial",same-reading-different-writing|same-jmdict-entry,勧進|肝心,,肝心,かんじん,N2,かんじん|肝心|肝腎,yes,SINGLE_SOURCE,yes,no,yes,N1,no,rK:rarely used kanji form,adj-na:adjectival nouns or quasi-adjectives (keiyodoshi)|adj-no:nouns which may take the genitive case particle 'no'|n:noun (common) (futsuumeishi),essential; important; crucial; vital; main,LOW_PRIORITY_RARE_VARIANT,P4,"Exact form exists but is rare/dialectal/obscure; valid form, lower study priority."
完ぺき,かんぺき,N1,"{""N1"": 1}","{""community-independent"": ""N1""}",wordmaster,community-independent,1,lexical,"perfection, completeness, flawless",same-reading-different-writing|same-jmdict-entry,完璧,,完璧,かんぺき,N2,かんぺき|完ぺき|完壁|完璧,yes,SINGLE_SOURCE,yes,no,yes,N1,no,sK:search-only kanji form,adj-na:adjectival nouns or quasi-adjectives (keiyodoshi)|n:noun (common) (futsuumeishi),perfect; complete; flawless,LOW_PRIORITY_ARCHAIC,P4,Exact form exists but carries archaic/obsolete/historical metadata; keep only if advanced/historical coverage is desired.
我,が～,N1,"{""N1"": 1}","{""community-independent"": ""N1""}",wordmaster,community-independent,1,lexical,ego,same-writing-different-reading,,われ,,,,,no,SINGLE_SOURCE,no,no,no,,no,,,,MANUAL_VERIFY_SOURCE,P4,Exact written-form + reading was not resolved in the JMdict common/JLPT subset; verify source spelling and lexical status before adding.
蓋,がい,N1,"{""N1"": 1}","{""waller-derived"": ""N1""}",openjlpt|waller,waller-derived,1,lexical,cover; lid; cap,same-reading-different-writing|same-writing-different-reading,ガイ|外|害|街,ふた,,,,,no,SINGLE_SOURCE,no,no,no,,no,,,,MANUAL_VERIFY_SOURCE,P4,Exact written-form + reading was not resolved in the JMdict common/JLPT subset; verify source spelling and lexical status before adding.
切っ掛け,きっかけ,N1,"{""N1"": 1}","{""waller-derived"": ""N1""}",openjlpt|waller,waller-derived,1,lexical,chance; start; cue,same-reading-different-writing|same-jmdict-entry,きっかけ,,きっかけ,きっかけ,N2,きっかけ|キッカケ|切かけ|切っかけ|切っ掛|切っ掛け|切掛|切掛け|切欠,yes,SINGLE_SOURCE,yes,no,yes,N2,yes,rK:rarely used kanji form | sk:search-only kana form | uk:word usually written using kana alone,n:noun (common) (futsuumeishi),chance; start; cue; excuse; motive; impetus,LOW_PRIORITY_ARCHAIC,P4,Exact form exists but carries archaic/obsolete/historical metadata; keep only if advanced/historical coverage is desired.
屹度,きっと,N1,"{""N1"": 1}","{""waller-derived"": ""N1""}",openjlpt|waller,waller-derived,1,lexical,1.  (uk) surely; undoubtedly; certainly,same-reading-different-writing|same-jmdict-entry,きっと|キット,,きっと,きっと,N4,きっと|キッと|屹度|急度,yes,SINGLE_SOURCE,yes,no,yes,N4,yes,arch:archaic | ateji:ateji (phonetic) reading | esp. キッと | on-mim:onomatopoeic or mimetic word | rK:rarely used kanji form | uk:word usually written using kana alone,adv:adverb (fukushi),surely; undoubtedly; almost certainly; most likely (e.g. 90 percent); sternly; severely,LOW_PRIORITY_ARCHAIC,P4,Exact form exists but carries archaic/obsolete/historical metadata; keep only if advanced/historical coverage is desired.
巨,きょ,N1,"{""N1"": 1}","{""waller-derived"": ""N1""}",waller,waller-derived,1,lexical,"big, large, great",fully-absent,,,,,,,no,SINGLE_SOURCE,no,no,no,,no,,,,MANUAL_VERIFY_SOURCE,P4,Exact written-form + reading was not resolved in the JMdict common/JLPT subset; verify source spelling and lexical status before adding.
供,きょう,N1,"{""N1"": 1}","{""waller-derived"": ""N1""}",openjlpt,waller-derived,1,lexical,offer; present; submit,same-reading-different-writing,きょう|京|今日|卿|強|経|興,,,,,,no,SINGLE_SOURCE,no,no,no,,no,,,,MANUAL_VERIFY_SOURCE,P4,Exact written-form + reading was not resolved in the JMdict common/JLPT subset; verify source spelling and lexical status before adding.
共,きょう,N1,"{""N1"": 1}","{""waller-derived"": ""N1""}",openjlpt,waller-derived,1,lexical,both; neither (neg); all,same-reading-different-writing|same-writing-different-reading,きょう|京|今日|卿|強|経|興,とも,,,,,no,SINGLE_SOURCE,no,no,no,,no,,,,MANUAL_VERIFY_SOURCE,P4,Exact written-form + reading was not resolved in the JMdict common/JLPT subset; verify source spelling and lexical status before adding.
僅,きん,N1,"{""N1"": 1}","{""waller-derived"": ""N1""}",openjlpt,waller-derived,1,lexical,a little; small quantity,same-reading-different-writing,菌|金,,,,,,no,SINGLE_SOURCE,no,no,no,,no,,,,MANUAL_VERIFY_SOURCE,P4,Exact written-form + reading was not resolved in the JMdict common/JLPT subset; verify source spelling and lexical status before adding.
種々,くさぐさ,N1,"{""N1"": 1}","{""waller-derived"": ""N1""}",openjlpt|waller,waller-derived,1,lexical,variety,same-writing-different-reading,,しゅじゅ,,,,,no,SINGLE_SOURCE,no,no,no,,no,,,,MANUAL_VERIFY_SOURCE,P4,Exact written-form + reading was not resolved in the JMdict common/JLPT subset; verify source spelling and lexical status before adding.
嚏,くしゃみ,N1,"{""N1"": 1}","{""waller-derived"": ""N1""}",openjlpt|waller,waller-derived,1,lexical,sneeze,same-reading-different-writing|same-jmdict-entry,くしゃみ,,くしゃみ,くしゃみ,N3,くさめ|くしゃみ|くっさめ|クシャミ|嚏|嚔,yes,SINGLE_SOURCE,yes,no,yes,N2,yes,id:idiomatic expression | rK:rarely used kanji form | uk:word usually written using kana alone,"exp:expressions (phrases, clauses, etc.)|n:noun (common) (futsuumeishi)|vi:intransitive verb|vs:noun or participle which takes the aux. verb suru",sneeze; sneezing; spoken twice in response to someone sneezing as a charm against an early death,LOW_PRIORITY_RARE_VARIANT,P4,"Exact form exists but is rare/dialectal/obscure; valid form, lower study priority."
くじ (～をひく),くじ (～をひく),N1,"{""N1"": 1}","{""community-independent"": ""N1""}",wordmaster,community-independent,1,lexical,"lottery, lot",fully-absent,,,,,,,no,SINGLE_SOURCE,no,no,no,,no,,,,MANUAL_VERIFY_SOURCE,P4,Exact written-form + reading was not resolved in the JMdict common/JLPT subset; verify source spelling and lexical status before adding.
擽ぐったい,くすぐったい,N1,"{""N1"": 1}","{""waller-derived"": ""N1""}",openjlpt|waller,waller-derived,1,lexical,ticklish,same-reading-different-writing|same-jmdict-entry,くすぐったい,,くすぐったい,くすぐったい,N1,くすぐったい|擽ぐったい|擽ったい,yes,SINGLE_SOURCE,yes,no,yes,N1,no,sK:search-only kanji form | uk:word usually written using kana alone,adj-i:adjective (keiyoushi),ticklish; embarrassing,LOW_PRIORITY_ARCHAIC,P4,Exact form exists but carries archaic/obsolete/historical metadata; keep only if advanced/historical coverage is desired.
口吟む,くちずさむ,N1,"{""N1"": 1}","{""community-independent"": ""N1""}",wordmaster,community-independent,1,lexical,to humble,same-reading-different-writing|same-jmdict-entry,口ずさむ,,口ずさむ,くちずさむ,N1,くちずさむ|口ずさむ|口吟む|口遊む,yes,SINGLE_SOURCE,yes,no,no,N1,no,rK:rarely used kanji form,v5m:Godan verb with 'mu' ending|vt:transitive verb,to hum (a tune); to sing to oneself; to croon,LOW_PRIORITY_RARE_VARIANT,P4,"Exact form exists but is rare/dialectal/obscure; valid form, lower study priority."
諄い,くどい,N1,"{""N1"": 1}","{""waller-derived"": ""N1""}",openjlpt|waller,waller-derived,1,lexical,verbose; importunate; heavy (taste),same-reading-different-writing|same-jmdict-entry,くどい,,くどい,くどい,N2,くどい|クドい|諄い,yes,SINGLE_SOURCE,yes,no,yes,N2,yes,rK:rarely used kanji form | uk:word usually written using kana alone,adj-i:adjective (keiyoushi),repetitious; long-winded; tedious; wordy; verbose; insistent,LOW_PRIORITY_RARE_VARIANT,P4,"Exact form exists but is rare/dialectal/obscure; valid form, lower study priority."
呉れ呉れも,くれぐれも,N1,"{""N1"": 1}","{""waller-derived"": ""N1""}",openjlpt|waller,waller-derived,1,lexical,repeatedly; sincerely; earnestly,same-reading-different-writing|same-jmdict-entry,くれぐれも,,くれぐれも,くれぐれも,N1,くれぐれも|呉々も|呉れ呉れも|呉呉も,yes,SINGLE_SOURCE,yes,no,yes,N2,yes,rK:rarely used kanji form | uk:word usually written using kana alone,adv:adverb (fukushi),sincerely; earnestly; wholeheartedly; repeatedly; over and over; again and again,LOW_PRIORITY_RARE_VARIANT,P4,"Exact form exists but is rare/dialectal/obscure; valid form, lower study priority."
傾,けい,N1,"{""N1"": 1}","{""waller-derived"": ""N1""}",openjlpt|waller,waller-derived,1,lexical,lean; incline,same-reading-different-writing,系|計,,,,,,no,SINGLE_SOURCE,no,no,no,,no,,,,MANUAL_VERIFY_SOURCE,P4,Exact written-form + reading was not resolved in the JMdict common/JLPT subset; verify source spelling and lexical status before adding.
頃,けい,N1,"{""N1"": 1}","{""waller-derived"": ""N1""}",openjlpt|waller,waller-derived,1,lexical,time; about; toward,same-reading-different-writing|same-writing-different-reading,系|計,ころ,,,,,yes,SINGLE_SOURCE,yes,no,no,N1,no,rare:rare term,n:noun (common) (futsuumeishi),qing (Chinese unit of land area equal to 100 mu),LOW_PRIORITY_RARE_VARIANT,P4,"Exact form exists but is rare/dialectal/obscure; valid form, lower study priority."
吝嗇,けち,N1,"{""N1"": 1}","{""waller-derived"": ""N1""}",openjlpt|waller,waller-derived,1,lexical,stinginess; miser; miserliness,same-reading-different-writing|same-jmdict-entry,けち|ケチ,,けち|ケチ,けち|ケチ,N3,けち|ケチ|吝嗇,yes,SINGLE_SOURCE,yes,no,no,N3,yes,occ. written as 吝嗇 | sK:search-only kanji form,adj-na:adjectival nouns or quasi-adjectives (keiyodoshi)|n:noun (common) (futsuumeishi),stinginess; miserliness; penny-pinching; miser; pinchpenny; skinflint,LOW_PRIORITY_ARCHAIC,P4,Exact form exists but carries archaic/obsolete/historical metadata; keep only if advanced/historical coverage is desired.
児,こ,N1,"{""N1"": 1}","{""waller-derived"": ""N1""}",openjlpt|waller,waller-derived,1,lexical,child; the young of animals,same-reading-different-writing|same-writing-different-reading|same-jmdict-entry,子|戸,じ,子,こ,N4,こ|児|子,yes,SINGLE_SOURCE,yes,no,yes,N4,yes,abbr:abbreviation | after a noun or -masu stem | also 姑 | also 娘 | arch:archaic,"n-suf:noun, used as a suffix|n:noun (common) (futsuumeishi)",child; kid; teenager; youngster; young (non-adult) person; (one's) child,LOW_PRIORITY_ARCHAIC,P4,Exact form exists but carries archaic/obsolete/historical metadata; keep only if advanced/historical coverage is desired.
巨,こ,N1,"{""N1"": 1}","{""waller-derived"": ""N1""}",openjlpt,waller-derived,1,lexical,big; large; great,same-reading-different-writing,子|戸,,,,,,no,SINGLE_SOURCE,no,no,no,,no,,,,MANUAL_VERIFY_SOURCE,P4,Exact written-form + reading was not resolved in the JMdict common/JLPT subset; verify source spelling and lexical status before adding.
故～,こ～,N1,"{""N1"": 1}","{""community-independent"": ""N1""}",wordmaster,community-independent,1,lexical,"deceased, late",fully-absent,,,,,,,no,SINGLE_SOURCE,no,no,no,,no,,,,MANUAL_VERIFY_SOURCE,P4,Exact written-form + reading was not resolved in the JMdict common/JLPT subset; verify source spelling and lexical status before adding.
溝,こう,N1,"{""N1"": 1}","{""waller-derived"": ""N1""}",openjlpt|waller,waller-derived,1,lexical,10^38; hundred undecillion (American); hundred sextillion (British),same-reading-different-writing|same-writing-different-reading|same-jmdict-entry,こう|乞う|侯|校|甲|稿|高|黄,どぶ|みぞ,こう,こう,N5,こう|溝,yes,SINGLE_SOURCE,yes,no,no,N1,no,rare:rare term,num:numeric,10^32; hundred nonillion,LOW_PRIORITY_RARE_VARIANT,P4,"Exact form exists but is rare/dialectal/obscure; valid form, lower study priority."
こす (みずを～),こす (みずを～),N1,"{""N1"": 1}","{""community-independent"": ""N1""}",wordmaster,community-independent,1,lexical,过滤,fully-absent,,,,,,,no,SINGLE_SOURCE,no,no,no,,no,,,,MANUAL_VERIFY_SOURCE,P4,Exact written-form + reading was not resolved in the JMdict common/JLPT subset; verify source spelling and lexical status before adding.
火燵,こたつ,N1,"{""N1"": 1}","{""waller-derived"": ""N1""}",openjlpt|waller,waller-derived,1,lexical,table with heater; (orig) charcoal brazier in a floor well,same-reading-different-writing|same-jmdict-entry,こたつ|炬燵,,こたつ|炬燵,こたつ,N1,こたつ|コタツ|火燵|炬燵,yes,SINGLE_SOURCE,yes,no,yes,N1,no,rK:rarely used kanji form | uk:word usually written using kana alone,n:noun (common) (futsuumeishi),"kotatsu; table over an electric heater, with a hanging quilt to retain heat (orig. over a charcoal brazier in a floor well)",LOW_PRIORITY_RARE_VARIANT,P4,"Exact form exists but is rare/dialectal/obscure; valid form, lower study priority."
こつ (をつかむ),こつ (をつかむ),N1,"{""N1"": 1}","{""community-independent"": ""N1""}",wordmaster,community-independent,1,lexical,诀窍,fully-absent,,,,,,,no,SINGLE_SOURCE,no,no,no,,no,,,,MANUAL_VERIFY_SOURCE,P4,Exact written-form + reading was not resolved in the JMdict common/JLPT subset; verify source spelling and lexical status before adding.
言付け,ことづけ,N1,"{""N1"": 1}","{""community-independent"": ""N1""}",wordmaster,community-independent,1,lexical,口信,same-reading-different-writing,ことづけ,,,,,,no,SINGLE_SOURCE,no,no,no,,no,,,,MANUAL_VERIFY_SOURCE,P4,Exact written-form + reading was not resolved in the JMdict common/JLPT subset; verify source spelling and lexical status before adding.
此れ,これ,N1,"{""N1"": 1}","{""waller-derived"": ""N1""}",openjlpt|waller,waller-derived,1,lexical,this,same-reading-different-writing|same-jmdict-entry,これ,,これ,これ,N5,これ|之|之れ|惟|是|是れ|此|此れ|維,yes,SINGLE_SOURCE,yes,no,yes,N1,no,"arch:archaic | as これから, これまで, etc. | dated:dated term | form:formal or literary term | indicating an item near the speaker, the action of the speaker, or the current topic | rK:rarely used kanji form | uk:word usually written using kana alone | usu. indicating someone in one's in-group",adv:adverb (fukushi)|pn:pronoun,this; this one; this person; now; this point (in time); here,LOW_PRIORITY_ARCHAIC,P4,Exact form exists but carries archaic/obsolete/historical metadata; keep only if advanced/historical coverage is desired.
此れ等,これら,N1,"{""N1"": 1}","{""waller-derived"": ""N1""}",openjlpt|waller,waller-derived,1,lexical,these,same-reading-different-writing|same-jmdict-entry,これら|これ等|コレラ,,これら|これ等,これら,N3,これら|これ等|之等|是等|此れ等|此等,yes,SINGLE_SOURCE,yes,no,yes,N3,yes,rK:rarely used kanji form | uk:word usually written using kana alone,pn:pronoun,these,LOW_PRIORITY_RARE_VARIANT,P4,"Exact form exists but is rare/dialectal/obscure; valid form, lower study priority."
コンタクト (レンズ),コンタクト (レンズ),N1,"{""N1"": 1}","{""community-independent"": ""N1""}",wordmaster,community-independent,1,lexical,contact; contact lens,fully-absent,,,,,,,no,SINGLE_SOURCE,no,no,no,,no,,,,MANUAL_VERIFY_SOURCE,P4,Exact written-form + reading was not resolved in the JMdict common/JLPT subset; verify source spelling and lexical status before adding.
強気,ごうぎ,N1,"{""N1"": 1}","{""waller-derived"": ""N1""}",openjlpt|waller,waller-derived,1,lexical,great; grand,same-reading-different-writing|same-writing-different-reading|same-jmdict-entry,豪儀,つよき,豪儀,ごうぎ,N1,ごうき|ごうぎ|強気|豪儀|豪気,yes,SINGLE_SOURCE,yes,no,no,N1,no,arch:archaic,adj-na:adjectival nouns or quasi-adjectives (keiyodoshi)|adj-no:nouns which may take the genitive case particle 'no',great; grand; obstinate; stubborn,LOW_PRIORITY_ARCHAIC,P4,Exact form exists but carries archaic/obsolete/historical metadata; keep only if advanced/historical coverage is desired.
ございます (かん),ございます (かん),N1,"{""N1"": 1}","{""community-independent"": ""N1""}",wordmaster,community-independent,1,lexical,"to be (polite, to exist)",fully-absent,,,,,,,no,SINGLE_SOURCE,no,no,no,,no,,,,MANUAL_VERIFY_SOURCE,P4,Exact written-form + reading was not resolved in the JMdict common/JLPT subset; verify source spelling and lexical status before adding.
ごらんなさい (かん),ごらんなさい (かん),N1,"{""N1"": 1}","{""community-independent"": ""N1""}",wordmaster,community-independent,1,lexical,看,fully-absent,,,,,,,no,SINGLE_SOURCE,no,no,no,,no,,,,MANUAL_VERIFY_SOURCE,P4,Exact written-form + reading was not resolved in the JMdict common/JLPT subset; verify source spelling and lexical status before adding.
佐,さ,N1,"{""N1"": 1}","{""waller-derived"": ""N1""}",openjlpt|waller,waller-derived,1,lexical,help,same-reading-different-writing,差,,,,,,no,SINGLE_SOURCE,no,no,no,,no,,,,MANUAL_VERIFY_SOURCE,P4,Exact written-form + reading was not resolved in the JMdict common/JLPT subset; verify source spelling and lexical status before adding.
逆上る,さかのぼる,N1,"{""N1"": 1}","{""waller-derived"": ""N1""}",openjlpt|waller,waller-derived,1,lexical,to go back; to go upstream; to make retroactive,same-reading-different-writing|same-jmdict-entry,さかのぼる|遡る,,さかのぼる|遡る,さかのぼる,N1|N2,さかのぼる|泝る|溯る|逆上る|遡る,yes,SINGLE_SOURCE,yes,no,yes,N2,yes,rK:rarely used kanji form | uk:word usually written using kana alone,v5r:Godan verb with 'ru' ending|vi:intransitive verb,to go upstream; to go up (a river); to go back (to the past or origin); to date back (to); to trace back (to); to be retroactive (to),LOW_PRIORITY_RARE_VARIANT,P4,"Exact form exists but is rare/dialectal/obscure; valid form, lower study priority."
さきに (いぜん),さきに (いぜん),N1,"{""N1"": 1}","{""community-independent"": ""N1""}",wordmaster,community-independent,1,lexical,"before, earlier than, previously",fully-absent,,,,,,,no,SINGLE_SOURCE,no,no,no,,no,,,,MANUAL_VERIFY_SOURCE,P4,Exact written-form + reading was not resolved in the JMdict common/JLPT subset; verify source spelling and lexical status before adding.
摩する,さする,N1,"{""N1"": 1}","{""community-independent"": ""N1""}",wordmaster,community-independent,1,lexical,"to rub, to stroke",same-reading-different-writing,摩る,,,,,,no,SINGLE_SOURCE,no,no,no,,no,,,,MANUAL_VERIFY_SOURCE,P4,Exact written-form + reading was not resolved in the JMdict common/JLPT subset; verify source spelling and lexical status before adding.
嘸,さぞ,N1,"{""N1"": 1}","{""waller-derived"": ""N1""}",openjlpt|waller,waller-derived,1,lexical,I am sure; certainly; no doubt,same-reading-different-writing|same-jmdict-entry,さぞ,,さぞ,さぞ,N1,さぞ|嘸,yes,SINGLE_SOURCE,yes,no,yes,N1,no,rK:rarely used kanji form | uk:word usually written using kana alone,adv:adverb (fukushi),surely; certainly; no doubt; must,LOW_PRIORITY_RARE_VARIANT,P4,"Exact form exists but is rare/dialectal/obscure; valid form, lower study priority."
さぞ (さぞや。さぞかし),さぞ (さぞや。さぞかし),N1,"{""N1"": 1}","{""community-independent"": ""N1""}",wordmaster,community-independent,1,lexical,想必,fully-absent,,,,,,,no,SINGLE_SOURCE,no,no,no,,no,,,,MANUAL_VERIFY_SOURCE,P4,Exact written-form + reading was not resolved in the JMdict common/JLPT subset; verify source spelling and lexical status before adding.
颯っと,さっと,N1,"{""N1"": 1}","{""waller-derived"": ""N1""}",waller,waller-derived,1,lexical,"quickly, suddenly",same-reading-different-writing|same-jmdict-entry,さっと,,さっと,さっと,N2,さっと|サッと|颯っと|颯と,yes,SINGLE_SOURCE,yes,no,yes,N1,no,sK:search-only kanji form | uk:word usually written using kana alone,adv:adverb (fukushi),"quickly (esp. actions); suddenly (esp. wind, rain, etc.)",LOW_PRIORITY_ARCHAIC,P4,Exact form exists but carries archaic/obsolete/historical metadata; keep only if advanced/historical coverage is desired.
さっぱりする,さっぱりする,N1,"{""N1"": 1}","{""community-independent"": ""N1""}",wordmaster,community-independent,1,kana/loanword,to refresh,fully-absent,,,,,,,no,SINGLE_SOURCE,no,no,no,,no,,,,MANUAL_VERIFY_SOURCE,P4,Exact written-form + reading was not resolved in the JMdict common/JLPT subset; verify source spelling and lexical status before adding.
冊,さつ,N1,"{""N1"": 1}","{""waller-derived"": ""N1""}",openjlpt|waller,waller-derived,1,lexical,counter for books,same-reading-different-writing,札,,,,,,yes,SINGLE_SOURCE,yes,yes,yes,N1,no,rare:rare term,ctr:counter|n:noun (common) (futsuumeishi),counter for books; volume,LOW_PRIORITY_RARE_VARIANT,P4,"Exact form exists but is rare/dialectal/obscure; valid form, lower study priority."
偖,さて,N1,"{""N1"": 1}","{""waller-derived"": ""N1""}",openjlpt|waller,waller-derived,1,lexical,well; now; then,same-reading-different-writing|same-jmdict-entry,さて,,さて,さて,N2,さて|偖|扠|扨,yes,SINGLE_SOURCE,yes,no,yes,N3,yes,rK:rarely used kanji form | uk:word usually written using kana alone,conj:conjunction|int:interjection (kandoushi),well; now; then,LOW_PRIORITY_RARE_VARIANT,P4,"Exact form exists but is rare/dialectal/obscure; valid form, lower study priority."
真実,さな,N1,"{""N1"": 1}","{""waller-derived"": ""N1""}",openjlpt,waller-derived,1,lexical,truth; reality,same-writing-different-reading,,しんじつ,,,,,no,SINGLE_SOURCE,no,no,no,,no,,,,MANUAL_VERIFY_SOURCE,P4,Exact written-form + reading was not resolved in the JMdict common/JLPT subset; verify source spelling and lexical status before adding.
左程,さほど,N1,"{""N1"": 1}","{""waller-derived"": ""N1""}",openjlpt|waller,waller-derived,1,lexical,(not) very; (not) much,same-reading-different-writing|same-jmdict-entry,さほど,,さほど,さほど,N1,さほど|左程|然程,yes,SINGLE_SOURCE,yes,no,no,N1,no,rK:rarely used kanji form | uk:word usually written using kana alone | usu. with a negative verb,adv:adverb (fukushi),(not) so; (not) particularly; (not) very; (not) that much,LOW_PRIORITY_RARE_VARIANT,P4,"Exact form exists but is rare/dialectal/obscure; valid form, lower study priority."
左様なら,さようなら,N1,"{""N1"": 1}","{""waller-derived"": ""N1""}",openjlpt|waller,waller-derived,1,lexical,good-bye,same-reading-different-writing|same-jmdict-entry,さようなら,,さようなら,さようなら,N5,さようなら|さよーなら|サヨウナラ|サヨーナラ|左様なら|左様奈良|然様なら,yes,SINGLE_SOURCE,yes,no,yes,N2,yes,rK:rarely used kanji form | sk:search-only kana form | uk:word usually written using kana alone,int:interjection (kandoushi),farewell; adieu; goodbye; so long,LOW_PRIORITY_ARCHAIC,P4,Exact form exists but carries archaic/obsolete/historical metadata; keep only if advanced/historical coverage is desired.
さらう (こどもを～),さらう (こどもを～),N1,"{""N1"": 1}","{""community-independent"": ""N1""}",wordmaster,community-independent,1,lexical,to kidnap,fully-absent,,,,,,,no,SINGLE_SOURCE,no,no,no,,no,,,,MANUAL_VERIFY_SOURCE,P4,Exact written-form + reading was not resolved in the JMdict common/JLPT subset; verify source spelling and lexical status before adding.
次,し,N1,"{""N1"": 1}","{""waller-derived"": ""N1""}",openjlpt,waller-derived,1,lexical,order; sequence; times,same-reading-different-writing|same-writing-different-reading,し|史|四|市|死|氏|紙|視|詩|誌,じ|つぎ,,,,,no,SINGLE_SOURCE,no,no,no,,no,,,,MANUAL_VERIFY_SOURCE,P4,Exact written-form + reading was not resolved in the JMdict common/JLPT subset; verify source spelling and lexical status before adding.
秭,し,N1,"{""N1"": 1}","{""waller-derived"": ""N1""}",waller,waller-derived,1,lexical,"10^24 (kanji is JIS X 0212 kuten 4906), septillion (American), quadrillion (British)",same-reading-different-writing|same-jmdict-entry,し|史|四|市|死|氏|紙|視|詩|誌,,し,し,N1,し|秭,yes,SINGLE_SOURCE,yes,no,no,N1,no,rare:rare term,num:numeric,10^24; septillion,LOW_PRIORITY_RARE_VARIANT,P4,"Exact form exists but is rare/dialectal/obscure; valid form, lower study priority."
然しながら,しかしながら,N1,"{""N1"": 1}","{""waller-derived"": ""N1""}",openjlpt|waller,waller-derived,1,lexical,nevertheless; however,same-reading-different-writing|same-jmdict-entry,しかしながら,,しかしながら,しかしながら,N2,しかしながら|併しながら|併し乍ら|然しながら|然し乍ら,yes,SINGLE_SOURCE,yes,no,no,N1,no,sK:search-only kanji form | uk:word usually written using kana alone,adv:adverb (fukushi)|conj:conjunction,however; nevertheless,LOW_PRIORITY_ARCHAIC,P4,Exact form exists but carries archaic/obsolete/historical metadata; keep only if advanced/historical coverage is desired.
而も,しかも,N1,"{""N1"": 1}","{""waller-derived"": ""N1""}",openjlpt|waller,waller-derived,1,lexical,moreover; furthermore; nevertheless,same-reading-different-writing|same-jmdict-entry,しかも,,しかも,しかも,N2,しかも|然も|而も,yes,SINGLE_SOURCE,yes,no,yes,N3,yes,rK:rarely used kanji form | uk:word usually written using kana alone,conj:conjunction,moreover; furthermore; nevertheless; and yet,LOW_PRIORITY_RARE_VARIANT,P4,"Exact form exists but is rare/dialectal/obscure; valid form, lower study priority."
為来り,しきたり,N1,"{""N1"": 1}","{""waller-derived"": ""N1""}",openjlpt|waller,waller-derived,1,lexical,customs,same-reading-different-writing|same-jmdict-entry,しきたり,,しきたり,しきたり,N2,しきたり|仕来たり|仕来り|為来たり|為来り,yes,SINGLE_SOURCE,yes,no,no,N1,no,rK:rarely used kanji form | uk:word usually written using kana alone,n:noun (common) (futsuumeishi),custom; convention; tradition; mores; conventional practice,LOW_PRIORITY_RARE_VARIANT,P4,"Exact form exists but is rare/dialectal/obscure; valid form, lower study priority."
確り,しっかり,N1,"{""N1"": 1}","{""waller-derived"": ""N1""}",openjlpt|waller,waller-derived,1,lexical,firmly; tightly; reliable,same-reading-different-writing|same-jmdict-entry,しっかり,,しっかり,しっかり,N4,しっかり|確り|聢り,yes,SINGLE_SOURCE,yes,no,yes,N4,yes,on-mim:onomatopoeic or mimetic word | rK:rarely used kanji form | uk:word usually written using kana alone,adv-to:adverb taking the 'to' particle|adv:adverb (fukushi)|vs:noun or participle which takes the aux. verb suru,tightly (holding on); firmly; securely; strongly (built); solidly; sturdily,LOW_PRIORITY_RARE_VARIANT,P4,"Exact form exists but is rare/dialectal/obscure; valid form, lower study priority."
室,しつ,N1,"{""N1"": 1}","{""waller-derived"": ""N1""}",openjlpt|waller,waller-derived,1,lexical,room,same-reading-different-writing,質,,,,,,yes,SINGLE_SOURCE,yes,yes,yes,N1,no,rare:rare term,"n-suf:noun, used as a suffix|n:noun (common) (futsuumeishi)","room; wife (of someone of high rank); scabbard; Chinese ""Encampment"" constellation (one of the 28 mansions)",LOW_PRIORITY_RARE_VARIANT,P4,"Exact form exists but is rare/dialectal/obscure; valid form, lower study priority."
躾ける,しつける,N1,"{""N1"": 1}","{""community-independent"": ""N1""}",wordmaster,community-independent,1,lexical,"to discipline, to teach manners",same-reading-different-writing,しつける|仕付ける,,,,,,no,SINGLE_SOURCE,no,no,no,,no,,,,MANUAL_VERIFY_SOURCE,P4,Exact written-form + reading was not resolved in the JMdict common/JLPT subset; verify source spelling and lexical status before adding.
嫋か,しなやか,N1,"{""N1"": 1}","{""waller-derived"": ""N1""}",openjlpt,waller-derived,1,lexical,supple; flexible; elastic,same-reading-different-writing,しなやか,,,,,,no,SINGLE_SOURCE,no,no,no,,no,,,,MANUAL_VERIFY_SOURCE,P4,Exact written-form + reading was not resolved in the JMdict common/JLPT subset; verify source spelling and lexical status before adding.
泌み泌み,しみじみ,N1,"{""N1"": 1}","{""waller-derived"": ""N1""}",openjlpt,waller-derived,1,lexical,keenly; deeply; heartily,same-reading-different-writing,しみじみ,,,,,,no,SINGLE_SOURCE,no,no,no,,no,,,,MANUAL_VERIFY_SOURCE,P4,Exact written-form + reading was not resolved in the JMdict common/JLPT subset; verify source spelling and lexical status before adding.
吃逆,しゃっくり,N1,"{""N1"": 1}","{""waller-derived"": ""N1""}",openjlpt|waller,waller-derived,1,lexical,hiccough; hiccup,same-reading-different-writing|same-jmdict-entry,しゃっくり,,しゃっくり,しゃっくり,N3,しゃっくり|吃逆|噦,yes,SINGLE_SOURCE,yes,no,yes,N2,yes,rK:rarely used kanji form | uk:word usually written using kana alone,n:noun (common) (futsuumeishi)|vi:intransitive verb|vs:noun or participle which takes the aux. verb suru,hiccup; hiccough,LOW_PRIORITY_RARE_VARIANT,P4,"Exact form exists but is rare/dialectal/obscure; valid form, lower study priority."
修行,しゅうぎょう,N1,"{""N1"": 1}","{""waller-derived"": ""N1""}",openjlpt,waller-derived,1,lexical,pursuit of knowledge; studying; learning,same-reading-different-writing|same-writing-different-reading,修業|就業,しゅぎょう,,,,,no,SINGLE_SOURCE,no,no,no,,no,,,,MANUAL_VERIFY_SOURCE,P4,Exact written-form + reading was not resolved in the JMdict common/JLPT subset; verify source spelling and lexical status before adding.
傷,しょう,N1,"{""N1"": 1}","{""waller-derived"": ""N1""}",openjlpt|waller,waller-derived,1,lexical,wound; injury; hurt,same-reading-different-writing|same-writing-different-reading,商|症|相|省|章|象|賞,きず,,,,,no,SINGLE_SOURCE,no,no,no,,no,,,,MANUAL_VERIFY_SOURCE,P4,Exact written-form + reading was not resolved in the JMdict common/JLPT subset; verify source spelling and lexical status before adding.
じゃん拳,じゃんけん,N1,"{""N1"": 1}","{""waller-derived"": ""N1""}",openjlpt|waller,waller-derived,1,lexical,rock-scissors-paper game,same-reading-different-writing|same-jmdict-entry,じゃんけん,,じゃんけん,じゃんけん,N2,じゃんけん|じゃん拳|ジャンケン|ジャン拳,yes,SINGLE_SOURCE,yes,no,yes,N2,yes,rK:rarely used kanji form | uk:word usually written using kana alone,n:noun (common) (futsuumeishi)|vi:intransitive verb|vs:noun or participle which takes the aux. verb suru,rock-paper-scissors (game); janken,LOW_PRIORITY_RARE_VARIANT,P4,"Exact form exists but is rare/dialectal/obscure; valid form, lower study priority."
尉,じょう,N1,"{""N1"": 1}","{""waller-derived"": ""N1""}",openjlpt|waller,waller-derived,1,lexical,jailer; old man; rank,same-reading-different-writing,上|場|嬢|情|畳,,,,,,yes,SINGLE_SOURCE,yes,no,no,N1,no,arch:archaic,n:noun (common) (futsuumeishi),inspector (third highest of the four administrative ranks of the ritsuryō system); old man; white ash (of charcoal),LOW_PRIORITY_ARCHAIC,P4,Exact form exists but carries archaic/obsolete/historical metadata; keep only if advanced/historical coverage is desired.
粋,すい,N1,"{""N1"": 1}","{""community-independent"": ""N1""}",wordmaster,community-independent,1,lexical,essence,same-writing-different-reading,,いき,,,,,no,SINGLE_SOURCE,no,no,no,,no,,,,MANUAL_VERIFY_SOURCE,P4,Exact written-form + reading was not resolved in the JMdict common/JLPT subset; verify source spelling and lexical status before adding.
すくう (みずを～),すくう (みずを～),N1,"{""N1"": 1}","{""community-independent"": ""N1""}",wordmaster,community-independent,1,lexical,to scoop,fully-absent,,,,,,,no,SINGLE_SOURCE,no,no,no,,no,,,,MANUAL_VERIFY_SOURCE,P4,Exact written-form + reading was not resolved in the JMdict common/JLPT subset; verify source spelling and lexical status before adding.
天皇,すめらぎ,N1,"{""N1"": 1}","{""waller-derived"": ""N1""}",openjlpt|waller,waller-derived,1,lexical,Emperor of Japan,same-writing-different-reading,,てんのう,,,,,yes,SINGLE_SOURCE,yes,no,no,N1,no,arch:archaic,n:noun (common) (futsuumeishi),Emperor of Japan,LOW_PRIORITY_ARCHAIC,P4,Exact form exists but carries archaic/obsolete/historical metadata; keep only if advanced/historical coverage is desired.
先,せん,N1,"{""N1"": 1}","{""community-independent"": ""N1""}",wordmaster,community-independent,1,lexical,"priority, precedence, previous",same-reading-different-writing|same-writing-different-reading,仙|千|栓|線|選|銭,さき,,,,,no,SINGLE_SOURCE,no,no,no,,no,,,,MANUAL_VERIFY_SOURCE,P4,Exact written-form + reading was not resolved in the JMdict common/JLPT subset; verify source spelling and lexical status before adding.
前,せん,N1,"{""N1"": 1}","{""waller-derived"": ""N1""}",openjlpt,waller-derived,1,lexical,before,same-reading-different-writing|same-writing-different-reading,仙|千|栓|線|選|銭,ぜん|まえ,,,,,no,SINGLE_SOURCE,no,no,no,,no,,,,MANUAL_VERIFY_SOURCE,P4,Exact written-form + reading was not resolved in the JMdict common/JLPT subset; verify source spelling and lexical status before adding.
然うして,そうして,N1,"{""N1"": 1}","{""waller-derived"": ""N1""}",openjlpt|waller,waller-derived,1,lexical,and; like that,same-reading-different-writing|same-jmdict-entry,そうして,,そうして,そうして,N5,そうして|然うして,yes,SINGLE_SOURCE,yes,no,yes,N5,yes,rK:rarely used kanji form | uk:word usually written using kana alone,conj:conjunction,and; like that,LOW_PRIORITY_RARE_VARIANT,P4,"Exact form exists but is rare/dialectal/obscure; valid form, lower study priority."
其処で,そこで,N1,"{""N1"": 1}","{""waller-derived"": ""N1""}",openjlpt|waller,waller-derived,1,lexical,so (conj); accordingly; now,same-reading-different-writing|same-jmdict-entry,そこで,,そこで,そこで,N3,そこで|其処で,yes,SINGLE_SOURCE,yes,no,yes,N3,yes,rK:rarely used kanji form | uk:word usually written using kana alone,conj:conjunction,so; accordingly; now; then; thereupon; therefore,LOW_PRIORITY_RARE_VARIANT,P4,"Exact form exists but is rare/dialectal/obscure; valid form, lower study priority."
其処ら,そこら,N1,"{""N1"": 1}","{""waller-derived"": ""N1""}",openjlpt|waller,waller-derived,1,lexical,everywhere; somewhere; approximately,same-reading-different-writing|same-jmdict-entry,そこら,,そこら,そこら,N2,そこら|其処ら,yes,SINGLE_SOURCE,yes,no,no,N1,no,"after a quantity, usu. as ...かそこら or ...やそこら | rK:rarely used kanji form | uk:word usually written using kana alone",n:noun (common) (futsuumeishi)|pn:pronoun,around there; that area; that; that matter; that point; about that much,LOW_PRIORITY_RARE_VARIANT,P4,"Exact form exists but is rare/dialectal/obscure; valid form, lower study priority."
然して,そして,N1,"{""N1"": 1}","{""waller-derived"": ""N1""}",openjlpt|waller,waller-derived,1,lexical,and,same-reading-different-writing|same-jmdict-entry,そして,,そして,そして,N5,しかして|そして|然して|而して,yes,SINGLE_SOURCE,yes,no,yes,N5,yes,rK:rarely used kanji form | uk:word usually written using kana alone,conj:conjunction,and; and then; thus; and now; and finally,LOW_PRIORITY_RARE_VARIANT,P4,"Exact form exists but is rare/dialectal/obscure; valid form, lower study priority."
其方,そちら,N1,"{""N1"": 1}","{""waller-derived"": ""N1""}",openjlpt|waller,waller-derived,1,lexical,over there; the other,same-reading-different-writing|same-jmdict-entry,そちら,,そちら|そっち,そちら|そっち,N5,そちら|そっち|其方,yes,SINGLE_SOURCE,yes,no,yes,N5,yes,"direction distant from the speaker, close to the listener | place distant from the speaker, close to the listener | rK:rarely used kanji form | someone close to the listener | something close to the listener | uk:word usually written using kana alone | そちら is polite",pn:pronoun,that way; that direction; there; that (one); you; your family,LOW_PRIORITY_RARE_VARIANT,P4,"Exact form exists but is rare/dialectal/obscure; valid form, lower study priority."
そり (～にのる),そり (～にのる),N1,"{""N1"": 1}","{""community-independent"": ""N1""}",wordmaster,community-independent,1,lexical,"sleigh, sled",fully-absent,,,,,,,no,SINGLE_SOURCE,no,no,no,,no,,,,MANUAL_VERIFY_SOURCE,P4,Exact written-form + reading was not resolved in the JMdict common/JLPT subset; verify source spelling and lexical status before adding.
其れ,それ,N1,"{""N1"": 1}","{""waller-derived"": ""N1""}",openjlpt|waller,waller-derived,1,lexical,it; that,same-reading-different-writing|same-jmdict-entry,それ,,それ,それ,N5,それ|其|其れ,yes,SINGLE_SOURCE,yes,no,yes,N1,no,"arch:archaic | indicating a place near the listener | indicating an item or person near the listener, the action of the listener, or something on their mind | rK:rarely used kanji form | uk:word usually written using kana alone",pn:pronoun,that; it; then; that point (in time); that time; there,LOW_PRIORITY_ARCHAIC,P4,Exact form exists but carries archaic/obsolete/historical metadata; keep only if advanced/historical coverage is desired.
其れから,それから,N1,"{""N1"": 1}","{""waller-derived"": ""N1""}",openjlpt|waller,waller-derived,1,lexical,and then; after that,same-reading-different-writing|same-jmdict-entry,それから,,それから,それから,N5,それから|其れから,yes,SINGLE_SOURCE,yes,no,yes,N5,yes,sK:search-only kanji form,"exp:expressions (phrases, clauses, etc.)",and then; after that,LOW_PRIORITY_ARCHAIC,P4,Exact form exists but carries archaic/obsolete/historical metadata; keep only if advanced/historical coverage is desired.
各々,それぞれ,N1,"{""N1"": 1}","{""waller-derived"": ""N1""}",openjlpt,waller-derived,1,lexical,each; every; either,same-reading-different-writing|same-writing-different-reading,それぞれ,おのおの,,,,,no,SINGLE_SOURCE,no,no,no,,no,,,,MANUAL_VERIFY_SOURCE,P4,Exact written-form + reading was not resolved in the JMdict common/JLPT subset; verify source spelling and lexical status before adding.
其れで,それで,N1,"{""N1"": 1}","{""waller-derived"": ""N1""}",openjlpt|waller,waller-derived,1,lexical,and (conj); thereupon; because of that,same-reading-different-writing|same-jmdict-entry,それで,,それで,それで,N4,それで|其れで,yes,SINGLE_SOURCE,yes,no,yes,N4,yes,rK:rarely used kanji form | uk:word usually written using kana alone,conj:conjunction,so; therefore; and; (and) then,LOW_PRIORITY_RARE_VARIANT,P4,"Exact form exists but is rare/dialectal/obscure; valid form, lower study priority."
其れでは,それでは,N1,"{""N1"": 1}","{""waller-derived"": ""N1""}",openjlpt,waller-derived,1,lexical,in that situation; well then ...,same-reading-different-writing|same-jmdict-entry,それでは,,それでは,それでは,N5,それでは|其れでは,yes,SINGLE_SOURCE,yes,no,yes,N5,yes,sK:search-only kanji form | used to end a conversation or introduce a remark,"conj:conjunction|exp:expressions (phrases, clauses, etc.)|int:interjection (kandoushi)","well, ...; right, ...; now, ...; so; then; that way (would mean ...)",LOW_PRIORITY_ARCHAIC,P4,Exact form exists but carries archaic/obsolete/historical metadata; keep only if advanced/historical coverage is desired.
其れでも,それでも,N1,"{""N1"": 1}","{""waller-derived"": ""N1""}",openjlpt|waller,waller-derived,1,lexical,but (still); and yet; nevertheless,same-reading-different-writing|same-jmdict-entry,それでも,,それでも,それでも,N3,それでも|其れでも,yes,SINGLE_SOURCE,yes,no,yes,N3,yes,rK:rarely used kanji form | uk:word usually written using kana alone,conj:conjunction,but (still); and yet; nevertheless; even so; notwithstanding,LOW_PRIORITY_RARE_VARIANT,P4,"Exact form exists but is rare/dialectal/obscure; valid form, lower study priority."
其れとも,それとも,N1,"{""N1"": 1}","{""waller-derived"": ""N1""}",waller,waller-derived,1,lexical,"or, or else",same-reading-different-writing|same-jmdict-entry,それとも,,それとも,それとも,N4,それとも|其れとも,yes,SINGLE_SOURCE,yes,no,yes,N3,yes,rK:rarely used kanji form | uk:word usually written using kana alone,conj:conjunction,or; or else,LOW_PRIORITY_RARE_VARIANT,P4,"Exact form exists but is rare/dialectal/obscure; valid form, lower study priority."
其れ共,それとも,N1,"{""N1"": 1}","{""waller-derived"": ""N1""}",openjlpt,waller-derived,1,lexical,or; or else,same-reading-different-writing,それとも,,,,,,no,SINGLE_SOURCE,no,no,no,,no,,,,MANUAL_VERIFY_SOURCE,P4,Exact written-form + reading was not resolved in the JMdict common/JLPT subset; verify source spelling and lexical status before adding.
其れに,それに,N1,"{""N1"": 1}","{""waller-derived"": ""N1""}",openjlpt|waller,waller-derived,1,lexical,besides; moreover,same-reading-different-writing|same-jmdict-entry,それに,,それに,それに,N4,それに|其れに,yes,SINGLE_SOURCE,yes,no,yes,N4,yes,rK:rarely used kanji form | uk:word usually written using kana alone,conj:conjunction,besides; in addition; also; moreover,LOW_PRIORITY_RARE_VARIANT,P4,"Exact form exists but is rare/dialectal/obscure; valid form, lower study priority."
徐々,そろそろ,N1,"{""N1"": 1}","{""waller-derived"": ""N1""}",openjlpt,waller-derived,1,lexical,gradually; steadily; quietly,same-reading-different-writing,そろそろ,,,,,,no,SINGLE_SOURCE,no,no,no,,no,,,,MANUAL_VERIFY_SOURCE,P4,Exact written-form + reading was not resolved in the JMdict common/JLPT subset; verify source spelling and lexical status before adding.
断える,たえる,N1,"{""N1"": 1}","{""community-independent"": ""N1""}",wordmaster,community-independent,1,lexical,"to cease, to become extinct",same-reading-different-writing|same-jmdict-entry,絶える|耐える,,絶える,たえる,N2,たえる|断える|絶える,yes,SINGLE_SOURCE,yes,no,yes,N1,no,sK:search-only kanji form,v1:Ichidan verb|vi:intransitive verb,to die out; to peter out; to become extinct; to cease; to be stopped; to be discontinued,LOW_PRIORITY_ARCHAIC,P4,Exact form exists but carries archaic/obsolete/historical metadata; keep only if advanced/historical coverage is desired.
館,たち,N1,"{""N1"": 1}","{""waller-derived"": ""N1""}",waller,waller-derived,1,lexical,"1. mansion, small castle",same-reading-different-writing|same-writing-different-reading,太刀|立ち,かん|やかた,,,,,no,SINGLE_SOURCE,no,no,no,,no,,,,MANUAL_VERIFY_SOURCE,P4,Exact written-form + reading was not resolved in the JMdict common/JLPT subset; verify source spelling and lexical status before adding.
誰,たれ,N1,"{""N1"": 1}","{""waller-derived"": ""N1""}",openjlpt,waller-derived,1,lexical,adjectival suffix for a person,same-reading-different-writing|same-writing-different-reading,垂れ,だれ,,,,,no,SINGLE_SOURCE,no,no,no,,no,,,,MANUAL_VERIFY_SOURCE,P4,Exact written-form + reading was not resolved in the JMdict common/JLPT subset; verify source spelling and lexical status before adding.
だと,だと,N1,"{""N1"": 1}","{""community-independent"": ""N1""}",wordmaster,community-independent,1,kana/loanword,if it's the case,fully-absent,,,,,,,no,SINGLE_SOURCE,no,no,no,,no,,,,MANUAL_VERIFY_SOURCE,P4,Exact written-form + reading was not resolved in the JMdict common/JLPT subset; verify source spelling and lexical status before adding.
壇,だん,N1,"{""N1"": 1}","{""waller-derived"": ""N1""}",openjlpt|waller,waller-derived,1,lexical,1.  platform; podium; rostrum,same-reading-different-writing,段|談,,,,,,yes,SINGLE_SOURCE,yes,yes,yes,N1,no,arch:archaic,"n-suf:noun, used as a suffix|n:noun (common) (futsuumeishi)","platform; podium; rostrum; pulpit; (ceremonial) mound; world (of haiku, art, etc.)",LOW_PRIORITY_ARCHAIC,P4,Exact form exists but carries archaic/obsolete/historical metadata; keep only if advanced/historical coverage is desired.
打,ダース,N1,"{""N1"": 1}","{""waller-derived"": ""N1""}",waller,waller-derived,1,lexical,dozen,same-reading-different-writing|same-jmdict-entry,ダース,,ダース,ダース,N1,ダース|打,yes,SINGLE_SOURCE,yes,no,yes,N1,no,ateji:ateji (phonetic) reading | rK:rarely used kanji form | uk:word usually written using kana alone,n:noun (common) (futsuumeishi),dozen,LOW_PRIORITY_RARE_VARIANT,P4,"Exact form exists but is rare/dialectal/obscure; valid form, lower study priority."
些とも,ちっとも,N1,"{""N1"": 1}","{""waller-derived"": ""N1""}",openjlpt|waller,waller-derived,1,lexical,not at all (neg. verb),same-reading-different-writing|same-jmdict-entry,ちっとも,,ちっとも,ちっとも,N3,ちっとも|些とも,yes,SINGLE_SOURCE,yes,no,yes,N4,yes,rK:rarely used kanji form | uk:word usually written using kana alone | with neg. sentence,adv:adverb (fukushi),(not) at all; (not) a bit; (not) in the least; (not) in the slightest,LOW_PRIORITY_RARE_VARIANT,P4,"Exact form exists but is rare/dialectal/obscure; valid form, lower study priority."
著,ちゃく,N1,"{""N1"": 1}","{""waller-derived"": ""N1""}",openjlpt,waller-derived,1,lexical,counter for suits of clothing; arriving at ..,same-reading-different-writing,着,,,,,,no,SINGLE_SOURCE,no,no,no,,no,,,,MANUAL_VERIFY_SOURCE,P4,Exact written-form + reading was not resolved in the JMdict common/JLPT subset; verify source spelling and lexical status before adding.
中腹,ちゅうっぱら,N1,"{""N1"": 1}","{""waller-derived"": ""N1""}",openjlpt,waller-derived,1,lexical,irritated; offended,same-writing-different-reading,,ちゅうふく,,,,,no,SINGLE_SOURCE,no,no,no,,no,,,,MANUAL_VERIFY_SOURCE,P4,Exact written-form + reading was not resolved in the JMdict common/JLPT subset; verify source spelling and lexical status before adding.
著,ちょ,N1,"{""N1"": 1}","{""waller-derived"": ""N1""}",waller,waller-derived,1,lexical,"counter for suits of clothing, arriving at ..",fully-absent,,,,,,,yes,SINGLE_SOURCE,yes,yes,yes,N1,no,after an author's name | obs:obsolete term,n:noun (common) (futsuumeishi)|suf:suffix,(written) work; book; (written) by; clearness; obviousness; conspicuousness,LOW_PRIORITY_ARCHAIC,P4,Exact form exists but carries archaic/obsolete/historical metadata; keep only if advanced/historical coverage is desired.
恰度,ちょうど,N1,"{""N1"": 1}","{""waller-derived"": ""N1""}",openjlpt|waller,waller-derived,1,lexical,just; right; exactly,same-reading-different-writing|same-jmdict-entry,ちょうど|丁度,,ちょうど|丁度,ちょうど,N5,ちょうど|丁度|恰度,yes,SINGLE_SOURCE,yes,no,yes,N5,yes,ateji:ateji (phonetic) reading | rK:rarely used kanji form | uk:word usually written using kana alone,adv:adverb (fukushi),exactly; precisely; just; right; opportunely; fortunately,LOW_PRIORITY_RARE_VARIANT,P4,"Exact form exists but is rare/dialectal/obscure; valid form, lower study priority."
一寸,ちょっと,N1,"{""N1"": 1}","{""waller-derived"": ""N1""}",openjlpt|waller,waller-derived,1,lexical,(ateji) (adv int) (uk) just a minute; a short time; a while,same-reading-different-writing|same-jmdict-entry,ちょっと,,ちょっと,ちょっと,N5,ちょいと|ちょっと|ちょと|チョッと|チョット|一寸|鳥渡,yes,SINGLE_SOURCE,yes,no,yes,N5,yes,before a verb in negative form | rK:rarely used kanji form | uk:word usually written using kana alone,"adv:adverb (fukushi)|exp:expressions (phrases, clauses, etc.)|int:interjection (kandoushi)",a little; a bit; slightly; just a minute; for a moment; briefly,LOW_PRIORITY_RARE_VARIANT,P4,"Exact form exists but is rare/dialectal/obscure; valid form, lower study priority."
つじつま (はなしの～),つじつま (はなしの～),N1,"{""N1"": 1}","{""community-independent"": ""N1""}",wordmaster,community-independent,1,lexical,"coherence, consistency",fully-absent,,,,,,,no,SINGLE_SOURCE,no,no,no,,no,,,,MANUAL_VERIFY_SOURCE,P4,Exact written-form + reading was not resolved in the JMdict common/JLPT subset; verify source spelling and lexical status before adding.
途中,つちゅう,N1,"{""N1"": 1}","{""waller-derived"": ""N1""}",openjlpt,waller-derived,1,lexical,on the way; en route,same-writing-different-reading,,とちゅう,,,,,no,SINGLE_SOURCE,no,no,no,,no,,,,MANUAL_VERIFY_SOURCE,P4,Exact written-form + reading was not resolved in the JMdict common/JLPT subset; verify source spelling and lexical status before adding.
突っ突く,つっつく,N1,"{""N1"": 1}","{""community-independent"": ""N1""}",wordmaster,community-independent,1,lexical,to prompt someone,fully-absent,,,,,,,no,SINGLE_SOURCE,no,no,no,,no,,,,MANUAL_VERIFY_SOURCE,P4,Exact written-form + reading was not resolved in the JMdict common/JLPT subset; verify source spelling and lexical status before adding.
銃,つつ,N1,"{""N1"": 1}","{""waller-derived"": ""N1""}",openjlpt,waller-derived,1,lexical,gun,same-reading-different-writing|same-writing-different-reading,筒,じゅう,,,,,no,SINGLE_SOURCE,no,no,no,,no,,,,MANUAL_VERIFY_SOURCE,P4,Exact written-form + reading was not resolved in the JMdict common/JLPT subset; verify source spelling and lexical status before adding.
伝言,つてごと,N1,"{""N1"": 1}","{""waller-derived"": ""N1""}",openjlpt,waller-derived,1,lexical,verbal message; rumor; word,same-writing-different-reading,,つてこと|でんごん|でんごんする,,,,,no,SINGLE_SOURCE,no,no,no,,no,,,,MANUAL_VERIFY_SOURCE,P4,Exact written-form + reading was not resolved in the JMdict common/JLPT subset; verify source spelling and lexical status before adding.
つねる,つねる,N1,"{""N1"": 1}","{""community-independent"": ""N1""}",wordmaster,community-independent,1,kana/loanword,to pinch,same-reading-different-writing|same-jmdict-entry,抓る,,抓る,つねる,N1,つねる|つめる|抓める|抓る,yes,SINGLE_SOURCE,no,no,no,,no,,,,MANUAL_VERIFY_SOURCE,P4,Exact written-form + reading was not resolved in the JMdict common/JLPT subset; verify source spelling and lexical status before adding.
つぶる (めを～),つぶる (めを～),N1,"{""N1"": 1}","{""community-independent"": ""N1""}",wordmaster,community-independent,1,lexical,to close the eyes,fully-absent,,,,,,,no,SINGLE_SOURCE,no,no,no,,no,,,,MANUAL_VERIFY_SOURCE,P4,Exact written-form + reading was not resolved in the JMdict common/JLPT subset; verify source spelling and lexical status before adding.
壷,つぼ,N1,"{""N1"": 2}","{""community-independent"": ""N1"", ""waller-derived"": ""N1""}",openjlpt|waller|wordmaster,community-independent|waller-derived,2,lexical,tsubo jar; pot; vase,same-reading-different-writing|same-jmdict-entry,つぼ|坪|壺,,つぼ|壺,つぼ,N1,つぼ|ツボ|壷|壺|壼,yes,HIGH,yes,yes,yes,N1,no,arch:archaic | oft. written as ツボ | sk:search-only kana form | uk:word usually written using kana alone,n:noun (common) (futsuumeishi),pot; jar; vase; dice cup; depression; basin (e.g. of a waterfall),LOW_PRIORITY_ARCHAIC,P4,Exact form exists but carries archaic/obsolete/historical metadata; keep only if advanced/historical coverage is desired.
ティシュペーパー,ティシュペーパー,N1,"{""N1"": 1}","{""community-independent"": ""N1""}",wordmaster,community-independent,1,kana/loanword,tissue,same-jmdict-entry,,,ティッシュペーパー,ティッシュペーパー,N1,ティシュペーパー|ティッシュペーパー|ティッシュ・ペーパー,yes,SINGLE_SOURCE,yes,no,no,N1,no,sk:search-only kana form,n:noun (common) (futsuumeishi),tissue paper; tissue; facial tissue,LOW_PRIORITY_ARCHAIC,P4,Exact form exists but carries archaic/obsolete/historical metadata; keep only if advanced/historical coverage is desired.
梯子,ていし,N1,"{""N1"": 1}","{""waller-derived"": ""N1""}",openjlpt|waller,waller-derived,1,lexical,ladder; stairs,same-reading-different-writing|same-writing-different-reading,停止,はしご,,,,,no,SINGLE_SOURCE,no,no,no,,no,,,,MANUAL_VERIFY_SOURCE,P4,Exact written-form + reading was not resolved in the JMdict common/JLPT subset; verify source spelling and lexical status before adding.
転ずる,てんずる,N1,"{""N1"": 1}","{""community-independent"": ""N1""}",wordmaster,community-independent,1,lexical,"to turn, to shift",fully-absent,,,,,,,no,SINGLE_SOURCE,no,no,no,,no,,,,MANUAL_VERIFY_SOURCE,P4,Exact written-form + reading was not resolved in the JMdict common/JLPT subset; verify source spelling and lexical status before adding.
当～,とう～,N1,"{""N1"": 1}","{""community-independent"": ""N1""}",wordmaster,community-independent,1,lexical,"Our ~ (e.g., Hotel, plane, etc.)",fully-absent,,,,,,,no,SINGLE_SOURCE,no,no,no,,no,,,,MANUAL_VERIFY_SOURCE,P4,Exact written-form + reading was not resolved in the JMdict common/JLPT subset; verify source spelling and lexical status before adding.
とげ (をさす),とげ (をさす),N1,"{""N1"": 1}","{""community-independent"": ""N1""}",wordmaster,community-independent,1,lexical,thorn,fully-absent,,,,,,,no,SINGLE_SOURCE,no,no,no,,no,,,,MANUAL_VERIFY_SOURCE,P4,Exact written-form + reading was not resolved in the JMdict common/JLPT subset; verify source spelling and lexical status before adding.
疾っくに,とっくに,N1,"{""N1"": 1}","{""waller-derived"": ""N1""}",openjlpt|waller,waller-derived,1,lexical,long ago; already; a long time ago,same-reading-different-writing|same-jmdict-entry,とっくに,,とっくに,とっくに,N2,とっくに|疾っくに,yes,SINGLE_SOURCE,yes,no,yes,N2,yes,rK:rarely used kanji form | uk:word usually written using kana alone,adv:adverb (fukushi),long ago; a long time ago; already,LOW_PRIORITY_RARE_VARIANT,P4,"Exact form exists but is rare/dialectal/obscure; valid form, lower study priority."
迚も,とても,N1,"{""N1"": 1}","{""waller-derived"": ""N1""}",openjlpt|waller,waller-derived,1,lexical,very; awfully; exceedingly,same-reading-different-writing|same-jmdict-entry,とても,,とても,とても,N5,とっても|とても|迚も,yes,SINGLE_SOURCE,yes,no,yes,N5,yes,before a negative form | rK:rarely used kanji form | uk:word usually written using kana alone | とっても is more emphatic,adv:adverb (fukushi),very; awfully; exceedingly; (not) at all; by no means; simply (cannot),LOW_PRIORITY_RARE_VARIANT,P4,"Exact form exists but is rare/dialectal/obscure; valid form, lower study priority."
兎に角,とにかく,N1,"{""N1"": 1}","{""waller-derived"": ""N1""}",openjlpt|waller,waller-derived,1,lexical,anyhow; at any rate; anyway,same-reading-different-writing|same-jmdict-entry,とにかく,,とにかく,とにかく,N3,とにかく|兎に角|左右,yes,SINGLE_SOURCE,yes,no,yes,N3,yes,as ...は〜 or ...なら〜 | ateji:ateji (phonetic) reading | col:colloquial | rK:rarely used kanji form | uk:word usually written using kana alone,adv:adverb (fukushi),anyway; anyhow; at any rate; in any case; at least; just,LOW_PRIORITY_RARE_VARIANT,P4,"Exact form exists but is rare/dialectal/obscure; valid form, lower study priority."
殿様,とのさま,N1,"{""N1"": 2}","{""community-independent"": ""N1"", ""waller-derived"": ""N1""}",openjlpt|waller|wordmaster,community-independent|waller-derived,2,lexical,feudal lord,fully-absent,,,,,,,yes,HIGH,yes,yes,yes,N1,no,hist:historical term | hon:honorific or respectful (sonkeigo) language,n:noun (common) (futsuumeishi),nobleman; dignitary; lord; feudal lord (of the Edo period); daimyo; man brought up away from the world,LOW_PRIORITY_ARCHAIC,P4,Exact form exists but carries archaic/obsolete/historical metadata; keep only if advanced/historical coverage is desired.
幕,とばり,N1,"{""N1"": 1}","{""waller-derived"": ""N1""}",openjlpt,waller-derived,1,lexical,curtain; bunting; act (in play),same-reading-different-writing|same-writing-different-reading,帳,まく,,,,,no,SINGLE_SOURCE,no,no,no,,no,,,,MANUAL_VERIFY_SOURCE,P4,Exact written-form + reading was not resolved in the JMdict common/JLPT subset; verify source spelling and lexical status before adding.
とぼける,とぼける,N1,"{""N1"": 1}","{""community-independent"": ""N1""}",wordmaster,community-independent,1,kana/loanword,"to play dumb, to feign ignorance, to play innocent, to have a blank facial expression; to play the fool; to be in one's dotage",fully-absent,,,,,,,yes,SINGLE_SOURCE,yes,yes,yes,,no,obs:obsolete term | uk:word usually written using kana alone,v1:Ichidan verb|vi:intransitive verb,to play dumb; to feign ignorance; to play innocent; to have a blank facial expression; to play the fool; to be in one's dotage,LOW_PRIORITY_ARCHAIC,P4,Exact form exists but carries archaic/obsolete/historical metadata; keep only if advanced/historical coverage is desired.
兎も角,ともかく,N1,"{""N1"": 1}","{""waller-derived"": ""N1""}",openjlpt|waller,waller-derived,1,lexical,anyhow; anyway; somehow or other,same-reading-different-writing|same-jmdict-entry,ともかく,,ともかく,ともかく,N2,ともかく|兎も角,yes,SINGLE_SOURCE,yes,no,yes,N2,yes,ateji:ateji (phonetic) reading | often as …はともかく | rK:rarely used kanji form | uk:word usually written using kana alone,adv:adverb (fukushi),anyhow; anyway; somehow or other; generally speaking; in any case; be that as it may,LOW_PRIORITY_RARE_VARIANT,P4,"Exact form exists but is rare/dialectal/obscure; valid form, lower study priority."
取り分,とりわけ,N1,"{""N1"": 1}","{""waller-derived"": ""N1""}",openjlpt,waller-derived,1,lexical,especially; above all,same-reading-different-writing,とりわけ|取り分け,,,,,,no,SINGLE_SOURCE,no,no,no,,no,,,,MANUAL_VERIFY_SOURCE,P4,Exact written-form + reading was not resolved in the JMdict common/JLPT subset; verify source spelling and lexical status before adding.
蕩ける,とろける,N1,"{""N1"": 1}","{""waller-derived"": ""N1""}",openjlpt|waller,waller-derived,1,lexical,to be enchanted with,same-reading-different-writing|same-jmdict-entry,とろける,,とろける,とろける,N1,とろける|溶ろける|盪ける|蕩ける,yes,SINGLE_SOURCE,yes,no,no,N1,no,rK:rarely used kanji form | uk:word usually written using kana alone,v1:Ichidan verb|vi:intransitive verb,to melt (and become soft or liquid); to be enchanted (by); to be charmed; to be bewitched,LOW_PRIORITY_RARE_VARIANT,P4,"Exact form exists but is rare/dialectal/obscure; valid form, lower study priority."
働,どう,N1,"{""N1"": 1}","{""waller-derived"": ""N1""}",openjlpt|waller,waller-derived,1,lexical,work; labor,same-reading-different-writing,どう|動|同|堂|胴|銅,,,,,,no,SINGLE_SOURCE,no,no,no,,no,,,,MANUAL_VERIFY_SOURCE,P4,Exact written-form + reading was not resolved in the JMdict common/JLPT subset; verify source spelling and lexical status before adding.
如何して,どうして,N1,"{""N1"": 1}","{""waller-derived"": ""N1""}",openjlpt|waller,waller-derived,1,lexical,why?; for what reason; how,same-reading-different-writing|same-jmdict-entry,どうして,,どうして,どうして,N5,どうして|どーして|如何して,yes,SINGLE_SOURCE,yes,no,yes,N5,yes,often as どうして、どうして | rK:rarely used kanji form | uk:word usually written using kana alone,adv:adverb (fukushi)|int:interjection (kandoushi),how; in what way; by what means; why; for what reason; for what purpose,LOW_PRIORITY_RARE_VARIANT,P4,"Exact form exists but is rare/dialectal/obscure; valid form, lower study priority."
如何しても,どうしても,N1,"{""N1"": 1}","{""waller-derived"": ""N1""}",openjlpt|waller,waller-derived,1,lexical,by all means; at any cost; no matter what,same-reading-different-writing|same-jmdict-entry,どうしても,,どうしても,どうしても,N3,どうしても|如何しても,yes,SINGLE_SOURCE,yes,no,yes,N3,yes,rK:rarely used kanji form | uk:word usually written using kana alone | with. neg. verb,"adv:adverb (fukushi)|exp:expressions (phrases, clauses, etc.)",by all means; at any cost; no matter what; at any rate; surely; whether (one is) willing or not,LOW_PRIORITY_RARE_VARIANT,P4,"Exact form exists but is rare/dialectal/obscure; valid form, lower study priority."
何卒,どうぞ,N1,"{""N1"": 1}","{""waller-derived"": ""N1""}",openjlpt,waller-derived,1,lexical,please; kindly; by all means,same-reading-different-writing|same-writing-different-reading,どうぞ,なにとぞ,,,,,no,SINGLE_SOURCE,no,no,no,,no,,,,MANUAL_VERIFY_SOURCE,P4,Exact written-form + reading was not resolved in the JMdict common/JLPT subset; verify source spelling and lexical status before adding.
何処か,どこか,N1,"{""N1"": 1}","{""waller-derived"": ""N1""}",openjlpt|waller,waller-derived,1,lexical,somewhere; anywhere; in some respects,same-reading-different-writing|same-jmdict-entry,どこか,,どこか,どこか,N5,どこか|どっか|何処か,yes,SINGLE_SOURCE,yes,no,yes,N3,yes,rK:rarely used kanji form | uk:word usually written using kana alone,adv:adverb (fukushi)|n:noun (common) (futsuumeishi),somewhere; in some respects; in some way,LOW_PRIORITY_RARE_VARIANT,P4,"Exact form exists but is rare/dialectal/obscure; valid form, lower study priority."
何方,どちら,N1,"{""N1"": 1}","{""waller-derived"": ""N1""}",openjlpt|waller,waller-derived,1,lexical,which; who,same-reading-different-writing|same-jmdict-entry,どちら,,どちら|どっち,どちら|どっち,N5,どちら|どっち|何方,yes,SINGLE_SOURCE,yes,no,yes,N5,yes,rK:rarely used kanji form | uk:word usually written using kana alone | どちら is polite,pn:pronoun,which way; which direction; where; which one (esp. of two alternatives); who,LOW_PRIORITY_RARE_VARIANT,P4,"Exact form exists but is rare/dialectal/obscure; valid form, lower study priority."
何れ,どれ,N1,"{""N1"": 1}","{""waller-derived"": ""N1""}",waller,waller-derived,1,lexical,"well, now, let me see, which (of three or more)",same-reading-different-writing|same-writing-different-reading|same-jmdict-entry,どれ,いずれ,どれ,どれ,N5,どれ|何れ,yes,SINGLE_SOURCE,yes,no,yes,N5,yes,rK:rarely used kanji form | uk:word usually written using kana alone,int:interjection (kandoushi)|pn:pronoun,which (of three or more); well; now; c'mon,LOW_PRIORITY_RARE_VARIANT,P4,"Exact form exists but is rare/dialectal/obscure; valid form, lower study priority."
何々,どれどれ,N1,"{""N1"": 1}","{""waller-derived"": ""N1""}",openjlpt,waller-derived,1,lexical,which (emphatic),fully-absent,,,,,,,no,SINGLE_SOURCE,no,no,no,,no,,,,MANUAL_VERIFY_SOURCE,P4,Exact written-form + reading was not resolved in the JMdict common/JLPT subset; verify source spelling and lexical status before adding.
何れ何れ,どれどれ,N1,"{""N1"": 1}","{""waller-derived"": ""N1""}",waller,waller-derived,1,lexical,which (emphatic),fully-absent,,,,,,,yes,SINGLE_SOURCE,yes,no,yes,N1,no,emphatic | rK:rarely used kanji form | uk:word usually written using kana alone | used when urging someone to do something,int:interjection (kandoushi)|pn:pronoun,which; well; now; c'mon,LOW_PRIORITY_RARE_VARIANT,P4,"Exact form exists but is rare/dialectal/obscure; valid form, lower study priority."
情無い,なさけない,N1,"{""N1"": 1}","{""community-independent"": ""N1""}",wordmaster,community-independent,1,lexical,"miserable, pitiable, shameful",same-reading-different-writing|same-jmdict-entry,情けない,,情けない,なさけない,N3,なさけない|なっさけない|情けない|情け無い|情ない|情無い,yes,SINGLE_SOURCE,yes,no,yes,,no,sK:search-only kanji form,adj-i:adjective (keiyoushi),miserable; pitiable; shameful; deplorable; pathetic,LOW_PRIORITY_ARCHAIC,P4,Exact form exists but carries archaic/obsolete/historical metadata; keep only if advanced/historical coverage is desired.
為さる,なさる,N1,"{""N1"": 1}","{""waller-derived"": ""N1""}",openjlpt|waller,waller-derived,1,lexical,to do,same-reading-different-writing|same-jmdict-entry,なさる,,なさる,なさる,N4,なさる|為さる|爲さる,yes,SINGLE_SOURCE,yes,no,yes,N4,yes,hon:honorific or respectful (sonkeigo) language | rK:rarely used kanji form | uk:word usually written using kana alone,v5aru:Godan verb - -aru special class|vt:transitive verb,to do,LOW_PRIORITY_RARE_VARIANT,P4,"Exact form exists but is rare/dialectal/obscure; valid form, lower study priority."
七日,なぬか,N1,"{""N1"": 1}","{""waller-derived"": ""N1""}",openjlpt|waller,waller-derived,1,lexical,seven days; the seventh day (of the month),same-writing-different-reading|same-jmdict-entry,,なのか,七日,なのか,N5,なぬか|なのか|七日|７日,yes,SINGLE_SOURCE,yes,yes,no,N5,yes,ok:out-dated or obsolete kana usage,n:noun (common) (futsuumeishi),7th day of the month; seven days,LOW_PRIORITY_ARCHAIC,P4,Exact form exists but carries archaic/obsolete/historical metadata; keep only if advanced/historical coverage is desired.
嘗める,なめる,N1,"{""N1"": 2}","{""community-independent"": ""N1"", ""waller-derived"": ""N1""}",openjlpt|waller|wordmaster,community-independent|waller-derived,2,lexical,to lick; to taste; to experience,same-reading-different-writing|same-jmdict-entry,なめる|舐める,,なめる|舐める,なめる,N1|N3,なめる|ナメる|嘗める|無礼る|甞める|舐める,yes,HIGH,yes,no,yes,N1,no,also written as ナメる and 無礼る | rK:rarely used kanji form | sk:search-only kana form | uk:word usually written using kana alone,v1:Ichidan verb|vt:transitive verb,to lick; to lap; to suck; to taste; to experience (esp. a hardship); to underestimate,LOW_PRIORITY_ARCHAIC,P4,Exact form exists but carries archaic/obsolete/historical metadata; keep only if advanced/historical coverage is desired.
平均,ならし,N1,"{""N1"": 1}","{""waller-derived"": ""N1""}",openjlpt,waller-derived,1,lexical,equilibrium; balance; average,same-writing-different-reading,,へいきん,,,,,no,SINGLE_SOURCE,no,no,no,,no,,,,MANUAL_VERIFY_SOURCE,P4,Exact written-form + reading was not resolved in the JMdict common/JLPT subset; verify source spelling and lexical status before adding.
成る丈,なるたけ,N1,"{""N1"": 1}","{""waller-derived"": ""N1""}",openjlpt|waller,waller-derived,1,lexical,as much as possible; if possible,fully-absent,,,,,,,yes,SINGLE_SOURCE,yes,no,no,N1,no,rK:rarely used kanji form | uk:word usually written using kana alone,adv:adverb (fukushi),as (much) as possible; as (much) as one can; wherever practicable; if possible,LOW_PRIORITY_RARE_VARIANT,P4,"Exact form exists but is rare/dialectal/obscure; valid form, lower study priority."
馴々しい,なれなれしい,N1,"{""N1"": 1}","{""community-independent"": ""N1""}",wordmaster,community-independent,1,lexical,"familiar, make free with",same-reading-different-writing|same-jmdict-entry,なれなれしい|馴れ馴れしい,,なれなれしい|馴れ馴れしい,なれなれしい,N1,なれなれしい|慣々しい|慣慣しい|狎れ狎れしい|馴々しい|馴れ馴れしい,yes,SINGLE_SOURCE,yes,no,yes,N1,no,sK:search-only kanji form,adj-i:adjective (keiyoushi),overly familiar; overfamiliar; too friendly; too free; cheeky,LOW_PRIORITY_ARCHAIC,P4,Exact form exists but carries archaic/obsolete/historical metadata; keep only if advanced/historical coverage is desired.
南,なん,N1,"{""N1"": 1}","{""waller-derived"": ""N1""}",openjlpt|waller,waller-derived,1,lexical,south,same-reading-different-writing|same-writing-different-reading,何|難,みなみ,,,,,no,SINGLE_SOURCE,no,no,no,,no,,,,MANUAL_VERIFY_SOURCE,P4,Exact written-form + reading was not resolved in the JMdict common/JLPT subset; verify source spelling and lexical status before adding.
面皰,にきび,N1,"{""N1"": 1}","{""waller-derived"": ""N1""}",openjlpt|waller,waller-derived,1,lexical,pimple; acne,same-reading-different-writing|same-jmdict-entry,にきび,,にきび,にきび,N1,にきび|ニキビ|面皰,yes,SINGLE_SOURCE,yes,no,yes,N1,no,gikun:gikun (meaning as reading) or jukujikun (special kanji reading) | rK:rarely used kanji form | uk:word usually written using kana alone,n:noun (common) (futsuumeishi),pimple; acne,LOW_PRIORITY_RARE_VARIANT,P4,"Exact form exists but is rare/dialectal/obscure; valid form, lower study priority."
悪い,にくい,N1,"{""N1"": 1}","{""waller-derived"": ""N1""}",openjlpt|waller,waller-derived,1,lexical,hateful; abominable; poor-looking,same-reading-different-writing|same-writing-different-reading|same-jmdict-entry,憎い,わるい,憎い,にくい,N2,にくい|ニクい|悪い|憎い,yes,SINGLE_SOURCE,yes,no,yes,N2,yes,after the -masu stem of a verb | sK:search-only kanji form | sk:search-only kana form | uk:word usually written using kana alone,adj-i:adjective (keiyoushi)|suf:suffix,hateful; detestable; abominable; vexing; provoking; amazing; difficult to ...; hard to ...,LOW_PRIORITY_ARCHAIC,P4,Exact form exists but carries archaic/obsolete/historical metadata; keep only if advanced/historical coverage is desired.
にせ物,にせもの,N1,"{""N1"": 1}","{""community-independent"": ""N1""}",wordmaster,community-independent,1,lexical,假货，赝品,same-reading-different-writing|same-jmdict-entry,偽物,,偽物,にせもの,N1,がんぶつ|ぎぶつ|にせもの|にせもん|にせ物|ニセモノ|ニセ物|偽もの|偽物|贋物,yes,SINGLE_SOURCE,yes,no,yes,N1,no,sK:search-only kanji form,n:noun (common) (futsuumeishi),spurious article; forgery; counterfeit; imitation; sham,LOW_PRIORITY_ARCHAIC,P4,Exact form exists but carries archaic/obsolete/historical metadata; keep only if advanced/historical coverage is desired.
捻子,ねじ,N1,"{""N1"": 1}","{""waller-derived"": ""N1""}",openjlpt|waller,waller-derived,1,lexical,screw; helix; spiral,same-reading-different-writing|same-jmdict-entry,ねじ|ネジ,,ねじ|ネジ,ねじ|ネジ,N2,ねじ|ネジ|捩子|捻子|螺子|螺旋,yes,SINGLE_SOURCE,yes,no,yes,N2,yes,gikun:gikun (meaning as reading) or jukujikun (special kanji reading) | rK:rarely used kanji form | uk:word usually written using kana alone,n:noun (common) (futsuumeishi),"screw; key (of a clock, watch, etc.); spring",LOW_PRIORITY_RARE_VARIANT,P4,"Exact form exists but is rare/dialectal/obscure; valid form, lower study priority."
灰皿,はいさら,N1,"{""N1"": 1}","{""waller-derived"": ""N1""}",openjlpt,waller-derived,1,lexical,ashtray,same-writing-different-reading,,はいざら,,,,,no,SINGLE_SOURCE,no,no,no,,no,,,,MANUAL_VERIFY_SOURCE,P4,Exact written-form + reading was not resolved in the JMdict common/JLPT subset; verify source spelling and lexical status before adding.
果ない,はかない,N1,"{""N1"": 1}","{""waller-derived"": ""N1""}",openjlpt|waller,waller-derived,1,lexical,fleeting; transient; short-lived,same-reading-different-writing|same-jmdict-entry,はかない|儚い,,はかない|儚い,はかない,N1,はかない|儚い|果ない|果敢ない|果敢無い|果無い,yes,SINGLE_SOURCE,yes,no,yes,N1,no,sK:search-only kanji form | uk:word usually written using kana alone,adj-i:adjective (keiyoushi),fleeting; transient; short-lived; momentary; ephemeral; fickle,LOW_PRIORITY_ARCHAIC,P4,Exact form exists but carries archaic/obsolete/historical metadata; keep only if advanced/historical coverage is desired.
叩く,はたく,N1,"{""N1"": 1}","{""community-independent"": ""N1""}",wordmaster,community-independent,1,lexical,"to strike, to clap, to dust, to beat",same-writing-different-reading,,たたく,,,,,no,SINGLE_SOURCE,no,no,no,,no,,,,MANUAL_VERIFY_SOURCE,P4,Exact written-form + reading was not resolved in the JMdict common/JLPT subset; verify source spelling and lexical status before adding.
填まる,はまる,N1,"{""N1"": 1}","{""waller-derived"": ""N1""}",openjlpt|waller,waller-derived,1,lexical,to get into; to go into; to fit,same-reading-different-writing|same-jmdict-entry,はまる|嵌まる|嵌る,,はまる|嵌まる|嵌る,はまる|ハマる,N1|N2,はまる|ハマる|塡まる|填まる|嵌まる|嵌る,yes,SINGLE_SOURCE,yes,no,yes,N1,no,rK:rarely used kanji form | uk:word usually written using kana alone,v5r:Godan verb with 'ru' ending|vi:intransitive verb,"to fit; to get into; to go into; to be fitted with (e.g. door with a window); to be fit for (a job, etc.); to be suited for",LOW_PRIORITY_RARE_VARIANT,P4,"Exact form exists but is rare/dialectal/obscure; valid form, lower study priority."
歯磨,はみがき,N1,"{""N1"": 1}","{""waller-derived"": ""N1""}",openjlpt|waller,waller-derived,1,lexical,dentifrice; toothpaste,same-reading-different-writing|same-jmdict-entry,歯磨き,,歯磨き,はみがき,N3,はみがき|歯みがき|歯磨|歯磨き,yes,SINGLE_SOURCE,yes,no,yes,N2,yes,sK:search-only kanji form,n:noun (common) (futsuumeishi)|vi:intransitive verb|vs:noun or participle which takes the aux. verb suru,dental brushing; brushing one's teeth; dentifrice; toothpaste; tooth powder,LOW_PRIORITY_ARCHAIC,P4,Exact form exists but carries archaic/obsolete/historical metadata; keep only if advanced/historical coverage is desired.
填める,はめる,N1,"{""N1"": 1}","{""waller-derived"": ""N1""}",openjlpt|waller,waller-derived,1,lexical,to get in; to insert; to put on,same-reading-different-writing|same-jmdict-entry,はめる|嵌める,,はめる|嵌める,はめる,N1|N2,はめる|ハメる|塡める|填める|嵌める|篏める,yes,SINGLE_SOURCE,yes,no,yes,N2,yes,col:colloquial | rK:rarely used kanji form | sk:search-only kana form | uk:word usually written using kana alone | usu. ハメる | vulg:vulgar expression or word,v1:Ichidan verb|vt:transitive verb,"to fit (e.g. a pane into a frame); to insert (e.g. a cork); to fasten (a button); to put on (something that envelops; e.g. a ring, gloves); to place (a hoop) around; to attach (e.g. a hose to a tap)",LOW_PRIORITY_ARCHAIC,P4,Exact form exists but carries archaic/obsolete/historical metadata; keep only if advanced/historical coverage is desired.
伐,ばつ,N1,"{""N1"": 1}","{""waller-derived"": ""N1""}",openjlpt|waller,waller-derived,1,lexical,strike; attack; punish,same-reading-different-writing,罰|閥,,,,,,no,SINGLE_SOURCE,no,no,no,,no,,,,MANUAL_VERIFY_SOURCE,P4,Exact written-form + reading was not resolved in the JMdict common/JLPT subset; verify source spelling and lexical status before adding.
発条,ばね,N1,"{""N1"": 1}","{""waller-derived"": ""N1""}",openjlpt|waller,waller-derived,1,lexical,spring (e.g. coil  leaf),same-reading-different-writing|same-jmdict-entry,ばね,,ばね,ばね,N1,ぜんまい|ばね|バネ|弾機|撥条|発条,yes,SINGLE_SOURCE,yes,no,yes,N2,yes,gikun:gikun (meaning as reading) or jukujikun (special kanji reading) | rK:rarely used kanji form | uk:word usually written using kana alone,n:noun (common) (futsuumeishi),spring (device); spring (in one's legs); bounce; springboard; impetus,LOW_PRIORITY_RARE_VARIANT,P4,"Exact form exists but is rare/dialectal/obscure; valid form, lower study priority."
散蒔く,ばらまく,N1,"{""N1"": 1}","{""waller-derived"": ""N1""}",openjlpt|waller,waller-derived,1,lexical,to disseminate; to scatter; to give money freely,same-reading-different-writing|same-jmdict-entry,ばらまく|ばら撒く,,ばらまく|ばら撒く,ばらまく,N1,ばらまく|ばら撒く|ばら蒔く|バラまく|バラ撒く|バラ蒔く|散播く|散蒔く,yes,SINGLE_SOURCE,yes,no,yes,N1,no,rK:rarely used kanji form | sk:search-only kana form | uk:word usually written using kana alone,v5k:Godan verb with 'ku' ending|vt:transitive verb,to scatter; to disseminate (e.g. a rumor); to spread (e.g. germs); to broadcast; to distribute widely (e.g. leaflets); to hand out freely,LOW_PRIORITY_ARCHAIC,P4,Exact form exists but carries archaic/obsolete/historical metadata; keep only if advanced/historical coverage is desired.
匹,ひき,N1,"{""N1"": 1}","{""waller-derived"": ""N1""}",openjlpt|waller,waller-derived,1,lexical,head; small animal counter; roll of cloth,fully-absent,,,,,,,yes,SINGLE_SOURCE,yes,yes,yes,N1,no,arch:archaic,ctr:counter|n:noun (common) (futsuumeishi),counter for small animals; counter for rolls of cloth (two han in size); counter for horses; roll of cloth,LOW_PRIORITY_ARCHAIC,P4,Exact form exists but carries archaic/obsolete/historical metadata; keep only if advanced/historical coverage is desired.
引下げる,ひきさげる,N1,"{""N1"": 1}","{""community-independent"": ""N1""}",wordmaster,community-independent,1,lexical,"to pull down, to lower, to reduce, to withdraw",fully-absent,,,,,,,yes,SINGLE_SOURCE,yes,no,yes,N1,no,sK:search-only kanji form,v1:Ichidan verb|vt:transitive verb,"to lower (a price, tax, standard, etc.); to bring down; to reduce; to cut; to demote; to withdraw (a proposal, request, etc.)",LOW_PRIORITY_ARCHAIC,P4,Exact form exists but carries archaic/obsolete/historical metadata; keep only if advanced/historical coverage is desired.
引取る,ひきとる,N1,"{""N1"": 1}","{""community-independent"": ""N1""}",wordmaster,community-independent,1,lexical,to take back; to adopt; to leave,same-reading-different-writing|same-jmdict-entry,引き取る,,引き取る,ひきとる,N2,ひきとる|引きとる|引き取る|引取る,yes,SINGLE_SOURCE,yes,no,yes,N1,no,sK:search-only kanji form,v5r:Godan verb with 'ru' ending|vt:transitive verb,"to take into one's possession; to receive; to accept; to collect; to claim; to take into one's care (e.g. person, pet)",LOW_PRIORITY_ARCHAIC,P4,Exact form exists but carries archaic/obsolete/historical metadata; keep only if advanced/historical coverage is desired.
一向,ひたすら,N1,"{""N1"": 1}","{""waller-derived"": ""N1""}",openjlpt|waller,waller-derived,1,lexical,earnestly,same-reading-different-writing|same-writing-different-reading|same-jmdict-entry,ひたすら,いっこう,ひたすら,ひたすら,N2,ひたすら|一向|只管|頓,yes,SINGLE_SOURCE,yes,no,yes,N1,no,rK:rarely used kanji form | uk:word usually written using kana alone,adj-na:adjectival nouns or quasi-adjectives (keiyodoshi)|adv:adverb (fukushi),intently; single-mindedly; devotedly; solely; earnestly; with all one's heart,LOW_PRIORITY_RARE_VARIANT,P4,"Exact form exists but is rare/dialectal/obscure; valid form, lower study priority."
人気,ひとけ,N1,"{""N1"": 1}","{""community-independent"": ""N1""}",wordmaster,community-independent,1,lexical,sign of life,same-writing-different-reading,,にんき,,,,,no,SINGLE_SOURCE,no,no,no,,no,,,,MANUAL_VERIFY_SOURCE,P4,Exact written-form + reading was not resolved in the JMdict common/JLPT subset; verify source spelling and lexical status before adding.
一筋,ひとすき,N1,"{""N1"": 1}","{""waller-derived"": ""N1""}",openjlpt,waller-derived,1,lexical,a line; earnestly; blindly,same-writing-different-reading,,ひとすじ,,,,,no,SINGLE_SOURCE,no,no,no,,no,,,,MANUAL_VERIFY_SOURCE,P4,Exact written-form + reading was not resolved in the JMdict common/JLPT subset; verify source spelling and lexical status before adding.
雛祭,ひなまつり,N1,"{""N1"": 1}","{""community-independent"": ""N1""}",wordmaster,community-independent,1,lexical,Girls' (dolls') Festival,same-reading-different-writing|same-jmdict-entry,ひな祭り|雛祭り,,ひな祭り|雛祭り,ひなまつり,N1,ひなまつり|ひな祭|ひな祭り|雛祭|雛祭り,yes,SINGLE_SOURCE,yes,no,yes,,no,sK:search-only kanji form,n:noun (common) (futsuumeishi),Hinamatsuri (March 3); Hina Matsuri; Girls' Festival; Dolls' Festival,LOW_PRIORITY_ARCHAIC,P4,Exact form exists but carries archaic/obsolete/historical metadata; keep only if advanced/historical coverage is desired.
ひび (かべの～),ひび (かべの～),N1,"{""N1"": 1}","{""community-independent"": ""N1""}",wordmaster,community-independent,1,lexical,"crack, fissure, flaw",fully-absent,,,,,,,no,SINGLE_SOURCE,no,no,no,,no,,,,MANUAL_VERIFY_SOURCE,P4,Exact written-form + reading was not resolved in the JMdict common/JLPT subset; verify source spelling and lexical status before adding.
吃驚,びっくり,N1,"{""N1"": 1}","{""waller-derived"": ""N1""}",openjlpt|waller,waller-derived,1,lexical,be surprised; be amazed; be frightened,same-reading-different-writing|same-jmdict-entry,びっくり,,びっくり,びっくり,N4,びっくり|ビックリ|吃驚|喫驚,yes,SINGLE_SOURCE,yes,no,yes,N4,yes,gikun:gikun (meaning as reading) or jukujikun (special kanji reading) | on-mim:onomatopoeic or mimetic word | rK:rarely used kanji form | uk:word usually written using kana alone,adj-f:noun or verb acting prenominally|adv:adverb (fukushi)|vi:intransitive verb|vs:noun or participle which takes the aux. verb suru,to be surprised; to be amazed; to be frightened; to be astonished; to get startled; to jump,LOW_PRIORITY_RARE_VARIANT,P4,"Exact form exists but is rare/dialectal/obscure; valid form, lower study priority."
復旧,ふくきゅう,N1,"{""N1"": 1}","{""waller-derived"": ""N1""}",openjlpt,waller-derived,1,lexical,restoration; restitution; rehabilitation,same-writing-different-reading,,ふっきゅう|ふっきゅうする,,,,,no,SINGLE_SOURCE,no,no,no,,no,,,,MANUAL_VERIFY_SOURCE,P4,Exact written-form + reading was not resolved in the JMdict common/JLPT subset; verify source spelling and lexical status before adding.
不山戯る,ふざける,N1,"{""N1"": 1}","{""waller-derived"": ""N1""}",openjlpt,waller-derived,1,lexical,to romp; to gambol; to frolic,same-reading-different-writing,ふざける,,,,,,no,SINGLE_SOURCE,no,no,no,,no,,,,MANUAL_VERIFY_SOURCE,P4,Exact written-form + reading was not resolved in the JMdict common/JLPT subset; verify source spelling and lexical status before adding.
不便,ふびん,N1,"{""N1"": 1}","{""waller-derived"": ""N1""}",openjlpt|waller,waller-derived,1,lexical,pity; compassion,same-writing-different-reading,,ふべん,,,,,yes,SINGLE_SOURCE,yes,no,no,N1,no,rK:rarely used kanji form,adj-na:adjectival nouns or quasi-adjectives (keiyodoshi)|n:noun (common) (futsuumeishi),poor; pitiful; piteous; pitiable,LOW_PRIORITY_RARE_VARIANT,P4,"Exact form exists but is rare/dialectal/obscure; valid form, lower study priority."
打付ける,ぶつける,N1,"{""N1"": 1}","{""waller-derived"": ""N1""}",openjlpt|waller,waller-derived,1,lexical,to knock; to run into; to nail on,same-reading-different-writing|same-jmdict-entry,ぶつける,,ぶつける,ぶつける,N3,ぶつける|打つける|打付ける,yes,SINGLE_SOURCE,yes,no,yes,N2,yes,rK:rarely used kanji form | uk:word usually written using kana alone,v1:Ichidan verb|vt:transitive verb,to hit (e.g. one's head); to strike; to knock; to run (into); to crash (into); to throw (at),LOW_PRIORITY_RARE_VARIANT,P4,"Exact form exists but is rare/dialectal/obscure; valid form, lower study priority."
縁,へり,N1,"{""N1"": 1}","{""community-independent"": ""N1""}",wordmaster,community-independent,1,lexical,edge,same-writing-different-reading,,えん|ふち,,,,,no,SINGLE_SOURCE,no,no,no,,no,,,,MANUAL_VERIFY_SOURCE,P4,Exact written-form + reading was not resolved in the JMdict common/JLPT subset; verify source spelling and lexical status before adding.
倣,ほう,N1,"{""N1"": 1}","{""waller-derived"": ""N1""}",openjlpt|waller,waller-derived,1,lexical,imitate; follow; emulate,same-reading-different-writing,ほう|報|方|法|砲,,,,,,no,SINGLE_SOURCE,no,no,no,,no,,,,MANUAL_VERIFY_SOURCE,P4,Exact written-form + reading was not resolved in the JMdict common/JLPT subset; verify source spelling and lexical status before adding.
干し～,ほし～,N1,"{""N1"": 1}","{""community-independent"": ""N1""}",wordmaster,community-independent,1,lexical,dried ~,fully-absent,,,,,,,no,SINGLE_SOURCE,no,no,no,,no,,,,MANUAL_VERIFY_SOURCE,P4,Exact written-form + reading was not resolved in the JMdict common/JLPT subset; verify source spelling and lexical status before adding.
保母,ほぼ,N1,"{""N1"": 1}","{""waller-derived"": ""N1""}",openjlpt|waller,waller-derived,1,lexical,day care worker in a kindergarten  nursery school  etc.,same-reading-different-writing|same-jmdict-entry,ほぼ,,ほぼ,ほぼ,N2,ほぼ|保姆|保母,yes,SINGLE_SOURCE,yes,yes,yes,N1,no,dated:dated term,n:noun (common) (futsuumeishi),(female) childcare worker; nursery school teacher,LOW_PRIORITY_ARCHAIC,P4,Exact form exists but carries archaic/obsolete/historical metadata; keep only if advanced/historical coverage is desired.
捕吏,ほり,N1,"{""N1"": 1}","{""waller-derived"": ""N1""}",openjlpt|waller,waller-derived,1,lexical,constable,same-reading-different-writing,堀,,,,,,yes,SINGLE_SOURCE,yes,no,no,N1,no,arch:archaic,n:noun (common) (futsuumeishi),constable; policeman,LOW_PRIORITY_ARCHAIC,P4,Exact form exists but carries archaic/obsolete/historical metadata; keep only if advanced/historical coverage is desired.
卯,ぼう,N1,"{""N1"": 1}","{""waller-derived"": ""N1""}",openjlpt|waller,waller-derived,1,lexical,fourth sign of Chinese zodiac (The Hare  5am-7am  east  February),same-reading-different-writing|same-writing-different-reading|same-jmdict-entry,棒,う,卯,う,N1,う|ぼう|卯,yes,SINGLE_SOURCE,yes,yes,no,N1,no,obs:obsolete term,n:noun (common) (futsuumeishi),"the Rabbit (fourth sign of the Chinese zodiac); the Hare; hour of the Rabbit (around 6am, 5-7am, or 6-8am); east; second month in the lunar calendar",LOW_PRIORITY_ARCHAIC,P4,Exact form exists but carries archaic/obsolete/historical metadata; keep only if advanced/historical coverage is desired.
藍褸,ぼろ,N1,"{""N1"": 1}","{""waller-derived"": ""N1""}",openjlpt,waller-derived,1,lexical,rag; scrap; tattered clothes,same-reading-different-writing,襤褸,,,,,,no,SINGLE_SOURCE,no,no,no,,no,,,,MANUAL_VERIFY_SOURCE,P4,Exact written-form + reading was not resolved in the JMdict common/JLPT subset; verify source spelling and lexical status before adding.
マイ～,マイ～,N1,"{""N1"": 1}","{""community-independent"": ""N1""}",wordmaster,community-independent,1,lexical,"my ~, one's own ~",fully-absent,,,,,,,no,SINGLE_SOURCE,no,no,no,,no,,,,MANUAL_VERIFY_SOURCE,P4,Exact written-form + reading was not resolved in the JMdict common/JLPT subset; verify source spelling and lexical status before adding.
マイクロフォン,マイクロフォン,N1,"{""N1"": 1}","{""community-independent"": ""N1""}",wordmaster,community-independent,1,kana/loanword,microphone,fully-absent,,,,,,,no,SINGLE_SOURCE,no,no,no,,no,,,,MANUAL_VERIFY_SOURCE,P4,Exact written-form + reading was not resolved in the JMdict common/JLPT subset; verify source spelling and lexical status before adding.
巻,まき,N1,"{""N1"": 1}","{""waller-derived"": ""N1""}",openjlpt|waller,waller-derived,1,lexical,volume,same-reading-different-writing|same-writing-different-reading,薪,かん,,,,,yes,SINGLE_SOURCE,yes,yes,yes,N1,no,rare:rare term,n:noun (common) (futsuumeishi),roll (e.g. of cloth); winding (e.g. watch); volume (of book); speeding up; heel (of a Japanese sandal),LOW_PRIORITY_RARE_VARIANT,P4,"Exact form exists but is rare/dialectal/obscure; valid form, lower study priority."
真心,まこころ,N1,"{""N1"": 1}","{""waller-derived"": ""N1""}",openjlpt|waller,waller-derived,1,lexical,sincerity; devotion,same-writing-different-reading|same-jmdict-entry,,まごころ,真心,まごころ,N1,まこころ|まごころ|真心,yes,SINGLE_SOURCE,yes,yes,no,N1,no,ok:out-dated or obsolete kana usage,adj-no:nouns which may take the genitive case particle 'no'|n:noun (common) (futsuumeishi),sincerity; true heart; devotion,LOW_PRIORITY_ARCHAIC,P4,Exact form exists but carries archaic/obsolete/historical metadata; keep only if advanced/historical coverage is desired.
間誤付く,まごつく,N1,"{""N1"": 1}","{""waller-derived"": ""N1""}",waller,waller-derived,1,lexical,"to be confused, to be flustered",same-reading-different-writing|same-jmdict-entry,まごつく,,まごつく,まごつく,N1,まごつく|間誤つく|間誤付く,yes,SINGLE_SOURCE,yes,no,no,N1,no,col:colloquial | sK:search-only kanji form,v5k:Godan verb with 'ku' ending|vi:intransitive verb,to be confused; to be flustered; to be at a loss; to loiter; to hang around; to wander around,LOW_PRIORITY_ARCHAIC,P4,Exact form exists but carries archaic/obsolete/historical metadata; keep only if advanced/historical coverage is desired.
況して,まして,N1,"{""N1"": 1}","{""waller-derived"": ""N1""}",openjlpt|waller,waller-derived,1,lexical,still more; still less (with neg. verb); to say nothing of,same-reading-different-writing|same-jmdict-entry,まして,,まして,まして,N3,まして|増して|況して,yes,SINGLE_SOURCE,yes,no,yes,N1,no,rK:rarely used kanji form | uk:word usually written using kana alone | with neg. verb,"adv:adverb (fukushi)|exp:expressions (phrases, clauses, etc.)",still more; to say nothing of; not to mention; still less,LOW_PRIORITY_RARE_VARIANT,P4,"Exact form exists but is rare/dialectal/obscure; valid form, lower study priority."
またがる (うまを～),またがる (うまを～),N1,"{""N1"": 1}","{""community-independent"": ""N1""}",wordmaster,community-independent,1,lexical,to straddle,fully-absent,,,,,,,no,SINGLE_SOURCE,no,no,no,,no,,,,MANUAL_VERIFY_SOURCE,P4,Exact written-form + reading was not resolved in the JMdict common/JLPT subset; verify source spelling and lexical status before adding.
区々,まちまち,N1,"{""N1"": 1}","{""waller-derived"": ""N1""}",openjlpt|waller,waller-derived,1,lexical,1.  several; various; divergent,same-reading-different-writing|same-jmdict-entry,まちまち,,まちまち,まちまち,N1,まちまち|区々|区区,yes,SINGLE_SOURCE,yes,no,yes,N1,no,rK:rarely used kanji form | uk:word usually written using kana alone,adj-na:adjectival nouns or quasi-adjectives (keiyodoshi)|adj-no:nouns which may take the genitive case particle 'no'|n:noun (common) (futsuumeishi),various; diverse; different; divergent; divided; conflicting,LOW_PRIORITY_RARE_VARIANT,P4,"Exact form exists but is rare/dialectal/obscure; valid form, lower study priority."
目蓋,まぶた,N1,"{""N1"": 1}","{""waller-derived"": ""N1""}",openjlpt|waller,waller-derived,1,lexical,eyelid,same-reading-different-writing|same-jmdict-entry,瞼,,瞼,まぶた,N2,まぶた|目蓋|眼蓋|瞼,yes,SINGLE_SOURCE,yes,no,yes,N2,yes,rK:rarely used kanji form | uk:word usually written using kana alone,n:noun (common) (futsuumeishi),eyelid,LOW_PRIORITY_RARE_VARIANT,P4,"Exact form exists but is rare/dialectal/obscure; valid form, lower study priority."
丸で,まるで,N1,"{""N1"": 1}","{""waller-derived"": ""N1""}",openjlpt|waller,waller-derived,1,lexical,quite; entirely; completely,same-reading-different-writing|same-jmdict-entry,まるで,,まるで,まるで,N3,まるで|丸で,yes,SINGLE_SOURCE,yes,no,yes,N3,yes,rK:rarely used kanji form | uk:word usually written using kana alone | usu. followed by a form of ようだ or みたいだ | with neg. sentence,adv:adverb (fukushi),as if; as though; just like; much as; exactly like; as it were,LOW_PRIORITY_RARE_VARIANT,P4,"Exact form exists but is rare/dialectal/obscure; valid form, lower study priority."
三日月,みかずき,N1,"{""N1"": 1}","{""waller-derived"": ""N1""}",openjlpt,waller-derived,1,lexical,new moon; crescent moon,same-writing-different-reading|same-jmdict-entry,,みかづき,三日月,みかづき,N1,みかずき|みかづき|三日月,yes,SINGLE_SOURCE,yes,yes,no,N2,yes,sk:search-only kana form,n:noun (common) (futsuumeishi),crescent moon; young moon,LOW_PRIORITY_ARCHAIC,P4,Exact form exists but carries archaic/obsolete/historical metadata; keep only if advanced/historical coverage is desired.
見せ物,みせもの,N1,"{""N1"": 2}","{""community-independent"": ""N1"", ""waller-derived"": ""N1""}",openjlpt|waller|wordmaster,community-independent|waller-derived,2,lexical,show; exhibition,same-reading-different-writing|same-jmdict-entry,見世物,,見世物,みせもの,N1,みせもの|見せ物|見世物,yes,HIGH,yes,no,no,N1,no,hist:historical term,n:noun (common) (futsuumeishi),misemono; type of Edo- and Meiji-period side show often held outdoors or in small temporarily erected shacks on temple and shrine grounds; show; exhibition; spectacle; freakshow,LOW_PRIORITY_ARCHAIC,P4,Exact form exists but carries archaic/obsolete/historical metadata; keep only if advanced/historical coverage is desired.
見っともない,みっともない,N1,"{""N1"": 1}","{""waller-derived"": ""N1""}",openjlpt|waller,waller-derived,1,lexical,shameful; indecent,same-reading-different-writing|same-jmdict-entry,みっともない,,みっともない,みっともない,N1,みっともない|見っともない|見っとも無い,yes,SINGLE_SOURCE,yes,no,yes,N2,yes,rK:rarely used kanji form | uk:word usually written using kana alone,adj-i:adjective (keiyoushi),shameful; disgraceful; unsightly; indecent; unseemly; unbecoming,LOW_PRIORITY_RARE_VARIANT,P4,"Exact form exists but is rare/dialectal/obscure; valid form, lower study priority."
藻掻く,もがく,N1,"{""N1"": 1}","{""waller-derived"": ""N1""}",openjlpt|waller,waller-derived,1,lexical,to struggle; to wriggle; to be impatient,same-reading-different-writing|same-jmdict-entry,もがく,,もがく,もがく,N1,もがく|藻掻く|藻搔く|踠く,yes,SINGLE_SOURCE,yes,no,yes,N1,no,ateji:ateji (phonetic) reading | rK:rarely used kanji form | uk:word usually written using kana alone,v5k:Godan verb with 'ku' ending|vi:intransitive verb,to struggle; to writhe; to wriggle; to squirm; to act frantically; to make desperate efforts,LOW_PRIORITY_RARE_VARIANT,P4,"Exact form exists but is rare/dialectal/obscure; valid form, lower study priority."
齎らす,もたらす,N1,"{""N1"": 1}","{""waller-derived"": ""N1""}",openjlpt|waller,waller-derived,1,lexical,to bring; to take; to bring about,same-reading-different-writing|same-jmdict-entry,もたらす,,もたらす,もたらす,N2,もたらす|もらたす|持たらす|齎す|齎らす,yes,SINGLE_SOURCE,yes,no,yes,N1,no,sK:search-only kanji form | uk:word usually written using kana alone,v5s:Godan verb with 'su' ending|vt:transitive verb,"to bring (news, knowledge, etc.); to introduce; to bring about; to cause; to produce (e.g. results)",LOW_PRIORITY_ARCHAIC,P4,Exact form exists but carries archaic/obsolete/historical metadata; keep only if advanced/historical coverage is desired.
物体ない,もったいない,N1,"{""N1"": 1}","{""waller-derived"": ""N1""}",openjlpt|waller,waller-derived,1,lexical,too good; more than one deserves; wasteful,same-reading-different-writing|same-jmdict-entry,もったいない|勿体ない|勿体無い,,もったいない|勿体ない|勿体無い,もったいない,N1|N2|N3,もったいない|勿体ない|勿体無い|物体ない|物体無い,yes,SINGLE_SOURCE,yes,no,yes,N2,yes,sK:search-only kanji form | uk:word usually written using kana alone,adj-i:adjective (keiyoushi),wasteful; a waste; too good; more than one deserves; unworthy of; impious,LOW_PRIORITY_ARCHAIC,P4,Exact form exists but carries archaic/obsolete/historical metadata; keep only if advanced/historical coverage is desired.
諸に,もろに,N1,"{""N1"": 1}","{""waller-derived"": ""N1""}",waller,waller-derived,1,lexical,"completely, all the way",same-reading-different-writing|same-jmdict-entry,もろに,,もろに,もろに,N1,もろに|モロに|諸に,yes,SINGLE_SOURCE,yes,no,no,N1,no,rK:rarely used kanji form | uk:word usually written using kana alone,adv:adverb (fukushi),completely; all the way; altogether; bodily,LOW_PRIORITY_RARE_VARIANT,P4,"Exact form exists but is rare/dialectal/obscure; valid form, lower study priority."
哉,や,N1,"{""N1"": 1}","{""waller-derived"": ""N1""}",openjlpt,waller-derived,1,lexical,question mark,same-reading-different-writing,や|矢,,,,,,no,SINGLE_SOURCE,no,no,no,,no,,,,MANUAL_VERIFY_SOURCE,P4,Exact written-form + reading was not resolved in the JMdict common/JLPT subset; verify source spelling and lexical status before adding.
軈て,やがて,N1,"{""N1"": 1}","{""waller-derived"": ""N1""}",openjlpt|waller,waller-derived,1,lexical,before long; soon; at length,same-reading-different-writing|same-jmdict-entry,やがて,,やがて,やがて,N2,やがて|漸て|軈て|頓て,yes,SINGLE_SOURCE,yes,no,yes,N3,yes,rK:rarely used kanji form | uk:word usually written using kana alone,adv:adverb (fukushi),before long; soon; shortly; almost; nearly; finally,LOW_PRIORITY_RARE_VARIANT,P4,"Exact form exists but is rare/dialectal/obscure; valid form, lower study priority."
矢鱈,やたら,N1,"{""N1"": 1}","{""waller-derived"": ""N1""}",waller,waller-derived,1,lexical,"randomly, recklessly, blindly",same-reading-different-writing|same-jmdict-entry,やたら,,やたら,やたら,N1,やたら|矢鱈,yes,SINGLE_SOURCE,yes,no,yes,N2,yes,ateji:ateji (phonetic) reading | rK:rarely used kanji form | uk:word usually written using kana alone,adj-na:adjectival nouns or quasi-adjectives (keiyodoshi)|adv-to:adverb taking the 'to' particle|adv:adverb (fukushi),indiscriminately; blindly; at random; recklessly; thoughtlessly; excessively,LOW_PRIORITY_RARE_VARIANT,P4,"Exact form exists but is rare/dialectal/obscure; valid form, lower study priority."
矢鱈に,やたらに,N1,"{""N1"": 1}","{""waller-derived"": ""N1""}",openjlpt,waller-derived,1,lexical,randomly; recklessly; blindly,fully-absent,,,,,,,no,SINGLE_SOURCE,no,no,no,,no,,,,MANUAL_VERIFY_SOURCE,P4,Exact written-form + reading was not resolved in the JMdict common/JLPT subset; verify source spelling and lexical status before adding.
矢っ張り,やっぱり,N1,"{""N1"": 1}","{""waller-derived"": ""N1""}",openjlpt|waller,waller-derived,1,lexical,also; as I thought; still,same-reading-different-writing|same-jmdict-entry,やっぱり,,やっぱり,やっぱり,N4,やっぱり|矢っ張り,yes,SINGLE_SOURCE,yes,no,yes,N4,yes,ateji:ateji (phonetic) reading | rK:rarely used kanji form | uk:word usually written using kana alone,adv:adverb (fukushi),as expected; sure enough; just as one thought; after all (is said and done); in the end; as one would expect,LOW_PRIORITY_RARE_VARIANT,P4,"Exact form exists but is rare/dialectal/obscure; valid form, lower study priority."
稍,やや,N1,"{""N1"": 1}","{""waller-derived"": ""N1""}",openjlpt|waller,waller-derived,1,lexical,a little; partially; somewhat,same-reading-different-writing|same-jmdict-entry,やや,,やや,やや,N2,やや|漸|稍,yes,SINGLE_SOURCE,yes,no,yes,N1,no,rK:rarely used kanji form | uk:word usually written using kana alone,adj-f:noun or verb acting prenominally|adv:adverb (fukushi),a little; partially; somewhat; slightly; semi-; -ish,LOW_PRIORITY_RARE_VARIANT,P4,"Exact form exists but is rare/dialectal/obscure; valid form, lower study priority."
故,ゆえ,N1,"{""N1"": 1}","{""community-independent"": ""N1""}",wordmaster,community-independent,1,lexical,"reason, cause, circumstances",fully-absent,,,,,,,no,SINGLE_SOURCE,no,no,no,,no,,,,MANUAL_VERIFY_SOURCE,P4,Exact written-form + reading was not resolved in the JMdict common/JLPT subset; verify source spelling and lexical status before adding.
寄こす,よこす,N1,"{""N1"": 1}","{""waller-derived"": ""N1""}",openjlpt,waller-derived,1,lexical,to send; to forward,same-reading-different-writing|same-jmdict-entry,よこす|寄越す,,よこす|寄越す,よこす,N1|N2,よこす|寄こす|寄越す|遣す,yes,SINGLE_SOURCE,yes,no,yes,N2,yes,sK:search-only kanji form | uk:word usually written using kana alone,v5s:Godan verb with 'su' ending|vt:transitive verb,to send; to forward; to hand over (e.g. money),LOW_PRIORITY_ARCHAIC,P4,Exact form exists but carries archaic/obsolete/historical metadata; keep only if advanced/historical coverage is desired.
良し,よし,N1,"{""N1"": 1}","{""community-independent"": ""N1""}",wordmaster,community-independent,1,lexical,all right!,same-reading-different-writing,よし|由,,,,,,no,SINGLE_SOURCE,no,no,no,,no,,,,MANUAL_VERIFY_SOURCE,P4,Exact written-form + reading was not resolved in the JMdict common/JLPT subset; verify source spelling and lexical status before adding.
よし (かん),よし (かん),N1,"{""N1"": 1}","{""community-independent"": ""N1""}",wordmaster,community-independent,1,lexical,all right!,fully-absent,,,,,,,no,SINGLE_SOURCE,no,no,no,,no,,,,MANUAL_VERIFY_SOURCE,P4,Exact written-form + reading was not resolved in the JMdict common/JLPT subset; verify source spelling and lexical status before adding.
依って,よって,N1,"{""N1"": 1}","{""waller-derived"": ""N1""}",openjlpt|waller,waller-derived,1,lexical,therefore; consequently; accordingly,same-reading-different-writing|same-jmdict-entry,よって,,よって,よって,N1,よって|仍って|仍て|依って|依て|因って,yes,SINGLE_SOURCE,yes,no,no,N1,no,rK:rarely used kanji form | uk:word usually written using kana alone,conj:conjunction,therefore; consequently; accordingly; for that reason,LOW_PRIORITY_RARE_VARIANT,P4,"Exact form exists but is rare/dialectal/obscure; valid form, lower study priority."
よって (よりどころ),よって (よりどころ),N1,"{""N1"": 1}","{""community-independent"": ""N1""}",wordmaster,community-independent,1,lexical,"therefore, consequently",fully-absent,,,,,,,no,SINGLE_SOURCE,no,no,no,,no,,,,MANUAL_VERIFY_SOURCE,P4,Exact written-form + reading was not resolved in the JMdict common/JLPT subset; verify source spelling and lexical status before adding.
余っ程,よっぽど,N1,"{""N1"": 1}","{""waller-derived"": ""N1""}",waller,waller-derived,1,lexical,"very, greatly, much, to a large extent, quite",fully-absent,,,,,,,yes,SINGLE_SOURCE,yes,no,yes,N1,no,rK:rarely used kanji form | uk:word usually written using kana alone | 余 is ateji,adj-na:adjectival nouns or quasi-adjectives (keiyodoshi)|adj-no:nouns which may take the genitive case particle 'no'|adv:adverb (fukushi),very; greatly; much; considerably; to a large extent; quite,LOW_PRIORITY_RARE_VARIANT,P4,"Exact form exists but is rare/dialectal/obscure; valid form, lower study priority."
余程,よっぽど,N1,"{""N1"": 1}","{""waller-derived"": ""N1""}",openjlpt,waller-derived,1,lexical,very; greatly; much,same-writing-different-reading,,よほど,,,,,no,SINGLE_SOURCE,no,no,no,,no,,,,MANUAL_VERIFY_SOURCE,P4,Exact written-form + reading was not resolved in the JMdict common/JLPT subset; verify source spelling and lexical status before adding.
夜更し,よふかし,N1,"{""N1"": 1}","{""community-independent"": ""N1""}",wordmaster,community-independent,1,lexical,"staying up late, keeping late hours",same-reading-different-writing|same-jmdict-entry,夜更かし,,夜更かし,よふかし,N1,よふかし|夜ふかし|夜更かし|夜更し,yes,SINGLE_SOURCE,yes,no,yes,N1,no,sK:search-only kanji form,n:noun (common) (futsuumeishi)|vi:intransitive verb|vs:noun or participle which takes the aux. verb suru,staying up late; sitting up late at night; keeping late hours,LOW_PRIORITY_ARCHAIC,P4,Exact form exists but carries archaic/obsolete/historical metadata; keep only if advanced/historical coverage is desired.
立方,りっぽう,N1,"{""N1"": 1}","{""community-independent"": ""N1""}",wordmaster,community-independent,1,lexical,cube,same-reading-different-writing|same-writing-different-reading,立法,たちかた,,,,,no,SINGLE_SOURCE,no,no,no,,no,,,,MANUAL_VERIFY_SOURCE,P4,Exact written-form + reading was not resolved in the JMdict common/JLPT subset; verify source spelling and lexical status before adding.
我がまま,わがまま,N1,"{""N1"": 1}","{""waller-derived"": ""N1""}",openjlpt|waller,waller-derived,1,lexical,selfishness; egoism; wilfulness,same-reading-different-writing|same-jmdict-entry,わがまま|我儘,,わがまま|我儘,わがまま,N2|N3,わがまま|我がまま|我が侭|我が儘|我侭|我儘,yes,SINGLE_SOURCE,yes,no,yes,N3,yes,arch:archaic | uk:word usually written using kana alone,adj-na:adjectival nouns or quasi-adjectives (keiyodoshi)|n:noun (common) (futsuumeishi),selfish; egoist; self-indulgent; wilful; willful,LOW_PRIORITY_ARCHAIC,P4,Exact form exists but carries archaic/obsolete/historical metadata; keep only if advanced/historical coverage is desired.
態と,わざと,N1,"{""N1"": 1}","{""waller-derived"": ""N1""}",openjlpt|waller,waller-derived,1,lexical,on purpose,same-reading-different-writing|same-jmdict-entry,わざと,,わざと,わざと,N2,わざと|態と,yes,SINGLE_SOURCE,yes,no,yes,N3,yes,rK:rarely used kanji form | uk:word usually written using kana alone,adv:adverb (fukushi),on purpose; deliberately; intentionally,LOW_PRIORITY_RARE_VARIANT,P4,"Exact form exists but is rare/dialectal/obscure; valid form, lower study priority."
態々,わざわざ,N1,"{""N1"": 1}","{""waller-derived"": ""N1""}",openjlpt|waller,waller-derived,1,lexical,expressly; specially; doing something especially rather than incidentally,same-reading-different-writing|same-jmdict-entry,わざわざ,,わざわざ,わざわざ,N2,わざわざ|態々|態態,yes,SINGLE_SOURCE,yes,no,yes,N1,no,rK:rarely used kanji form | uk:word usually written using kana alone,adv:adverb (fukushi),expressly; especially; specially; taking the trouble (to do); going to the trouble of (doing); going out of one's way (to do),LOW_PRIORITY_RARE_VARIANT,P4,"Exact form exists but is rare/dialectal/obscure; valid form, lower study priority."
割込む,わりこむ,N1,"{""N1"": 1}","{""community-independent"": ""N1""}",wordmaster,community-independent,1,lexical,"to cut in, to disturb",same-reading-different-writing|same-jmdict-entry,割り込む,,割り込む,わりこむ,N2,わりこむ|わり込む|割りこむ|割り込む|割込む,yes,SINGLE_SOURCE,yes,no,yes,N1,no,sK:search-only kanji form,v5m:Godan verb with 'mu' ending|vt:transitive verb,"to cut into (a line, conversation, etc.); to force oneself into (e.g. a crowd); to wedge oneself into; to squeeze oneself into; to intrude on; to interrupt",LOW_PRIORITY_ARCHAIC,P4,Exact form exists but carries archaic/obsolete/historical metadata; keep only if advanced/historical coverage is desired.
