word,reading,consensus_level,level_votes,family_level_votes,reference_sources,reference_families,support_count,current_levels,current_sources,match_type
愛,あい,N3,"{""N3"": 2}","{""community-independent"": ""N3"", ""waller-derived"": ""N3""}",openjlpt|waller|wordmaster,community-independent|waller-derived,2,N4,runtime-core,exact
挨拶,あいさつ,N3,"{""N3"": 1}","{""waller-derived"": ""N3""}",openjlpt|waller,waller-derived,1,N4,runtime-core,exact
愛情,あいじょう,N3,"{""N3"": 2}","{""community-independent"": ""N3"", ""waller-derived"": ""N3""}",openjlpt|waller|wordmaster,community-independent|waller-derived,2,N2,runtime-core,exact
アイスクリーム,アイスクリーム,N3,"{""N3"": 2}","{""community-independent"": ""N3"", ""waller-derived"": ""N3""}",waller|wordmaster,community-independent|waller-derived,2,N4,runtime-core,exact
愛する,あいする,N3,"{""N3"": 2}","{""community-independent"": ""N3"", ""waller-derived"": ""N3""}",openjlpt|waller|wordmaster,community-independent|waller-derived,2,N4,runtime-core,exact
相手,あいて,N3,"{""N3"": 2}","{""community-independent"": ""N3"", ""waller-derived"": ""N3""}",openjlpt|waller|wordmaster,community-independent|waller-derived,2,N4,runtime-core,exact
アイデア,アイデア,N2,"{""N2"": 1}","{""waller-derived"": ""N2""}",waller,waller-derived,1,N4,runtime-core,exact
あいにく,あいにく,N3,"{""N3"": 2}","{""community-independent"": ""N3"", ""waller-derived"": ""N3""}",waller|wordmaster,community-independent|waller-derived,2,N2,runtime-core,exact
合間,あいま,N1,"{""N1"": 2}","{""community-independent"": ""N1"", ""waller-derived"": ""N1""}",openjlpt|waller|wordmaster,community-independent|waller-derived,2,N2,runtime-core,exact
アイロン,アイロン,N3,"{""N3"": 1}","{""waller-derived"": ""N3""}",waller,waller-derived,1,N2,runtime-core,exact
遭う,あう,N3,"{""N2"": 1, ""N3"": 1}","{""community-independent"": ""N3"", ""waller-derived"": ""N2""}",openjlpt|waller|wordmaster,community-independent|waller-derived,2,N2,runtime-core,exact
アウト,アウト,N3,"{""N3"": 2}","{""community-independent"": ""N3"", ""waller-derived"": ""N3""}",waller|wordmaster,community-independent|waller-derived,2,N2,runtime-core,exact
赤ちゃん,あかちゃん,N4,"{""N1"": 1, ""N4"": 1}","{""community-independent"": ""N4"", ""waller-derived"": ""N1""}",openjlpt|waller|wordmaster,community-independent|waller-derived,2,N3,runtime-core,exact
上がる,あがる,N4,"{""N1"": 1, ""N4"": 1}","{""community-independent"": ""N4"", ""waller-derived"": ""N1""}",openjlpt|waller|wordmaster,community-independent|waller-derived,2,N5,runtime-core,exact
明らか,あきらか,N3,"{""N3"": 2}","{""community-independent"": ""N3"", ""waller-derived"": ""N3""}",openjlpt|waller|wordmaster,community-independent|waller-derived,2,N2,runtime-core,exact
諦め,あきらめ,N1,"{""N1"": 2}","{""community-independent"": ""N1"", ""waller-derived"": ""N1""}",openjlpt|waller|wordmaster,community-independent|waller-derived,2,N3,runtime-core,exact
あきれる,あきれる,N2,"{""N2"": 1}","{""waller-derived"": ""N2""}",waller,waller-derived,1,N1,advanced-bundle,exact
悪,あく,N3,"{""N1"": 1, ""N3"": 1}","{""community-independent"": ""N3"", ""waller-derived"": ""N1""}",openjlpt|waller|wordmaster,community-independent|waller-derived,2,N1,advanced-bundle,exact
開く,あく,N5,"{""N5"": 2}","{""community-independent"": ""N5"", ""waller-derived"": ""N5""}",openjlpt|waller|wordmaster,community-independent|waller-derived,2,N4,runtime-core,exact
握手,あくしゅ,N3,"{""N3"": 2}","{""community-independent"": ""N3"", ""waller-derived"": ""N3""}",openjlpt|waller|wordmaster,community-independent|waller-derived,2,N2,runtime-core,exact
アクセサリー,アクセサリー,N4,"{""N4"": 2}","{""community-independent"": ""N4"", ""waller-derived"": ""N4""}",waller|wordmaster,community-independent|waller-derived,2,N2,runtime-core,exact
アクセル,アクセル,N1,"{""N1"": 2}","{""community-independent"": ""N1"", ""waller-derived"": ""N1""}",waller|wordmaster,community-independent|waller-derived,2,N2,runtime-core,exact
あくび,あくび,N2,"{""N2"": 1}","{""community-independent"": ""N2""}",wordmaster,community-independent,1,N3,runtime-core,exact
あげる,あげる,N4,"{""N4"": 2}","{""community-independent"": ""N4"", ""waller-derived"": ""N4""}",waller|wordmaster,community-independent|waller-derived,2,N5,runtime-core,exact
挙げる,あげる,N3,"{""N2"": 1, ""N3"": 1}","{""community-independent"": ""N3"", ""waller-derived"": ""N2""}",openjlpt|waller|wordmaster,community-independent|waller-derived,2,N2,runtime-core,exact
揚げる,あげる,N3,"{""N2"": 1, ""N3"": 1}","{""community-independent"": ""N3"", ""waller-derived"": ""N2""}",openjlpt|waller|wordmaster,community-independent|waller-derived,2,N2,runtime-core,exact
憧れ,あこがれ,N1,"{""N1"": 2}","{""community-independent"": ""N1"", ""waller-derived"": ""N1""}",openjlpt|waller|wordmaster,community-independent|waller-derived,2,N3,runtime-core,exact
憧れる,あこがれる,N2,"{""N2"": 2}","{""community-independent"": ""N2"", ""waller-derived"": ""N2""}",openjlpt|waller|wordmaster,community-independent|waller-derived,2,N3,runtime-core,exact
顎,あご,N1,"{""N1"": 2}","{""community-independent"": ""N1"", ""waller-derived"": ""N1""}",openjlpt|waller|wordmaster,community-independent|waller-derived,2,N3,runtime-core,exact
浅い,あさい,N4,"{""N4"": 2}","{""community-independent"": ""N4"", ""waller-derived"": ""N4""}",openjlpt|waller|wordmaster,community-independent|waller-derived,2,N3,runtime-core,exact
朝寝坊,あさねぼう,N2,"{""N1"": 1, ""N2"": 1}","{""community-independent"": ""N2"", ""waller-derived"": ""N1""}",openjlpt|waller|wordmaster,community-independent|waller-derived,2,N1,advanced-bundle,exact
鮮やか,あざやか,N1,"{""N1"": 2}","{""community-independent"": ""N1"", ""waller-derived"": ""N1""}",openjlpt|waller|wordmaster,community-independent|waller-derived,2,N2,runtime-core,exact
足跡,あしあと,N2,"{""N2"": 2}","{""community-independent"": ""N2"", ""waller-derived"": ""N2""}",openjlpt|waller|wordmaster,community-independent|waller-derived,2,N3,runtime-core,exact
足元,あしもと,N2,"{""N2"": 1}","{""community-independent"": ""N2""}",wordmaster,community-independent,1,N4,advanced-bundle,exact
アジア,アジア,N4,"{""N4"": 2}","{""community-independent"": ""N4"", ""waller-derived"": ""N4""}",waller|wordmaster,community-independent|waller-derived,2,N3,runtime-core,exact
味わい,あじわい,N1,"{""N1"": 2}","{""community-independent"": ""N1"", ""waller-derived"": ""N1""}",openjlpt|waller|wordmaster,community-independent|waller-derived,2,N2,runtime-core,exact
明日,あす,N4,"{""N4"": 2}","{""community-independent"": ""N4"", ""waller-derived"": ""N4""}",openjlpt|waller|wordmaster,community-independent|waller-derived,2,N3,runtime-core,exact
焦る,あせる,N1,"{""N1"": 2}","{""community-independent"": ""N1"", ""waller-derived"": ""N1""}",openjlpt|waller|wordmaster,community-independent|waller-derived,2,N2,runtime-core,exact
暖かい,あたたかい,N5,"{""N5"": 2}","{""community-independent"": ""N5"", ""waller-derived"": ""N5""}",openjlpt|waller|wordmaster,community-independent|waller-derived,2,N4,runtime-core,exact
温かい,あたたかい,N3,"{""N3"": 1}","{""community-independent"": ""N3""}",wordmaster,community-independent,1,N4,runtime-core,exact
温まる,あたたまる,N3,"{""N3"": 1}","{""community-independent"": ""N3""}",wordmaster,community-independent,1,N2,advanced-bundle,exact
暖める,あたためる,N3,"{""N2"": 1, ""N3"": 1}","{""community-independent"": ""N3"", ""waller-derived"": ""N2""}",openjlpt|waller|wordmaster,community-independent|waller-derived,2,N1,runtime-core,exact
当たり,あたり,N1,"{""N1"": 1}","{""waller-derived"": ""N1""}",openjlpt|waller,waller-derived,1,N3,runtime-core,exact
辺り,あたり,N3,"{""N3"": 2}","{""community-independent"": ""N3"", ""waller-derived"": ""N3""}",openjlpt|waller|wordmaster,community-independent|waller-derived,2,N4,runtime-core,exact
当たり前,あたりまえ,N3,"{""N1"": 1, ""N3"": 1}","{""community-independent"": ""N3"", ""waller-derived"": ""N1""}",openjlpt|waller|wordmaster,community-independent|waller-derived,2,N4,runtime-core,exact
当たる,あたる,N3,"{""N3"": 2}","{""community-independent"": ""N3"", ""waller-derived"": ""N3""}",openjlpt|waller|wordmaster,community-independent|waller-derived,2,N4,runtime-core,exact
あちらこちら,あちらこちら,N2,"{""N2"": 2}","{""community-independent"": ""N2"", ""waller-derived"": ""N2""}",waller|wordmaster,community-independent|waller-derived,2,N3,runtime-core,exact
あっ,あっ,N3,"{""N3"": 1}","{""waller-derived"": ""N3""}",waller,waller-derived,1,N4,advanced-bundle,exact
悪化,あっか,N1,"{""N1"": 2}","{""community-independent"": ""N1"", ""waller-derived"": ""N1""}",openjlpt|waller|wordmaster,community-independent|waller-derived,2,N2,runtime-core,exact
圧縮,あっしゅく,N2,"{""N2"": 2}","{""community-independent"": ""N2"", ""waller-derived"": ""N2""}",openjlpt|waller|wordmaster,community-independent|waller-derived,2,N1,runtime-core,exact
圧倒,あっとう,N1,"{""N1"": 1}","{""community-independent"": ""N1""}",wordmaster,community-independent,1,N2,runtime-core,exact
集まり,あつまり,N3,"{""N3"": 2}","{""community-independent"": ""N3"", ""waller-derived"": ""N3""}",openjlpt|waller|wordmaster,community-independent|waller-derived,2,N2,runtime-core,exact
宛名,あてな,N2,"{""N2"": 2}","{""community-independent"": ""N2"", ""waller-derived"": ""N2""}",openjlpt|waller|wordmaster,community-independent|waller-derived,2,N1,runtime-core,exact
当てはめる,あてはめる,N2,"{""N1"": 1, ""N2"": 1}","{""community-independent"": ""N2"", ""waller-derived"": ""N1""}",openjlpt|waller|wordmaster,community-independent|waller-derived,2,N1,runtime-core,exact
宛てる,あてる,N3,"{""N1"": 1, ""N3"": 1}","{""community-independent"": ""N3"", ""waller-derived"": ""N1""}",openjlpt|waller|wordmaster,community-independent|waller-derived,2,N1,advanced-bundle,exact
当てる,あてる,N3,"{""N3"": 2}","{""community-independent"": ""N3"", ""waller-derived"": ""N3""}",openjlpt|waller|wordmaster,community-independent|waller-derived,2,N4,runtime-core,exact
跡,あと,N3,"{""N3"": 2}","{""community-independent"": ""N3"", ""waller-derived"": ""N3""}",openjlpt|waller|wordmaster,community-independent|waller-derived,2,N1,runtime-core,exact
後回し,あとまわし,N1,"{""N1"": 2}","{""community-independent"": ""N1"", ""waller-derived"": ""N1""}",openjlpt|waller|wordmaster,community-independent|waller-derived,2,N2,runtime-core,exact
アフリカ,アフリカ,N4,"{""N4"": 2}","{""community-independent"": ""N4"", ""waller-derived"": ""N4""}",waller|wordmaster,community-independent|waller-derived,2,N2,runtime-core,exact
あふれる,あふれる,N2,"{""N2"": 2}","{""community-independent"": ""N2"", ""waller-derived"": ""N2""}",waller|wordmaster,community-independent|waller-derived,2,N3,runtime-core,exact
溢れる,あふれる,N1,"{""N1"": 1}","{""waller-derived"": ""N1""}",openjlpt|waller,waller-derived,1,N2,advanced-bundle,exact
脂,あぶら,N3,"{""N2"": 1, ""N3"": 1}","{""community-independent"": ""N3"", ""waller-derived"": ""N2""}",openjlpt|waller|wordmaster,community-independent|waller-derived,2,N2,advanced-bundle,exact
炙る,あぶる,N1,"{""N1"": 1}","{""waller-derived"": ""N1""}",openjlpt|waller,waller-derived,1,N2,advanced-bundle,exact
アプローチ,アプローチ,N1,"{""N1"": 2}","{""community-independent"": ""N1"", ""waller-derived"": ""N1""}",waller|wordmaster,community-independent|waller-derived,2,N2,runtime-core,exact
アマチュア,アマチュア,N1,"{""N1"": 2}","{""community-independent"": ""N1"", ""waller-derived"": ""N1""}",waller|wordmaster,community-independent|waller-derived,2,N2,runtime-core,exact
余る,あまる,N2,"{""N2"": 2}","{""community-independent"": ""N2"", ""waller-derived"": ""N2""}",openjlpt|waller|wordmaster,community-independent|waller-derived,2,N3,runtime-core,exact
編み物,あみもの,N2,"{""N2"": 1}","{""community-independent"": ""N2""}",wordmaster,community-independent,1,N1,runtime-core,exact
編む,あむ,N2,"{""N2"": 2}","{""community-independent"": ""N2"", ""waller-derived"": ""N2""}",openjlpt|waller|wordmaster,community-independent|waller-derived,2,N3,runtime-core,exact
アメリカ,アメリカ,N4,"{""N4"": 2}","{""community-independent"": ""N4"", ""waller-derived"": ""N4""}",waller|wordmaster,community-independent|waller-derived,2,N3,runtime-core,exact
危うい,あやうい,N2,"{""N2"": 2}","{""community-independent"": ""N2"", ""waller-derived"": ""N2""}",openjlpt|waller|wordmaster,community-independent|waller-derived,2,N1,runtime-core,exact
怪しい,あやしい,N2,"{""N2"": 2}","{""community-independent"": ""N2"", ""waller-derived"": ""N2""}",openjlpt|waller|wordmaster,community-independent|waller-derived,2,N3,runtime-core,exact
誤り,あやまり,N3,"{""N3"": 2}","{""community-independent"": ""N3"", ""waller-derived"": ""N3""}",openjlpt|waller|wordmaster,community-independent|waller-derived,2,N2,runtime-core,exact
誤る,あやまる,N1,"{""N1"": 2}","{""community-independent"": ""N1"", ""waller-derived"": ""N1""}",openjlpt|waller|wordmaster,community-independent|waller-derived,2,N2,runtime-core,exact
歩み,あゆみ,N1,"{""N1"": 2}","{""community-independent"": ""N1"", ""waller-derived"": ""N1""}",openjlpt|waller|wordmaster,community-independent|waller-derived,2,N2,runtime-core,exact
歩む,あゆむ,N1,"{""N1"": 2}","{""community-independent"": ""N1"", ""waller-derived"": ""N1""}",openjlpt|waller|wordmaster,community-independent|waller-derived,2,N2,runtime-core,exact
あら,あら,N1,"{""N1"": 1}","{""waller-derived"": ""N1""}",waller,waller-derived,1,N2,runtime-core,exact
粗い,あらい,N2,"{""N2"": 2}","{""community-independent"": ""N2"", ""waller-derived"": ""N2""}",openjlpt|waller|wordmaster,community-independent|waller-derived,2,N1,runtime-core,exact
荒らす,あらす,N1,"{""N1"": 2}","{""community-independent"": ""N1"", ""waller-derived"": ""N1""}",openjlpt|waller|wordmaster,community-independent|waller-derived,2,N2,runtime-core,exact
あらすじ,あらすじ,N2,"{""N2"": 1}","{""waller-derived"": ""N2""}",waller,waller-derived,1,N3,advanced-bundle,exact
争い,あらそい,N1,"{""N1"": 2}","{""community-independent"": ""N1"", ""waller-derived"": ""N1""}",openjlpt|waller|wordmaster,community-independent|waller-derived,2,N2,runtime-core,exact
争う,あらそう,N3,"{""N2"": 1, ""N3"": 1}","{""community-independent"": ""N3"", ""waller-derived"": ""N2""}",openjlpt|waller|wordmaster,community-independent|waller-derived,2,N2,runtime-core,exact
新た,あらた,N3,"{""N3"": 2}","{""community-independent"": ""N3"", ""waller-derived"": ""N3""}",openjlpt|waller|wordmaster,community-independent|waller-derived,2,N2,runtime-core,exact
改まる,あらたまる,N1,"{""N1"": 2}","{""community-independent"": ""N1"", ""waller-derived"": ""N1""}",openjlpt|waller|wordmaster,community-independent|waller-derived,2,N2,runtime-core,exact
現す,あらわす,N3,"{""N3"": 2}","{""community-independent"": ""N3"", ""waller-derived"": ""N3""}",openjlpt|waller|wordmaster,community-independent|waller-derived,2,N2,runtime-core,exact
著す,あらわす,N3,"{""N2"": 1, ""N3"": 1}","{""community-independent"": ""N3"", ""waller-derived"": ""N2""}",openjlpt|waller|wordmaster,community-independent|waller-derived,2,N2,advanced-bundle,exact
ありがとう,ありがとう,N3,"{""N3"": 2}","{""community-independent"": ""N3"", ""waller-derived"": ""N3""}",waller|wordmaster,community-independent|waller-derived,2,N5,runtime-core,exact
有難う,ありがとう,N1,"{""N1"": 1}","{""waller-derived"": ""N1""}",openjlpt|waller,waller-derived,1,N3,advanced-bundle,exact
ありのまま,ありのまま,N1,"{""N1"": 1}","{""community-independent"": ""N1""}",wordmaster,community-independent,1,N2,runtime-core,exact
あるいは,あるいは,N3,"{""N3"": 2}","{""community-independent"": ""N3"", ""waller-derived"": ""N3""}",waller|wordmaster,community-independent|waller-derived,2,N2,runtime-core,exact
或いは,あるいは,N1,"{""N1"": 1}","{""waller-derived"": ""N1""}",openjlpt|waller,waller-derived,1,N3,advanced-bundle,exact
あれこれ,あれこれ,N2,"{""N2"": 2}","{""community-independent"": ""N2"", ""waller-derived"": ""N2""}",waller|wordmaster,community-independent|waller-derived,2,N3,runtime-core,exact
合わせ,あわせ,N1,"{""N1"": 1}","{""waller-derived"": ""N1""}",openjlpt|waller,waller-derived,1,N3,runtime-core,exact
合わせる,あわせる,N3,"{""N3"": 2}","{""community-independent"": ""N3"", ""waller-derived"": ""N3""}",openjlpt|waller|wordmaster,community-independent|waller-derived,2,N4,runtime-core,exact
あわただしい,あわただしい,N2,"{""N2"": 1}","{""waller-derived"": ""N2""}",waller,waller-derived,1,N1,advanced-bundle,exact
安定,あんてい,N3,"{""N3"": 2}","{""community-independent"": ""N3"", ""waller-derived"": ""N3""}",openjlpt|waller|wordmaster,community-independent|waller-derived,2,N2,runtime-core,exact
あんな,あんな,N4,"{""N4"": 2}","{""community-independent"": ""N4"", ""waller-derived"": ""N4""}",waller|wordmaster,community-independent|waller-derived,2,N5,runtime-core,exact
案の定,あんのじょう,N1,"{""N1"": 2}","{""community-independent"": ""N1"", ""waller-derived"": ""N1""}",openjlpt|waller|wordmaster,community-independent|waller-derived,2,N2,runtime-core,exact
いい加減,いいかげん,N1,"{""N1"": 2}","{""community-independent"": ""N1"", ""waller-derived"": ""N1""}",openjlpt|waller|wordmaster,community-independent|waller-derived,2,N2,runtime-core,exact
言い付ける,いいつける,N2,"{""N2"": 2}","{""community-independent"": ""N2"", ""waller-derived"": ""N2""}",openjlpt|waller|wordmaster,community-independent|waller-derived,2,N1,advanced-bundle,exact
言い訳,いいわけ,N1,"{""N1"": 2}","{""community-independent"": ""N1"", ""waller-derived"": ""N1""}",openjlpt|waller|wordmaster,community-independent|waller-derived,2,N2,runtime-core,exact
医院,いいん,N3,"{""N3"": 1}","{""community-independent"": ""N3""}",wordmaster,community-independent,1,N1,runtime-core,exact
委員,いいん,N3,"{""N3"": 2}","{""community-independent"": ""N3"", ""waller-derived"": ""N3""}",openjlpt|waller|wordmaster,community-independent|waller-derived,2,N2,runtime-core,exact
如何,いかが,N1,"{""N1"": 1}","{""waller-derived"": ""N1""}",openjlpt|waller,waller-derived,1,N5,advanced-bundle,exact
生かす,いかす,N1,"{""N1"": 2}","{""community-independent"": ""N1"", ""waller-derived"": ""N1""}",openjlpt|waller|wordmaster,community-independent|waller-derived,2,N2,runtime-core,exact
いかに,いかに,N1,"{""N1"": 1}","{""community-independent"": ""N1""}",wordmaster,community-independent,1,N2,runtime-core,exact
いかにも,いかにも,N1,"{""N1"": 1}","{""community-independent"": ""N1""}",wordmaster,community-independent,1,N2,runtime-core,exact
怒り,いかり,N3,"{""N1"": 1, ""N3"": 1}","{""community-independent"": ""N3"", ""waller-derived"": ""N1""}",openjlpt|waller|wordmaster,community-independent|waller-derived,2,N2,runtime-core,exact
医学,いがく,N4,"{""N4"": 2}","{""community-independent"": ""N4"", ""waller-derived"": ""N4""}",openjlpt|waller|wordmaster,community-independent|waller-derived,2,N3,runtime-core,exact
息,いき,N3,"{""N3"": 2}","{""community-independent"": ""N3"", ""waller-derived"": ""N3""}",openjlpt|waller|wordmaster,community-independent|waller-derived,2,N4,runtime-core,exact
粋,いき,N3,"{""N1"": 1, ""N3"": 1}","{""community-independent"": ""N3"", ""waller-derived"": ""N1""}",openjlpt|waller|wordmaster,community-independent|waller-derived,2,N1,advanced-bundle,exact
経緯,いきさつ,N1,"{""N1"": 1}","{""waller-derived"": ""N1""}",openjlpt|waller,waller-derived,1,N4,advanced-bundle,exact
育成,いくせい,N1,"{""N1"": 2}","{""community-independent"": ""N1"", ""waller-derived"": ""N1""}",openjlpt|waller|wordmaster,community-independent|waller-derived,2,N2,runtime-core,exact
幾つ,いくつ,N3,"{""N3"": 1}","{""waller-derived"": ""N3""}",openjlpt|waller,waller-derived,1,N5,advanced-bundle,exact
幾ら,いくら,N3,"{""N3"": 1}","{""waller-derived"": ""N3""}",openjlpt|waller,waller-derived,1,N5,advanced-bundle,exact
生け花,いけばな,N2,"{""N2"": 2}","{""community-independent"": ""N2"", ""waller-derived"": ""N2""}",openjlpt|waller|wordmaster,community-independent|waller-derived,2,N3,runtime-core,exact
以降,いこう,N2,"{""N2"": 2}","{""community-independent"": ""N2"", ""waller-derived"": ""N2""}",openjlpt|waller|wordmaster,community-independent|waller-derived,2,N3,runtime-core,exact
移行,いこう,N1,"{""N1"": 2}","{""community-independent"": ""N1"", ""waller-derived"": ""N1""}",openjlpt|waller|wordmaster,community-independent|waller-derived,2,N2,runtime-core,exact
イコール,イコール,N2,"{""N2"": 2}","{""community-independent"": ""N2"", ""waller-derived"": ""N2""}",waller|wordmaster,community-independent|waller-derived,2,N1,runtime-core,exact
以後,いご,N2,"{""N2"": 2}","{""community-independent"": ""N2"", ""waller-derived"": ""N2""}",openjlpt|waller|wordmaster,community-independent|waller-derived,2,N1,runtime-core,exact
いざ,いざ,N1,"{""N1"": 2}","{""community-independent"": ""N1"", ""waller-derived"": ""N1""}",waller|wordmaster,community-independent|waller-derived,2,N3,runtime-core,exact
意思,いし,N3,"{""N3"": 2}","{""community-independent"": ""N3"", ""waller-derived"": ""N3""}",openjlpt|waller|wordmaster,community-independent|waller-derived,2,N2,runtime-core,exact
衣装,いしょう,N1,"{""N1"": 2}","{""community-independent"": ""N1"", ""waller-derived"": ""N1""}",openjlpt|waller|wordmaster,community-independent|waller-derived,2,N2,runtime-core,exact
衣食住,いしょくじゅう,N2,"{""N2"": 2}","{""community-independent"": ""N2"", ""waller-derived"": ""N2""}",openjlpt|waller|wordmaster,community-independent|waller-derived,2,N1,runtime-core,exact
維持,いじ,N3,"{""N3"": 2}","{""community-independent"": ""N3"", ""waller-derived"": ""N3""}",openjlpt|waller|wordmaster,community-independent|waller-derived,2,N2,runtime-core,exact
いじめる,いじめる,N4,"{""N4"": 2}","{""community-independent"": ""N4"", ""waller-derived"": ""N4""}",waller|wordmaster,community-independent|waller-derived,2,N1,runtime-core,exact
苛める,いじめる,N1,"{""N1"": 1}","{""waller-derived"": ""N1""}",openjlpt|waller,waller-derived,1,N4,advanced-bundle,exact
移住,いじゅう,N1,"{""N1"": 2}","{""community-independent"": ""N1"", ""waller-derived"": ""N1""}",openjlpt|waller|wordmaster,community-independent|waller-derived,2,N2,runtime-core,exact
意地悪,いじわる,N3,"{""N2"": 1, ""N3"": 1}","{""community-independent"": ""N3"", ""waller-derived"": ""N2""}",openjlpt|waller|wordmaster,community-independent|waller-derived,2,N2,runtime-core,exact
いす,いす,N5,"{""N5"": 1}","{""waller-derived"": ""N5""}",waller,waller-derived,1,N1,advanced-bundle,exact
いずれ,いずれ,N3,"{""N3"": 2}","{""community-independent"": ""N3"", ""waller-derived"": ""N3""}",waller|wordmaster,community-independent|waller-derived,2,N2,runtime-core,exact
何れ,いずれ,N1,"{""N1"": 1}","{""waller-derived"": ""N1""}",openjlpt|waller,waller-derived,1,N3,advanced-bundle,exact
以前,いぜん,N3,"{""N3"": 2}","{""community-independent"": ""N3"", ""waller-derived"": ""N3""}",openjlpt|waller|wordmaster,community-independent|waller-derived,2,N4,runtime-core,exact
依然,いぜん,N3,"{""N1"": 1, ""N3"": 1}","{""community-independent"": ""N3"", ""waller-derived"": ""N1""}",openjlpt|waller|wordmaster,community-independent|waller-derived,2,N2,runtime-core,exact
急ぐ,いそぐ,N4,"{""N4"": 2}","{""community-independent"": ""N4"", ""waller-derived"": ""N4""}",openjlpt|waller|wordmaster,community-independent|waller-derived,2,N5,runtime-core,exact
板,いた,N3,"{""N3"": 2}","{""community-independent"": ""N3"", ""waller-derived"": ""N3""}",openjlpt|waller|wordmaster,community-independent|waller-derived,2,N2,runtime-core,exact
致す,いたす,N4,"{""N4"": 2}","{""community-independent"": ""N4"", ""waller-derived"": ""N4""}",openjlpt|waller|wordmaster,community-independent|waller-derived,2,N3,runtime-core,exact
いたずら,いたずら,N3,"{""N3"": 1}","{""community-independent"": ""N3""}",wordmaster,community-independent,1,N1,runtime-core,exact
頂,いただき,N1,"{""N1"": 1}","{""waller-derived"": ""N1""}",openjlpt|waller,waller-derived,1,N2,runtime-core,exact
いただく,いただく,N4,"{""N4"": 1}","{""waller-derived"": ""N4""}",waller,waller-derived,1,N1,advanced-bundle,exact
頂く,いただく,N3,"{""N3"": 1}","{""waller-derived"": ""N3""}",openjlpt|waller,waller-derived,1,N5,runtime-core,exact
至って,いたって,N1,"{""N1"": 1}","{""waller-derived"": ""N1""}",openjlpt|waller,waller-derived,1,N2,runtime-core,exact
痛み,いたみ,N3,"{""N3"": 2}","{""community-independent"": ""N3"", ""waller-derived"": ""N3""}",openjlpt|waller|wordmaster,community-independent|waller-derived,2,N4,runtime-core,exact
痛む,いたむ,N1,"{""N1"": 1}","{""waller-derived"": ""N1""}",openjlpt|waller,waller-derived,1,N3,runtime-core,exact
傷める,いためる,N3,"{""N3"": 1}","{""community-independent"": ""N3""}",wordmaster,community-independent,1,N1,runtime-core,exact
炒める,いためる,N3,"{""N1"": 1, ""N3"": 1}","{""community-independent"": ""N3"", ""waller-derived"": ""N1""}",openjlpt|waller|wordmaster,community-independent|waller-derived,2,N1,advanced-bundle,exact
痛める,いためる,N1,"{""N1"": 1}","{""waller-derived"": ""N1""}",openjlpt|waller,waller-derived,1,N2,runtime-core,exact
至る,いたる,N3,"{""N3"": 2}","{""community-independent"": ""N3"", ""waller-derived"": ""N3""}",openjlpt|waller|wordmaster,community-independent|waller-derived,2,N2,runtime-core,exact
偉大,いだい,N3,"{""N3"": 2}","{""community-independent"": ""N3"", ""waller-derived"": ""N3""}",openjlpt|waller|wordmaster,community-independent|waller-derived,2,N2,runtime-core,exact
位置,いち,N3,"{""N3"": 2}","{""community-independent"": ""N3"", ""waller-derived"": ""N3""}",openjlpt|waller|wordmaster,community-independent|waller-derived,2,N4,runtime-core,exact
一々,いちいち,N1,"{""N1"": 1}","{""waller-derived"": ""N1""}",openjlpt|waller,waller-derived,1,N2,advanced-bundle,exact
一応,いちおう,N2,"{""N2"": 2}","{""community-independent"": ""N2"", ""waller-derived"": ""N2""}",openjlpt|waller|wordmaster,community-independent|waller-derived,2,N3,runtime-core,exact
著しい,いちじるしい,N1,"{""N1"": 2}","{""community-independent"": ""N1"", ""waller-derived"": ""N1""}",openjlpt|waller|wordmaster,community-independent|waller-derived,2,N2,runtime-core,exact
一段,いちだん,N2,"{""N2"": 1}","{""waller-derived"": ""N2""}",waller,waller-derived,1,N3,runtime-core,exact
一段と,いちだんと,N2,"{""N2"": 2}","{""community-independent"": ""N2"", ""waller-derived"": ""N2""}",openjlpt|wordmaster,community-independent|waller-derived,2,N1,advanced-bundle,exact
一度,いちど,N4,"{""N4"": 2}","{""community-independent"": ""N4"", ""waller-derived"": ""N4""}",openjlpt|waller|wordmaster,community-independent|waller-derived,2,N5,runtime-core,exact
一部,いちぶ,N1,"{""N1"": 1}","{""waller-derived"": ""N1""}",openjlpt|waller,waller-derived,1,N4,runtime-core,exact
一部分,いちぶぶん,N1,"{""N1"": 2}","{""community-independent"": ""N1"", ""waller-derived"": ""N1""}",openjlpt|waller|wordmaster,community-independent|waller-derived,2,N3,runtime-core,exact
一面,いちめん,N1,"{""N1"": 2}","{""community-independent"": ""N1"", ""waller-derived"": ""N1""}",openjlpt|waller|wordmaster,community-independent|waller-derived,2,N2,runtime-core,exact
一様,いちよう,N1,"{""N1"": 2}","{""community-independent"": ""N1"", ""waller-derived"": ""N1""}",openjlpt|waller|wordmaster,community-independent|waller-derived,2,N3,runtime-core,exact
一流,いちりゅう,N2,"{""N2"": 2}","{""community-independent"": ""N2"", ""waller-derived"": ""N2""}",openjlpt|waller|wordmaster,community-independent|waller-derived,2,N3,runtime-core,exact
一家,いっか,N3,"{""N3"": 2}","{""community-independent"": ""N3"", ""waller-derived"": ""N3""}",openjlpt|waller|wordmaster,community-independent|waller-derived,2,N1,runtime-core,exact
一括,いっかつ,N1,"{""N1"": 2}","{""community-independent"": ""N1"", ""waller-derived"": ""N1""}",openjlpt|waller|wordmaster,community-independent|waller-derived,2,N2,runtime-core,exact
一見,いっけん,N1,"{""N1"": 1}","{""community-independent"": ""N1""}",wordmaster,community-independent,1,N2,runtime-core,exact
一切,いっさい,N1,"{""N1"": 2}","{""community-independent"": ""N1"", ""waller-derived"": ""N1""}",openjlpt|waller|wordmaster,community-independent|waller-derived,2,N2,runtime-core,exact
一昨日,いっさくじつ,N2,"{""N2"": 2}","{""community-independent"": ""N2"", ""waller-derived"": ""N2""}",openjlpt|waller|wordmaster,community-independent|waller-derived,2,N3,runtime-core,exact
一種,いっしゅ,N3,"{""N3"": 2}","{""community-independent"": ""N3"", ""waller-derived"": ""N3""}",openjlpt|waller|wordmaster,community-independent|waller-derived,2,N2,runtime-core,exact
一瞬,いっしゅん,N3,"{""N3"": 2}","{""community-independent"": ""N3"", ""waller-derived"": ""N3""}",openjlpt|waller|wordmaster,community-independent|waller-derived,2,N2,runtime-core,exact
一生,いっしょう,N3,"{""N3"": 2}","{""community-independent"": ""N3"", ""waller-derived"": ""N3""}",openjlpt|waller|wordmaster,community-independent|waller-derived,2,N4,runtime-core,exact
一生懸命,いっしょうけんめい,N4,"{""N4"": 2}","{""community-independent"": ""N4"", ""waller-derived"": ""N4""}",openjlpt|waller|wordmaster,community-independent|waller-derived,2,N3,runtime-core,exact
いっそ,いっそ,N1,"{""N1"": 2}","{""community-independent"": ""N1"", ""waller-derived"": ""N1""}",waller|wordmaster,community-independent|waller-derived,2,N2,runtime-core,exact
一層,いっそう,N3,"{""N3"": 2}","{""community-independent"": ""N3"", ""waller-derived"": ""N3""}",openjlpt|waller|wordmaster,community-independent|waller-derived,2,N2,runtime-core,exact
一体,いったい,N3,"{""N3"": 2}","{""community-independent"": ""N3"", ""waller-derived"": ""N3""}",openjlpt|waller|wordmaster,community-independent|waller-derived,2,N2,runtime-core,exact
一帯,いったい,N3,"{""N1"": 1, ""N3"": 1}","{""community-independent"": ""N3"", ""waller-derived"": ""N1""}",openjlpt|waller|wordmaster,community-independent|waller-derived,2,N1,advanced-bundle,exact
一致,いっち,N3,"{""N3"": 2}","{""community-independent"": ""N3"", ""waller-derived"": ""N3""}",openjlpt|waller|wordmaster,community-independent|waller-derived,2,N2,runtime-core,exact
一変,いっぺん,N1,"{""N1"": 2}","{""community-independent"": ""N1"", ""waller-derived"": ""N1""}",openjlpt|waller|wordmaster,community-independent|waller-derived,2,N2,runtime-core,exact
一方,いっぽう,N3,"{""N3"": 2}","{""community-independent"": ""N3"", ""waller-derived"": ""N3""}",openjlpt|waller|wordmaster,community-independent|waller-derived,2,N4,runtime-core,exact
いつか,いつか,N3,"{""N3"": 1}","{""community-independent"": ""N3""}",wordmaster,community-independent,1,N5,runtime-core,exact
いつでも,いつでも,N3,"{""N3"": 2}","{""community-independent"": ""N3"", ""waller-derived"": ""N3""}",waller|wordmaster,community-independent|waller-derived,2,N5,runtime-core,exact
何時でも,いつでも,N1,"{""N1"": 1}","{""waller-derived"": ""N1""}",openjlpt|waller,waller-derived,1,N3,advanced-bundle,exact
何時までも,いつまでも,N1,"{""N1"": 1}","{""waller-derived"": ""N1""}",openjlpt|waller,waller-derived,1,N3,advanced-bundle,exact
何時も,いつも,N3,"{""N3"": 1}","{""waller-derived"": ""N3""}",openjlpt|waller,waller-derived,1,N5,advanced-bundle,exact
意図,いと,N1,"{""N1"": 2}","{""community-independent"": ""N1"", ""waller-derived"": ""N1""}",openjlpt|waller|wordmaster,community-independent|waller-derived,2,N2,runtime-core,exact
糸,いと,N4,"{""N4"": 2}","{""community-independent"": ""N4"", ""waller-derived"": ""N4""}",openjlpt|waller|wordmaster,community-independent|waller-derived,2,N3,runtime-core,exact
従姉妹,いとこ,N3,"{""N2"": 1, ""N3"": 1}","{""community-independent"": ""N3"", ""waller-derived"": ""N2""}",openjlpt|waller|wordmaster,community-independent|waller-derived,2,N2,advanced-bundle,exact
異動,いどう,N3,"{""N1"": 1, ""N3"": 1}","{""community-independent"": ""N3"", ""waller-derived"": ""N1""}",openjlpt|waller|wordmaster,community-independent|waller-derived,2,N1,runtime-core,exact
田舎,いなか,N4,"{""N4"": 2}","{""community-independent"": ""N4"", ""waller-derived"": ""N4""}",openjlpt|waller|wordmaster,community-independent|waller-derived,2,N3,runtime-core,exact
居眠り,いねむり,N3,"{""N3"": 2}","{""community-independent"": ""N3"", ""waller-derived"": ""N3""}",openjlpt|waller|wordmaster,community-independent|waller-derived,2,N2,runtime-core,exact
命,いのち,N3,"{""N3"": 2}","{""community-independent"": ""N3"", ""waller-derived"": ""N3""}",openjlpt|waller|wordmaster,community-independent|waller-derived,2,N4,runtime-core,exact
祈る,いのる,N4,"{""N4"": 2}","{""community-independent"": ""N4"", ""waller-derived"": ""N4""}",openjlpt|waller|wordmaster,community-independent|waller-derived,2,N2,runtime-core,exact
違反,いはん,N3,"{""N3"": 2}","{""community-independent"": ""N3"", ""waller-derived"": ""N3""}",openjlpt|waller|wordmaster,community-independent|waller-derived,2,N2,runtime-core,exact
意味,いみ,N5,"{""N5"": 2}","{""community-independent"": ""N5"", ""waller-derived"": ""N5""}",openjlpt|waller|wordmaster,community-independent|waller-derived,2,N4,runtime-core,exact
嫌,いや,N5,"{""N5"": 2}","{""community-independent"": ""N5"", ""waller-derived"": ""N5""}",openjlpt|waller|wordmaster,community-independent|waller-derived,2,N4,runtime-core,exact
嫌がる,いやがる,N2,"{""N2"": 2}","{""community-independent"": ""N2"", ""waller-derived"": ""N2""}",openjlpt|waller|wordmaster,community-independent|waller-derived,2,N3,runtime-core,exact
意欲,いよく,N1,"{""N1"": 2}","{""community-independent"": ""N1"", ""waller-derived"": ""N1""}",openjlpt|waller|wordmaster,community-independent|waller-derived,2,N2,runtime-core,exact
以来,いらい,N3,"{""N3"": 2}","{""community-independent"": ""N3"", ""waller-derived"": ""N3""}",openjlpt|waller|wordmaster,community-independent|waller-derived,2,N4,runtime-core,exact
依頼,いらい,N3,"{""N3"": 2}","{""community-independent"": ""N3"", ""waller-derived"": ""N3""}",openjlpt|waller|wordmaster,community-independent|waller-derived,2,N2,runtime-core,exact
いらいら,いらいら,N3,"{""N3"": 2}","{""community-independent"": ""N3"", ""waller-derived"": ""N3""}",waller|wordmaster,community-independent|waller-derived,2,N2,runtime-core,exact
苛々,いらいら,N1,"{""N1"": 1}","{""waller-derived"": ""N1""}",openjlpt|waller,waller-derived,1,N3,advanced-bundle,exact
いらっしゃる,いらっしゃる,N4,"{""N4"": 2}","{""community-independent"": ""N4"", ""waller-derived"": ""N4""}",waller|wordmaster,community-independent|waller-derived,2,N5,runtime-core,exact
医療,いりょう,N3,"{""N3"": 2}","{""community-independent"": ""N3"", ""waller-derived"": ""N3""}",openjlpt|waller|wordmaster,community-independent|waller-derived,2,N2,runtime-core,exact
衣料,いりょう,N3,"{""N1"": 1, ""N3"": 1}","{""community-independent"": ""N3"", ""waller-derived"": ""N1""}",openjlpt|waller|wordmaster,community-independent|waller-derived,2,N2,runtime-core,exact
衣類,いるい,N1,"{""N1"": 2}","{""community-independent"": ""N1"", ""waller-derived"": ""N1""}",openjlpt|waller|wordmaster,community-independent|waller-derived,2,N3,runtime-core,exact
入れ物,いれもの,N2,"{""N2"": 2}","{""community-independent"": ""N2"", ""waller-derived"": ""N2""}",openjlpt|waller|wordmaster,community-independent|waller-derived,2,N1,runtime-core,exact
祝う,いわう,N3,"{""N3"": 2}","{""community-independent"": ""N3"", ""waller-derived"": ""N3""}",openjlpt|waller|wordmaster,community-independent|waller-derived,2,N2,runtime-core,exact
いわゆる,いわゆる,N3,"{""N3"": 2}","{""community-independent"": ""N3"", ""waller-derived"": ""N3""}",waller|wordmaster,community-independent|waller-derived,2,N2,runtime-core,exact
所謂,いわゆる,N1,"{""N1"": 1}","{""waller-derived"": ""N1""}",openjlpt|waller,waller-derived,1,N3,advanced-bundle,exact
印鑑,いんかん,N1,"{""N1"": 2}","{""community-independent"": ""N1"", ""waller-derived"": ""N1""}",openjlpt|waller|wordmaster,community-independent|waller-derived,2,N2,runtime-core,exact
引退,いんたい,N3,"{""N3"": 2}","{""community-independent"": ""N3"", ""waller-derived"": ""N3""}",openjlpt|waller|wordmaster,community-independent|waller-derived,2,N2,runtime-core,exact
インフォメーション,インフォメーション,N1,"{""N1"": 2}","{""community-independent"": ""N1"", ""waller-derived"": ""N1""}",waller|wordmaster,community-independent|waller-derived,2,N3,runtime-core,exact
引用,いんよう,N3,"{""N3"": 2}","{""community-independent"": ""N3"", ""waller-derived"": ""N3""}",openjlpt|waller|wordmaster,community-independent|waller-derived,2,N2,runtime-core,exact
引力,いんりょく,N2,"{""N2"": 2}","{""community-independent"": ""N2"", ""waller-derived"": ""N2""}",openjlpt|waller|wordmaster,community-independent|waller-derived,2,N1,runtime-core,exact
植木,うえき,N2,"{""N2"": 2}","{""community-independent"": ""N2"", ""waller-derived"": ""N2""}",openjlpt|waller|wordmaster,community-independent|waller-derived,2,N1,runtime-core,exact
植える,うえる,N4,"{""N4"": 2}","{""community-independent"": ""N4"", ""waller-derived"": ""N4""}",openjlpt|waller|wordmaster,community-independent|waller-derived,2,N3,runtime-core,exact
飢える,うえる,N2,"{""N2"": 2}","{""community-independent"": ""N2"", ""waller-derived"": ""N2""}",openjlpt|waller|wordmaster,community-independent|waller-derived,2,N1,runtime-core,exact
伺う,うかがう,N4,"{""N4"": 2}","{""community-independent"": ""N4"", ""waller-derived"": ""N4""}",openjlpt|waller|wordmaster,community-independent|waller-derived,2,N3,runtime-core,exact
浮かぶ,うかぶ,N1,"{""N1"": 1}","{""waller-derived"": ""N1""}",openjlpt|waller,waller-derived,1,N2,runtime-core,exact
受かる,うかる,N1,"{""N1"": 2}","{""community-independent"": ""N1"", ""waller-derived"": ""N1""}",openjlpt|waller|wordmaster,community-independent|waller-derived,2,N3,runtime-core,exact
嗽,うがい,N3,"{""N3"": 1}","{""waller-derived"": ""N3""}",waller,waller-derived,1,N1,advanced-bundle,exact
浮く,うく,N2,"{""N2"": 2}","{""community-independent"": ""N2"", ""waller-derived"": ""N2""}",openjlpt|waller|wordmaster,community-independent|waller-derived,2,N3,runtime-core,exact
受け入れ,うけいれ,N1,"{""N1"": 2}","{""community-independent"": ""N1"", ""waller-derived"": ""N1""}",openjlpt|waller|wordmaster,community-independent|waller-derived,2,N3,runtime-core,exact
受け入れる,うけいれる,N1,"{""N1"": 2}","{""community-independent"": ""N1"", ""waller-derived"": ""N1""}",openjlpt|waller|wordmaster,community-independent|waller-derived,2,N3,runtime-core,exact
受け付ける,うけつける,N1,"{""N1"": 2}","{""community-independent"": ""N1"", ""waller-derived"": ""N1""}",openjlpt|waller|wordmaster,community-independent|waller-derived,2,N3,runtime-core,exact
受け止める,うけとめる,N1,"{""N1"": 2}","{""community-independent"": ""N1"", ""waller-derived"": ""N1""}",openjlpt|waller|wordmaster,community-independent|waller-derived,2,N2,runtime-core,exact
受け取り,うけとり,N1,"{""N1"": 1}","{""waller-derived"": ""N1""}",openjlpt|waller,waller-derived,1,N3,runtime-core,exact
動かす,うごかす,N3,"{""N3"": 2}","{""community-independent"": ""N3"", ""waller-derived"": ""N3""}",openjlpt|waller|wordmaster,community-independent|waller-derived,2,N4,runtime-core,exact
動き,うごき,N1,"{""N1"": 2}","{""community-independent"": ""N1"", ""waller-derived"": ""N1""}",openjlpt|waller|wordmaster,community-independent|waller-derived,2,N4,runtime-core,exact
牛,うし,N3,"{""N3"": 2}","{""community-independent"": ""N3"", ""waller-derived"": ""N3""}",openjlpt|waller|wordmaster,community-independent|waller-derived,2,N5,runtime-core,exact
失う,うしなう,N3,"{""N3"": 2}","{""community-independent"": ""N3"", ""waller-derived"": ""N3""}",openjlpt|waller|wordmaster,community-independent|waller-derived,2,N2,runtime-core,exact
渦,うず,N3,"{""N1"": 1, ""N3"": 1}","{""community-independent"": ""N3"", ""waller-derived"": ""N1""}",openjlpt|waller|wordmaster,community-independent|waller-derived,2,N1,runtime-core,exact
内,うち,N4,"{""N4"": 2}","{""community-independent"": ""N4"", ""waller-derived"": ""N4""}",openjlpt|waller|wordmaster,community-independent|waller-derived,2,N5,runtime-core,exact
打ち明ける,うちあける,N1,"{""N1"": 1}","{""community-independent"": ""N1""}",wordmaster,community-independent,1,N2,runtime-core,exact
打ち合わせ,うちあわせ,N1,"{""N1"": 1}","{""waller-derived"": ""N1""}",openjlpt|waller,waller-derived,1,N2,runtime-core,exact
宇宙,うちゅう,N3,"{""N3"": 2}","{""community-independent"": ""N3"", ""waller-derived"": ""N3""}",openjlpt|waller|wordmaster,community-independent|waller-derived,2,N2,runtime-core,exact
訴え,うったえ,N1,"{""N1"": 2}","{""community-independent"": ""N1"", ""waller-derived"": ""N1""}",openjlpt|waller|wordmaster,community-independent|waller-derived,2,N2,runtime-core,exact
訴える,うったえる,N3,"{""N3"": 2}","{""community-independent"": ""N3"", ""waller-derived"": ""N3""}",openjlpt|waller|wordmaster,community-independent|waller-derived,2,N2,runtime-core,exact
討つ,うつ,N3,"{""N2"": 1, ""N3"": 1}","{""community-independent"": ""N3"", ""waller-derived"": ""N2""}",openjlpt|waller|wordmaster,community-independent|waller-derived,2,N2,advanced-bundle,exact
写し,うつし,N1,"{""N1"": 2}","{""community-independent"": ""N1"", ""waller-derived"": ""N1""}",openjlpt|waller|wordmaster,community-independent|waller-derived,2,N2,runtime-core,exact
映す,うつす,N3,"{""N2"": 1, ""N3"": 1}","{""community-independent"": ""N3"", ""waller-derived"": ""N2""}",openjlpt|waller|wordmaster,community-independent|waller-derived,2,N2,runtime-core,exact
うつむく,うつむく,N1,"{""N1"": 1}","{""community-independent"": ""N1""}",wordmaster,community-independent,1,N2,runtime-core,exact
映る,うつる,N3,"{""N2"": 1, ""N3"": 1}","{""community-independent"": ""N3"", ""waller-derived"": ""N2""}",openjlpt|waller|wordmaster,community-independent|waller-derived,2,N4,runtime-core,exact
移る,うつる,N4,"{""N4"": 2}","{""community-independent"": ""N4"", ""waller-derived"": ""N4""}",openjlpt|waller|wordmaster,community-independent|waller-derived,2,N3,runtime-core,exact
雨天,うてん,N1,"{""N1"": 2}","{""community-independent"": ""N1"", ""waller-derived"": ""N1""}",openjlpt|waller|wordmaster,community-independent|waller-derived,2,N2,runtime-core,exact
促す,うながす,N1,"{""N1"": 2}","{""community-independent"": ""N1"", ""waller-derived"": ""N1""}",openjlpt|waller|wordmaster,community-independent|waller-derived,2,N2,runtime-core,exact
唸る,うなる,N1,"{""N1"": 1}","{""waller-derived"": ""N1""}",openjlpt|waller,waller-derived,1,N3,advanced-bundle,exact
埋まる,うまる,N3,"{""N3"": 1}","{""community-independent"": ""N3""}",wordmaster,community-independent,1,N2,runtime-core,exact
生まれつき,うまれつき,N1,"{""N1"": 2}","{""community-independent"": ""N1"", ""waller-derived"": ""N1""}",openjlpt|waller|wordmaster,community-independent|waller-derived,2,N2,runtime-core,exact
有無,うむ,N3,"{""N2"": 1, ""N3"": 1}","{""community-independent"": ""N3"", ""waller-derived"": ""N2""}",openjlpt|waller|wordmaster,community-independent|waller-derived,2,N2,runtime-core,exact
埋め込む,うめこむ,N1,"{""N1"": 2}","{""community-independent"": ""N1"", ""waller-derived"": ""N1""}",openjlpt|waller|wordmaster,community-independent|waller-derived,2,N2,runtime-core,exact
裏切る,うらぎる,N3,"{""N3"": 2}","{""community-independent"": ""N3"", ""waller-derived"": ""N3""}",openjlpt|waller|wordmaster,community-independent|waller-derived,2,N2,runtime-core,exact
裏口,うらぐち,N2,"{""N2"": 2}","{""community-independent"": ""N2"", ""waller-derived"": ""N2""}",openjlpt|waller|wordmaster,community-independent|waller-derived,2,N1,runtime-core,exact
恨む,うらむ,N2,"{""N2"": 2}","{""community-independent"": ""N2"", ""waller-derived"": ""N2""}",openjlpt|waller|wordmaster,community-independent|waller-derived,2,N1,runtime-core,exact
売り切れ,うりきれ,N2,"{""N2"": 2}","{""community-independent"": ""N2"", ""waller-derived"": ""N2""}",openjlpt|waller|wordmaster,community-independent|waller-derived,2,N3,runtime-core,exact
売り切れる,うりきれる,N2,"{""N2"": 2}","{""community-independent"": ""N2"", ""waller-derived"": ""N2""}",openjlpt|waller|wordmaster,community-independent|waller-derived,2,N3,runtime-core,exact
売り出す,うりだす,N1,"{""N1"": 2}","{""community-independent"": ""N1"", ""waller-derived"": ""N1""}",openjlpt|waller|wordmaster,community-independent|waller-derived,2,N2,runtime-core,exact
うれしい,うれしい,N4,"{""N4"": 1}","{""waller-derived"": ""N4""}",waller,waller-derived,1,N5,runtime-core,exact
嬉しい,うれしい,N3,"{""N3"": 1}","{""waller-derived"": ""N3""}",openjlpt|waller,waller-derived,1,N4,advanced-bundle,exact
売れ行き,うれゆき,N1,"{""N1"": 1}","{""waller-derived"": ""N1""}",openjlpt|waller,waller-derived,1,N2,runtime-core,exact
売れる,うれる,N3,"{""N3"": 2}","{""community-independent"": ""N3"", ""waller-derived"": ""N3""}",openjlpt|waller|wordmaster,community-independent|waller-derived,2,N4,runtime-core,exact
うろうろ,うろうろ,N2,"{""N2"": 2}","{""community-independent"": ""N2"", ""waller-derived"": ""N2""}",waller|wordmaster,community-independent|waller-derived,2,N3,runtime-core,exact
上回る,うわまわる,N1,"{""N1"": 2}","{""community-independent"": ""N1"", ""waller-derived"": ""N1""}",openjlpt|waller|wordmaster,community-independent|waller-derived,2,N2,runtime-core,exact
うん,うん,N4,"{""N4"": 2}","{""community-independent"": ""N4"", ""waller-derived"": ""N4""}",waller|wordmaster,community-independent|waller-derived,2,N5,runtime-core,exact
運,うん,N3,"{""N3"": 2}","{""community-independent"": ""N3"", ""waller-derived"": ""N3""}",openjlpt|waller|wordmaster,community-independent|waller-derived,2,N2,runtime-core,exact
運営,うんえい,N1,"{""N1"": 2}","{""community-independent"": ""N1"", ""waller-derived"": ""N1""}",openjlpt|waller|wordmaster,community-independent|waller-derived,2,N2,runtime-core,exact
運賃,うんちん,N1,"{""N1"": 2}","{""community-independent"": ""N1"", ""waller-derived"": ""N1""}",openjlpt|waller|wordmaster,community-independent|waller-derived,2,N2,runtime-core,exact
運命,うんめい,N1,"{""N1"": 2}","{""community-independent"": ""N1"", ""waller-derived"": ""N1""}",openjlpt|waller|wordmaster,community-independent|waller-derived,2,N2,runtime-core,exact
永遠,えいえん,N3,"{""N3"": 2}","{""community-independent"": ""N3"", ""waller-derived"": ""N3""}",openjlpt|waller|wordmaster,community-independent|waller-derived,2,N2,runtime-core,exact
営業,えいぎょう,N3,"{""N3"": 2}","{""community-independent"": ""N3"", ""waller-derived"": ""N3""}",openjlpt|waller|wordmaster,community-independent|waller-derived,2,N4,runtime-core,exact
衛星,えいせい,N3,"{""N3"": 2}","{""community-independent"": ""N3"", ""waller-derived"": ""N3""}",openjlpt|waller|wordmaster,community-independent|waller-derived,2,N2,runtime-core,exact
映像,えいぞう,N1,"{""N1"": 2}","{""community-independent"": ""N1"", ""waller-derived"": ""N1""}",openjlpt|waller|wordmaster,community-independent|waller-derived,2,N2,runtime-core,exact
英文,えいぶん,N2,"{""N2"": 2}","{""community-independent"": ""N2"", ""waller-derived"": ""N2""}",openjlpt|waller|wordmaster,community-independent|waller-derived,2,N1,runtime-core,exact
ええと,ええと,N2,"{""N2"": 2}","{""community-independent"": ""N2"", ""waller-derived"": ""N2""}",waller|wordmaster,community-independent|waller-derived,2,N4,runtime-core,exact
笑顔,えがお,N3,"{""N3"": 2}","{""community-independent"": ""N3"", ""waller-derived"": ""N3""}",openjlpt|waller|wordmaster,community-independent|waller-derived,2,N4,runtime-core,exact
液,えき,N1,"{""N1"": 2}","{""community-independent"": ""N1"", ""waller-derived"": ""N1""}",openjlpt|waller|wordmaster,community-independent|waller-derived,2,N3,runtime-core,exact
液体,えきたい,N2,"{""N2"": 2}","{""community-independent"": ""N2"", ""waller-derived"": ""N2""}",openjlpt|waller|wordmaster,community-independent|waller-derived,2,N3,runtime-core,exact
閲覧,えつらん,N1,"{""N1"": 2}","{""community-independent"": ""N1"", ""waller-derived"": ""N1""}",openjlpt|waller|wordmaster,community-independent|waller-derived,2,N2,runtime-core,exact
絵の具,えのぐ,N2,"{""N2"": 2}","{""community-independent"": ""N2"", ""waller-derived"": ""N2""}",openjlpt|waller|wordmaster,community-independent|waller-derived,2,N3,runtime-core,exact
エプロン,エプロン,N2,"{""N2"": 2}","{""community-independent"": ""N2"", ""waller-derived"": ""N2""}",waller|wordmaster,community-independent|waller-derived,2,N3,runtime-core,exact
獲物,えもの,N1,"{""N1"": 2}","{""community-independent"": ""N1"", ""waller-derived"": ""N1""}",openjlpt|waller|wordmaster,community-independent|waller-derived,2,N2,runtime-core,exact
偉い,えらい,N2,"{""N2"": 2}","{""community-independent"": ""N2"", ""waller-derived"": ""N2""}",openjlpt|waller|wordmaster,community-independent|waller-derived,2,N3,runtime-core,exact
選ぶ,えらぶ,N4,"{""N4"": 2}","{""community-independent"": ""N4"", ""waller-derived"": ""N4""}",openjlpt|waller|wordmaster,community-independent|waller-derived,2,N5,runtime-core,exact
襟,えり,N1,"{""N1"": 2}","{""community-independent"": ""N1"", ""waller-derived"": ""N1""}",openjlpt|waller|wordmaster,community-independent|waller-derived,2,N3,runtime-core,exact
円,えん,N3,"{""N3"": 2}","{""community-independent"": ""N3"", ""waller-derived"": ""N3""}",openjlpt|waller|wordmaster,community-independent|waller-derived,2,N5,runtime-core,exact
縁,えん,N3,"{""N1"": 1, ""N3"": 1}","{""community-independent"": ""N3"", ""waller-derived"": ""N1""}",openjlpt|waller|wordmaster,community-independent|waller-derived,2,N2,runtime-core,exact
円滑,えんかつ,N1,"{""N1"": 2}","{""community-independent"": ""N1"", ""waller-derived"": ""N1""}",openjlpt|waller|wordmaster,community-independent|waller-derived,2,N2,runtime-core,exact
演技,えんぎ,N3,"{""N3"": 2}","{""community-independent"": ""N3"", ""waller-derived"": ""N3""}",openjlpt|waller|wordmaster,community-independent|waller-derived,2,N2,runtime-core,exact
園芸,えんげい,N2,"{""N2"": 2}","{""community-independent"": ""N2"", ""waller-derived"": ""N2""}",openjlpt|waller|wordmaster,community-independent|waller-derived,2,N1,runtime-core,exact
エンジニア,エンジニア,N1,"{""N1"": 2}","{""community-independent"": ""N1"", ""waller-derived"": ""N1""}",waller|wordmaster,community-independent|waller-derived,2,N4,runtime-core,exact
援助,えんじょ,N3,"{""N3"": 2}","{""community-independent"": ""N3"", ""waller-derived"": ""N3""}",openjlpt|waller|wordmaster,community-independent|waller-derived,2,N1,runtime-core,exact
演じる,えんじる,N1,"{""N1"": 2}","{""community-independent"": ""N1"", ""waller-derived"": ""N1""}",openjlpt|waller|wordmaster,community-independent|waller-derived,2,N2,runtime-core,exact
演説,えんぜつ,N3,"{""N3"": 2}","{""community-independent"": ""N3"", ""waller-derived"": ""N3""}",openjlpt|waller|wordmaster,community-independent|waller-derived,2,N1,runtime-core,exact
遠足,えんそく,N2,"{""N2"": 2}","{""community-independent"": ""N2"", ""waller-derived"": ""N2""}",openjlpt|waller|wordmaster,community-independent|waller-derived,2,N3,runtime-core,exact
煙突,えんとつ,N2,"{""N2"": 2}","{""community-independent"": ""N2"", ""waller-derived"": ""N2""}",openjlpt|waller|wordmaster,community-independent|waller-derived,2,N1,runtime-core,exact
遠方,えんぽう,N1,"{""N1"": 2}","{""community-independent"": ""N1"", ""waller-derived"": ""N1""}",openjlpt|waller|wordmaster,community-independent|waller-derived,2,N2,runtime-core,exact
円満,えんまん,N1,"{""N1"": 2}","{""community-independent"": ""N1"", ""waller-derived"": ""N1""}",openjlpt|waller|wordmaster,community-independent|waller-derived,2,N2,runtime-core,exact
尾,お,N3,"{""N1"": 1, ""N3"": 1}","{""community-independent"": ""N3"", ""waller-derived"": ""N1""}",openjlpt|waller|wordmaster,community-independent|waller-derived,2,N1,runtime-core,exact
老い,おい,N3,"{""N3"": 2}","{""community-independent"": ""N3"", ""waller-derived"": ""N3""}",openjlpt|waller|wordmaster,community-independent|waller-derived,2,N1,runtime-core,exact
追い越す,おいこす,N2,"{""N2"": 2}","{""community-independent"": ""N2"", ""waller-derived"": ""N2""}",openjlpt|waller|wordmaster,community-independent|waller-derived,2,N3,runtime-core,exact
追い込む,おいこむ,N1,"{""N1"": 2}","{""community-independent"": ""N1"", ""waller-derived"": ""N1""}",openjlpt|waller|wordmaster,community-independent|waller-derived,2,N2,runtime-core,exact
追い出す,おいだす,N1,"{""N1"": 2}","{""community-independent"": ""N1"", ""waller-derived"": ""N1""}",openjlpt|waller|wordmaster,community-independent|waller-derived,2,N2,runtime-core,exact
追い付く,おいつく,N3,"{""N3"": 2}","{""community-independent"": ""N3"", ""waller-derived"": ""N3""}",openjlpt|waller|wordmaster,community-independent|waller-derived,2,N1,advanced-bundle,exact
おいでになる,おいでになる,N4,"{""N4"": 2}","{""community-independent"": ""N4"", ""waller-derived"": ""N4""}",waller|wordmaster,community-independent|waller-derived,2,N3,runtime-core,exact
王,おう,N3,"{""N3"": 2}","{""community-independent"": ""N3"", ""waller-derived"": ""N3""}",openjlpt|waller|wordmaster,community-independent|waller-derived,2,N4,runtime-core,exact
負う,おう,N3,"{""N1"": 1, ""N3"": 1}","{""community-independent"": ""N3"", ""waller-derived"": ""N1""}",openjlpt|waller|wordmaster,community-independent|waller-derived,2,N2,runtime-core,exact
応じる,おうじる,N3,"{""N3"": 2}","{""community-independent"": ""N3"", ""waller-derived"": ""N3""}",openjlpt|waller|wordmaster,community-independent|waller-derived,2,N2,runtime-core,exact
応接,おうせつ,N2,"{""N2"": 2}","{""community-independent"": ""N2"", ""waller-derived"": ""N2""}",openjlpt|waller|wordmaster,community-independent|waller-derived,2,N3,runtime-core,exact
応対,おうたい,N2,"{""N2"": 2}","{""community-independent"": ""N2"", ""waller-derived"": ""N2""}",openjlpt|waller|wordmaster,community-independent|waller-derived,2,N1,runtime-core,exact
往復,おうふく,N2,"{""N2"": 2}","{""community-independent"": ""N2"", ""waller-derived"": ""N2""}",openjlpt|waller|wordmaster,community-independent|waller-derived,2,N3,runtime-core,exact
応募,おうぼ,N1,"{""N1"": 2}","{""community-independent"": ""N1"", ""waller-derived"": ""N1""}",openjlpt|waller|wordmaster,community-independent|waller-derived,2,N3,curated-supplement|runtime-core,exact
応用,おうよう,N2,"{""N2"": 2}","{""community-independent"": ""N2"", ""waller-derived"": ""N2""}",openjlpt|waller|wordmaster,community-independent|waller-derived,2,N3,runtime-core,exact
終える,おえる,N3,"{""N3"": 2}","{""community-independent"": ""N3"", ""waller-derived"": ""N3""}",openjlpt|waller|wordmaster,community-independent|waller-derived,2,N4,runtime-core,exact
大いに,おおいに,N3,"{""N3"": 2}","{""community-independent"": ""N3"", ""waller-derived"": ""N3""}",openjlpt|waller|wordmaster,community-independent|waller-derived,2,N1,runtime-core,exact
覆う,おおう,N3,"{""N3"": 2}","{""community-independent"": ""N3"", ""waller-derived"": ""N3""}",openjlpt|waller|wordmaster,community-independent|waller-derived,2,N2,runtime-core,exact
大げさ,おおげさ,N1,"{""N1"": 1}","{""waller-derived"": ""N1""}",openjlpt|waller,waller-derived,1,N2,runtime-core,exact
おおざっぱ,おおざっぱ,N2,"{""N2"": 2}","{""community-independent"": ""N2"", ""waller-derived"": ""N2""}",waller|wordmaster,community-independent|waller-derived,2,N1,advanced-bundle,exact
大勢,おおぜい,N5,"{""N5"": 2}","{""community-independent"": ""N5"", ""waller-derived"": ""N5""}",openjlpt|waller|wordmaster,community-independent|waller-derived,2,N4,runtime-core,exact
大空,おおぞら,N1,"{""N1"": 2}","{""community-independent"": ""N1"", ""waller-derived"": ""N1""}",openjlpt|waller|wordmaster,community-independent|waller-derived,2,N3,runtime-core,exact
大通り,おおどおり,N2,"{""N2"": 2}","{""community-independent"": ""N2"", ""waller-derived"": ""N2""}",openjlpt|waller|wordmaster,community-independent|waller-derived,2,N3,runtime-core,exact
大幅,おおはば,N1,"{""N1"": 2}","{""community-independent"": ""N1"", ""waller-derived"": ""N1""}",openjlpt|waller|wordmaster,community-independent|waller-derived,2,N2,runtime-core,exact
おかげ,おかげ,N4,"{""N4"": 1}","{""waller-derived"": ""N4""}",waller,waller-derived,1,N3,runtime-core,exact
おかげさまで,おかげさまで,N2,"{""N2"": 2}","{""community-independent"": ""N2"", ""waller-derived"": ""N2""}",waller|wordmaster,community-independent|waller-derived,2,N1,advanced-bundle,exact
可笑しい,おかしい,N1,"{""N1"": 1}","{""waller-derived"": ""N1""}",openjlpt|waller,waller-derived,1,N4,advanced-bundle,exact
沖,おき,N3,"{""N3"": 2}","{""community-independent"": ""N3"", ""waller-derived"": ""N3""}",openjlpt|waller|wordmaster,community-independent|waller-derived,2,N2,runtime-core,exact
億,おく,N4,"{""N4"": 2}","{""community-independent"": ""N4"", ""waller-derived"": ""N4""}",openjlpt|waller|wordmaster,community-independent|waller-derived,2,N3,runtime-core,exact
奥,おく,N3,"{""N3"": 2}","{""community-independent"": ""N3"", ""waller-derived"": ""N3""}",openjlpt|waller|wordmaster,community-independent|waller-derived,2,N4,runtime-core,exact
屋外,おくがい,N2,"{""N2"": 2}","{""community-independent"": ""N2"", ""waller-derived"": ""N2""}",openjlpt|waller|wordmaster,community-independent|waller-derived,2,N3,runtime-core,exact
屋上,おくじょう,N4,"{""N4"": 2}","{""community-independent"": ""N4"", ""waller-derived"": ""N4""}",openjlpt|waller|wordmaster,community-independent|waller-derived,2,N3,runtime-core,exact
臆病,おくびょう,N1,"{""N1"": 2}","{""community-independent"": ""N1"", ""waller-derived"": ""N1""}",openjlpt|waller|wordmaster,community-independent|waller-derived,2,N2,runtime-core,exact
お元気で,おげんきで,N2,"{""N2"": 1}","{""community-independent"": ""N2""}",wordmaster,community-independent,1,N1,advanced-bundle,exact
お子さん,おこさん,N4,"{""N4"": 1}","{""community-independent"": ""N4""}",wordmaster,community-independent,1,N5,runtime-core,exact
怠る,おこたる,N2,"{""N2"": 2}","{""community-independent"": ""N2"", ""waller-derived"": ""N2""}",openjlpt|waller|wordmaster,community-independent|waller-derived,2,N1,runtime-core,exact
行い,おこない,N1,"{""N1"": 2}","{""community-independent"": ""N1"", ""waller-derived"": ""N1""}",openjlpt|waller|wordmaster,community-independent|waller-derived,2,N3,runtime-core,exact
起こる,おこる,N3,"{""N3"": 2}","{""community-independent"": ""N3"", ""waller-derived"": ""N3""}",openjlpt|waller|wordmaster,community-independent|waller-derived,2,N4,runtime-core,exact
押さえる,おさえる,N1,"{""N1"": 1}","{""waller-derived"": ""N1""}",openjlpt|waller,waller-derived,1,N3,runtime-core,exact
幼い,おさない,N3,"{""N3"": 2}","{""community-independent"": ""N3"", ""waller-derived"": ""N3""}",openjlpt|waller|wordmaster,community-independent|waller-derived,2,N2,runtime-core,exact
収まる,おさまる,N1,"{""N1"": 2}","{""community-independent"": ""N1"", ""waller-derived"": ""N1""}",openjlpt|waller|wordmaster,community-independent|waller-derived,2,N2,runtime-core,exact
収める,おさめる,N3,"{""N3"": 2}","{""community-independent"": ""N3"", ""waller-derived"": ""N3""}",openjlpt|waller|wordmaster,community-independent|waller-derived,2,N2,runtime-core,exact
納める,おさめる,N3,"{""N2"": 1, ""N3"": 1}","{""community-independent"": ""N3"", ""waller-derived"": ""N2""}",openjlpt|waller|wordmaster,community-independent|waller-derived,2,N2,runtime-core,exact
惜しい,おしい,N2,"{""N2"": 2}","{""community-independent"": ""N2"", ""waller-derived"": ""N2""}",openjlpt|waller|wordmaster,community-independent|waller-derived,2,N3,runtime-core,exact
押し入れ,おしいれ,N4,"{""N4"": 2}","{""community-independent"": ""N4"", ""waller-derived"": ""N4""}",openjlpt|waller|wordmaster,community-independent|waller-derived,2,N3,runtime-core,exact
教え,おしえ,N3,"{""N1"": 1, ""N3"": 1}","{""community-independent"": ""N3"", ""waller-derived"": ""N1""}",openjlpt|waller|wordmaster,community-independent|waller-derived,2,N1,advanced-bundle,exact
押し込む,おしこむ,N1,"{""N1"": 2}","{""community-independent"": ""N1"", ""waller-derived"": ""N1""}",openjlpt|waller|wordmaster,community-independent|waller-derived,2,N3,runtime-core,exact
惜しむ,おしむ,N1,"{""N1"": 2}","{""community-independent"": ""N1"", ""waller-derived"": ""N1""}",openjlpt|waller|wordmaster,community-independent|waller-derived,2,N2,runtime-core,exact
おしゃべり,おしゃべり,N3,"{""N3"": 1}","{""waller-derived"": ""N3""}",waller,waller-derived,1,N4,runtime-core,exact
お洒落,おしゃれ,N3,"{""N1"": 1, ""N3"": 1}","{""community-independent"": ""N3"", ""waller-derived"": ""N1""}",openjlpt|waller|wordmaster,community-independent|waller-derived,2,N2,advanced-bundle,exact
叔父,おじ,N2,"{""N2"": 1}","{""community-independent"": ""N2""}",wordmaster,community-independent,1,N1,advanced-bundle,exact
お祖父さん,おじいさん,N1,"{""N1"": 1}","{""waller-derived"": ""N1""}",openjlpt|waller,waller-derived,1,N5,advanced-bundle,exact
伯父さん,おじさん,N2,"{""N2"": 2}","{""community-independent"": ""N2"", ""waller-derived"": ""N2""}",openjlpt|waller|wordmaster,community-independent|waller-derived,2,N5,advanced-bundle,exact
押す,おす,N5,"{""N5"": 2}","{""community-independent"": ""N5"", ""waller-derived"": ""N5""}",openjlpt|waller|wordmaster,community-independent|waller-derived,2,N4,runtime-core,exact
汚染,おせん,N3,"{""N3"": 2}","{""community-independent"": ""N3"", ""waller-derived"": ""N3""}",openjlpt|waller|wordmaster,community-independent|waller-derived,2,N2,runtime-core,exact
襲う,おそう,N1,"{""N1"": 2}","{""community-independent"": ""N1"", ""waller-derived"": ""N1""}",openjlpt|waller|wordmaster,community-independent|waller-derived,2,N2,runtime-core,exact
遅くとも,おそくとも,N1,"{""N1"": 2}","{""community-independent"": ""N1"", ""waller-derived"": ""N1""}",openjlpt|waller|wordmaster,community-independent|waller-derived,2,N2,runtime-core,exact
恐らく,おそらく,N3,"{""N1"": 1, ""N3"": 1}","{""community-independent"": ""N3"", ""waller-derived"": ""N1""}",openjlpt|waller|wordmaster,community-independent|waller-derived,2,N2,runtime-core,exact
恐れ,おそれ,N1,"{""N1"": 2}","{""community-independent"": ""N1"", ""waller-derived"": ""N1""}",openjlpt|waller|wordmaster,community-independent|waller-derived,2,N2,runtime-core,exact
恐れる,おそれる,N3,"{""N3"": 2}","{""community-independent"": ""N3"", ""waller-derived"": ""N3""}",openjlpt|waller|wordmaster,community-independent|waller-derived,2,N2,runtime-core,exact
恐ろしい,おそろしい,N3,"{""N3"": 2}","{""community-independent"": ""N3"", ""waller-derived"": ""N3""}",openjlpt|waller|wordmaster,community-independent|waller-derived,2,N4,runtime-core,exact
お宅,おたく,N4,"{""N4"": 2}","{""community-independent"": ""N4"", ""waller-derived"": ""N4""}",openjlpt|waller|wordmaster,community-independent|waller-derived,2,N3,runtime-core,exact
おだてる,おだてる,N1,"{""N1"": 1}","{""community-independent"": ""N1""}",wordmaster,community-independent,1,N2,runtime-core,exact
穏やか,おだやか,N3,"{""N3"": 2}","{""community-independent"": ""N3"", ""waller-derived"": ""N3""}",openjlpt|waller|wordmaster,community-independent|waller-derived,2,N2,runtime-core,exact
落ち込む,おちこむ,N1,"{""N1"": 2}","{""community-independent"": ""N1"", ""waller-derived"": ""N1""}",openjlpt|waller|wordmaster,community-independent|waller-derived,2,N2,runtime-core,exact
落ち葉,おちば,N1,"{""N1"": 1}","{""waller-derived"": ""N1""}",openjlpt|waller,waller-derived,1,N2,runtime-core,exact
落ちる,おちる,N1,"{""N1"": 1}","{""waller-derived"": ""N1""}",openjlpt|waller,waller-derived,1,N4,runtime-core,exact
おっしゃる,おっしゃる,N4,"{""N4"": 2}","{""community-independent"": ""N4"", ""waller-derived"": ""N4""}",waller|wordmaster,community-independent|waller-derived,2,N3,runtime-core,exact
夫,おっと,N4,"{""N4"": 2}","{""community-independent"": ""N4"", ""waller-derived"": ""N4""}",openjlpt|waller|wordmaster,community-independent|waller-derived,2,N5,runtime-core,exact
落とす,おとす,N1,"{""N1"": 1}","{""waller-derived"": ""N1""}",openjlpt|waller,waller-derived,1,N4,runtime-core,exact
訪れる,おとずれる,N1,"{""N1"": 2}","{""community-independent"": ""N1"", ""waller-derived"": ""N1""}",openjlpt|waller|wordmaster,community-independent|waller-derived,2,N2,runtime-core,exact
おととい,おととい,N2,"{""N2"": 1}","{""waller-derived"": ""N2""}",waller,waller-derived,1,N5,runtime-core,exact
大人しい,おとなしい,N3,"{""N1"": 1, ""N3"": 1}","{""community-independent"": ""N3"", ""waller-derived"": ""N1""}",openjlpt|waller|wordmaster,community-independent|waller-derived,2,N4,runtime-core,exact
劣る,おとる,N3,"{""N3"": 2}","{""community-independent"": ""N3"", ""waller-derived"": ""N3""}",openjlpt|waller|wordmaster,community-independent|waller-derived,2,N2,runtime-core,exact
衰える,おとろえる,N1,"{""N1"": 2}","{""community-independent"": ""N1"", ""waller-derived"": ""N1""}",openjlpt|waller|wordmaster,community-independent|waller-derived,2,N2,runtime-core,exact
脅かす,おどかす,N2,"{""N1"": 1, ""N2"": 1}","{""community-independent"": ""N2"", ""waller-derived"": ""N1""}",openjlpt|waller|wordmaster,community-independent|waller-derived,2,N1,runtime-core,exact
踊り,おどり,N4,"{""N4"": 2}","{""community-independent"": ""N4"", ""waller-derived"": ""N4""}",openjlpt|waller|wordmaster,community-independent|waller-derived,2,N3,runtime-core,exact
踊る,おどる,N4,"{""N4"": 2}","{""community-independent"": ""N4"", ""waller-derived"": ""N4""}",openjlpt|waller|wordmaster,community-independent|waller-derived,2,N3,runtime-core,exact
驚かす,おどろかす,N2,"{""N2"": 2}","{""community-independent"": ""N2"", ""waller-derived"": ""N2""}",openjlpt|waller|wordmaster,community-independent|waller-derived,2,N1,runtime-core,exact
おはよう,おはよう,N2,"{""N2"": 2}","{""community-independent"": ""N2"", ""waller-derived"": ""N2""}",waller|wordmaster,community-independent|waller-derived,2,N5,runtime-core,exact
叔母,おば,N2,"{""N2"": 1}","{""community-independent"": ""N2""}",wordmaster,community-independent,1,N5,advanced-bundle,exact
お昼,おひる,N3,"{""N3"": 2}","{""community-independent"": ""N3"", ""waller-derived"": ""N3""}",openjlpt|waller|wordmaster,community-independent|waller-derived,2,N5,runtime-core,exact
オフィス,オフィス,N3,"{""N3"": 2}","{""community-independent"": ""N3"", ""waller-derived"": ""N3""}",waller|wordmaster,community-independent|waller-derived,2,N4,runtime-core,exact
おまえ,おまえ,N3,"{""N3"": 1}","{""waller-derived"": ""N3""}",waller,waller-derived,1,N1,advanced-bundle,exact
お前,おまえ,N3,"{""N3"": 1}","{""community-independent"": ""N3""}",wordmaster,community-independent,1,N2,runtime-core,exact
お巡りさん,おまわりさん,N1,"{""N1"": 1}","{""waller-derived"": ""N1""}",openjlpt|waller,waller-derived,1,N5,advanced-bundle,exact
おむつ,おむつ,N1,"{""N1"": 1}","{""community-independent"": ""N1""}",wordmaster,community-independent,1,N3,runtime-core,exact
おめでたい,おめでたい,N2,"{""N2"": 2}","{""community-independent"": ""N2"", ""waller-derived"": ""N2""}",waller|wordmaster,community-independent|waller-derived,2,N1,advanced-bundle,exact
おめでとう,おめでとう,N3,"{""N3"": 1}","{""community-independent"": ""N3""}",wordmaster,community-independent,1,N5,runtime-core,exact
思い付き,おもいつき,N1,"{""N1"": 2}","{""community-independent"": ""N1"", ""waller-derived"": ""N1""}",openjlpt|waller|wordmaster,community-independent|waller-derived,2,N3,advanced-bundle,exact
思い付く,おもいつく,N3,"{""N2"": 1, ""N3"": 1}","{""community-independent"": ""N3"", ""waller-derived"": ""N2""}",openjlpt|waller|wordmaster,community-independent|waller-derived,2,N2,advanced-bundle,exact
思い出,おもいで,N3,"{""N3"": 2}","{""community-independent"": ""N3"", ""waller-derived"": ""N3""}",openjlpt|waller|wordmaster,community-independent|waller-derived,2,N4,runtime-core,exact
おもしろい,おもしろい,N5,"{""N5"": 1}","{""waller-derived"": ""N5""}",waller,waller-derived,1,N1,advanced-bundle,exact
重たい,おもたい,N2,"{""N2"": 2}","{""community-independent"": ""N2"", ""waller-derived"": ""N2""}",openjlpt|waller|wordmaster,community-independent|waller-derived,2,N1,runtime-core,exact
おもちゃ,おもちゃ,N4,"{""N4"": 2}","{""community-independent"": ""N4"", ""waller-derived"": ""N4""}",waller|wordmaster,community-independent|waller-derived,2,N5,runtime-core,exact
玩具,おもちゃ,N1,"{""N1"": 1}","{""waller-derived"": ""N1""}",openjlpt|waller,waller-derived,1,N4,advanced-bundle,exact
思わず,おもわず,N3,"{""N3"": 2}","{""community-independent"": ""N3"", ""waller-derived"": ""N3""}",openjlpt|waller|wordmaster,community-independent|waller-derived,2,N2,runtime-core,exact
親,おや,N4,"{""N4"": 2}","{""community-independent"": ""N4"", ""waller-derived"": ""N4""}",openjlpt|waller|wordmaster,community-independent|waller-derived,2,N5,runtime-core,exact
おやつ,おやつ,N2,"{""N2"": 2}","{""community-independent"": ""N2"", ""waller-derived"": ""N2""}",waller|wordmaster,community-independent|waller-derived,2,N3,runtime-core,exact
親指,おやゆび,N2,"{""N2"": 2}","{""community-independent"": ""N2"", ""waller-derived"": ""N2""}",openjlpt|waller|wordmaster,community-independent|waller-derived,2,N3,runtime-core,exact
およそ,およそ,N3,"{""N3"": 2}","{""community-independent"": ""N3"", ""waller-derived"": ""N3""}",waller|wordmaster,community-independent|waller-derived,2,N2,runtime-core,exact
凡そ,およそ,N1,"{""N1"": 1}","{""waller-derived"": ""N1""}",openjlpt|waller,waller-derived,1,N3,advanced-bundle,exact
及ぶ,およぶ,N1,"{""N1"": 2}","{""community-independent"": ""N1"", ""waller-derived"": ""N1""}",openjlpt|waller|wordmaster,community-independent|waller-derived,2,N2,runtime-core,exact
及ぼす,およぼす,N3,"{""N3"": 2}","{""community-independent"": ""N3"", ""waller-derived"": ""N3""}",openjlpt|waller|wordmaster,community-independent|waller-derived,2,N1,runtime-core,exact
オリエンテーション,オリエンテーション,N1,"{""N1"": 2}","{""community-independent"": ""N1"", ""waller-derived"": ""N1""}",waller|wordmaster,community-independent|waller-derived,2,N3,runtime-core,exact
下りる,おりる,N4,"{""N4"": 2}","{""community-independent"": ""N4"", ""waller-derived"": ""N4""}",openjlpt|waller|wordmaster,community-independent|waller-derived,2,N3,runtime-core,exact
折る,おる,N4,"{""N4"": 2}","{""community-independent"": ""N4"", ""waller-derived"": ""N4""}",openjlpt|waller|wordmaster,community-independent|waller-derived,2,N3,runtime-core,exact
織る,おる,N3,"{""N1"": 1, ""N3"": 1}","{""community-independent"": ""N3"", ""waller-derived"": ""N1""}",openjlpt|waller|wordmaster,community-independent|waller-derived,2,N1,runtime-core,exact
俺,おれ,N1,"{""N1"": 2}","{""community-independent"": ""N1"", ""waller-derived"": ""N1""}",openjlpt|waller|wordmaster,community-independent|waller-derived,2,N3,runtime-core,exact
折れる,おれる,N4,"{""N4"": 2}","{""community-independent"": ""N4"", ""waller-derived"": ""N4""}",openjlpt|waller|wordmaster,community-independent|waller-derived,2,N3,runtime-core,exact
オレンジ,オレンジ,N1,"{""N1"": 1}","{""waller-derived"": ""N1""}",waller,waller-derived,1,N3,runtime-core,exact
卸す,おろす,N3,"{""N2"": 1, ""N3"": 1}","{""community-independent"": ""N3"", ""waller-derived"": ""N2""}",openjlpt|waller|wordmaster,community-independent|waller-derived,2,N2,advanced-bundle,exact
終わり,おわり,N4,"{""N4"": 2}","{""community-independent"": ""N4"", ""waller-derived"": ""N4""}",openjlpt|waller|wordmaster,community-independent|waller-derived,2,N5,runtime-core,exact
終わる,おわる,N1,"{""N1"": 1}","{""waller-derived"": ""N1""}",openjlpt|waller,waller-derived,1,N5,runtime-core,exact
温泉,おんせん,N2,"{""N2"": 2}","{""community-independent"": ""N2"", ""waller-derived"": ""N2""}",openjlpt|waller|wordmaster,community-independent|waller-derived,2,N4,runtime-core,exact
温暖,おんだん,N3,"{""N3"": 2}","{""community-independent"": ""N3"", ""waller-derived"": ""N3""}",openjlpt|waller|wordmaster,community-independent|waller-derived,2,N2,runtime-core,exact
オンライン,オンライン,N1,"{""N1"": 2}","{""community-independent"": ""N1"", ""waller-derived"": ""N1""}",waller|wordmaster,community-independent|waller-derived,2,N2|N5,curated-supplement|runtime-core,exact
オーバー,オーバー,N4,"{""N3"": 1, ""N4"": 1}","{""community-independent"": ""N4"", ""waller-derived"": ""N3""}",waller|wordmaster,community-independent|waller-derived,2,N3,runtime-core,exact
オープン,オープン,N1,"{""N1"": 1}","{""waller-derived"": ""N1""}",waller,waller-derived,1,N4,runtime-core,exact
蚊,か,N3,"{""N2"": 1, ""N3"": 1}","{""community-independent"": ""N3"", ""waller-derived"": ""N2""}",openjlpt|waller|wordmaster,community-independent|waller-derived,2,N1,runtime-core,exact
下位,かい,N1,"{""N1"": 1}","{""waller-derived"": ""N1""}",openjlpt|waller,waller-derived,1,N2,runtime-core,exact
会,かい,N3,"{""N3"": 1}","{""waller-derived"": ""N3""}",openjlpt|waller,waller-derived,1,N4,runtime-core,exact
貝,かい,N3,"{""N2"": 1, ""N3"": 1}","{""community-independent"": ""N3"", ""waller-derived"": ""N2""}",openjlpt|waller|wordmaster,community-independent|waller-derived,2,N2,runtime-core,exact
開会,かいかい,N2,"{""N2"": 2}","{""community-independent"": ""N2"", ""waller-derived"": ""N2""}",openjlpt|waller|wordmaster,community-independent|waller-derived,2,N3,runtime-core,exact
会館,かいかん,N2,"{""N2"": 2}","{""community-independent"": ""N2"", ""waller-derived"": ""N2""}",openjlpt|waller|wordmaster,community-independent|waller-derived,2,N1,runtime-core,exact
会見,かいけん,N1,"{""N1"": 2}","{""community-independent"": ""N1"", ""waller-derived"": ""N1""}",openjlpt|waller|wordmaster,community-independent|waller-derived,2,N2,runtime-core,exact
介護,かいご,N1,"{""N1"": 2}","{""community-independent"": ""N1"", ""waller-derived"": ""N1""}",openjlpt|waller|wordmaster,community-independent|waller-derived,2,N3,runtime-core,exact
会合,かいごう,N3,"{""N3"": 2}","{""community-independent"": ""N3"", ""waller-derived"": ""N3""}",openjlpt|waller|wordmaster,community-independent|waller-derived,2,N1,runtime-core,exact
開催,かいさい,N1,"{""N1"": 2}","{""community-independent"": ""N1"", ""waller-derived"": ""N1""}",openjlpt|waller|wordmaster,community-independent|waller-derived,2,N2,runtime-core,exact
改札,かいさつ,N2,"{""N2"": 2}","{""community-independent"": ""N2"", ""waller-derived"": ""N2""}",openjlpt|waller|wordmaster,community-independent|waller-derived,2,N3,runtime-core,exact
解釈,かいしゃく,N3,"{""N3"": 2}","{""community-independent"": ""N3"", ""waller-derived"": ""N3""}",openjlpt|waller|wordmaster,community-independent|waller-derived,2,N2,runtime-core,exact
回収,かいしゅう,N1,"{""N1"": 2}","{""community-independent"": ""N1"", ""waller-derived"": ""N1""}",openjlpt|waller|wordmaster,community-independent|waller-derived,2,N3,runtime-core,exact
回数,かいすう,N2,"{""N2"": 2}","{""community-independent"": ""N2"", ""waller-derived"": ""N2""}",openjlpt|waller|wordmaster,community-independent|waller-derived,2,N3,runtime-core,exact
快晴,かいせい,N2,"{""N2"": 2}","{""community-independent"": ""N2"", ""waller-derived"": ""N2""}",openjlpt|waller|wordmaster,community-independent|waller-derived,2,N3,runtime-core,exact
改善,かいぜん,N3,"{""N3"": 2}","{""community-independent"": ""N3"", ""waller-derived"": ""N3""}",openjlpt|waller|wordmaster,community-independent|waller-derived,2,N2,runtime-core,exact
改訂,かいてい,N1,"{""N1"": 2}","{""community-independent"": ""N1"", ""waller-derived"": ""N1""}",openjlpt|waller|wordmaster,community-independent|waller-derived,2,N2,runtime-core,exact
快適,かいてき,N3,"{""N3"": 2}","{""community-independent"": ""N3"", ""waller-derived"": ""N3""}",openjlpt|waller|wordmaster,community-independent|waller-derived,2,N2,runtime-core,exact
解答,かいとう,N2,"{""N2"": 2}","{""community-independent"": ""N2"", ""waller-derived"": ""N2""}",openjlpt|waller|wordmaster,community-independent|waller-derived,2,N1,runtime-core,exact
開発,かいはつ,N1,"{""N1"": 2}","{""community-independent"": ""N1"", ""waller-derived"": ""N1""}",openjlpt|waller|wordmaster,community-independent|waller-derived,2,N2,runtime-core,exact
回復,かいふく,N3,"{""N3"": 2}","{""community-independent"": ""N3"", ""waller-derived"": ""N3""}",openjlpt|waller|wordmaster,community-independent|waller-derived,2,N2,runtime-core,exact
回覧,かいらん,N1,"{""N1"": 2}","{""community-independent"": ""N1"", ""waller-derived"": ""N1""}",openjlpt|waller|wordmaster,community-independent|waller-derived,2,N2,runtime-core,exact
改良,かいりょう,N1,"{""N1"": 2}","{""community-independent"": ""N1"", ""waller-derived"": ""N1""}",openjlpt|waller|wordmaster,community-independent|waller-derived,2,N2,runtime-core,exact
回路,かいろ,N1,"{""N1"": 2}","{""community-independent"": ""N1"", ""waller-derived"": ""N1""}",openjlpt|waller|wordmaster,community-independent|waller-derived,2,N2,runtime-core,exact
帰す,かえす,N3,"{""N2"": 1, ""N3"": 1}","{""community-independent"": ""N3"", ""waller-derived"": ""N2""}",openjlpt|waller|wordmaster,community-independent|waller-derived,2,N2,advanced-bundle,exact
返す,かえす,N5,"{""N5"": 2}","{""community-independent"": ""N5"", ""waller-derived"": ""N5""}",openjlpt|waller|wordmaster,community-independent|waller-derived,2,N4,runtime-core,exact
帰り,かえり,N4,"{""N4"": 2}","{""community-independent"": ""N4"", ""waller-derived"": ""N4""}",openjlpt|waller|wordmaster,community-independent|waller-derived,2,N5,runtime-core,exact
代える,かえる,N3,"{""N2"": 1, ""N3"": 1}","{""community-independent"": ""N3"", ""waller-derived"": ""N2""}",openjlpt|waller|wordmaster,community-independent|waller-derived,2,N1,advanced-bundle,exact
換える,かえる,N3,"{""N3"": 2}","{""community-independent"": ""N3"", ""waller-derived"": ""N3""}",openjlpt|waller|wordmaster,community-independent|waller-derived,2,N2,runtime-core,exact
返る,かえる,N1,"{""N1"": 1}","{""waller-derived"": ""N1""}",openjlpt|waller,waller-derived,1,N3,runtime-core,exact
家屋,かおく,N2,"{""N2"": 2}","{""community-independent"": ""N2"", ""waller-derived"": ""N2""}",openjlpt|waller|wordmaster,community-independent|waller-derived,2,N1,runtime-core,exact
抱える,かかえる,N3,"{""N3"": 2}","{""community-independent"": ""N3"", ""waller-derived"": ""N3""}",openjlpt|waller|wordmaster,community-independent|waller-derived,2,N2,runtime-core,exact
係,かかり,N3,"{""N3"": 2}","{""community-independent"": ""N3"", ""waller-derived"": ""N3""}",openjlpt|waller|wordmaster,community-independent|waller-derived,2,N4,runtime-core,exact
化学,かがく,N3,"{""N3"": 2}","{""community-independent"": ""N3"", ""waller-derived"": ""N3""}",openjlpt|waller|wordmaster,community-independent|waller-derived,2,N1,runtime-core,exact
科学,かがく,N4,"{""N4"": 2}","{""community-independent"": ""N4"", ""waller-derived"": ""N4""}",openjlpt|waller|wordmaster,community-independent|waller-derived,2,N3,runtime-core,exact
鏡,かがみ,N4,"{""N4"": 2}","{""community-independent"": ""N4"", ""waller-derived"": ""N4""}",openjlpt|waller|wordmaster,community-independent|waller-derived,2,N3,runtime-core,exact
垣根,かきね,N2,"{""N2"": 2}","{""community-independent"": ""N2"", ""waller-derived"": ""N2""}",openjlpt|waller|wordmaster,community-independent|waller-derived,2,N1,runtime-core,exact
限る,かぎる,N3,"{""N3"": 2}","{""community-independent"": ""N3"", ""waller-derived"": ""N3""}",openjlpt|waller|wordmaster,community-independent|waller-derived,2,N2,runtime-core,exact
掻く,かく,N3,"{""N2"": 1, ""N3"": 1}","{""community-independent"": ""N3"", ""waller-derived"": ""N2""}",openjlpt|waller|wordmaster,community-independent|waller-derived,2,N2,advanced-bundle,exact
核,かく,N3,"{""N1"": 1, ""N3"": 1}","{""community-independent"": ""N3"", ""waller-derived"": ""N1""}",openjlpt|waller|wordmaster,community-independent|waller-derived,2,N1,runtime-core,exact
格,かく,N3,"{""N1"": 1, ""N3"": 1}","{""community-independent"": ""N3"", ""waller-derived"": ""N1""}",openjlpt|waller|wordmaster,community-independent|waller-derived,2,N1,advanced-bundle,exact
欠く,かく,N3,"{""N1"": 1, ""N3"": 1}","{""community-independent"": ""N3"", ""waller-derived"": ""N1""}",openjlpt|waller|wordmaster,community-independent|waller-derived,2,N1,runtime-core,exact
角,かく,N1,"{""N1"": 1}","{""waller-derived"": ""N1""}",openjlpt|waller,waller-derived,1,N3,runtime-core,exact
架空,かくう,N2,"{""N2"": 2}","{""community-independent"": ""N2"", ""waller-derived"": ""N2""}",openjlpt|waller|wordmaster,community-independent|waller-derived,2,N1,runtime-core,exact
覚悟,かくご,N3,"{""N3"": 2}","{""community-independent"": ""N3"", ""waller-derived"": ""N3""}",openjlpt|waller|wordmaster,community-independent|waller-derived,2,N2,runtime-core,exact
確信,かくしん,N1,"{""N1"": 2}","{""community-independent"": ""N1"", ""waller-derived"": ""N1""}",openjlpt|waller|wordmaster,community-independent|waller-derived,2,N2,runtime-core,exact
拡大,かくだい,N3,"{""N3"": 2}","{""community-independent"": ""N3"", ""waller-derived"": ""N3""}",openjlpt|waller|wordmaster,community-independent|waller-derived,2,N2,runtime-core,exact
各地,かくち,N2,"{""N2"": 2}","{""community-independent"": ""N2"", ""waller-derived"": ""N2""}",openjlpt|waller|wordmaster,community-independent|waller-derived,2,N3,runtime-core,exact
確定,かくてい,N1,"{""N1"": 2}","{""community-independent"": ""N1"", ""waller-derived"": ""N1""}",openjlpt|waller|wordmaster,community-independent|waller-derived,2,N2,runtime-core,exact
獲得,かくとく,N1,"{""N1"": 2}","{""community-independent"": ""N1"", ""waller-derived"": ""N1""}",openjlpt|waller|wordmaster,community-independent|waller-derived,2,N2,runtime-core,exact
確認,かくにん,N3,"{""N3"": 2}","{""community-independent"": ""N3"", ""waller-derived"": ""N3""}",openjlpt|waller|wordmaster,community-independent|waller-derived,2,N4,runtime-core,exact
確保,かくほ,N1,"{""N1"": 2}","{""community-independent"": ""N1"", ""waller-derived"": ""N1""}",openjlpt|waller|wordmaster,community-independent|waller-derived,2,N2,runtime-core,exact
革命,かくめい,N1,"{""N1"": 2}","{""community-independent"": ""N1"", ""waller-derived"": ""N1""}",openjlpt|waller|wordmaster,community-independent|waller-derived,2,N2,runtime-core,exact
確立,かくりつ,N1,"{""N1"": 2}","{""community-independent"": ""N1"", ""waller-derived"": ""N1""}",openjlpt|waller|wordmaster,community-independent|waller-derived,2,N2,runtime-core,exact
隠れる,かくれる,N3,"{""N3"": 2}","{""community-independent"": ""N3"", ""waller-derived"": ""N3""}",openjlpt|waller|wordmaster,community-independent|waller-derived,2,N2,runtime-core,exact
家具,かぐ,N3,"{""N3"": 2}","{""community-independent"": ""N3"", ""waller-derived"": ""N3""}",openjlpt|waller|wordmaster,community-independent|waller-derived,2,N4,runtime-core,exact
家計,かけい,N1,"{""N1"": 2}","{""community-independent"": ""N1"", ""waller-derived"": ""N1""}",openjlpt|waller|wordmaster,community-independent|waller-derived,2,N2,runtime-core,exact
可決,かけつ,N2,"{""N2"": 2}","{""community-independent"": ""N2"", ""waller-derived"": ""N2""}",openjlpt|waller|wordmaster,community-independent|waller-derived,2,N1,runtime-core,exact
欠ける,かける,N3,"{""N3"": 2}","{""community-independent"": ""N3"", ""waller-derived"": ""N3""}",openjlpt|waller|wordmaster,community-independent|waller-derived,2,N2,runtime-core,exact
賭ける,かける,N3,"{""N1"": 1, ""N3"": 1}","{""community-independent"": ""N3"", ""waller-derived"": ""N1""}",openjlpt|waller|wordmaster,community-independent|waller-derived,2,N1,advanced-bundle,exact
陰,かげ,N3,"{""N3"": 2}","{""community-independent"": ""N3"", ""waller-derived"": ""N3""}",openjlpt|waller|wordmaster,community-independent|waller-derived,2,N2,runtime-core,exact
加減,かげん,N3,"{""N3"": 2}","{""community-independent"": ""N3"", ""waller-derived"": ""N3""}",openjlpt|waller|wordmaster,community-independent|waller-derived,2,N2,runtime-core,exact
過去,かこ,N3,"{""N3"": 2}","{""community-independent"": ""N3"", ""waller-derived"": ""N3""}",openjlpt|waller|wordmaster,community-independent|waller-derived,2,N4,runtime-core,exact
籠,かご,N3,"{""N3"": 2}","{""community-independent"": ""N3"", ""waller-derived"": ""N3""}",openjlpt|waller|wordmaster,community-independent|waller-derived,2,N2,runtime-core,exact
火山,かざん,N2,"{""N2"": 2}","{""community-independent"": ""N2"", ""waller-derived"": ""N2""}",openjlpt|waller|wordmaster,community-independent|waller-derived,2,N1,runtime-core,exact
菓子,かし,N3,"{""N3"": 2}","{""community-independent"": ""N3"", ""waller-derived"": ""N3""}",openjlpt|waller|wordmaster,community-independent|waller-derived,2,N5,runtime-core,exact
賢い,かしこい,N3,"{""N3"": 2}","{""community-independent"": ""N3"", ""waller-derived"": ""N3""}",openjlpt|waller|wordmaster,community-independent|waller-derived,2,N2,runtime-core,exact
貸し出し,かしだし,N2,"{""N2"": 2}","{""community-independent"": ""N2"", ""waller-derived"": ""N2""}",openjlpt|waller|wordmaster,community-independent|waller-derived,2,N1,advanced-bundle,exact
過失,かしつ,N2,"{""N2"": 2}","{""community-independent"": ""N2"", ""waller-derived"": ""N2""}",openjlpt|waller|wordmaster,community-independent|waller-derived,2,N1,runtime-core,exact
箇所,かしょ,N2,"{""N1"": 1, ""N2"": 1}","{""community-independent"": ""N2"", ""waller-derived"": ""N1""}",openjlpt|waller|wordmaster,community-independent|waller-derived,2,N3,runtime-core,exact
家事,かじ,N3,"{""N3"": 2}","{""community-independent"": ""N3"", ""waller-derived"": ""N3""}",openjlpt|waller|wordmaster,community-independent|waller-derived,2,N2,runtime-core,exact
火事,かじ,N4,"{""N4"": 2}","{""community-independent"": ""N4"", ""waller-derived"": ""N4""}",openjlpt|waller|wordmaster,community-independent|waller-derived,2,N3,runtime-core,exact
かじる,かじる,N2,"{""N2"": 2}","{""community-independent"": ""N2"", ""waller-derived"": ""N2""}",waller|wordmaster,community-independent|waller-derived,2,N3,runtime-core,exact
数,かず,N3,"{""N3"": 1}","{""waller-derived"": ""N3""}",openjlpt|waller,waller-derived,1,N4,runtime-core,exact
下線,かせん,N2,"{""N2"": 2}","{""community-independent"": ""N2"", ""waller-derived"": ""N2""}",openjlpt|waller|wordmaster,community-independent|waller-derived,2,N3,runtime-core,exact
数える,かぞえる,N3,"{""N3"": 2}","{""community-independent"": ""N3"", ""waller-derived"": ""N3""}",openjlpt|waller|wordmaster,community-independent|waller-derived,2,N4,runtime-core,exact
方,かた,N5,"{""N5"": 2}","{""community-independent"": ""N5"", ""waller-derived"": ""N5""}",openjlpt|waller|wordmaster,community-independent|waller-derived,2,N4,runtime-core,exact
肩,かた,N3,"{""N3"": 2}","{""community-independent"": ""N3"", ""waller-derived"": ""N3""}",openjlpt|waller|wordmaster,community-independent|waller-derived,2,N4,runtime-core,exact
固い,かたい,N4,"{""N4"": 1}","{""waller-derived"": ""N4""}",openjlpt|waller,waller-derived,1,N5,runtime-core,exact
堅い,かたい,N4,"{""N3"": 1, ""N4"": 1}","{""community-independent"": ""N3"", ""waller-derived"": ""N4""}",openjlpt|waller|wordmaster,community-independent|waller-derived,2,N1,runtime-core,exact
方々,かたがた,N3,"{""N3"": 2}","{""community-independent"": ""N3"", ""waller-derived"": ""N3""}",openjlpt|waller|wordmaster,community-independent|waller-derived,2,N2,runtime-core,exact
片付け,かたづけ,N3,"{""N1"": 1, ""N3"": 1}","{""community-independent"": ""N3"", ""waller-derived"": ""N1""}",openjlpt|waller|wordmaster,community-independent|waller-derived,2,N1,advanced-bundle,exact
固まる,かたまる,N2,"{""N2"": 2}","{""community-independent"": ""N2"", ""waller-derived"": ""N2""}",openjlpt|waller|wordmaster,community-independent|waller-derived,2,N3,runtime-core,exact
片道,かたみち,N2,"{""N2"": 2}","{""community-independent"": ""N2"", ""waller-derived"": ""N2""}",openjlpt|waller|wordmaster,community-independent|waller-derived,2,N3,runtime-core,exact
傾ける,かたむける,N1,"{""N1"": 2}","{""community-independent"": ""N1"", ""waller-derived"": ""N1""}",openjlpt|waller|wordmaster,community-independent|waller-derived,2,N2,runtime-core,exact
固める,かためる,N1,"{""N1"": 2}","{""community-independent"": ""N1"", ""waller-derived"": ""N1""}",openjlpt|waller|wordmaster,community-independent|waller-derived,2,N2,runtime-core,exact
偏る,かたよる,N1,"{""N1"": 1}","{""waller-derived"": ""N1""}",openjlpt|waller,waller-derived,1,N2,runtime-core,exact
課題,かだい,N3,"{""N1"": 1, ""N3"": 1}","{""community-independent"": ""N3"", ""waller-derived"": ""N1""}",openjlpt|waller|wordmaster,community-independent|waller-derived,2,N2,runtime-core,exact
花壇,かだん,N1,"{""N1"": 2}","{""community-independent"": ""N1"", ""waller-derived"": ""N1""}",openjlpt|waller|wordmaster,community-independent|waller-derived,2,N3,runtime-core,exact
活気,かっき,N3,"{""N3"": 2}","{""community-independent"": ""N3"", ""waller-derived"": ""N3""}",openjlpt|waller|wordmaster,community-independent|waller-derived,2,N2,runtime-core,exact
勝手,かって,N1,"{""N1"": 1}","{""community-independent"": ""N1""}",wordmaster,community-independent,1,N2,runtime-core,exact
カット,カット,N1,"{""N1"": 2}","{""community-independent"": ""N1"", ""waller-derived"": ""N1""}",waller|wordmaster,community-independent|waller-derived,2,N3,runtime-core,exact
活発,かっぱつ,N1,"{""N1"": 2}","{""community-independent"": ""N1"", ""waller-derived"": ""N1""}",openjlpt|waller|wordmaster,community-independent|waller-derived,2,N2,runtime-core,exact
かつて,かつて,N1,"{""N1"": 1}","{""community-independent"": ""N1""}",wordmaster,community-independent,1,N2,runtime-core,exact
活動,かつどう,N3,"{""N3"": 2}","{""community-independent"": ""N3"", ""waller-derived"": ""N3""}",openjlpt|waller|wordmaster,community-independent|waller-derived,2,N4,runtime-core,exact
活躍,かつやく,N3,"{""N2"": 1, ""N3"": 1}","{""community-independent"": ""N3"", ""waller-derived"": ""N2""}",openjlpt|waller|wordmaster,community-independent|waller-derived,2,N2,runtime-core,exact
活用,かつよう,N3,"{""N3"": 2}","{""community-independent"": ""N3"", ""waller-derived"": ""N3""}",openjlpt|waller|wordmaster,community-independent|waller-derived,2,N2,runtime-core,exact
家庭,かてい,N5,"{""N5"": 2}","{""community-independent"": ""N5"", ""waller-derived"": ""N5""}",openjlpt|waller|wordmaster,community-independent|waller-derived,2,N3,runtime-core,exact
過程,かてい,N3,"{""N2"": 1, ""N3"": 1}","{""community-independent"": ""N3"", ""waller-derived"": ""N2""}",openjlpt|waller|wordmaster,community-independent|waller-derived,2,N2,runtime-core,exact
角,かど,N5,"{""N5"": 2}","{""community-independent"": ""N5"", ""waller-derived"": ""N5""}",openjlpt|waller|wordmaster,community-independent|waller-derived,2,N4,runtime-core,exact
仮名,かな,N2,"{""N2"": 2}","{""community-independent"": ""N2"", ""waller-derived"": ""N2""}",openjlpt|waller|wordmaster,community-independent|waller-derived,2,N4,runtime-core,exact
家内,かない,N4,"{""N4"": 2}","{""community-independent"": ""N4"", ""waller-derived"": ""N4""}",openjlpt|waller|wordmaster,community-independent|waller-derived,2,N3,runtime-core,exact
かなわない,かなわない,N1,"{""N1"": 1}","{""community-independent"": ""N1""}",wordmaster,community-independent,1,N2,runtime-core,exact
金,かね,N3,"{""N3"": 2}","{""community-independent"": ""N3"", ""waller-derived"": ""N3""}",openjlpt|waller|wordmaster,community-independent|waller-derived,2,N5,runtime-core,exact
鐘,かね,N3,"{""N2"": 1, ""N3"": 1}","{""community-independent"": ""N3"", ""waller-derived"": ""N2""}",openjlpt|waller|wordmaster,community-independent|waller-derived,2,N2,advanced-bundle,exact
金持ち,かねもち,N4,"{""N4"": 1}","{""waller-derived"": ""N4""}",openjlpt|waller,waller-derived,1,N3,runtime-core,exact
可能,かのう,N3,"{""N3"": 2}","{""community-independent"": ""N3"", ""waller-derived"": ""N3""}",openjlpt|waller|wordmaster,community-independent|waller-derived,2,N4,runtime-core,exact
彼女,かのじょ,N4,"{""N4"": 2}","{""community-independent"": ""N4"", ""waller-derived"": ""N4""}",openjlpt|waller|wordmaster,community-independent|waller-derived,2,N5,runtime-core,exact
カバー,カバー,N2,"{""N2"": 2}","{""community-independent"": ""N2"", ""waller-derived"": ""N2""}",waller|wordmaster,community-independent|waller-derived,2,N3,runtime-core,exact
花瓶,かびん,N5,"{""N5"": 2}","{""community-independent"": ""N5"", ""waller-derived"": ""N5""}",openjlpt|waller|wordmaster,community-independent|waller-derived,2,N3,runtime-core,exact
花粉,かふん,N1,"{""N1"": 2}","{""community-independent"": ""N1"", ""waller-derived"": ""N1""}",openjlpt|waller|wordmaster,community-independent|waller-derived,2,N2,runtime-core,exact
株式,かぶしき,N1,"{""N1"": 2}","{""community-independent"": ""N1"", ""waller-derived"": ""N1""}",openjlpt|waller|wordmaster,community-independent|waller-derived,2,N3,runtime-core,exact
かぶる,かぶる,N5,"{""N5"": 1}","{""community-independent"": ""N5""}",wordmaster,community-independent,1,N3,runtime-core,exact
貨幣,かへい,N1,"{""N1"": 2}","{""community-independent"": ""N1"", ""waller-derived"": ""N1""}",openjlpt|waller|wordmaster,community-independent|waller-derived,2,N2,runtime-core,exact
構う,かまう,N3,"{""N3"": 1}","{""waller-derived"": ""N3""}",openjlpt|waller,waller-derived,1,N4,advanced-bundle,exact
構え,かまえ,N1,"{""N1"": 1}","{""waller-derived"": ""N1""}",openjlpt|waller,waller-derived,1,N2,runtime-core,exact
上,かみ,N3,"{""N3"": 1}","{""waller-derived"": ""N3""}",waller,waller-derived,1,N1,runtime-core,exact
加味,かみ,N3,"{""N1"": 1, ""N3"": 1}","{""community-independent"": ""N3"", ""waller-derived"": ""N1""}",openjlpt|waller|wordmaster,community-independent|waller-derived,2,N1,runtime-core,exact
神,かみ,N3,"{""N3"": 2}","{""community-independent"": ""N3"", ""waller-derived"": ""N3""}",openjlpt|waller|wordmaster,community-independent|waller-derived,2,N2,runtime-core,exact
髪,かみ,N4,"{""N4"": 2}","{""community-independent"": ""N4"", ""waller-derived"": ""N4""}",openjlpt|waller|wordmaster,community-independent|waller-derived,2,N5,runtime-core,exact
雷,かみなり,N3,"{""N3"": 2}","{""community-independent"": ""N3"", ""waller-derived"": ""N3""}",openjlpt|waller|wordmaster,community-independent|waller-derived,2,N4,runtime-core,exact
カメラマン,カメラマン,N1,"{""N1"": 2}","{""community-independent"": ""N1"", ""waller-derived"": ""N1""}",waller|wordmaster,community-independent|waller-derived,2,N3,runtime-core,exact
かも知れない,かもしれない,N1,"{""N1"": 1}","{""waller-derived"": ""N1""}",openjlpt|waller,waller-derived,1,N3,advanced-bundle,exact
痒い,かゆい,N1,"{""N1"": 1}","{""waller-derived"": ""N1""}",openjlpt|waller,waller-derived,1,N2,advanced-bundle,exact
歌謡,かよう,N3,"{""N2"": 1, ""N3"": 1}","{""community-independent"": ""N3"", ""waller-derived"": ""N2""}",openjlpt|waller|wordmaster,community-independent|waller-derived,2,N2,runtime-core,exact
通う,かよう,N4,"{""N4"": 2}","{""community-independent"": ""N4"", ""waller-derived"": ""N4""}",openjlpt|waller|wordmaster,community-independent|waller-derived,2,N5,runtime-core,exact
殻,から,N3,"{""N2"": 1, ""N3"": 1}","{""community-independent"": ""N3"", ""waller-derived"": ""N2""}",openjlpt|waller|wordmaster,community-independent|waller-derived,2,N1,runtime-core,exact
空,から,N3,"{""N3"": 2}","{""community-independent"": ""N3"", ""waller-derived"": ""N3""}",openjlpt|waller|wordmaster,community-independent|waller-derived,2,N1,runtime-core,exact
空っぽ,からっぽ,N2,"{""N2"": 2}","{""community-independent"": ""N2"", ""waller-derived"": ""N2""}",openjlpt|waller|wordmaster,community-independent|waller-derived,2,N1,runtime-core,exact
絡む,からむ,N1,"{""N1"": 2}","{""community-independent"": ""N1"", ""waller-derived"": ""N1""}",openjlpt|waller|wordmaster,community-independent|waller-derived,2,N2,runtime-core,exact
借り,かり,N3,"{""N1"": 1, ""N3"": 1}","{""community-independent"": ""N3"", ""waller-derived"": ""N1""}",openjlpt|waller|wordmaster,community-independent|waller-derived,2,N5,runtime-core,exact
狩り,かり,N3,"{""N3"": 1}","{""community-independent"": ""N3""}",wordmaster,community-independent,1,N2,runtime-core,exact
刈る,かる,N3,"{""N3"": 2}","{""community-independent"": ""N3"", ""waller-derived"": ""N3""}",openjlpt|waller|wordmaster,community-independent|waller-derived,2,N1,runtime-core,exact
彼,かれ,N4,"{""N4"": 2}","{""community-independent"": ""N4"", ""waller-derived"": ""N4""}",openjlpt|waller|wordmaster,community-independent|waller-derived,2,N5,runtime-core,exact
彼ら,かれら,N4,"{""N4"": 2}","{""community-independent"": ""N4"", ""waller-derived"": ""N4""}",openjlpt|waller|wordmaster,community-independent|waller-derived,2,N2,runtime-core,exact
枯れる,かれる,N2,"{""N2"": 2}","{""community-independent"": ""N2"", ""waller-derived"": ""N2""}",openjlpt|waller|wordmaster,community-independent|waller-derived,2,N3,runtime-core,exact
カロリー,カロリー,N2,"{""N2"": 2}","{""community-independent"": ""N2"", ""waller-derived"": ""N2""}",waller|wordmaster,community-independent|waller-derived,2,N3,runtime-core,exact
革,かわ,N3,"{""N3"": 2}","{""community-independent"": ""N3"", ""waller-derived"": ""N3""}",openjlpt|waller|wordmaster,community-independent|waller-derived,2,N2,runtime-core,exact
かわいがる,かわいがる,N2,"{""N2"": 1}","{""waller-derived"": ""N2""}",waller,waller-derived,1,N1,runtime-core,exact
可哀想,かわいそう,N1,"{""N1"": 1}","{""waller-derived"": ""N1""}",openjlpt|waller,waller-derived,1,N3,advanced-bundle,exact
乾く,かわく,N4,"{""N4"": 2}","{""community-independent"": ""N4"", ""waller-derived"": ""N4""}",openjlpt|waller|wordmaster,community-independent|waller-derived,2,N3,runtime-core,exact
渇く,かわく,N3,"{""N2"": 1, ""N3"": 1}","{""community-independent"": ""N3"", ""waller-derived"": ""N2""}",openjlpt|waller|wordmaster,community-independent|waller-derived,2,N1,runtime-core,exact
交わす,かわす,N1,"{""N1"": 1}","{""waller-derived"": ""N1""}",openjlpt|waller,waller-derived,1,N2,runtime-core,exact
為替,かわせ,N2,"{""N2"": 2}","{""community-independent"": ""N2"", ""waller-derived"": ""N2""}",openjlpt|waller|wordmaster,community-independent|waller-derived,2,N1,runtime-core,exact
代わり,かわり,N4,"{""N4"": 2}","{""community-independent"": ""N4"", ""waller-derived"": ""N4""}",openjlpt|waller|wordmaster,community-independent|waller-derived,2,N3,runtime-core,exact
代わる,かわる,N1,"{""N1"": 1}","{""waller-derived"": ""N1""}",openjlpt|waller,waller-derived,1,N4,runtime-core,exact
勘,かん,N3,"{""N3"": 2}","{""community-independent"": ""N3"", ""waller-derived"": ""N3""}",openjlpt|waller|wordmaster,community-independent|waller-derived,2,N2,runtime-core,exact
管,かん,N1,"{""N1"": 2}","{""community-independent"": ""N1"", ""waller-derived"": ""N1""}",openjlpt|waller|wordmaster,community-independent|waller-derived,2,N3,advanced-bundle,exact
缶,かん,N3,"{""N3"": 2}","{""community-independent"": ""N3"", ""waller-derived"": ""N3""}",openjlpt|waller|wordmaster,community-independent|waller-derived,2,N4,runtime-core,exact
観,かん,N1,"{""N1"": 1}","{""waller-derived"": ""N1""}",openjlpt|waller,waller-derived,1,N2,runtime-core,exact
簡易,かんい,N1,"{""N1"": 2}","{""community-independent"": ""N1"", ""waller-derived"": ""N1""}",openjlpt|waller|wordmaster,community-independent|waller-derived,2,N2,runtime-core,exact
考え,かんがえ,N3,"{""N3"": 2}","{""community-independent"": ""N3"", ""waller-derived"": ""N3""}",openjlpt|waller|wordmaster,community-independent|waller-derived,2,N5,runtime-core,exact
考える,かんがえる,N4,"{""N4"": 2}","{""community-independent"": ""N4"", ""waller-derived"": ""N4""}",openjlpt|waller|wordmaster,community-independent|waller-derived,2,N5,runtime-core,exact
簡潔,かんけつ,N1,"{""N1"": 2}","{""community-independent"": ""N1"", ""waller-derived"": ""N1""}",openjlpt|waller|wordmaster,community-independent|waller-derived,2,N2,runtime-core,exact
感激,かんげき,N2,"{""N2"": 2}","{""community-independent"": ""N2"", ""waller-derived"": ""N2""}",openjlpt|waller|wordmaster,community-independent|waller-derived,2,N3,runtime-core,exact
刊行,かんこう,N3,"{""N1"": 1, ""N3"": 1}","{""community-independent"": ""N3"", ""waller-derived"": ""N1""}",openjlpt|waller|wordmaster,community-independent|waller-derived,2,N1,advanced-bundle,exact
慣行,かんこう,N3,"{""N1"": 1, ""N3"": 1}","{""community-independent"": ""N3"", ""waller-derived"": ""N1""}",openjlpt|waller|wordmaster,community-independent|waller-derived,2,N1,advanced-bundle,exact
看護,かんご,N1,"{""N1"": 2}","{""community-independent"": ""N1"", ""waller-derived"": ""N1""}",openjlpt|waller|wordmaster,community-independent|waller-derived,2,N4,runtime-core,exact
関西,かんさい,N2,"{""N2"": 2}","{""community-independent"": ""N2"", ""waller-derived"": ""N2""}",waller|wordmaster,community-independent|waller-derived,2,N1,runtime-core,exact
換算,かんさん,N1,"{""N1"": 2}","{""community-independent"": ""N1"", ""waller-derived"": ""N1""}",openjlpt|waller|wordmaster,community-independent|waller-derived,2,N2,runtime-core,exact
感謝,かんしゃ,N3,"{""N3"": 2}","{""community-independent"": ""N3"", ""waller-derived"": ""N3""}",openjlpt|waller|wordmaster,community-independent|waller-derived,2,N4,runtime-core,exact
干渉,かんしょう,N1,"{""N1"": 2}","{""community-independent"": ""N1"", ""waller-derived"": ""N1""}",openjlpt|waller|wordmaster,community-independent|waller-derived,2,N2,runtime-core,exact
感じ,かんじ,N3,"{""N3"": 2}","{""community-independent"": ""N3"", ""waller-derived"": ""N3""}",openjlpt|waller|wordmaster,community-independent|waller-derived,2,N5,runtime-core,exact
勘定,かんじょう,N3,"{""N3"": 2}","{""community-independent"": ""N3"", ""waller-derived"": ""N3""}",openjlpt|waller|wordmaster,community-independent|waller-derived,2,N2,runtime-core,exact
感じる,かんじる,N3,"{""N3"": 2}","{""community-independent"": ""N3"", ""waller-derived"": ""N3""}",openjlpt|waller|wordmaster,community-independent|waller-derived,2,N4,runtime-core,exact
肝心,かんじん,N1,"{""N1"": 2}","{""community-independent"": ""N1"", ""waller-derived"": ""N1""}",openjlpt|waller|wordmaster,community-independent|waller-derived,2,N2,runtime-core,exact
歓声,かんせい,N3,"{""N1"": 1, ""N3"": 1}","{""community-independent"": ""N3"", ""waller-derived"": ""N1""}",openjlpt|waller|wordmaster,community-independent|waller-derived,2,N1,runtime-core,exact
簡単,かんたん,N4,"{""N4"": 2}","{""community-independent"": ""N4"", ""waller-derived"": ""N4""}",openjlpt|waller|wordmaster,community-independent|waller-derived,2,N5,runtime-core,exact
缶詰,かんづめ,N2,"{""N2"": 2}","{""community-independent"": ""N2"", ""waller-derived"": ""N2""}",openjlpt|waller|wordmaster,community-independent|waller-derived,2,N1,runtime-core,exact
観点,かんてん,N1,"{""N1"": 2}","{""community-independent"": ""N1"", ""waller-derived"": ""N1""}",openjlpt|waller|wordmaster,community-independent|waller-derived,2,N2,runtime-core,exact
監督,かんとく,N3,"{""N3"": 2}","{""community-independent"": ""N3"", ""waller-derived"": ""N3""}",openjlpt|waller|wordmaster,community-independent|waller-derived,2,N2,runtime-core,exact
看板,かんばん,N2,"{""N2"": 2}","{""community-independent"": ""N2"", ""waller-derived"": ""N2""}",openjlpt|waller|wordmaster,community-independent|waller-derived,2,N3,runtime-core,exact
完璧,かんぺき,N1,"{""N1"": 1}","{""waller-derived"": ""N1""}",openjlpt|waller,waller-derived,1,N2,runtime-core,exact
勧誘,かんゆう,N1,"{""N1"": 2}","{""community-independent"": ""N1"", ""waller-derived"": ""N1""}",openjlpt|waller|wordmaster,community-independent|waller-derived,2,N2,runtime-core,exact
官僚,かんりょう,N3,"{""N1"": 1, ""N3"": 1}","{""community-independent"": ""N3"", ""waller-derived"": ""N1""}",openjlpt|waller|wordmaster,community-independent|waller-derived,2,N1,advanced-bundle,exact
関連,かんれん,N3,"{""N3"": 2}","{""community-independent"": ""N3"", ""waller-derived"": ""N3""}",openjlpt|waller|wordmaster,community-independent|waller-derived,2,N2,runtime-core,exact
カーテン,カーテン,N4,"{""N4"": 2}","{""community-independent"": ""N4"", ""waller-derived"": ""N4""}",waller|wordmaster,community-independent|waller-derived,2,N3,runtime-core,exact
カード,カード,N3,"{""N3"": 2}","{""community-independent"": ""N3"", ""waller-derived"": ""N3""}",waller|wordmaster,community-independent|waller-derived,2,N4|N5,curated-supplement|runtime-core,exact
カーブ,カーブ,N2,"{""N2"": 2}","{""community-independent"": ""N2"", ""waller-derived"": ""N2""}",waller|wordmaster,community-independent|waller-derived,2,N3,runtime-core,exact
害,がい,N3,"{""N3"": 2}","{""community-independent"": ""N3"", ""waller-derived"": ""N3""}",openjlpt|waller|wordmaster,community-independent|waller-derived,2,N2,runtime-core,exact
外観,がいかん,N1,"{""N1"": 2}","{""community-independent"": ""N1"", ""waller-derived"": ""N1""}",openjlpt|waller|wordmaster,community-independent|waller-derived,2,N2,runtime-core,exact
外交,がいこう,N3,"{""N3"": 2}","{""community-independent"": ""N3"", ""waller-derived"": ""N3""}",openjlpt|waller|wordmaster,community-independent|waller-derived,2,N1,runtime-core,exact
ガイド,ガイド,N1,"{""N1"": 2}","{""community-independent"": ""N1"", ""waller-derived"": ""N1""}",waller|wordmaster,community-independent|waller-derived,2,N3,runtime-core,exact
ガイドブック,ガイドブック,N1,"{""N1"": 2}","{""community-independent"": ""N1"", ""waller-derived"": ""N1""}",waller|wordmaster,community-independent|waller-derived,2,N3,runtime-core,exact
概念,がいねん,N1,"{""N1"": 2}","{""community-independent"": ""N1"", ""waller-derived"": ""N1""}",openjlpt|waller|wordmaster,community-independent|waller-derived,2,N2,runtime-core,exact
外来,がいらい,N1,"{""N1"": 2}","{""community-independent"": ""N1"", ""waller-derived"": ""N1""}",openjlpt|waller|wordmaster,community-independent|waller-derived,2,N2,runtime-core,exact
概論,がいろん,N2,"{""N2"": 2}","{""community-independent"": ""N2"", ""waller-derived"": ""N2""}",openjlpt|waller|wordmaster,community-independent|waller-derived,2,N1,runtime-core,exact
学,がく,N3,"{""N3"": 2}","{""community-independent"": ""N3"", ""waller-derived"": ""N3""}",openjlpt|waller|wordmaster,community-independent|waller-derived,2,N5,runtime-core,exact
額,がく,N3,"{""N3"": 2}","{""community-independent"": ""N3"", ""waller-derived"": ""N3""}",openjlpt|waller|wordmaster,community-independent|waller-derived,2,N1,runtime-core,exact
学者,がくしゃ,N3,"{""N3"": 2}","{""community-independent"": ""N3"", ""waller-derived"": ""N3""}",openjlpt|waller|wordmaster,community-independent|waller-derived,2,N2,runtime-core,exact
学術,がくじゅつ,N2,"{""N2"": 2}","{""community-independent"": ""N2"", ""waller-derived"": ""N2""}",openjlpt|waller|wordmaster,community-independent|waller-derived,2,N1,runtime-core,exact
学年,がくねん,N2,"{""N2"": 2}","{""community-independent"": ""N2"", ""waller-derived"": ""N2""}",openjlpt|waller|wordmaster,community-independent|waller-derived,2,N3,runtime-core,exact
学部,がくぶ,N2,"{""N2"": 1}","{""waller-derived"": ""N2""}",openjlpt|waller,waller-derived,1,N3,runtime-core,exact
学問,がくもん,N3,"{""N3"": 2}","{""community-independent"": ""N3"", ""waller-derived"": ""N3""}",openjlpt|waller|wordmaster,community-independent|waller-derived,2,N2,runtime-core,exact
ガス,ガス,N4,"{""N4"": 2}","{""community-independent"": ""N4"", ""waller-derived"": ""N4""}",waller|wordmaster,community-independent|waller-derived,2,N3,runtime-core,exact
ガソリン,ガソリン,N4,"{""N4"": 2}","{""community-independent"": ""N4"", ""waller-derived"": ""N4""}",waller|wordmaster,community-independent|waller-derived,2,N3,runtime-core,exact
ガソリンスタンド,ガソリンスタンド,N4,"{""N4"": 2}","{""community-independent"": ""N4"", ""waller-derived"": ""N4""}",waller|wordmaster,community-independent|waller-derived,2,N3,runtime-core,exact
学科,がっか,N2,"{""N2"": 2}","{""community-independent"": ""N2"", ""waller-derived"": ""N2""}",openjlpt|waller|wordmaster,community-independent|waller-derived,2,N3,runtime-core,exact
合唱,がっしょう,N1,"{""N1"": 2}","{""community-independent"": ""N1"", ""waller-derived"": ""N1""}",openjlpt|waller|wordmaster,community-independent|waller-derived,2,N2,runtime-core,exact
ガム,ガム,N2,"{""N2"": 2}","{""community-independent"": ""N2"", ""waller-derived"": ""N2""}",waller|wordmaster,community-independent|waller-derived,2,N4,runtime-core,exact
ガラス,ガラス,N4,"{""N4"": 2}","{""community-independent"": ""N4"", ""waller-derived"": ""N4""}",waller|wordmaster,community-independent|waller-derived,2,N3,runtime-core,exact
側,がわ,N1,"{""N1"": 1}","{""waller-derived"": ""N1""}",waller,waller-derived,1,N4,runtime-core,exact
癌,がん,N3,"{""N1"": 1, ""N3"": 1}","{""community-independent"": ""N3"", ""waller-derived"": ""N1""}",openjlpt|waller|wordmaster,community-independent|waller-derived,2,N1,advanced-bundle,exact
玩具,がんぐ,N1,"{""N1"": 1}","{""community-independent"": ""N1""}",wordmaster,community-independent,1,N3,advanced-bundle,exact
頑固,がんこ,N1,"{""N1"": 2}","{""community-independent"": ""N1"", ""waller-derived"": ""N1""}",openjlpt|waller|wordmaster,community-independent|waller-derived,2,N2,runtime-core,exact
頑丈,がんじょう,N1,"{""N1"": 2}","{""community-independent"": ""N1"", ""waller-derived"": ""N1""}",openjlpt|waller|wordmaster,community-independent|waller-derived,2,N2,runtime-core,exact
期,き,N1,"{""N1"": 1}","{""waller-derived"": ""N1""}",openjlpt|waller,waller-derived,1,N3,runtime-core,exact
消える,きえる,N5,"{""N5"": 2}","{""community-independent"": ""N5"", ""waller-derived"": ""N5""}",openjlpt|waller|wordmaster,community-independent|waller-derived,2,N4,runtime-core,exact
記憶,きおく,N3,"{""N3"": 2}","{""community-independent"": ""N3"", ""waller-derived"": ""N3""}",openjlpt|waller|wordmaster,community-independent|waller-derived,2,N2,runtime-core,exact
器械,きかい,N3,"{""N2"": 1, ""N3"": 1}","{""community-independent"": ""N3"", ""waller-derived"": ""N2""}",openjlpt|waller|wordmaster,community-independent|waller-derived,2,N1,advanced-bundle,exact
機会,きかい,N4,"{""N4"": 2}","{""community-independent"": ""N4"", ""waller-derived"": ""N4""}",openjlpt|waller|wordmaster,community-independent|waller-derived,2,N3,runtime-core,exact
機械,きかい,N3,"{""N3"": 2}","{""community-independent"": ""N3"", ""waller-derived"": ""N3""}",openjlpt|waller|wordmaster,community-independent|waller-derived,2,N4,runtime-core,exact
企画,きかく,N1,"{""N1"": 2}","{""community-independent"": ""N1"", ""waller-derived"": ""N1""}",openjlpt|waller|wordmaster,community-independent|waller-derived,2,N2,runtime-core,exact
器官,きかん,N3,"{""N1"": 1, ""N3"": 1}","{""community-independent"": ""N3"", ""waller-derived"": ""N1""}",openjlpt|waller|wordmaster,community-independent|waller-derived,2,N1,advanced-bundle,exact
機関車,きかんしゃ,N2,"{""N2"": 2}","{""community-independent"": ""N2"", ""waller-derived"": ""N2""}",openjlpt|waller|wordmaster,community-independent|waller-derived,2,N1,runtime-core,exact
着替え,きがえ,N2,"{""N2"": 2}","{""community-independent"": ""N2"", ""waller-derived"": ""N2""}",openjlpt|waller|wordmaster,community-independent|waller-derived,2,N3,runtime-core,exact
着替える,きがえる,N2,"{""N2"": 1}","{""community-independent"": ""N2""}",wordmaster,community-independent,1,N1,runtime-core,exact
気兼ね,きがね,N1,"{""N1"": 2}","{""community-independent"": ""N1"", ""waller-derived"": ""N1""}",openjlpt|waller|wordmaster,community-independent|waller-derived,2,N2,runtime-core,exact
気軽,きがる,N1,"{""N1"": 2}","{""community-independent"": ""N1"", ""waller-derived"": ""N1""}",openjlpt|waller|wordmaster,community-independent|waller-derived,2,N2,runtime-core,exact
危機,きき,N1,"{""N1"": 2}","{""community-independent"": ""N1"", ""waller-derived"": ""N1""}",openjlpt|waller|wordmaster,community-independent|waller-derived,2,N2,runtime-core,exact
聞き取り,ききとり,N1,"{""N1"": 2}","{""community-independent"": ""N1"", ""waller-derived"": ""N1""}",openjlpt|waller|wordmaster,community-independent|waller-derived,2,N3,runtime-core,exact
効き目,ききめ,N1,"{""N1"": 2}","{""community-independent"": ""N1"", ""waller-derived"": ""N1""}",openjlpt|waller|wordmaster,community-independent|waller-derived,2,N2,runtime-core,exact
効く,きく,N3,"{""N3"": 2}","{""community-independent"": ""N3"", ""waller-derived"": ""N3""}",openjlpt|waller|wordmaster,community-independent|waller-derived,2,N2,runtime-core,exact
機嫌,きげん,N3,"{""N3"": 2}","{""community-independent"": ""N3"", ""waller-derived"": ""N3""}",openjlpt|waller|wordmaster,community-independent|waller-derived,2,N2,runtime-core,exact
起源,きげん,N3,"{""N1"": 1, ""N3"": 1}","{""community-independent"": ""N3"", ""waller-derived"": ""N1""}",openjlpt|waller|wordmaster,community-independent|waller-derived,2,N1,runtime-core,exact
機構,きこう,N3,"{""N1"": 1, ""N3"": 1}","{""community-independent"": ""N3"", ""waller-derived"": ""N1""}",openjlpt|waller|wordmaster,community-independent|waller-derived,2,N1,runtime-core,exact
気候,きこう,N3,"{""N3"": 2}","{""community-independent"": ""N3"", ""waller-derived"": ""N3""}",openjlpt|waller|wordmaster,community-independent|waller-derived,2,N2,runtime-core,exact
記号,きごう,N2,"{""N2"": 2}","{""community-independent"": ""N2"", ""waller-derived"": ""N2""}",openjlpt|waller|wordmaster,community-independent|waller-derived,2,N1,runtime-core,exact
岸,きし,N3,"{""N3"": 2}","{""community-independent"": ""N3"", ""waller-derived"": ""N3""}",openjlpt|waller|wordmaster,community-independent|waller-derived,2,N1,runtime-core,exact
汽車,きしゃ,N4,"{""N4"": 2}","{""community-independent"": ""N4"", ""waller-derived"": ""N4""}",openjlpt|waller|wordmaster,community-independent|waller-derived,2,N2,runtime-core,exact
記者,きしゃ,N3,"{""N3"": 2}","{""community-independent"": ""N3"", ""waller-derived"": ""N3""}",openjlpt|waller|wordmaster,community-independent|waller-derived,2,N2,runtime-core,exact
気象,きしょう,N1,"{""N1"": 2}","{""community-independent"": ""N1"", ""waller-derived"": ""N1""}",openjlpt|waller|wordmaster,community-independent|waller-derived,2,N2,runtime-core,exact
生地,きじ,N3,"{""N3"": 2}","{""community-independent"": ""N3"", ""waller-derived"": ""N3""}",openjlpt|waller|wordmaster,community-independent|waller-derived,2,N2,runtime-core,exact
期日,きじつ,N1,"{""N1"": 2}","{""community-independent"": ""N1"", ""waller-derived"": ""N1""}",openjlpt|waller|wordmaster,community-independent|waller-derived,2,N2,runtime-core,exact
傷,きず,N3,"{""N3"": 2}","{""community-independent"": ""N3"", ""waller-derived"": ""N3""}",openjlpt|waller|wordmaster,community-independent|waller-derived,2,N4,runtime-core,exact
築く,きずく,N3,"{""N1"": 1, ""N3"": 1}","{""community-independent"": ""N3"", ""waller-derived"": ""N1""}",openjlpt|waller|wordmaster,community-independent|waller-derived,2,N2,runtime-core,exact
規制,きせい,N3,"{""N1"": 1, ""N3"": 1}","{""community-independent"": ""N3"", ""waller-derived"": ""N1""}",openjlpt|waller|wordmaster,community-independent|waller-derived,2,N1,runtime-core,exact
基礎,きそ,N2,"{""N2"": 2}","{""community-independent"": ""N2"", ""waller-derived"": ""N2""}",openjlpt|waller|wordmaster,community-independent|waller-derived,2,N3,runtime-core,exact
規則,きそく,N4,"{""N4"": 2}","{""community-independent"": ""N4"", ""waller-derived"": ""N4""}",openjlpt|waller|wordmaster,community-independent|waller-derived,2,N3,runtime-core,exact
期待,きたい,N3,"{""N3"": 2}","{""community-independent"": ""N3"", ""waller-derived"": ""N3""}",openjlpt|waller|wordmaster,community-independent|waller-derived,2,N4,runtime-core,exact
気体,きたい,N3,"{""N2"": 1, ""N3"": 1}","{""community-independent"": ""N3"", ""waller-derived"": ""N2""}",openjlpt|waller|wordmaster,community-independent|waller-derived,2,N2,runtime-core,exact
鍛える,きたえる,N1,"{""N1"": 2}","{""community-independent"": ""N1"", ""waller-derived"": ""N1""}",openjlpt|waller|wordmaster,community-independent|waller-derived,2,N2,runtime-core,exact
基地,きち,N2,"{""N2"": 2}","{""community-independent"": ""N2"", ""waller-derived"": ""N2""}",openjlpt|waller|wordmaster,community-independent|waller-derived,2,N1,runtime-core,exact
貴重,きちょう,N3,"{""N3"": 2}","{""community-independent"": ""N3"", ""waller-derived"": ""N3""}",openjlpt|waller|wordmaster,community-independent|waller-derived,2,N2,runtime-core,exact
きっぱり,きっぱり,N1,"{""N1"": 2}","{""community-independent"": ""N1"", ""waller-derived"": ""N1""}",waller|wordmaster,community-independent|waller-derived,2,N2,runtime-core,exact
規定,きてい,N1,"{""N1"": 2}","{""community-independent"": ""N1"", ""waller-derived"": ""N1""}",openjlpt|waller|wordmaster,community-independent|waller-derived,2,N2,runtime-core,exact
気に入る,きにいる,N3,"{""N3"": 2}","{""community-independent"": ""N3"", ""waller-derived"": ""N3""}",openjlpt|waller|wordmaster,community-independent|waller-derived,2,N4,runtime-core,exact
絹,きぬ,N4,"{""N4"": 2}","{""community-independent"": ""N4"", ""waller-derived"": ""N4""}",openjlpt|waller|wordmaster,community-independent|waller-derived,2,N2,runtime-core,exact
機能,きのう,N3,"{""N3"": 2}","{""community-independent"": ""N3"", ""waller-derived"": ""N3""}",openjlpt|waller|wordmaster,community-independent|waller-derived,2,N2,runtime-core,exact
基盤,きばん,N2,"{""N2"": 2}","{""community-independent"": ""N2"", ""waller-derived"": ""N2""}",openjlpt|waller|wordmaster,community-independent|waller-derived,2,N1,runtime-core,exact
寄付,きふ,N3,"{""N3"": 2}","{""community-independent"": ""N3"", ""waller-derived"": ""N3""}",openjlpt|waller|wordmaster,community-independent|waller-derived,2,N2,runtime-core,exact
規模,きぼ,N1,"{""N1"": 2}","{""community-independent"": ""N1"", ""waller-derived"": ""N1""}",openjlpt|waller|wordmaster,community-independent|waller-derived,2,N2,runtime-core,exact
希望,きぼう,N3,"{""N3"": 2}","{""community-independent"": ""N3"", ""waller-derived"": ""N3""}",openjlpt|waller|wordmaster,community-independent|waller-derived,2,N4,runtime-core,exact
期末,きまつ,N1,"{""N1"": 2}","{""community-independent"": ""N1"", ""waller-derived"": ""N1""}",openjlpt|waller|wordmaster,community-independent|waller-derived,2,N3,runtime-core,exact
気味,きみ,N3,"{""N3"": 2}","{""community-independent"": ""N3"", ""waller-derived"": ""N3""}",openjlpt|waller|wordmaster,community-independent|waller-derived,2,N2,runtime-core,exact
奇妙,きみょう,N3,"{""N3"": 2}","{""community-independent"": ""N3"", ""waller-derived"": ""N3""}",openjlpt|waller|wordmaster,community-independent|waller-derived,2,N2,runtime-core,exact
華奢,きゃしゃ,N1,"{""N1"": 1}","{""community-independent"": ""N1""}",wordmaster,community-independent,1,N2,advanced-bundle,exact
キャッチ,キャッチ,N1,"{""N1"": 2}","{""community-independent"": ""N1"", ""waller-derived"": ""N1""}",waller|wordmaster,community-independent|waller-derived,2,N2,runtime-core,exact
キャプテン,キャプテン,N3,"{""N3"": 2}","{""community-independent"": ""N3"", ""waller-derived"": ""N3""}",waller|wordmaster,community-independent|waller-derived,2,N2,runtime-core,exact
キャンプ,キャンプ,N3,"{""N3"": 2}","{""community-independent"": ""N3"", ""waller-derived"": ""N3""}",waller|wordmaster,community-independent|waller-derived,2,N2,runtime-core,exact
休暇,きゅうか,N3,"{""N3"": 2}","{""community-independent"": ""N3"", ""waller-derived"": ""N3""}",openjlpt|waller|wordmaster,community-independent|waller-derived,2,N2,runtime-core,exact
休憩,きゅうけい,N3,"{""N3"": 2}","{""community-independent"": ""N3"", ""waller-derived"": ""N3""}",openjlpt|waller|wordmaster,community-independent|waller-derived,2,N2,runtime-core,exact
急激,きゅうげき,N3,"{""N3"": 2}","{""community-independent"": ""N3"", ""waller-derived"": ""N3""}",openjlpt|waller|wordmaster,community-independent|waller-derived,2,N2,runtime-core,exact
休講,きゅうこう,N2,"{""N2"": 2}","{""community-independent"": ""N2"", ""waller-derived"": ""N2""}",openjlpt|waller|wordmaster,community-independent|waller-derived,2,N3,runtime-core,exact
吸収,きゅうしゅう,N3,"{""N3"": 2}","{""community-independent"": ""N3"", ""waller-derived"": ""N3""}",openjlpt|waller|wordmaster,community-independent|waller-derived,2,N2,runtime-core,exact
休息,きゅうそく,N3,"{""N2"": 1, ""N3"": 1}","{""community-independent"": ""N3"", ""waller-derived"": ""N2""}",openjlpt|waller|wordmaster,community-independent|waller-derived,2,N1,runtime-core,exact
急速,きゅうそく,N3,"{""N3"": 2}","{""community-independent"": ""N3"", ""waller-derived"": ""N3""}",openjlpt|waller|wordmaster,community-independent|waller-derived,2,N2,runtime-core,exact
給与,きゅうよ,N2,"{""N2"": 2}","{""community-independent"": ""N2"", ""waller-derived"": ""N2""}",openjlpt|waller|wordmaster,community-independent|waller-derived,2,N1,runtime-core,exact
丘陵,きゅうりょう,N3,"{""N1"": 1, ""N3"": 1}","{""community-independent"": ""N3"", ""waller-derived"": ""N1""}",openjlpt|waller|wordmaster,community-independent|waller-derived,2,N1,runtime-core,exact
教員,きょういん,N1,"{""N1"": 1}","{""waller-derived"": ""N1""}",openjlpt|waller,waller-derived,1,N2,runtime-core,exact
教科,きょうか,N1,"{""N1"": 2}","{""community-independent"": ""N1"", ""waller-derived"": ""N1""}",openjlpt|waller|wordmaster,community-independent|waller-derived,2,N3,runtime-core,exact
協会,きょうかい,N1,"{""N1"": 2}","{""community-independent"": ""N1"", ""waller-derived"": ""N1""}",openjlpt|waller|wordmaster,community-independent|waller-derived,2,N2,runtime-core,exact
教科書,きょうかしょ,N3,"{""N3"": 2}","{""community-independent"": ""N3"", ""waller-derived"": ""N3""}",openjlpt|waller|wordmaster,community-independent|waller-derived,2,N4,runtime-core,exact
共感,きょうかん,N1,"{""N1"": 2}","{""community-independent"": ""N1"", ""waller-derived"": ""N1""}",openjlpt|waller|wordmaster,community-independent|waller-derived,2,N2,runtime-core,exact
供給,きょうきゅう,N3,"{""N3"": 2}","{""community-independent"": ""N3"", ""waller-derived"": ""N3""}",openjlpt|waller|wordmaster,community-independent|waller-derived,2,N2,runtime-core,exact
協議,きょうぎ,N3,"{""N1"": 1, ""N3"": 1}","{""community-independent"": ""N3"", ""waller-derived"": ""N1""}",openjlpt|waller|wordmaster,community-independent|waller-derived,2,N1,advanced-bundle,exact
競技,きょうぎ,N3,"{""N3"": 2}","{""community-independent"": ""N3"", ""waller-derived"": ""N3""}",openjlpt|waller|wordmaster,community-independent|waller-derived,2,N2,runtime-core,exact
教訓,きょうくん,N1,"{""N1"": 2}","{""community-independent"": ""N1"", ""waller-derived"": ""N1""}",openjlpt|waller|wordmaster,community-independent|waller-derived,2,N2,runtime-core,exact
境遇,きょうぐう,N1,"{""N1"": 2}","{""community-independent"": ""N1"", ""waller-derived"": ""N1""}",openjlpt|waller|wordmaster,community-independent|waller-derived,2,N2,runtime-core,exact
教材,きょうざい,N1,"{""N1"": 2}","{""community-independent"": ""N1"", ""waller-derived"": ""N1""}",openjlpt|waller|wordmaster,community-independent|waller-derived,2,N2,runtime-core,exact
享受,きょうじゅ,N3,"{""N1"": 1, ""N3"": 1}","{""community-independent"": ""N3"", ""waller-derived"": ""N1""}",openjlpt|waller|wordmaster,community-independent|waller-derived,2,N1,runtime-core,exact
教授,きょうじゅ,N3,"{""N3"": 2}","{""community-independent"": ""N3"", ""waller-derived"": ""N3""}",openjlpt|waller|wordmaster,community-independent|waller-derived,2,N2,runtime-core,exact
競争,きょうそう,N4,"{""N4"": 2}","{""community-independent"": ""N4"", ""waller-derived"": ""N4""}",openjlpt|waller|wordmaster,community-independent|waller-derived,2,N3,runtime-core,exact
協調,きょうちょう,N3,"{""N1"": 1, ""N3"": 1}","{""community-independent"": ""N3"", ""waller-derived"": ""N1""}",openjlpt|waller|wordmaster,community-independent|waller-derived,2,N1,runtime-core,exact
強調,きょうちょう,N3,"{""N3"": 2}","{""community-independent"": ""N3"", ""waller-derived"": ""N3""}",openjlpt|waller|wordmaster,community-independent|waller-derived,2,N2,runtime-core,exact
共同,きょうどう,N3,"{""N3"": 2}","{""community-independent"": ""N3"", ""waller-derived"": ""N3""}",openjlpt|waller|wordmaster,community-independent|waller-derived,2,N2,runtime-core,exact
恐怖,きょうふ,N3,"{""N3"": 2}","{""community-independent"": ""N3"", ""waller-derived"": ""N3""}",openjlpt|waller|wordmaster,community-independent|waller-derived,2,N2,runtime-core,exact
協力,きょうりょく,N3,"{""N3"": 2}","{""community-independent"": ""N3"", ""waller-derived"": ""N3""}",openjlpt|waller|wordmaster,community-independent|waller-derived,2,N4,runtime-core,exact
強力,きょうりょく,N3,"{""N3"": 2}","{""community-independent"": ""N3"", ""waller-derived"": ""N3""}",openjlpt|waller|wordmaster,community-independent|waller-derived,2,N2,runtime-core,exact
強烈,きょうれつ,N1,"{""N1"": 2}","{""community-independent"": ""N1"", ""waller-derived"": ""N1""}",openjlpt|waller|wordmaster,community-independent|waller-derived,2,N2,runtime-core,exact
許可,きょか,N3,"{""N3"": 2}","{""community-independent"": ""N3"", ""waller-derived"": ""N3""}",openjlpt|waller|wordmaster,community-independent|waller-derived,2,N2,runtime-core,exact
極端,きょくたん,N1,"{""N1"": 2}","{""community-independent"": ""N1"", ""waller-derived"": ""N1""}",openjlpt|waller|wordmaster,community-independent|waller-derived,2,N2,runtime-core,exact
巨大,きょだい,N3,"{""N3"": 2}","{""community-independent"": ""N3"", ""waller-derived"": ""N3""}",openjlpt|waller|wordmaster,community-independent|waller-derived,2,N2,runtime-core,exact
拒否,きょひ,N1,"{""N1"": 2}","{""community-independent"": ""N1"", ""waller-derived"": ""N1""}",openjlpt|waller|wordmaster,community-independent|waller-derived,2,N2,runtime-core,exact
距離,きょり,N1,"{""N1"": 1}","{""waller-derived"": ""N1""}",openjlpt|waller,waller-derived,1,N4,runtime-core,exact
清い,きよい,N2,"{""N2"": 2}","{""community-independent"": ""N2"", ""waller-derived"": ""N2""}",openjlpt|waller|wordmaster,community-independent|waller-derived,2,N1,runtime-core,exact
器用,きよう,N3,"{""N3"": 2}","{""community-independent"": ""N3"", ""waller-derived"": ""N3""}",openjlpt|waller|wordmaster,community-independent|waller-derived,2,N2,runtime-core,exact
嫌い,きらい,N5,"{""N5"": 2}","{""community-independent"": ""N5"", ""waller-derived"": ""N5""}",openjlpt|waller|wordmaster,community-independent|waller-derived,2,N4,runtime-core,exact
気楽,きらく,N1,"{""N1"": 1}","{""waller-derived"": ""N1""}",openjlpt|waller,waller-derived,1,N2,runtime-core,exact
切り,きり,N3,"{""N1"": 1, ""N3"": 1}","{""community-independent"": ""N3"", ""waller-derived"": ""N1""}",openjlpt|waller|wordmaster,community-independent|waller-derived,2,N1,advanced-bundle,exact
霧,きり,N3,"{""N3"": 2}","{""community-independent"": ""N3"", ""waller-derived"": ""N3""}",openjlpt|waller|wordmaster,community-independent|waller-derived,2,N1,runtime-core,exact
切り替える,きりかえる,N1,"{""N1"": 1}","{""waller-derived"": ""N1""}",openjlpt|waller,waller-derived,1,N3,runtime-core,exact
切れる,きれる,N3,"{""N3"": 2}","{""community-independent"": ""N3"", ""waller-derived"": ""N3""}",openjlpt|waller|wordmaster,community-independent|waller-derived,2,N4,runtime-core,exact
キロ,キロ,N5,"{""N5"": 1}","{""waller-derived"": ""N5""}",waller,waller-derived,1,N3,runtime-core,exact
キログラム,キログラム,N5,"{""N5"": 1}","{""waller-derived"": ""N5""}",waller,waller-derived,1,N3,runtime-core,exact
キロメートル,キロメートル,N5,"{""N5"": 1}","{""waller-derived"": ""N5""}",waller,waller-derived,1,N3,runtime-core,exact
極めて,きわめて,N1,"{""N1"": 2}","{""community-independent"": ""N1"", ""waller-derived"": ""N1""}",openjlpt|waller|wordmaster,community-independent|waller-derived,2,N2,runtime-core,exact
気を付ける,きをつける,N2,"{""N2"": 2}","{""community-independent"": ""N2"", ""waller-derived"": ""N2""}",openjlpt|waller|wordmaster,community-independent|waller-derived,2,N3,runtime-core,exact
菌,きん,N3,"{""N3"": 1}","{""community-independent"": ""N3""}",wordmaster,community-independent,1,N1,advanced-bundle,exact
金額,きんがく,N3,"{""N3"": 2}","{""community-independent"": ""N3"", ""waller-derived"": ""N3""}",openjlpt|waller|wordmaster,community-independent|waller-derived,2,N2,runtime-core,exact
金庫,きんこ,N3,"{""N3"": 2}","{""community-independent"": ""N3"", ""waller-derived"": ""N3""}",openjlpt|waller|wordmaster,community-independent|waller-derived,2,N1,runtime-core,exact
近視,きんし,N3,"{""N1"": 1, ""N3"": 1}","{""community-independent"": ""N3"", ""waller-derived"": ""N1""}",openjlpt|waller|wordmaster,community-independent|waller-derived,2,N1,advanced-bundle,exact
禁じる,きんじる,N1,"{""N1"": 2}","{""community-independent"": ""N1"", ""waller-derived"": ""N1""}",openjlpt|waller|wordmaster,community-independent|waller-derived,2,N2,runtime-core,exact
金銭,きんせん,N3,"{""N3"": 2}","{""community-independent"": ""N3"", ""waller-derived"": ""N3""}",openjlpt|waller|wordmaster,community-independent|waller-derived,2,N1,runtime-core,exact
金属,きんぞく,N3,"{""N3"": 2}","{""community-independent"": ""N3"", ""waller-derived"": ""N3""}",openjlpt|waller|wordmaster,community-independent|waller-derived,2,N2,runtime-core,exact
近代,きんだい,N3,"{""N3"": 2}","{""community-independent"": ""N3"", ""waller-derived"": ""N3""}",openjlpt|waller|wordmaster,community-independent|waller-derived,2,N2,runtime-core,exact
緊張,きんちょう,N3,"{""N3"": 2}","{""community-independent"": ""N3"", ""waller-derived"": ""N3""}",openjlpt|waller|wordmaster,community-independent|waller-derived,2,N4,runtime-core,exact
筋肉,きんにく,N3,"{""N3"": 2}","{""community-independent"": ""N3"", ""waller-derived"": ""N3""}",openjlpt|waller|wordmaster,community-independent|waller-derived,2,N2,runtime-core,exact
勤務,きんむ,N1,"{""N1"": 2}","{""community-independent"": ""N1"", ""waller-derived"": ""N1""}",openjlpt|waller|wordmaster,community-independent|waller-derived,2,N2,runtime-core,exact
金融,きんゆう,N3,"{""N3"": 2}","{""community-independent"": ""N3"", ""waller-derived"": ""N3""}",openjlpt|waller|wordmaster,community-independent|waller-derived,2,N1,runtime-core,exact
議員,ぎいん,N3,"{""N3"": 2}","{""community-independent"": ""N3"", ""waller-derived"": ""N3""}",openjlpt|waller|wordmaster,community-independent|waller-derived,2,N2,runtime-core,exact
議会,ぎかい,N3,"{""N3"": 2}","{""community-independent"": ""N3"", ""waller-derived"": ""N3""}",openjlpt|waller|wordmaster,community-independent|waller-derived,2,N2,runtime-core,exact
議長,ぎちょう,N3,"{""N3"": 2}","{""community-independent"": ""N3"", ""waller-derived"": ""N3""}",openjlpt|waller|wordmaster,community-independent|waller-derived,2,N2,runtime-core,exact
義務,ぎむ,N3,"{""N3"": 2}","{""community-independent"": ""N3"", ""waller-derived"": ""N3""}",openjlpt|waller|wordmaster,community-independent|waller-derived,2,N2,runtime-core,exact
疑問,ぎもん,N3,"{""N3"": 2}","{""community-independent"": ""N3"", ""waller-derived"": ""N3""}",openjlpt|waller|wordmaster,community-independent|waller-derived,2,N4,runtime-core,exact
逆,ぎゃく,N3,"{""N3"": 2}","{""community-independent"": ""N3"", ""waller-derived"": ""N3""}",openjlpt|waller|wordmaster,community-independent|waller-derived,2,N4,runtime-core,exact
行儀,ぎょうぎ,N3,"{""N3"": 2}","{""community-independent"": ""N3"", ""waller-derived"": ""N3""}",openjlpt|waller|wordmaster,community-independent|waller-derived,2,N2,runtime-core,exact
業績,ぎょうせき,N1,"{""N1"": 2}","{""community-independent"": ""N1"", ""waller-derived"": ""N1""}",openjlpt|waller|wordmaster,community-independent|waller-derived,2,N2,runtime-core,exact
業務,ぎょうむ,N1,"{""N1"": 2}","{""community-independent"": ""N1"", ""waller-derived"": ""N1""}",openjlpt|waller|wordmaster,community-independent|waller-derived,2,N2,runtime-core,exact
漁業,ぎょぎょう,N2,"{""N2"": 2}","{""community-independent"": ""N2"", ""waller-derived"": ""N2""}",openjlpt|waller|wordmaster,community-independent|waller-derived,2,N1,runtime-core,exact
議論,ぎろん,N3,"{""N3"": 2}","{""community-independent"": ""N3"", ""waller-derived"": ""N3""}",openjlpt|waller|wordmaster,community-independent|waller-derived,2,N2,runtime-core,exact
銀,ぎん,N3,"{""N3"": 2}","{""community-independent"": ""N3"", ""waller-derived"": ""N3""}",openjlpt|waller|wordmaster,community-independent|waller-derived,2,N1,runtime-core,exact
区,く,N1,"{""N1"": 1}","{""waller-derived"": ""N1""}",openjlpt|waller,waller-derived,1,N2,runtime-core,exact
苦,く,N3,"{""N3"": 1}","{""community-independent"": ""N3""}",wordmaster,community-independent,1,N2,runtime-core,exact
区域,くいき,N2,"{""N2"": 2}","{""community-independent"": ""N2"", ""waller-derived"": ""N2""}",openjlpt|waller|wordmaster,community-independent|waller-derived,2,N1,runtime-core,exact
クイズ,クイズ,N1,"{""N1"": 2}","{""community-independent"": ""N1"", ""waller-derived"": ""N1""}",waller|wordmaster,community-independent|waller-derived,2,N3,runtime-core,exact
食う,くう,N3,"{""N3"": 2}","{""community-independent"": ""N3"", ""waller-derived"": ""N3""}",openjlpt|waller|wordmaster,community-independent|waller-derived,2,N2,runtime-core,exact
空間,くうかん,N1,"{""N1"": 1}","{""community-independent"": ""N1""}",wordmaster,community-independent,1,N2,runtime-core,exact
空港,くうこう,N4,"{""N4"": 2}","{""community-independent"": ""N4"", ""waller-derived"": ""N4""}",openjlpt|waller|wordmaster,community-independent|waller-derived,2,N5,runtime-core,exact
空中,くうちゅう,N2,"{""N2"": 2}","{""community-independent"": ""N2"", ""waller-derived"": ""N2""}",openjlpt|waller|wordmaster,community-independent|waller-derived,2,N1,runtime-core,exact
区切り,くぎり,N1,"{""N1"": 2}","{""community-independent"": ""N1"", ""waller-derived"": ""N1""}",openjlpt|waller|wordmaster,community-independent|waller-derived,2,N2,runtime-core,exact
くしゃみ,くしゃみ,N2,"{""N2"": 2}","{""community-independent"": ""N2"", ""waller-derived"": ""N2""}",waller|wordmaster,community-independent|waller-derived,2,N3,runtime-core,exact
薬指,くすりゆび,N2,"{""N2"": 2}","{""community-independent"": ""N2"", ""waller-derived"": ""N2""}",openjlpt|waller|wordmaster,community-independent|waller-derived,2,N3,runtime-core,exact
くたびれる,くたびれる,N2,"{""N2"": 2}","{""community-independent"": ""N2"", ""waller-derived"": ""N2""}",waller|wordmaster,community-independent|waller-derived,2,N3,runtime-core,exact
草臥れる,くたびれる,N1,"{""N1"": 1}","{""waller-derived"": ""N1""}",openjlpt|waller,waller-derived,1,N2,advanced-bundle,exact
管,くだ,N3,"{""N3"": 2}","{""community-independent"": ""N3"", ""waller-derived"": ""N3""}",openjlpt|waller|wordmaster,community-independent|waller-derived,2,N2,runtime-core,exact
砕ける,くだける,N2,"{""N2"": 2}","{""community-independent"": ""N2"", ""waller-derived"": ""N2""}",openjlpt|waller|wordmaster,community-independent|waller-derived,2,N1,runtime-core,exact
くださる,くださる,N4,"{""N4"": 2}","{""community-independent"": ""N4"", ""waller-derived"": ""N4""}",waller|wordmaster,community-independent|waller-derived,2,N5,runtime-core,exact
下さる,くださる,N3,"{""N3"": 1}","{""waller-derived"": ""N3""}",openjlpt|waller,waller-derived,1,N4,advanced-bundle,exact
下らない,くだらない,N1,"{""N1"": 1}","{""waller-derived"": ""N1""}",openjlpt|waller,waller-derived,1,N2,advanced-bundle,exact
下り,くだり,N3,"{""N3"": 2}","{""community-independent"": ""N3"", ""waller-derived"": ""N3""}",openjlpt|waller|wordmaster,community-independent|waller-derived,2,N2,runtime-core,exact
下る,くだる,N3,"{""N2"": 1, ""N3"": 1}","{""community-independent"": ""N3"", ""waller-derived"": ""N2""}",openjlpt|waller|wordmaster,community-independent|waller-derived,2,N2,advanced-bundle,exact
唇,くちびる,N2,"{""N2"": 2}","{""community-independent"": ""N2"", ""waller-derived"": ""N2""}",openjlpt|waller|wordmaster,community-independent|waller-derived,2,N4,runtime-core,exact
くっきり,くっきり,N1,"{""N1"": 2}","{""community-independent"": ""N1"", ""waller-derived"": ""N1""}",waller|wordmaster,community-independent|waller-derived,2,N2,runtime-core,exact
くっ付く,くっつく,N1,"{""N1"": 1}","{""waller-derived"": ""N1""}",openjlpt|waller,waller-derived,1,N2,advanced-bundle,exact
くっつける,くっつける,N2,"{""N2"": 2}","{""community-independent"": ""N2"", ""waller-derived"": ""N2""}",waller|wordmaster,community-independent|waller-derived,2,N1,advanced-bundle,exact
くっ付ける,くっつける,N1,"{""N1"": 1}","{""waller-derived"": ""N1""}",openjlpt|waller,waller-derived,1,N2,advanced-bundle,exact
配る,くばる,N2,"{""N2"": 2}","{""community-independent"": ""N2"", ""waller-derived"": ""N2""}",openjlpt|waller|wordmaster,community-independent|waller-derived,2,N3,runtime-core,exact
工夫,くふう,N2,"{""N2"": 2}","{""community-independent"": ""N2"", ""waller-derived"": ""N2""}",openjlpt|waller|wordmaster,community-independent|waller-derived,2,N3,runtime-core,exact
組,くみ,N3,"{""N3"": 2}","{""community-independent"": ""N3"", ""waller-derived"": ""N3""}",openjlpt|waller|wordmaster,community-independent|waller-derived,2,N4,runtime-core,exact
組合,くみあい,N3,"{""N3"": 2}","{""community-independent"": ""N3"", ""waller-derived"": ""N3""}",openjlpt|waller|wordmaster,community-independent|waller-derived,2,N1,runtime-core,exact
組み合わせ,くみあわせ,N1,"{""N1"": 1}","{""waller-derived"": ""N1""}",openjlpt|waller,waller-derived,1,N2,runtime-core,exact
組み合わせる,くみあわせる,N1,"{""N1"": 2}","{""community-independent"": ""N1"", ""waller-derived"": ""N1""}",openjlpt|waller|wordmaster,community-independent|waller-derived,2,N2,runtime-core,exact
組み込む,くみこむ,N1,"{""N1"": 2}","{""community-independent"": ""N1"", ""waller-derived"": ""N1""}",openjlpt|waller|wordmaster,community-independent|waller-derived,2,N2,runtime-core,exact
組み立てる,くみたてる,N2,"{""N2"": 2}","{""community-independent"": ""N2"", ""waller-derived"": ""N2""}",openjlpt|waller|wordmaster,community-independent|waller-derived,2,N3,runtime-core,exact
汲む,くむ,N3,"{""N2"": 1, ""N3"": 1}","{""community-independent"": ""N3"", ""waller-derived"": ""N2""}",openjlpt|waller|wordmaster,community-independent|waller-derived,2,N2,advanced-bundle,exact
組む,くむ,N3,"{""N3"": 2}","{""community-independent"": ""N3"", ""waller-derived"": ""N3""}",openjlpt|waller|wordmaster,community-independent|waller-derived,2,N4,runtime-core,exact
酌む,くむ,N3,"{""N2"": 1, ""N3"": 1}","{""community-independent"": ""N3"", ""waller-derived"": ""N2""}",openjlpt|waller|wordmaster,community-independent|waller-derived,2,N2,advanced-bundle,exact
位,くらい,N3,"{""N3"": 2}","{""community-independent"": ""N3"", ""waller-derived"": ""N3""}",openjlpt|waller|wordmaster,community-independent|waller-derived,2,N2,runtime-core,exact
暮らす,くらす,N3,"{""N3"": 2}","{""community-independent"": ""N3"", ""waller-derived"": ""N3""}",openjlpt|waller|wordmaster,community-independent|waller-derived,2,N4,runtime-core,exact
クラブ,クラブ,N1,"{""N1"": 1}","{""waller-derived"": ""N1""}",waller,waller-derived,1,N4,runtime-core,exact
繰り返す,くりかえす,N3,"{""N3"": 2}","{""community-independent"": ""N3"", ""waller-derived"": ""N3""}",openjlpt|waller|wordmaster,community-independent|waller-derived,2,N4,runtime-core,exact
クリスマス,クリスマス,N3,"{""N3"": 2}","{""community-independent"": ""N3"", ""waller-derived"": ""N3""}",waller|wordmaster,community-independent|waller-derived,2,N2,runtime-core,exact
クリーニング,クリーニング,N2,"{""N2"": 2}","{""community-independent"": ""N2"", ""waller-derived"": ""N2""}",waller|wordmaster,community-independent|waller-derived,2,N3,runtime-core,exact
苦しい,くるしい,N3,"{""N3"": 2}","{""community-independent"": ""N3"", ""waller-derived"": ""N3""}",openjlpt|waller|wordmaster,community-independent|waller-derived,2,N4,runtime-core,exact
苦しむ,くるしむ,N3,"{""N3"": 2}","{""community-independent"": ""N3"", ""waller-derived"": ""N3""}",openjlpt|waller|wordmaster,community-independent|waller-derived,2,N2,runtime-core,exact
包む,くるむ,N1,"{""N1"": 1}","{""waller-derived"": ""N1""}",openjlpt|waller,waller-derived,1,N2,advanced-bundle,exact
暮れ,くれ,N3,"{""N3"": 2}","{""community-independent"": ""N3"", ""waller-derived"": ""N3""}",openjlpt|waller|wordmaster,community-independent|waller-derived,2,N2,runtime-core,exact
くれぐれも,くれぐれも,N2,"{""N2"": 2}","{""community-independent"": ""N2"", ""waller-derived"": ""N2""}",waller|wordmaster,community-independent|waller-derived,2,N1,runtime-core,exact
くれる,くれる,N4,"{""N4"": 1}","{""community-independent"": ""N4""}",wordmaster,community-independent,1,N5,runtime-core,exact
暮れる,くれる,N4,"{""N4"": 2}","{""community-independent"": ""N4"", ""waller-derived"": ""N4""}",openjlpt|waller|wordmaster,community-independent|waller-derived,2,N1,runtime-core,exact
玄人,くろうと,N1,"{""N1"": 2}","{""community-independent"": ""N1"", ""waller-derived"": ""N1""}",openjlpt|waller|wordmaster,community-independent|waller-derived,2,N2,runtime-core,exact
詳しい,くわしい,N3,"{""N3"": 2}","{""community-independent"": ""N3"", ""waller-derived"": ""N3""}",openjlpt|waller|wordmaster,community-independent|waller-derived,2,N4,runtime-core,exact
加わる,くわわる,N3,"{""N3"": 2}","{""community-independent"": ""N3"", ""waller-derived"": ""N3""}",openjlpt|waller|wordmaster,community-independent|waller-derived,2,N2,runtime-core,exact
愚痴,ぐち,N1,"{""N1"": 2}","{""community-independent"": ""N1"", ""waller-derived"": ""N1""}",openjlpt|waller|wordmaster,community-independent|waller-derived,2,N3,runtime-core,exact
グラフ,グラフ,N1,"{""N1"": 1}","{""waller-derived"": ""N1""}",waller,waller-derived,1,N3,runtime-core,exact
グループ,グループ,N3,"{""N3"": 2}","{""community-independent"": ""N3"", ""waller-derived"": ""N3""}",waller|wordmaster,community-independent|waller-derived,2,N4,runtime-core,exact
群,ぐん,N3,"{""N1"": 1, ""N3"": 1}","{""community-independent"": ""N3"", ""waller-derived"": ""N1""}",openjlpt|waller|wordmaster,community-independent|waller-derived,2,N1,advanced-bundle,exact
郡,ぐん,N3,"{""N2"": 1, ""N3"": 1}","{""community-independent"": ""N3"", ""waller-derived"": ""N2""}",openjlpt|waller|wordmaster,community-independent|waller-derived,2,N2,advanced-bundle,exact
毛,け,N4,"{""N4"": 2}","{""community-independent"": ""N4"", ""waller-derived"": ""N4""}",openjlpt|waller|wordmaster,community-independent|waller-derived,2,N3,runtime-core,exact
系,けい,N1,"{""N1"": 1}","{""waller-derived"": ""N1""}",openjlpt|waller,waller-derived,1,N3,runtime-core,exact
計,けい,N3,"{""N3"": 2}","{""community-independent"": ""N3"", ""waller-derived"": ""N3""}",openjlpt|waller|wordmaster,community-independent|waller-derived,2,N2,runtime-core,exact
敬意,けいい,N3,"{""N3"": 2}","{""community-independent"": ""N3"", ""waller-derived"": ""N3""}",openjlpt|waller|wordmaster,community-independent|waller-derived,2,N2,runtime-core,exact
経緯,けいい,N3,"{""N3"": 1}","{""community-independent"": ""N3""}",wordmaster,community-independent,1,N1,runtime-core,exact
経過,けいか,N1,"{""N1"": 2}","{""community-independent"": ""N1"", ""waller-derived"": ""N1""}",openjlpt|waller|wordmaster,community-independent|waller-derived,2,N2,runtime-core,exact
警官,けいかん,N5,"{""N5"": 2}","{""community-independent"": ""N5"", ""waller-derived"": ""N5""}",openjlpt|waller|wordmaster,community-independent|waller-derived,2,N2,runtime-core,exact
契機,けいき,N3,"{""N1"": 1, ""N3"": 1}","{""community-independent"": ""N3"", ""waller-derived"": ""N1""}",openjlpt|waller|wordmaster,community-independent|waller-derived,2,N2,runtime-core,exact
景気,けいき,N3,"{""N3"": 2}","{""community-independent"": ""N3"", ""waller-derived"": ""N3""}",openjlpt|waller|wordmaster,community-independent|waller-derived,2,N2,runtime-core,exact
計器,けいき,N3,"{""N1"": 1, ""N3"": 1}","{""community-independent"": ""N3"", ""waller-derived"": ""N1""}",openjlpt|waller|wordmaster,community-independent|waller-derived,2,N1,advanced-bundle,exact
敬具,けいぐ,N1,"{""N1"": 2}","{""community-independent"": ""N1"", ""waller-derived"": ""N1""}",openjlpt|waller|wordmaster,community-independent|waller-derived,2,N2,runtime-core,exact
傾向,けいこう,N3,"{""N3"": 2}","{""community-independent"": ""N3"", ""waller-derived"": ""N3""}",openjlpt|waller|wordmaster,community-independent|waller-derived,2,N2,runtime-core,exact
蛍光灯,けいこうとう,N2,"{""N2"": 2}","{""community-independent"": ""N2"", ""waller-derived"": ""N2""}",openjlpt|waller|wordmaster,community-independent|waller-derived,2,N3,runtime-core,exact
警告,けいこく,N3,"{""N3"": 2}","{""community-independent"": ""N3"", ""waller-derived"": ""N3""}",openjlpt|waller|wordmaster,community-independent|waller-derived,2,N2,runtime-core,exact
敬語,けいご,N2,"{""N2"": 2}","{""community-independent"": ""N2"", ""waller-derived"": ""N2""}",openjlpt|waller|wordmaster,community-independent|waller-derived,2,N3,runtime-core,exact
掲載,けいさい,N1,"{""N1"": 2}","{""community-independent"": ""N1"", ""waller-derived"": ""N1""}",openjlpt|waller|wordmaster,community-independent|waller-derived,2,N2,runtime-core,exact
経済,けいざい,N4,"{""N4"": 2}","{""community-independent"": ""N4"", ""waller-derived"": ""N4""}",openjlpt|waller|wordmaster,community-independent|waller-derived,2,N3,runtime-core,exact
刑事,けいじ,N3,"{""N3"": 2}","{""community-independent"": ""N3"", ""waller-derived"": ""N3""}",openjlpt|waller|wordmaster,community-independent|waller-derived,2,N1,runtime-core,exact
形成,けいせい,N1,"{""N1"": 2}","{""community-independent"": ""N1"", ""waller-derived"": ""N1""}",openjlpt|waller|wordmaster,community-independent|waller-derived,2,N2,runtime-core,exact
形態,けいたい,N3,"{""N1"": 1, ""N3"": 1}","{""community-independent"": ""N3"", ""waller-derived"": ""N1""}",openjlpt|waller|wordmaster,community-independent|waller-derived,2,N1,runtime-core,exact
携帯,けいたい,N3,"{""N1"": 1, ""N3"": 1}","{""community-independent"": ""N3"", ""waller-derived"": ""N1""}",openjlpt|waller|wordmaster,community-independent|waller-derived,2,N5,runtime-core,exact
経費,けいひ,N1,"{""N1"": 2}","{""community-independent"": ""N1"", ""waller-derived"": ""N1""}",openjlpt|waller|wordmaster,community-independent|waller-derived,2,N2,runtime-core,exact
契約,けいやく,N3,"{""N3"": 2}","{""community-independent"": ""N3"", ""waller-derived"": ""N3""}",openjlpt|waller|wordmaster,community-independent|waller-derived,2,N2,runtime-core,exact
消しゴム,けしゴム,N4,"{""N4"": 2}","{""community-independent"": ""N4"", ""waller-derived"": ""N4""}",openjlpt|waller|wordmaster,community-independent|waller-derived,2,N5,runtime-core,exact
削る,けずる,N2,"{""N2"": 2}","{""community-independent"": ""N2"", ""waller-derived"": ""N2""}",openjlpt|waller|wordmaster,community-independent|waller-derived,2,N3,runtime-core,exact
結果,けっか,N3,"{""N3"": 2}","{""community-independent"": ""N3"", ""waller-derived"": ""N3""}",openjlpt|waller|wordmaster,community-independent|waller-derived,2,N4,runtime-core,exact
欠陥,けっかん,N3,"{""N3"": 2}","{""community-independent"": ""N3"", ""waller-derived"": ""N3""}",openjlpt|waller|wordmaster,community-independent|waller-derived,2,N2,runtime-core,exact
血管,けっかん,N3,"{""N1"": 1, ""N3"": 1}","{""community-independent"": ""N3"", ""waller-derived"": ""N1""}",openjlpt|waller|wordmaster,community-independent|waller-derived,2,N1,advanced-bundle,exact
決行,けっこう,N3,"{""N1"": 1, ""N3"": 1}","{""community-independent"": ""N3"", ""waller-derived"": ""N1""}",openjlpt|waller|wordmaster,community-independent|waller-derived,2,N1,advanced-bundle,exact
結構,けっこう,N5,"{""N5"": 2}","{""community-independent"": ""N5"", ""waller-derived"": ""N5""}",openjlpt|waller|wordmaster,community-independent|waller-derived,2,N4,runtime-core,exact
傑作,けっさく,N2,"{""N2"": 2}","{""community-independent"": ""N2"", ""waller-derived"": ""N2""}",openjlpt|waller|wordmaster,community-independent|waller-derived,2,N1,runtime-core,exact
決勝,けっしょう,N1,"{""N1"": 2}","{""community-independent"": ""N1"", ""waller-derived"": ""N1""}",openjlpt|waller|wordmaster,community-independent|waller-derived,2,N2,runtime-core,exact
決定,けってい,N3,"{""N3"": 2}","{""community-independent"": ""N3"", ""waller-derived"": ""N3""}",openjlpt|waller|wordmaster,community-independent|waller-derived,2,N4,runtime-core,exact
血圧,けつあつ,N2,"{""N2"": 2}","{""community-independent"": ""N2"", ""waller-derived"": ""N2""}",openjlpt|waller|wordmaster,community-independent|waller-derived,2,N3,runtime-core,exact
決意,けつい,N1,"{""N1"": 2}","{""community-independent"": ""N1"", ""waller-derived"": ""N1""}",openjlpt|waller|wordmaster,community-independent|waller-derived,2,N2,runtime-core,exact
決断,けつだん,N1,"{""N1"": 2}","{""community-independent"": ""N1"", ""waller-derived"": ""N1""}",openjlpt|waller|wordmaster,community-independent|waller-derived,2,N2,runtime-core,exact
結論,けつろん,N3,"{""N3"": 2}","{""community-independent"": ""N3"", ""waller-derived"": ""N3""}",openjlpt|waller|wordmaster,community-independent|waller-derived,2,N2,runtime-core,exact
煙,けむり,N3,"{""N3"": 2}","{""community-independent"": ""N3"", ""waller-derived"": ""N3""}",openjlpt|waller|wordmaster,community-independent|waller-derived,2,N2,runtime-core,exact
蹴る,ける,N3,"{""N2"": 1, ""N3"": 1}","{""community-independent"": ""N3"", ""waller-derived"": ""N2""}",openjlpt|waller|wordmaster,community-independent|waller-derived,2,N2,advanced-bundle,exact
けれども,けれども,N4,"{""N4"": 1}","{""waller-derived"": ""N4""}",waller,waller-derived,1,N1,advanced-bundle,exact
権,けん,N1,"{""N1"": 1}","{""waller-derived"": ""N1""}",openjlpt|waller,waller-derived,1,N2,runtime-core,exact
見解,けんかい,N3,"{""N3"": 2}","{""community-independent"": ""N3"", ""waller-derived"": ""N3""}",openjlpt|waller|wordmaster,community-independent|waller-derived,2,N2,runtime-core,exact
見学,けんがく,N2,"{""N2"": 2}","{""community-independent"": ""N2"", ""waller-derived"": ""N2""}",openjlpt|waller|wordmaster,community-independent|waller-derived,2,N4,runtime-core,exact
研究室,けんきゅうしつ,N4,"{""N4"": 2}","{""community-independent"": ""N4"", ""waller-derived"": ""N4""}",openjlpt|waller|wordmaster,community-independent|waller-derived,2,N3,runtime-core,exact
健全,けんぜん,N1,"{""N1"": 2}","{""community-independent"": ""N1"", ""waller-derived"": ""N1""}",openjlpt|waller|wordmaster,community-independent|waller-derived,2,N2,runtime-core,exact
見当,けんとう,N3,"{""N3"": 2}","{""community-independent"": ""N3"", ""waller-derived"": ""N3""}",openjlpt|waller|wordmaster,community-independent|waller-derived,2,N2,runtime-core,exact
見物,けんぶつ,N4,"{""N4"": 2}","{""community-independent"": ""N4"", ""waller-derived"": ""N4""}",openjlpt|waller|wordmaster,community-independent|waller-derived,2,N3,runtime-core,exact
憲法,けんぽう,N3,"{""N3"": 2}","{""community-independent"": ""N3"", ""waller-derived"": ""N3""}",openjlpt|waller|wordmaster,community-independent|waller-derived,2,N2,runtime-core,exact
懸命,けんめい,N2,"{""N2"": 1}","{""community-independent"": ""N2""}",wordmaster,community-independent,1,N3,runtime-core,exact
権利,けんり,N3,"{""N3"": 2}","{""community-independent"": ""N3"", ""waller-derived"": ""N3""}",openjlpt|waller|wordmaster,community-independent|waller-derived,2,N2,runtime-core,exact
権力,けんりょく,N1,"{""N1"": 2}","{""community-independent"": ""N1"", ""waller-derived"": ""N1""}",openjlpt|waller|wordmaster,community-independent|waller-derived,2,N2,runtime-core,exact
ケーキ,ケーキ,N4,"{""N4"": 2}","{""community-independent"": ""N4"", ""waller-derived"": ""N4""}",waller|wordmaster,community-independent|waller-derived,2,N5,runtime-core,exact
外科,げか,N2,"{""N2"": 2}","{""community-independent"": ""N2"", ""waller-derived"": ""N2""}",openjlpt|waller|wordmaster,community-independent|waller-derived,2,N1,runtime-core,exact
劇,げき,N3,"{""N3"": 2}","{""community-independent"": ""N3"", ""waller-derived"": ""N3""}",openjlpt|waller|wordmaster,community-independent|waller-derived,2,N2,runtime-core,exact
劇場,げきじょう,N3,"{""N3"": 2}","{""community-independent"": ""N3"", ""waller-derived"": ""N3""}",openjlpt|waller|wordmaster,community-independent|waller-derived,2,N2,runtime-core,exact
下宿,げしゅく,N4,"{""N4"": 2}","{""community-independent"": ""N4"", ""waller-derived"": ""N4""}",openjlpt|waller|wordmaster,community-independent|waller-derived,2,N1,runtime-core,exact
下水,げすい,N2,"{""N2"": 2}","{""community-independent"": ""N2"", ""waller-derived"": ""N2""}",openjlpt|waller|wordmaster,community-independent|waller-derived,2,N1,runtime-core,exact
ゲスト,ゲスト,N1,"{""N1"": 2}","{""community-independent"": ""N1"", ""waller-derived"": ""N1""}",waller|wordmaster,community-independent|waller-derived,2,N2,runtime-core,exact
月末,げつまつ,N2,"{""N2"": 2}","{""community-independent"": ""N2"", ""waller-derived"": ""N2""}",openjlpt|waller|wordmaster,community-independent|waller-derived,2,N3,runtime-core,exact
限界,げんかい,N3,"{""N3"": 2}","{""community-independent"": ""N3"", ""waller-derived"": ""N3""}",openjlpt|waller|wordmaster,community-independent|waller-derived,2,N2,runtime-core,exact
原作,げんさく,N1,"{""N1"": 2}","{""community-independent"": ""N1"", ""waller-derived"": ""N1""}",openjlpt|waller|wordmaster,community-independent|waller-derived,2,N2,runtime-core,exact
現在,げんざい,N3,"{""N3"": 2}","{""community-independent"": ""N3"", ""waller-derived"": ""N3""}",openjlpt|waller|wordmaster,community-independent|waller-derived,2,N4,runtime-core,exact
原始,げんし,N2,"{""N2"": 2}","{""community-independent"": ""N2"", ""waller-derived"": ""N2""}",openjlpt|waller|wordmaster,community-independent|waller-derived,2,N1,runtime-core,exact
現象,げんしょう,N3,"{""N3"": 2}","{""community-independent"": ""N3"", ""waller-derived"": ""N3""}",openjlpt|waller|wordmaster,community-independent|waller-derived,2,N2,runtime-core,exact
現実,げんじつ,N3,"{""N3"": 2}","{""community-independent"": ""N3"", ""waller-derived"": ""N3""}",openjlpt|waller|wordmaster,community-independent|waller-derived,2,N2,runtime-core,exact
現状,げんじょう,N3,"{""N3"": 2}","{""community-independent"": ""N3"", ""waller-derived"": ""N3""}",openjlpt|waller|wordmaster,community-independent|waller-derived,2,N2,runtime-core,exact
現代,げんだい,N3,"{""N3"": 2}","{""community-independent"": ""N3"", ""waller-derived"": ""N3""}",openjlpt|waller|wordmaster,community-independent|waller-derived,2,N2,runtime-core,exact
現地,げんち,N1,"{""N1"": 2}","{""community-independent"": ""N1"", ""waller-derived"": ""N1""}",openjlpt|waller|wordmaster,community-independent|waller-derived,2,N2,runtime-core,exact
限定,げんてい,N1,"{""N1"": 2}","{""community-independent"": ""N1"", ""waller-derived"": ""N1""}",openjlpt|waller|wordmaster,community-independent|waller-derived,2,N2,runtime-core,exact
減点,げんてん,N1,"{""N1"": 1}","{""waller-derived"": ""N1""}",openjlpt|waller,waller-derived,1,N2,runtime-core,exact
限度,げんど,N2,"{""N2"": 2}","{""community-independent"": ""N2"", ""waller-derived"": ""N2""}",openjlpt|waller|wordmaster,community-independent|waller-derived,2,N1,runtime-core,exact
現場,げんば,N3,"{""N3"": 2}","{""community-independent"": ""N3"", ""waller-derived"": ""N3""}",openjlpt|waller|wordmaster,community-independent|waller-derived,2,N2,runtime-core,exact
原料,げんりょう,N2,"{""N2"": 2}","{""community-independent"": ""N2"", ""waller-derived"": ""N2""}",openjlpt|waller|wordmaster,community-independent|waller-derived,2,N3,runtime-core,exact
ゲーム,ゲーム,N3,"{""N3"": 2}","{""community-independent"": ""N3"", ""waller-derived"": ""N3""}",waller|wordmaster,community-independent|waller-derived,2,N4,runtime-core,exact
恋,こい,N3,"{""N3"": 2}","{""community-independent"": ""N3"", ""waller-derived"": ""N3""}",openjlpt|waller|wordmaster,community-independent|waller-derived,2,N2,runtime-core,exact
濃い,こい,N3,"{""N3"": 2}","{""community-independent"": ""N3"", ""waller-derived"": ""N3""}",openjlpt|waller|wordmaster,community-independent|waller-derived,2,N4,runtime-core,exact
恋しい,こいしい,N2,"{""N2"": 2}","{""community-independent"": ""N2"", ""waller-derived"": ""N2""}",openjlpt|waller|wordmaster,community-independent|waller-derived,2,N3,runtime-core,exact
恋人,こいびと,N3,"{""N3"": 2}","{""community-independent"": ""N3"", ""waller-derived"": ""N3""}",openjlpt|waller|wordmaster,community-independent|waller-derived,2,N2,runtime-core,exact
こう,こう,N4,"{""N4"": 1}","{""community-independent"": ""N4""}",wordmaster,community-independent,1,N5,runtime-core,exact
行為,こうい,N1,"{""N1"": 2}","{""community-independent"": ""N1"", ""waller-derived"": ""N1""}",openjlpt|waller|wordmaster,community-independent|waller-derived,2,N2,runtime-core,exact
幸運,こううん,N3,"{""N3"": 2}","{""community-independent"": ""N3"", ""waller-derived"": ""N3""}",openjlpt|waller|wordmaster,community-independent|waller-derived,2,N2,runtime-core,exact
公演,こうえん,N3,"{""N1"": 1, ""N3"": 1}","{""community-independent"": ""N3"", ""waller-derived"": ""N1""}",openjlpt|waller|wordmaster,community-independent|waller-derived,2,N2,runtime-core,exact
効果,こうか,N3,"{""N3"": 2}","{""community-independent"": ""N3"", ""waller-derived"": ""N3""}",openjlpt|waller|wordmaster,community-independent|waller-derived,2,N4,runtime-core,exact
公開,こうかい,N1,"{""N1"": 1}","{""waller-derived"": ""N1""}",openjlpt|waller,waller-derived,1,N2,runtime-core,exact
後悔,こうかい,N3,"{""N1"": 1, ""N3"": 1}","{""community-independent"": ""N3"", ""waller-derived"": ""N1""}",openjlpt|waller|wordmaster,community-independent|waller-derived,2,N2,runtime-core,exact
公害,こうがい,N2,"{""N2"": 2}","{""community-independent"": ""N2"", ""waller-derived"": ""N2""}",openjlpt|waller|wordmaster,community-independent|waller-derived,2,N1,runtime-core,exact
郊外,こうがい,N4,"{""N4"": 2}","{""community-independent"": ""N4"", ""waller-derived"": ""N4""}",openjlpt|waller|wordmaster,community-independent|waller-derived,2,N3,runtime-core,exact
工学,こうがく,N1,"{""N1"": 2}","{""community-independent"": ""N1"", ""waller-derived"": ""N1""}",openjlpt|waller|wordmaster,community-independent|waller-derived,2,N2,runtime-core,exact
公共,こうきょう,N2,"{""N2"": 2}","{""community-independent"": ""N2"", ""waller-derived"": ""N2""}",openjlpt|waller|wordmaster,community-independent|waller-derived,2,N3,runtime-core,exact
講義,こうぎ,N4,"{""N4"": 2}","{""community-independent"": ""N4"", ""waller-derived"": ""N4""}",openjlpt|waller|wordmaster,community-independent|waller-derived,2,N3,runtime-core,exact
工業,こうぎょう,N4,"{""N4"": 2}","{""community-independent"": ""N4"", ""waller-derived"": ""N4""}",openjlpt|waller|wordmaster,community-independent|waller-derived,2,N3,runtime-core,exact
航空,こうくう,N3,"{""N3"": 2}","{""community-independent"": ""N3"", ""waller-derived"": ""N3""}",openjlpt|waller|wordmaster,community-independent|waller-derived,2,N2,runtime-core,exact
光景,こうけい,N3,"{""N3"": 2}","{""community-independent"": ""N3"", ""waller-derived"": ""N3""}",openjlpt|waller|wordmaster,community-independent|waller-derived,2,N2,runtime-core,exact
貢献,こうけん,N3,"{""N3"": 2}","{""community-independent"": ""N3"", ""waller-derived"": ""N3""}",openjlpt|waller|wordmaster,community-independent|waller-derived,2,N2,runtime-core,exact
攻撃,こうげき,N3,"{""N3"": 2}","{""community-independent"": ""N3"", ""waller-derived"": ""N3""}",openjlpt|waller|wordmaster,community-independent|waller-derived,2,N2,runtime-core,exact
高校,こうこう,N4,"{""N4"": 1}","{""waller-derived"": ""N4""}",openjlpt|waller,waller-derived,1,N5,runtime-core,exact
高校生,こうこうせい,N4,"{""N4"": 2}","{""community-independent"": ""N4"", ""waller-derived"": ""N4""}",openjlpt|waller|wordmaster,community-independent|waller-derived,2,N5,runtime-core,exact
交際,こうさい,N3,"{""N3"": 2}","{""community-independent"": ""N3"", ""waller-derived"": ""N3""}",openjlpt|waller|wordmaster,community-independent|waller-derived,2,N1,runtime-core,exact
工作,こうさく,N1,"{""N1"": 2}","{""community-independent"": ""N1"", ""waller-derived"": ""N1""}",openjlpt|waller|wordmaster,community-independent|waller-derived,2,N2,runtime-core,exact
こうして,こうして,N2,"{""N2"": 2}","{""community-independent"": ""N2"", ""waller-derived"": ""N2""}",openjlpt|waller|wordmaster,community-independent|waller-derived,2,N3,runtime-core,exact
後者,こうしゃ,N3,"{""N3"": 2}","{""community-independent"": ""N3"", ""waller-derived"": ""N3""}",openjlpt|waller|wordmaster,community-independent|waller-derived,2,N2,runtime-core,exact
校舎,こうしゃ,N3,"{""N2"": 1, ""N3"": 1}","{""community-independent"": ""N3"", ""waller-derived"": ""N2""}",openjlpt|waller|wordmaster,community-independent|waller-derived,2,N2,runtime-core,exact
交渉,こうしょう,N1,"{""N1"": 2}","{""community-independent"": ""N1"", ""waller-derived"": ""N1""}",openjlpt|waller|wordmaster,community-independent|waller-derived,2,N2,runtime-core,exact
工事,こうじ,N2,"{""N2"": 2}","{""community-independent"": ""N2"", ""waller-derived"": ""N2""}",openjlpt|waller|wordmaster,community-independent|waller-derived,2,N4,runtime-core,exact
口実,こうじつ,N2,"{""N2"": 2}","{""community-independent"": ""N2"", ""waller-derived"": ""N2""}",openjlpt|waller|wordmaster,community-independent|waller-derived,2,N1,runtime-core,exact
向上,こうじょう,N1,"{""N1"": 2}","{""community-independent"": ""N1"", ""waller-derived"": ""N1""}",openjlpt|waller|wordmaster,community-independent|waller-derived,2,N2,runtime-core,exact
公正,こうせい,N3,"{""N2"": 1, ""N3"": 1}","{""community-independent"": ""N3"", ""waller-derived"": ""N2""}",openjlpt|waller|wordmaster,community-independent|waller-derived,2,N2,runtime-core,exact
構成,こうせい,N3,"{""N3"": 2}","{""community-independent"": ""N3"", ""waller-derived"": ""N3""}",openjlpt|waller|wordmaster,community-independent|waller-derived,2,N2,runtime-core,exact
功績,こうせき,N2,"{""N2"": 2}","{""community-independent"": ""N2"", ""waller-derived"": ""N2""}",openjlpt|waller|wordmaster,community-independent|waller-derived,2,N1,runtime-core,exact
拘束,こうそく,N3,"{""N1"": 1, ""N3"": 1}","{""community-independent"": ""N3"", ""waller-derived"": ""N1""}",openjlpt|waller|wordmaster,community-independent|waller-derived,2,N1,runtime-core,exact
好調,こうちょう,N1,"{""N1"": 2}","{""community-independent"": ""N1"", ""waller-derived"": ""N1""}",openjlpt|waller|wordmaster,community-independent|waller-derived,2,N2,runtime-core,exact
校長,こうちょう,N4,"{""N4"": 2}","{""community-independent"": ""N4"", ""waller-derived"": ""N4""}",openjlpt|waller|wordmaster,community-independent|waller-derived,2,N2,runtime-core,exact
交通,こうつう,N4,"{""N4"": 2}","{""community-independent"": ""N4"", ""waller-derived"": ""N4""}",openjlpt|waller|wordmaster,community-independent|waller-derived,2,N3,runtime-core,exact
交通機関,こうつうきかん,N2,"{""N2"": 2}","{""community-independent"": ""N2"", ""waller-derived"": ""N2""}",openjlpt|waller|wordmaster,community-independent|waller-derived,2,N3,runtime-core,exact
校庭,こうてい,N2,"{""N2"": 2}","{""community-independent"": ""N2"", ""waller-derived"": ""N2""}",openjlpt|waller|wordmaster,community-independent|waller-derived,2,N3,runtime-core,exact
行動,こうどう,N3,"{""N3"": 2}","{""community-independent"": ""N3"", ""waller-derived"": ""N3""}",openjlpt|waller|wordmaster,community-independent|waller-derived,2,N4,runtime-core,exact
購入,こうにゅう,N1,"{""N1"": 2}","{""community-independent"": ""N1"", ""waller-derived"": ""N1""}",openjlpt|waller|wordmaster,community-independent|waller-derived,2,N2,runtime-core,exact
光熱費,こうねつひ,N1,"{""N1"": 2}","{""community-independent"": ""N1"", ""waller-derived"": ""N1""}",openjlpt|waller|wordmaster,community-independent|waller-derived,2,N2,runtime-core,exact
荒廃,こうはい,N3,"{""N1"": 1, ""N3"": 1}","{""community-independent"": ""N3"", ""waller-derived"": ""N1""}",openjlpt|waller|wordmaster,community-independent|waller-derived,2,N1,advanced-bundle,exact
工場,こうば,N3,"{""N3"": 2}","{""community-independent"": ""N3"", ""waller-derived"": ""N3""}",openjlpt|waller|wordmaster,community-independent|waller-derived,2,N5,advanced-bundle,exact
好評,こうひょう,N1,"{""N1"": 2}","{""community-independent"": ""N1"", ""waller-derived"": ""N1""}",openjlpt|waller|wordmaster,community-independent|waller-derived,2,N2,runtime-core,exact
幸福,こうふく,N3,"{""N3"": 2}","{""community-independent"": ""N3"", ""waller-derived"": ""N3""}",openjlpt|waller|wordmaster,community-independent|waller-derived,2,N2,runtime-core,exact
降伏,こうふく,N3,"{""N1"": 1, ""N3"": 1}","{""community-independent"": ""N3"", ""waller-derived"": ""N1""}",openjlpt|waller|wordmaster,community-independent|waller-derived,2,N1,advanced-bundle,exact
興奮,こうふん,N3,"{""N1"": 1, ""N3"": 1}","{""community-independent"": ""N3"", ""waller-derived"": ""N1""}",openjlpt|waller|wordmaster,community-independent|waller-derived,2,N2,runtime-core,exact
公平,こうへい,N3,"{""N3"": 2}","{""community-independent"": ""N3"", ""waller-derived"": ""N3""}",openjlpt|waller|wordmaster,community-independent|waller-derived,2,N2,runtime-core,exact
候補,こうほ,N3,"{""N3"": 2}","{""community-independent"": ""N3"", ""waller-derived"": ""N3""}",openjlpt|waller|wordmaster,community-independent|waller-derived,2,N2,runtime-core,exact
公務員,こうむいん,N4,"{""N4"": 2}","{""community-independent"": ""N4"", ""waller-derived"": ""N4""}",openjlpt|waller|wordmaster,community-independent|waller-derived,2,N3,runtime-core,exact
公立,こうりつ,N1,"{""N1"": 2}","{""community-independent"": ""N1"", ""waller-derived"": ""N1""}",openjlpt|waller|wordmaster,community-independent|waller-derived,2,N2,runtime-core,exact
効率,こうりつ,N1,"{""N1"": 2}","{""community-independent"": ""N1"", ""waller-derived"": ""N1""}",openjlpt|waller|wordmaster,community-independent|waller-derived,2,N2,runtime-core,exact
交流,こうりゅう,N2,"{""N2"": 2}","{""community-independent"": ""N2"", ""waller-derived"": ""N2""}",openjlpt|waller|wordmaster,community-independent|waller-derived,2,N3,runtime-core,exact
考慮,こうりょ,N3,"{""N3"": 2}","{""community-independent"": ""N3"", ""waller-derived"": ""N3""}",openjlpt|waller|wordmaster,community-independent|waller-derived,2,N2,runtime-core,exact
声,こえ,N5,"{""N5"": 2}","{""community-independent"": ""N5"", ""waller-derived"": ""N5""}",openjlpt|waller|wordmaster,community-independent|waller-derived,2,N4,runtime-core,exact
小柄,こがら,N1,"{""N1"": 2}","{""community-independent"": ""N1"", ""waller-derived"": ""N1""}",openjlpt|waller|wordmaster,community-independent|waller-derived,2,N2,runtime-core,exact
国際,こくさい,N4,"{""N4"": 2}","{""community-independent"": ""N4"", ""waller-derived"": ""N4""}",openjlpt|waller|wordmaster,community-independent|waller-derived,2,N3,runtime-core,exact
国産,こくさん,N1,"{""N1"": 2}","{""community-independent"": ""N1"", ""waller-derived"": ""N1""}",openjlpt|waller|wordmaster,community-independent|waller-derived,2,N2,runtime-core,exact
国籍,こくせき,N3,"{""N2"": 1, ""N3"": 1}","{""community-independent"": ""N3"", ""waller-derived"": ""N2""}",openjlpt|waller|wordmaster,community-independent|waller-derived,2,N1,runtime-core,exact
黒板,こくばん,N3,"{""N3"": 2}","{""community-independent"": ""N3"", ""waller-derived"": ""N3""}",openjlpt|waller|wordmaster,community-independent|waller-derived,2,N4,runtime-core,exact
克服,こくふく,N3,"{""N3"": 2}","{""community-independent"": ""N3"", ""waller-derived"": ""N3""}",openjlpt|waller|wordmaster,community-independent|waller-derived,2,N2,runtime-core,exact
国民,こくみん,N3,"{""N3"": 2}","{""community-independent"": ""N3"", ""waller-derived"": ""N3""}",openjlpt|waller|wordmaster,community-independent|waller-derived,2,N2,runtime-core,exact
国立,こくりつ,N2,"{""N2"": 2}","{""community-independent"": ""N2"", ""waller-derived"": ""N2""}",openjlpt|waller|wordmaster,community-independent|waller-derived,2,N3,runtime-core,exact
焦げる,こげる,N2,"{""N2"": 2}","{""community-independent"": ""N2"", ""waller-derived"": ""N2""}",openjlpt|waller|wordmaster,community-independent|waller-derived,2,N3,runtime-core,exact
個々,ここ,N3,"{""N1"": 1, ""N3"": 1}","{""community-independent"": ""N3"", ""waller-derived"": ""N1""}",openjlpt|waller|wordmaster,community-independent|waller-derived,2,N2,runtime-core,exact
心地,ここち,N1,"{""N1"": 2}","{""community-independent"": ""N1"", ""waller-derived"": ""N1""}",openjlpt|waller|wordmaster,community-independent|waller-derived,2,N2,runtime-core,exact
心得る,こころえる,N2,"{""N2"": 2}","{""community-independent"": ""N2"", ""waller-derived"": ""N2""}",openjlpt|waller|wordmaster,community-independent|waller-derived,2,N1,runtime-core,exact
心強い,こころづよい,N1,"{""N1"": 2}","{""community-independent"": ""N1"", ""waller-derived"": ""N1""}",openjlpt|waller|wordmaster,community-independent|waller-derived,2,N2,runtime-core,exact
試み,こころみ,N1,"{""N1"": 2}","{""community-independent"": ""N1"", ""waller-derived"": ""N1""}",openjlpt|waller|wordmaster,community-independent|waller-derived,2,N2,runtime-core,exact
快い,こころよい,N1,"{""N1"": 2}","{""community-independent"": ""N1"", ""waller-derived"": ""N1""}",openjlpt|waller|wordmaster,community-independent|waller-derived,2,N2,runtime-core,exact
腰,こし,N3,"{""N3"": 2}","{""community-independent"": ""N3"", ""waller-derived"": ""N3""}",openjlpt|waller|wordmaster,community-independent|waller-derived,2,N4,runtime-core,exact
故障,こしょう,N4,"{""N4"": 1}","{""waller-derived"": ""N4""}",openjlpt|waller,waller-derived,1,N3,runtime-core,exact
胡椒,こしょう,N3,"{""N2"": 1, ""N3"": 1}","{""community-independent"": ""N3"", ""waller-derived"": ""N2""}",openjlpt|waller|wordmaster,community-independent|waller-derived,2,N2,advanced-bundle,exact
拵える,こしらえる,N1,"{""N1"": 1}","{""waller-derived"": ""N1""}",openjlpt|waller,waller-derived,1,N2,advanced-bundle,exact
超す,こす,N3,"{""N2"": 1, ""N3"": 1}","{""community-independent"": ""N3"", ""waller-derived"": ""N2""}",openjlpt|waller|wordmaster,community-independent|waller-derived,2,N1,runtime-core,exact
個性,こせい,N1,"{""N1"": 2}","{""community-independent"": ""N1"", ""waller-derived"": ""N1""}",openjlpt|waller|wordmaster,community-independent|waller-derived,2,N2,runtime-core,exact
答え,こたえ,N1,"{""N1"": 1}","{""waller-derived"": ""N1""}",openjlpt|waller,waller-derived,1,N5,runtime-core,exact
こだわる,こだわる,N1,"{""N1"": 1}","{""community-independent"": ""N1""}",wordmaster,community-independent,1,N2,runtime-core,exact
国家,こっか,N3,"{""N3"": 2}","{""community-independent"": ""N3"", ""waller-derived"": ""N3""}",openjlpt|waller|wordmaster,community-independent|waller-derived,2,N2,runtime-core,exact
国会,こっかい,N3,"{""N3"": 2}","{""community-independent"": ""N3"", ""waller-derived"": ""N3""}",openjlpt|waller|wordmaster,community-independent|waller-derived,2,N2,runtime-core,exact
こっそり,こっそり,N2,"{""N2"": 2}","{""community-independent"": ""N2"", ""waller-derived"": ""N2""}",waller|wordmaster,community-independent|waller-derived,2,N1,runtime-core,exact
小遣い,こづかい,N2,"{""N2"": 2}","{""community-independent"": ""N2"", ""waller-derived"": ""N2""}",openjlpt|waller|wordmaster,community-independent|waller-derived,2,N3,runtime-core,exact
固定,こてい,N1,"{""N1"": 2}","{""community-independent"": ""N1"", ""waller-derived"": ""N1""}",openjlpt|waller|wordmaster,community-independent|waller-derived,2,N2,runtime-core,exact
琴,こと,N3,"{""N2"": 1, ""N3"": 1}","{""community-independent"": ""N3"", ""waller-derived"": ""N2""}",openjlpt|waller|wordmaster,community-independent|waller-derived,2,N1,runtime-core,exact
事柄,ことがら,N1,"{""N1"": 2}","{""community-independent"": ""N1"", ""waller-derived"": ""N1""}",openjlpt|waller|wordmaster,community-independent|waller-derived,2,N2,runtime-core,exact
異なる,ことなる,N3,"{""N3"": 2}","{""community-independent"": ""N3"", ""waller-derived"": ""N3""}",openjlpt|waller|wordmaster,community-independent|waller-derived,2,N2,runtime-core,exact
ことによると,ことによると,N3,"{""N3"": 1}","{""community-independent"": ""N3""}",wordmaster,community-independent,1,N1,advanced-bundle,exact
小鳥,ことり,N4,"{""N4"": 2}","{""community-independent"": ""N4"", ""waller-derived"": ""N4""}",openjlpt|waller|wordmaster,community-independent|waller-derived,2,N3,runtime-core,exact
断る,ことわる,N3,"{""N3"": 2}","{""community-independent"": ""N3"", ""waller-derived"": ""N3""}",openjlpt|waller|wordmaster,community-independent|waller-derived,2,N4,runtime-core,exact
孤独,こどく,N1,"{""N1"": 2}","{""community-independent"": ""N1"", ""waller-derived"": ""N1""}",openjlpt|waller|wordmaster,community-independent|waller-derived,2,N2,runtime-core,exact
この間,このあいだ,N4,"{""N1"": 1, ""N4"": 1}","{""community-independent"": ""N4"", ""waller-derived"": ""N1""}",openjlpt|waller|wordmaster,community-independent|waller-derived,2,N3,runtime-core,exact
このごろ,このごろ,N4,"{""N4"": 1}","{""waller-derived"": ""N4""}",waller,waller-derived,1,N1,advanced-bundle,exact
この頃,このごろ,N4,"{""N1"": 1, ""N4"": 1}","{""community-independent"": ""N4"", ""waller-derived"": ""N1""}",openjlpt|waller|wordmaster,community-independent|waller-derived,2,N2,runtime-core,exact
好ましい,このましい,N1,"{""N1"": 2}","{""community-independent"": ""N1"", ""waller-derived"": ""N1""}",openjlpt|waller|wordmaster,community-independent|waller-derived,2,N2,runtime-core,exact
好み,このみ,N3,"{""N3"": 2}","{""community-independent"": ""N3"", ""waller-derived"": ""N3""}",openjlpt|waller|wordmaster,community-independent|waller-derived,2,N2,runtime-core,exact
好む,このむ,N3,"{""N3"": 2}","{""community-independent"": ""N3"", ""waller-derived"": ""N3""}",openjlpt|waller|wordmaster,community-independent|waller-derived,2,N2,runtime-core,exact
個別,こべつ,N1,"{""N1"": 2}","{""community-independent"": ""N1"", ""waller-derived"": ""N1""}",openjlpt|waller|wordmaster,community-independent|waller-derived,2,N2,runtime-core,exact
零す,こぼす,N1,"{""N1"": 1}","{""waller-derived"": ""N1""}",openjlpt|waller,waller-derived,1,N2,advanced-bundle,exact
コマーシャル,コマーシャル,N1,"{""N1"": 2}","{""community-independent"": ""N1"", ""waller-derived"": ""N1""}",waller|wordmaster,community-independent|waller-derived,2,N3,runtime-core,exact
コミュニケーション,コミュニケーション,N1,"{""N1"": 1}","{""waller-derived"": ""N1""}",waller,waller-derived,1,N3,runtime-core,exact
込める,こめる,N1,"{""N1"": 2}","{""community-independent"": ""N1"", ""waller-derived"": ""N1""}",openjlpt|waller|wordmaster,community-independent|waller-derived,2,N2,runtime-core,exact
コメント,コメント,N1,"{""N1"": 2}","{""community-independent"": ""N1"", ""waller-derived"": ""N1""}",waller|wordmaster,community-independent|waller-derived,2,N2|N4,curated-supplement|runtime-core,exact
小屋,こや,N3,"{""N3"": 2}","{""community-independent"": ""N3"", ""waller-derived"": ""N3""}",openjlpt|waller|wordmaster,community-independent|waller-derived,2,N2,runtime-core,exact
小指,こゆび,N2,"{""N2"": 2}","{""community-independent"": ""N2"", ""waller-derived"": ""N2""}",openjlpt|waller|wordmaster,community-independent|waller-derived,2,N3,runtime-core,exact
暦,こよみ,N1,"{""N1"": 2}","{""community-independent"": ""N1"", ""waller-derived"": ""N1""}",openjlpt|waller|wordmaster,community-independent|waller-derived,2,N2,runtime-core,exact
凝る,こる,N1,"{""N1"": 1}","{""community-independent"": ""N1""}",wordmaster,community-independent,1,N2,runtime-core,exact
これから,これから,N4,"{""N4"": 2}","{""community-independent"": ""N4"", ""waller-derived"": ""N4""}",waller|wordmaster,community-independent|waller-derived,2,N5,runtime-core,exact
転がる,ころがる,N2,"{""N2"": 2}","{""community-independent"": ""N2"", ""waller-derived"": ""N2""}",openjlpt|waller|wordmaster,community-independent|waller-derived,2,N1,runtime-core,exact
殺す,ころす,N3,"{""N3"": 2}","{""community-independent"": ""N3"", ""waller-derived"": ""N3""}",openjlpt|waller|wordmaster,community-independent|waller-derived,2,N1,runtime-core,exact
壊す,こわす,N4,"{""N4"": 2}","{""community-independent"": ""N4"", ""waller-derived"": ""N4""}",openjlpt|waller|wordmaster,community-independent|waller-derived,2,N3,runtime-core,exact
今回,こんかい,N3,"{""N3"": 2}","{""community-independent"": ""N3"", ""waller-derived"": ""N3""}",openjlpt|waller|wordmaster,community-independent|waller-derived,2,N4,runtime-core,exact
根気,こんき,N1,"{""N1"": 2}","{""community-independent"": ""N1"", ""waller-derived"": ""N1""}",openjlpt|waller|wordmaster,community-independent|waller-derived,2,N2,runtime-core,exact
根拠,こんきょ,N1,"{""N1"": 2}","{""community-independent"": ""N1"", ""waller-derived"": ""N1""}",openjlpt|waller|wordmaster,community-independent|waller-derived,2,N2,runtime-core,exact
コンクリート,コンクリート,N2,"{""N2"": 2}","{""community-independent"": ""N2"", ""waller-derived"": ""N2""}",waller|wordmaster,community-independent|waller-derived,2,N1,runtime-core,exact
今後,こんご,N3,"{""N3"": 2}","{""community-independent"": ""N3"", ""waller-derived"": ""N3""}",openjlpt|waller|wordmaster,community-independent|waller-derived,2,N4,runtime-core,exact
混合,こんごう,N2,"{""N2"": 2}","{""community-independent"": ""N2"", ""waller-derived"": ""N2""}",openjlpt|waller|wordmaster,community-independent|waller-derived,2,N1,runtime-core,exact
コンテスト,コンテスト,N3,"{""N1"": 1, ""N3"": 1}","{""community-independent"": ""N3"", ""waller-derived"": ""N1""}",waller|wordmaster,community-independent|waller-derived,2,N2,runtime-core,exact
コントロール,コントロール,N1,"{""N1"": 2}","{""community-independent"": ""N1"", ""waller-derived"": ""N1""}",waller|wordmaster,community-independent|waller-derived,2,N2,runtime-core,exact
困難,こんなん,N3,"{""N3"": 2}","{""community-independent"": ""N3"", ""waller-derived"": ""N3""}",openjlpt|waller|wordmaster,community-independent|waller-derived,2,N2,runtime-core,exact
こんにちは,こんにちは,N3,"{""N3"": 2}","{""community-independent"": ""N3"", ""waller-derived"": ""N3""}",waller|wordmaster,community-independent|waller-derived,2,N5,runtime-core,exact
今日は,こんにちは,N1,"{""N1"": 1}","{""waller-derived"": ""N1""}",openjlpt|waller,waller-derived,1,N3,advanced-bundle,exact
こんばんは,こんばんは,N2,"{""N2"": 2}","{""community-independent"": ""N2"", ""waller-derived"": ""N2""}",waller|wordmaster,community-independent|waller-derived,2,N5,runtime-core,exact
根本,こんぽん,N1,"{""N1"": 2}","{""community-independent"": ""N1"", ""waller-derived"": ""N1""}",openjlpt|waller|wordmaster,community-independent|waller-derived,2,N2,runtime-core,exact
混乱,こんらん,N3,"{""N3"": 2}","{""community-independent"": ""N3"", ""waller-derived"": ""N3""}",openjlpt|waller|wordmaster,community-independent|waller-derived,2,N2,runtime-core,exact
コース,コース,N2,"{""N2"": 2}","{""community-independent"": ""N2"", ""waller-derived"": ""N2""}",waller|wordmaster,community-independent|waller-derived,2,N3,runtime-core,exact
コーチ,コーチ,N3,"{""N3"": 2}","{""community-independent"": ""N3"", ""waller-derived"": ""N3""}",waller|wordmaster,community-independent|waller-derived,2,N2,runtime-core,exact
コーナー,コーナー,N1,"{""N1"": 2}","{""community-independent"": ""N1"", ""waller-derived"": ""N1""}",waller|wordmaster,community-independent|waller-derived,2,N3,runtime-core,exact
後,ご,N3,"{""N3"": 2}","{""community-independent"": ""N3"", ""waller-derived"": ""N3""}",waller|wordmaster,community-independent|waller-derived,2,N5,runtime-core,exact
碁,ご,N3,"{""N2"": 1, ""N3"": 1}","{""community-independent"": ""N3"", ""waller-derived"": ""N2""}",openjlpt|waller|wordmaster,community-independent|waller-derived,2,N2,runtime-core,exact
豪華,ごうか,N3,"{""N3"": 2}","{""community-independent"": ""N3"", ""waller-derived"": ""N3""}",openjlpt|waller|wordmaster,community-independent|waller-derived,2,N2,runtime-core,exact
合流,ごうりゅう,N2,"{""N2"": 2}","{""community-independent"": ""N2"", ""waller-derived"": ""N2""}",openjlpt|waller|wordmaster,community-independent|waller-derived,2,N1,runtime-core,exact
誤解,ごかい,N3,"{""N3"": 2}","{""community-independent"": ""N3"", ""waller-derived"": ""N3""}",openjlpt|waller|wordmaster,community-independent|waller-derived,2,N2,runtime-core,exact
語句,ごく,N3,"{""N1"": 1, ""N3"": 1}","{""community-independent"": ""N3"", ""waller-derived"": ""N1""}",openjlpt|waller|wordmaster,community-independent|waller-derived,2,N1,advanced-bundle,exact
ご存じ,ごぞんじ,N4,"{""N4"": 2}","{""community-independent"": ""N4"", ""waller-derived"": ""N4""}",openjlpt|waller|wordmaster,community-independent|waller-derived,2,N3,runtime-core,exact
ごちそう,ごちそう,N4,"{""N4"": 2}","{""community-independent"": ""N4"", ""waller-derived"": ""N4""}",waller|wordmaster,community-independent|waller-derived,2,N3,runtime-core,exact
ご馳走,ごちそう,N1,"{""N1"": 1}","{""waller-derived"": ""N1""}",openjlpt|waller,waller-derived,1,N4,advanced-bundle,exact
ご無沙汰,ごぶさた,N1,"{""N1"": 1}","{""waller-derived"": ""N1""}",openjlpt|waller,waller-derived,1,N2,advanced-bundle,exact
御無沙汰,ごぶさた,N2,"{""N2"": 2}","{""community-independent"": ""N2"", ""waller-derived"": ""N2""}",openjlpt|waller|wordmaster,community-independent|waller-derived,2,N3,runtime-core,exact
ゴム,ゴム,N2,"{""N2"": 2}","{""community-independent"": ""N2"", ""waller-derived"": ""N2""}",waller|wordmaster,community-independent|waller-derived,2,N3,runtime-core,exact
ごめんください,ごめんください,N2,"{""N2"": 2}","{""community-independent"": ""N2"", ""waller-derived"": ""N2""}",waller|wordmaster,community-independent|waller-derived,2,N1,advanced-bundle,exact
ごめんなさい,ごめんなさい,N3,"{""N3"": 2}","{""community-independent"": ""N3"", ""waller-derived"": ""N3""}",waller|wordmaster,community-independent|waller-derived,2,N5,runtime-core,exact
御免なさい,ごめんなさい,N1,"{""N1"": 1}","{""waller-derived"": ""N1""}",openjlpt|waller,waller-derived,1,N3,advanced-bundle,exact
御覧,ごらん,N2,"{""N2"": 2}","{""community-independent"": ""N2"", ""waller-derived"": ""N2""}",openjlpt|waller|wordmaster,community-independent|waller-derived,2,N3,runtime-core,exact
差,さ,N3,"{""N3"": 2}","{""community-independent"": ""N3"", ""waller-derived"": ""N3""}",openjlpt|waller|wordmaster,community-independent|waller-derived,2,N4,runtime-core,exact
さあ,さあ,N5,"{""N5"": 2}","{""community-independent"": ""N5"", ""waller-derived"": ""N5""}",waller|wordmaster,community-independent|waller-derived,2,N4,runtime-core,exact
再,さい,N1,"{""N1"": 1}","{""waller-derived"": ""N1""}",openjlpt|waller,waller-derived,1,N3,runtime-core,exact
際,さい,N3,"{""N3"": 2}","{""community-independent"": ""N3"", ""waller-derived"": ""N3""}",openjlpt|waller|wordmaster,community-independent|waller-derived,2,N2,runtime-core,exact
再会,さいかい,N1,"{""N1"": 2}","{""community-independent"": ""N1"", ""waller-derived"": ""N1""}",openjlpt|waller|wordmaster,community-independent|waller-derived,2,N2,runtime-core,exact
災害,さいがい,N1,"{""N1"": 2}","{""community-independent"": ""N1"", ""waller-derived"": ""N1""}",openjlpt|waller|wordmaster,community-independent|waller-derived,2,N2,runtime-core,exact
細菌,さいきん,N1,"{""N1"": 2}","{""community-independent"": ""N1"", ""waller-derived"": ""N1""}",openjlpt|waller|wordmaster,community-independent|waller-derived,2,N2,runtime-core,exact
最高,さいこう,N3,"{""N3"": 2}","{""community-independent"": ""N3"", ""waller-derived"": ""N3""}",openjlpt|waller|wordmaster,community-independent|waller-derived,2,N4,runtime-core,exact
最後,さいご,N4,"{""N4"": 2}","{""community-independent"": ""N4"", ""waller-derived"": ""N4""}",openjlpt|waller|wordmaster,community-independent|waller-derived,2,N5,runtime-core,exact
採集,さいしゅう,N3,"{""N1"": 1, ""N3"": 1}","{""community-independent"": ""N3"", ""waller-derived"": ""N1""}",openjlpt|waller|wordmaster,community-independent|waller-derived,2,N2,runtime-core,exact
サイズ,サイズ,N1,"{""N1"": 2}","{""community-independent"": ""N1"", ""waller-derived"": ""N1""}",waller|wordmaster,community-independent|waller-derived,2,N3,runtime-core,exact
再生,さいせい,N1,"{""N1"": 2}","{""community-independent"": ""N1"", ""waller-derived"": ""N1""}",openjlpt|waller|wordmaster,community-independent|waller-derived,2,N3,runtime-core,exact
最善,さいぜん,N1,"{""N1"": 2}","{""community-independent"": ""N1"", ""waller-derived"": ""N1""}",openjlpt|waller|wordmaster,community-independent|waller-derived,2,N2,runtime-core,exact
災難,さいなん,N2,"{""N2"": 2}","{""community-independent"": ""N2"", ""waller-derived"": ""N2""}",openjlpt|waller|wordmaster,community-independent|waller-derived,2,N1,runtime-core,exact
才能,さいのう,N3,"{""N3"": 2}","{""community-independent"": ""N3"", ""waller-derived"": ""N3""}",openjlpt|waller|wordmaster,community-independent|waller-derived,2,N2,runtime-core,exact
再発,さいはつ,N1,"{""N1"": 2}","{""community-independent"": ""N1"", ""waller-derived"": ""N1""}",openjlpt|waller|wordmaster,community-independent|waller-derived,2,N2,runtime-core,exact
栽培,さいばい,N1,"{""N1"": 2}","{""community-independent"": ""N1"", ""waller-derived"": ""N1""}",openjlpt|waller|wordmaster,community-independent|waller-derived,2,N2,runtime-core,exact
裁判,さいばん,N3,"{""N3"": 2}","{""community-independent"": ""N3"", ""waller-derived"": ""N3""}",openjlpt|waller|wordmaster,community-independent|waller-derived,2,N1,runtime-core,exact
採用,さいよう,N1,"{""N1"": 2}","{""community-independent"": ""N1"", ""waller-derived"": ""N1""}",openjlpt|waller|wordmaster,community-independent|waller-derived,2,N2,runtime-core,exact
幸い,さいわい,N3,"{""N3"": 2}","{""community-independent"": ""N3"", ""waller-derived"": ""N3""}",openjlpt|waller|wordmaster,community-independent|waller-derived,2,N2,runtime-core,exact
サイン,サイン,N3,"{""N3"": 2}","{""community-independent"": ""N3"", ""waller-derived"": ""N3""}",waller|wordmaster,community-independent|waller-derived,2,N4,runtime-core,exact
坂,さか,N4,"{""N4"": 2}","{""community-independent"": ""N4"", ""waller-derived"": ""N4""}",openjlpt|waller|wordmaster,community-independent|waller-derived,2,N3,runtime-core,exact
逆様,さかさま,N2,"{""N2"": 2}","{""community-independent"": ""N2"", ""waller-derived"": ""N2""}",openjlpt|waller|wordmaster,community-independent|waller-derived,2,N1,advanced-bundle,exact
逆らう,さからう,N3,"{""N3"": 2}","{""community-independent"": ""N3"", ""waller-derived"": ""N3""}",openjlpt|waller|wordmaster,community-independent|waller-derived,2,N2,runtime-core,exact
盛ん,さかん,N4,"{""N4"": 2}","{""community-independent"": ""N4"", ""waller-derived"": ""N4""}",openjlpt|waller|wordmaster,community-independent|waller-derived,2,N3,runtime-core,exact
捜す,さがす,N2,"{""N2"": 2}","{""community-independent"": ""N2"", ""waller-derived"": ""N2""}",openjlpt|waller|wordmaster,community-independent|waller-derived,2,N3,runtime-core,exact
下がる,さがる,N1,"{""N1"": 1}","{""waller-derived"": ""N1""}",openjlpt|waller,waller-derived,1,N4,runtime-core,exact
さきおととい,さきおととい,N2,"{""N2"": 1}","{""waller-derived"": ""N2""}",waller,waller-derived,1,N1,advanced-bundle,exact
先に,さきに,N1,"{""N1"": 1}","{""waller-derived"": ""N1""}",openjlpt|waller,waller-derived,1,N4,runtime-core,exact
先程,さきほど,N2,"{""N2"": 2}","{""community-independent"": ""N2"", ""waller-derived"": ""N2""}",openjlpt|waller|wordmaster,community-independent|waller-derived,2,N1,advanced-bundle,exact
作業,さぎょう,N3,"{""N3"": 2}","{""community-independent"": ""N3"", ""waller-derived"": ""N3""}",openjlpt|waller|wordmaster,community-independent|waller-derived,2,N2,runtime-core,exact
咲く,さく,N5,"{""N5"": 2}","{""community-independent"": ""N5"", ""waller-derived"": ""N5""}",openjlpt|waller|wordmaster,community-independent|waller-derived,2,N3,runtime-core,exact
柵,さく,N3,"{""N1"": 1, ""N3"": 1}","{""community-independent"": ""N3"", ""waller-derived"": ""N1""}",openjlpt|waller|wordmaster,community-independent|waller-derived,2,N1,runtime-core,exact
裂く,さく,N3,"{""N2"": 1, ""N3"": 1}","{""community-independent"": ""N3"", ""waller-derived"": ""N2""}",openjlpt|waller|wordmaster,community-independent|waller-derived,2,N2,advanced-bundle,exact
錯誤,さくご,N1,"{""N1"": 2}","{""community-independent"": ""N1"", ""waller-derived"": ""N1""}",openjlpt|waller|wordmaster,community-independent|waller-derived,2,N2,runtime-core,exact
作品,さくひん,N3,"{""N3"": 2}","{""community-independent"": ""N3"", ""waller-derived"": ""N3""}",openjlpt|waller|wordmaster,community-independent|waller-derived,2,N2,runtime-core,exact
桜,さくら,N3,"{""N3"": 2}","{""community-independent"": ""N3"", ""waller-derived"": ""N3""}",openjlpt|waller|wordmaster,community-independent|waller-derived,2,N4,runtime-core,exact
酒,さけ,N3,"{""N3"": 2}","{""community-independent"": ""N3"", ""waller-derived"": ""N3""}",openjlpt|waller|wordmaster,community-independent|waller-derived,2,N4,runtime-core,exact
叫ぶ,さけぶ,N3,"{""N3"": 2}","{""community-independent"": ""N3"", ""waller-derived"": ""N3""}",openjlpt|waller|wordmaster,community-independent|waller-derived,2,N1,runtime-core,exact
裂ける,さける,N3,"{""N1"": 1, ""N3"": 1}","{""community-independent"": ""N3"", ""waller-derived"": ""N1""}",openjlpt|waller|wordmaster,community-independent|waller-derived,2,N1,advanced-bundle,exact
避ける,さける,N3,"{""N3"": 2}","{""community-independent"": ""N3"", ""waller-derived"": ""N3""}",openjlpt|waller|wordmaster,community-independent|waller-derived,2,N2,runtime-core,exact
下げる,さげる,N4,"{""N4"": 2}","{""community-independent"": ""N4"", ""waller-derived"": ""N4""}",openjlpt|waller|wordmaster,community-independent|waller-derived,2,N3,runtime-core,exact
支える,ささえる,N3,"{""N3"": 2}","{""community-independent"": ""N3"", ""waller-derived"": ""N3""}",openjlpt|waller|wordmaster,community-independent|waller-derived,2,N2,runtime-core,exact
刺さる,ささる,N3,"{""N2"": 1, ""N3"": 1}","{""community-independent"": ""N3"", ""waller-derived"": ""N2""}",openjlpt|waller|wordmaster,community-independent|waller-derived,2,N1,runtime-core,exact
差し上げる,さしあげる,N4,"{""N4"": 2}","{""community-independent"": ""N4"", ""waller-derived"": ""N4""}",openjlpt|waller|wordmaster,community-independent|waller-derived,2,N3,runtime-core,exact
指図,さしず,N1,"{""N1"": 2}","{""community-independent"": ""N1"", ""waller-derived"": ""N1""}",openjlpt|waller|wordmaster,community-independent|waller-derived,2,N2,runtime-core,exact
差し支える,さしつかえる,N1,"{""N1"": 2}","{""community-independent"": ""N1"", ""waller-derived"": ""N1""}",openjlpt|waller|wordmaster,community-independent|waller-derived,2,N2,runtime-core,exact
差し引く,さしひく,N1,"{""N1"": 1}","{""waller-derived"": ""N1""}",openjlpt|waller,waller-derived,1,N2,runtime-core,exact
刺身,さしみ,N2,"{""N2"": 2}","{""community-independent"": ""N2"", ""waller-derived"": ""N2""}",openjlpt|waller|wordmaster,community-independent|waller-derived,2,N3,runtime-core,exact
刺す,さす,N3,"{""N2"": 1, ""N3"": 1}","{""community-independent"": ""N3"", ""waller-derived"": ""N2""}",openjlpt|waller|wordmaster,community-independent|waller-derived,2,N2,runtime-core,exact
差す,さす,N5,"{""N5"": 2}","{""community-independent"": ""N5"", ""waller-derived"": ""N5""}",openjlpt|waller|wordmaster,community-independent|waller-derived,2,N4,runtime-core,exact
指す,さす,N3,"{""N3"": 2}","{""community-independent"": ""N3"", ""waller-derived"": ""N3""}",openjlpt|waller|wordmaster,community-independent|waller-derived,2,N2,runtime-core,exact
挿す,さす,N3,"{""N2"": 1, ""N3"": 1}","{""community-independent"": ""N3"", ""waller-derived"": ""N2""}",openjlpt|waller|wordmaster,community-independent|waller-derived,2,N2,advanced-bundle,exact
誘う,さそう,N3,"{""N3"": 2}","{""community-independent"": ""N3"", ""waller-derived"": ""N3""}",openjlpt|waller|wordmaster,community-independent|waller-derived,2,N4,runtime-core,exact
定まる,さだまる,N1,"{""N1"": 2}","{""community-independent"": ""N1"", ""waller-derived"": ""N1""}",openjlpt|waller|wordmaster,community-independent|waller-derived,2,N2,runtime-core,exact
定める,さだめる,N1,"{""N1"": 2}","{""community-independent"": ""N1"", ""waller-derived"": ""N1""}",openjlpt|waller|wordmaster,community-independent|waller-derived,2,N2,runtime-core,exact
錯覚,さっかく,N1,"{""N1"": 1}","{""waller-derived"": ""N1""}",openjlpt|waller,waller-derived,1,N2,runtime-core,exact
さっき,さっき,N4,"{""N4"": 1}","{""community-independent"": ""N4""}",wordmaster,community-independent,1,N3,runtime-core,exact
早急,さっきゅう,N1,"{""N1"": 1}","{""waller-derived"": ""N1""}",openjlpt|waller,waller-derived,1,N2,runtime-core,exact
作曲,さっきょく,N3,"{""N3"": 2}","{""community-independent"": ""N3"", ""waller-derived"": ""N3""}",openjlpt|waller|wordmaster,community-independent|waller-derived,2,N2,runtime-core,exact
察する,さっする,N1,"{""N1"": 2}","{""community-independent"": ""N1"", ""waller-derived"": ""N1""}",openjlpt|waller|wordmaster,community-independent|waller-derived,2,N3,runtime-core,exact
早速,さっそく,N2,"{""N2"": 2}","{""community-independent"": ""N2"", ""waller-derived"": ""N2""}",openjlpt|waller|wordmaster,community-independent|waller-derived,2,N3,runtime-core,exact
さっと,さっと,N1,"{""N1"": 1}","{""community-independent"": ""N1""}",wordmaster,community-independent,1,N2,runtime-core,exact
さっぱり,さっぱり,N3,"{""N3"": 2}","{""community-independent"": ""N3"", ""waller-derived"": ""N3""}",waller|wordmaster,community-independent|waller-derived,2,N2,runtime-core,exact
さて,さて,N3,"{""N3"": 2}","{""community-independent"": ""N3"", ""waller-derived"": ""N3""}",waller|wordmaster,community-independent|waller-derived,2,N2,runtime-core,exact
裁く,さばく,N3,"{""N1"": 1, ""N3"": 1}","{""community-independent"": ""N3"", ""waller-derived"": ""N1""}",openjlpt|waller|wordmaster,community-independent|waller-derived,2,N1,runtime-core,exact
差別,さべつ,N3,"{""N3"": 2}","{""community-independent"": ""N3"", ""waller-derived"": ""N3""}",openjlpt|waller|wordmaster,community-independent|waller-derived,2,N1,runtime-core,exact
作法,さほう,N3,"{""N3"": 2}","{""community-independent"": ""N3"", ""waller-derived"": ""N3""}",openjlpt|waller|wordmaster,community-independent|waller-derived,2,N2,runtime-core,exact
寒気,さむけ,N1,"{""N1"": 1}","{""community-independent"": ""N1""}",wordmaster,community-independent,1,N3,advanced-bundle,exact
作用,さよう,N1,"{""N1"": 2}","{""community-independent"": ""N1"", ""waller-derived"": ""N1""}",openjlpt|waller|wordmaster,community-independent|waller-derived,2,N2,runtime-core,exact
さようなら,さようなら,N2,"{""N2"": 2}","{""community-independent"": ""N2"", ""waller-derived"": ""N2""}",waller|wordmaster,community-independent|waller-derived,2,N5,runtime-core,exact
皿,さら,N3,"{""N3"": 2}","{""community-independent"": ""N3"", ""waller-derived"": ""N3""}",openjlpt|waller|wordmaster,community-independent|waller-derived,2,N5,runtime-core,exact
再来月,さらいげつ,N4,"{""N2"": 1, ""N4"": 1}","{""community-independent"": ""N4"", ""waller-derived"": ""N2""}",openjlpt|waller|wordmaster,community-independent|waller-derived,2,N2,runtime-core,exact
さ来週,さらいしゅう,N4,"{""N4"": 1}","{""waller-derived"": ""N4""}",openjlpt|waller,waller-derived,1,N1,advanced-bundle,exact
再来週,さらいしゅう,N4,"{""N2"": 1, ""N4"": 1}","{""community-independent"": ""N4"", ""waller-derived"": ""N2""}",openjlpt|waller|wordmaster,community-independent|waller-derived,2,N5,runtime-core,exact
サラリーマン,サラリーマン,N2,"{""N2"": 2}","{""community-independent"": ""N2"", ""waller-derived"": ""N2""}",waller|wordmaster,community-independent|waller-derived,2,N3,runtime-core,exact
去る,さる,N3,"{""N3"": 2}","{""community-independent"": ""N3"", ""waller-derived"": ""N3""}",openjlpt|waller|wordmaster,community-independent|waller-derived,2,N2,runtime-core,exact
騒ぐ,さわぐ,N4,"{""N4"": 2}","{""community-independent"": ""N4"", ""waller-derived"": ""N4""}",openjlpt|waller|wordmaster,community-independent|waller-derived,2,N3,runtime-core,exact
爽やか,さわやか,N1,"{""N1"": 1}","{""waller-derived"": ""N1""}",openjlpt|waller,waller-derived,1,N2,runtime-core,exact
参加,さんか,N3,"{""N3"": 2}","{""community-independent"": ""N3"", ""waller-derived"": ""N3""}",openjlpt|waller|wordmaster,community-independent|waller-derived,2,N4,runtime-core,exact
酸化,さんか,N3,"{""N1"": 1, ""N3"": 1}","{""community-independent"": ""N3"", ""waller-derived"": ""N1""}",openjlpt|waller|wordmaster,community-independent|waller-derived,2,N1,advanced-bundle,exact
三角,さんかく,N2,"{""N2"": 2}","{""community-independent"": ""N2"", ""waller-derived"": ""N2""}",openjlpt|waller|wordmaster,community-independent|waller-derived,2,N1,runtime-core,exact
産業,さんぎょう,N4,"{""N4"": 2}","{""community-independent"": ""N4"", ""waller-derived"": ""N4""}",openjlpt|waller|wordmaster,community-independent|waller-derived,2,N3,runtime-core,exact
算数,さんすう,N2,"{""N2"": 2}","{""community-independent"": ""N2"", ""waller-derived"": ""N2""}",openjlpt|waller|wordmaster,community-independent|waller-derived,2,N3,runtime-core,exact
酸性,さんせい,N3,"{""N2"": 1, ""N3"": 1}","{""community-independent"": ""N3"", ""waller-derived"": ""N2""}",openjlpt|waller|wordmaster,community-independent|waller-derived,2,N2,runtime-core,exact
酸素,さんそ,N3,"{""N3"": 2}","{""community-independent"": ""N3"", ""waller-derived"": ""N3""}",openjlpt|waller|wordmaster,community-independent|waller-derived,2,N2,runtime-core,exact
サンダル,サンダル,N4,"{""N4"": 2}","{""community-independent"": ""N4"", ""waller-derived"": ""N4""}",waller|wordmaster,community-independent|waller-derived,2,N3,runtime-core,exact
サンドイッチ,サンドイッチ,N4,"{""N4"": 2}","{""community-independent"": ""N4"", ""waller-derived"": ""N4""}",waller|wordmaster,community-independent|waller-derived,2,N1,runtime-core,exact
産物,さんぶつ,N1,"{""N1"": 2}","{""community-independent"": ""N1"", ""waller-derived"": ""N1""}",openjlpt|waller|wordmaster,community-independent|waller-derived,2,N2,runtime-core,exact
サンプル,サンプル,N2,"{""N2"": 2}","{""community-independent"": ""N2"", ""waller-derived"": ""N2""}",waller|wordmaster,community-independent|waller-derived,2,N3,runtime-core,exact
山林,さんりん,N2,"{""N2"": 2}","{""community-independent"": ""N2"", ""waller-derived"": ""N2""}",openjlpt|waller|wordmaster,community-independent|waller-derived,2,N1,runtime-core,exact
サークル,サークル,N2,"{""N2"": 2}","{""community-independent"": ""N2"", ""waller-derived"": ""N2""}",waller|wordmaster,community-independent|waller-derived,2,N3,runtime-core,exact
サービス,サービス,N3,"{""N3"": 2}","{""community-independent"": ""N3"", ""waller-derived"": ""N3""}",waller|wordmaster,community-independent|waller-derived,2,N4,runtime-core,exact
財産,ざいさん,N3,"{""N3"": 2}","{""community-independent"": ""N3"", ""waller-derived"": ""N3""}",openjlpt|waller|wordmaster,community-independent|waller-derived,2,N2,runtime-core,exact
座席,ざせき,N3,"{""N3"": 2}","{""community-independent"": ""N3"", ""waller-derived"": ""N3""}",openjlpt|waller|wordmaster,community-independent|waller-derived,2,N2,runtime-core,exact
ざっと,ざっと,N3,"{""N3"": 2}","{""community-independent"": ""N3"", ""waller-derived"": ""N3""}",waller|wordmaster,community-independent|waller-derived,2,N2,runtime-core,exact
雑談,ざつだん,N1,"{""N1"": 2}","{""community-independent"": ""N1"", ""waller-derived"": ""N1""}",openjlpt|waller|wordmaster,community-independent|waller-derived,2,N2,runtime-core,exact
座標,ざひょう,N1,"{""N1"": 2}","{""community-independent"": ""N1"", ""waller-derived"": ""N1""}",openjlpt|waller|wordmaster,community-independent|waller-derived,2,N2,runtime-core,exact
残高,ざんだか,N1,"{""N1"": 2}","{""community-independent"": ""N1"", ""waller-derived"": ""N1""}",openjlpt|waller|wordmaster,community-independent|waller-derived,2,N2,runtime-core,exact
死,し,N3,"{""N1"": 1, ""N3"": 1}","{""community-independent"": ""N3"", ""waller-derived"": ""N1""}",openjlpt|waller|wordmaster,community-independent|waller-derived,2,N4,runtime-core,exact
詩,し,N3,"{""N3"": 2}","{""community-independent"": ""N3"", ""waller-derived"": ""N3""}",openjlpt|waller|wordmaster,community-independent|waller-derived,2,N2,runtime-core,exact
仕上げる,しあげる,N1,"{""N1"": 2}","{""community-independent"": ""N1"", ""waller-derived"": ""N1""}",openjlpt|waller|wordmaster,community-independent|waller-derived,2,N2,runtime-core,exact
しあさって,しあさって,N2,"{""N2"": 1}","{""waller-derived"": ""N2""}",waller,waller-derived,1,N1,advanced-bundle,exact
明々後日,しあさって,N1,"{""N1"": 1}","{""waller-derived"": ""N1""}",openjlpt|waller,waller-derived,1,N2,advanced-bundle,exact
幸せ,しあわせ,N3,"{""N3"": 2}","{""community-independent"": ""N3"", ""waller-derived"": ""N3""}",openjlpt|waller|wordmaster,community-independent|waller-derived,2,N4,runtime-core,exact
飼育,しいく,N1,"{""N1"": 2}","{""community-independent"": ""N1"", ""waller-derived"": ""N1""}",openjlpt|waller|wordmaster,community-independent|waller-derived,2,N2,runtime-core,exact
塩辛い,しおからい,N2,"{""N2"": 2}","{""community-independent"": ""N2"", ""waller-derived"": ""N2""}",openjlpt|waller|wordmaster,community-independent|waller-derived,2,N3,runtime-core,exact
司会,しかい,N2,"{""N2"": 2}","{""community-independent"": ""N2"", ""waller-derived"": ""N2""}",openjlpt|waller|wordmaster,community-independent|waller-derived,2,N3,runtime-core,exact
視覚,しかく,N3,"{""N1"": 1, ""N3"": 1}","{""community-independent"": ""N3"", ""waller-derived"": ""N1""}",openjlpt|waller|wordmaster,community-independent|waller-derived,2,N2,runtime-core,exact
資格,しかく,N3,"{""N1"": 1, ""N3"": 1}","{""community-independent"": ""N3"", ""waller-derived"": ""N1""}",openjlpt|waller|wordmaster,community-independent|waller-derived,2,N2,runtime-core,exact
四角い,しかくい,N2,"{""N2"": 2}","{""community-independent"": ""N2"", ""waller-derived"": ""N2""}",openjlpt|waller|wordmaster,community-independent|waller-derived,2,N3,runtime-core,exact
しかしながら,しかしながら,N1,"{""N1"": 1}","{""community-independent"": ""N1""}",wordmaster,community-independent,1,N2,runtime-core,exact
仕方がない,しかたがない,N2,"{""N2"": 1}","{""community-independent"": ""N2""}",wordmaster,community-independent,1,N1,advanced-bundle,exact
しかも,しかも,N3,"{""N3"": 2}","{""community-independent"": ""N3"", ""waller-derived"": ""N3""}",waller|wordmaster,community-independent|waller-derived,2,N2,runtime-core,exact
叱る,しかる,N4,"{""N3"": 1, ""N4"": 1}","{""community-independent"": ""N4"", ""waller-derived"": ""N3""}",openjlpt|waller|wordmaster,community-independent|waller-derived,2,N3,runtime-core,exact
式,しき,N3,"{""N3"": 1}","{""waller-derived"": ""N3""}",openjlpt|waller,waller-derived,1,N4,runtime-core,exact
指揮,しき,N3,"{""N1"": 1, ""N3"": 1}","{""community-independent"": ""N3"", ""waller-derived"": ""N1""}",openjlpt|waller|wordmaster,community-independent|waller-derived,2,N1,runtime-core,exact
しきたり,しきたり,N1,"{""N1"": 1}","{""community-independent"": ""N1""}",wordmaster,community-independent,1,N2,runtime-core,exact
敷地,しきち,N2,"{""N2"": 2}","{""community-independent"": ""N2"", ""waller-derived"": ""N2""}",openjlpt|waller|wordmaster,community-independent|waller-derived,2,N1,runtime-core,exact
至急,しきゅう,N3,"{""N2"": 1, ""N3"": 1}","{""community-independent"": ""N3"", ""waller-derived"": ""N2""}",openjlpt|waller|wordmaster,community-independent|waller-derived,2,N2,runtime-core,exact
しきりに,しきりに,N3,"{""N3"": 2}","{""community-independent"": ""N3"", ""waller-derived"": ""N3""}",waller|wordmaster,community-independent|waller-derived,2,N1,runtime-core,exact
頻りに,しきりに,N1,"{""N1"": 1}","{""waller-derived"": ""N1""}",openjlpt|waller,waller-derived,1,N3,advanced-bundle,exact
仕組み,しくみ,N1,"{""N1"": 1}","{""waller-derived"": ""N1""}",openjlpt|waller,waller-derived,1,N2,runtime-core,exact
試験,しけん,N4,"{""N4"": 2}","{""community-independent"": ""N4"", ""waller-derived"": ""N4""}",openjlpt|waller|wordmaster,community-independent|waller-derived,2,N5,runtime-core,exact
刺激,しげき,N3,"{""N3"": 2}","{""community-independent"": ""N3"", ""waller-derived"": ""N3""}",openjlpt|waller|wordmaster,community-independent|waller-derived,2,N2,runtime-core,exact
思考,しこう,N1,"{""N1"": 2}","{""community-independent"": ""N1"", ""waller-derived"": ""N1""}",openjlpt|waller|wordmaster,community-independent|waller-derived,2,N2,runtime-core,exact
視察,しさつ,N1,"{""N1"": 2}","{""community-independent"": ""N1"", ""waller-derived"": ""N1""}",openjlpt|waller|wordmaster,community-independent|waller-derived,2,N2,runtime-core,exact
指示,しじ,N1,"{""N1"": 1}","{""waller-derived"": ""N1""}",openjlpt|waller,waller-derived,1,N3,runtime-core,exact
支持,しじ,N1,"{""N1"": 2}","{""community-independent"": ""N1"", ""waller-derived"": ""N1""}",openjlpt|waller|wordmaster,community-independent|waller-derived,2,N2,runtime-core,exact
市場,しじょう,N1,"{""N1"": 1}","{""community-independent"": ""N1""}",wordmaster,community-independent,1,N3,runtime-core,exact
システム,システム,N1,"{""N1"": 2}","{""community-independent"": ""N1"", ""waller-derived"": ""N1""}",waller|wordmaster,community-independent|waller-derived,2,N2,runtime-core,exact
姿勢,しせい,N2,"{""N2"": 2}","{""community-independent"": ""N2"", ""waller-derived"": ""N2""}",openjlpt|waller|wordmaster,community-independent|waller-derived,2,N3,runtime-core,exact
施設,しせつ,N1,"{""N1"": 2}","{""community-independent"": ""N1"", ""waller-derived"": ""N1""}",openjlpt|waller|wordmaster,community-independent|waller-derived,2,N3,runtime-core,exact
自然,しぜん,N3,"{""N3"": 2}","{""community-independent"": ""N3"", ""waller-derived"": ""N3""}",openjlpt|waller|wordmaster,community-independent|waller-derived,2,N4,runtime-core,exact
自然科学,しぜんかがく,N2,"{""N2"": 2}","{""community-independent"": ""N2"", ""waller-derived"": ""N2""}",openjlpt|waller|wordmaster,community-independent|waller-derived,2,N1,runtime-core,exact
思想,しそう,N3,"{""N3"": 2}","{""community-independent"": ""N3"", ""waller-derived"": ""N3""}",openjlpt|waller|wordmaster,community-independent|waller-derived,2,N2,runtime-core,exact
子孫,しそん,N2,"{""N2"": 2}","{""community-independent"": ""N2"", ""waller-derived"": ""N2""}",openjlpt|waller|wordmaster,community-independent|waller-derived,2,N1,runtime-core,exact
下着,したぎ,N4,"{""N4"": 2}","{""community-independent"": ""N4"", ""waller-derived"": ""N4""}",openjlpt|waller|wordmaster,community-independent|waller-derived,2,N1,runtime-core,exact
親しむ,したしむ,N1,"{""N1"": 2}","{""community-independent"": ""N1"", ""waller-derived"": ""N1""}",openjlpt|waller|wordmaster,community-independent|waller-derived,2,N2,runtime-core,exact
下町,したまち,N2,"{""N2"": 2}","{""community-independent"": ""N2"", ""waller-derived"": ""N2""}",openjlpt|waller|wordmaster,community-independent|waller-derived,2,N1,runtime-core,exact
質素,しっそ,N1,"{""N1"": 2}","{""community-independent"": ""N1"", ""waller-derived"": ""N1""}",openjlpt|waller|wordmaster,community-independent|waller-derived,2,N2,runtime-core,exact
執筆,しっぴつ,N2,"{""N2"": 2}","{""community-independent"": ""N2"", ""waller-derived"": ""N2""}",openjlpt|waller|wordmaster,community-independent|waller-derived,2,N1,runtime-core,exact
質,しつ,N3,"{""N3"": 2}","{""community-independent"": ""N3"", ""waller-derived"": ""N3""}",openjlpt|waller|wordmaster,community-independent|waller-derived,2,N2,runtime-core,exact
失業,しつぎょう,N3,"{""N3"": 2}","{""community-independent"": ""N3"", ""waller-derived"": ""N3""}",openjlpt|waller|wordmaster,community-independent|waller-derived,2,N1,runtime-core,exact
しつこい,しつこい,N2,"{""N2"": 2}","{""community-independent"": ""N2"", ""waller-derived"": ""N2""}",waller|wordmaster,community-independent|waller-derived,2,N3,runtime-core,exact
湿度,しつど,N3,"{""N2"": 1, ""N3"": 1}","{""community-independent"": ""N3"", ""waller-derived"": ""N2""}",openjlpt|waller|wordmaster,community-independent|waller-derived,2,N2,runtime-core,exact
失望,しつぼう,N3,"{""N3"": 2}","{""community-independent"": ""N3"", ""waller-derived"": ""N3""}",openjlpt|waller|wordmaster,community-independent|waller-derived,2,N2,runtime-core,exact
失恋,しつれん,N2,"{""N2"": 2}","{""community-independent"": ""N2"", ""waller-derived"": ""N2""}",openjlpt|waller|wordmaster,community-independent|waller-derived,2,N1,runtime-core,exact
指定,してい,N2,"{""N2"": 2}","{""community-independent"": ""N2"", ""waller-derived"": ""N2""}",openjlpt|waller|wordmaster,community-independent|waller-derived,2,N3,runtime-core,exact
指摘,してき,N1,"{""N1"": 2}","{""community-independent"": ""N1"", ""waller-derived"": ""N1""}",openjlpt|waller|wordmaster,community-independent|waller-derived,2,N2,runtime-core,exact
視点,してん,N3,"{""N1"": 1, ""N3"": 1}","{""community-independent"": ""N3"", ""waller-derived"": ""N1""}",openjlpt|waller|wordmaster,community-independent|waller-derived,2,N2,runtime-core,exact
死ぬ,しぬ,N5,"{""N5"": 2}","{""community-independent"": ""N5"", ""waller-derived"": ""N5""}",openjlpt|waller|wordmaster,community-independent|waller-derived,2,N4,runtime-core,exact
支配,しはい,N3,"{""N3"": 2}","{""community-independent"": ""N3"", ""waller-derived"": ""N3""}",openjlpt|waller|wordmaster,community-independent|waller-derived,2,N2,runtime-core,exact
始発,しはつ,N1,"{""N1"": 2}","{""community-independent"": ""N1"", ""waller-derived"": ""N1""}",openjlpt|waller|wordmaster,community-independent|waller-derived,2,N3,runtime-core,exact
芝,しば,N1,"{""N1"": 2}","{""community-independent"": ""N1"", ""waller-derived"": ""N1""}",openjlpt|waller|wordmaster,community-independent|waller-derived,2,N3,runtime-core,exact
芝居,しばい,N3,"{""N3"": 2}","{""community-independent"": ""N3"", ""waller-derived"": ""N3""}",openjlpt|waller|wordmaster,community-independent|waller-derived,2,N1,runtime-core,exact
しばしば,しばしば,N3,"{""N3"": 2}","{""community-independent"": ""N3"", ""waller-derived"": ""N3""}",waller|wordmaster,community-independent|waller-derived,2,N2,runtime-core,exact
しばらく,しばらく,N4,"{""N4"": 2}","{""community-independent"": ""N4"", ""waller-derived"": ""N4""}",waller|wordmaster,community-independent|waller-derived,2,N3,runtime-core,exact
暫く,しばらく,N1,"{""N1"": 1}","{""waller-derived"": ""N1""}",openjlpt|waller,waller-derived,1,N4,advanced-bundle,exact
縛る,しばる,N2,"{""N2"": 2}","{""community-independent"": ""N2"", ""waller-derived"": ""N2""}",openjlpt|waller|wordmaster,community-independent|waller-derived,2,N3,runtime-core,exact
痺れる,しびれる,N1,"{""N1"": 1}","{""waller-derived"": ""N1""}",openjlpt|waller,waller-derived,1,N2,advanced-bundle,exact
渋い,しぶい,N1,"{""N1"": 1}","{""waller-derived"": ""N1""}",openjlpt|waller,waller-derived,1,N2,runtime-core,exact
資本,しほん,N3,"{""N3"": 2}","{""community-independent"": ""N3"", ""waller-derived"": ""N3""}",openjlpt|waller|wordmaster,community-independent|waller-derived,2,N1,runtime-core,exact
志望,しぼう,N3,"{""N1"": 1, ""N3"": 1}","{""community-independent"": ""N3"", ""waller-derived"": ""N1""}",openjlpt|waller|wordmaster,community-independent|waller-derived,2,N2,runtime-core,exact
脂肪,しぼう,N3,"{""N1"": 1, ""N3"": 1}","{""community-independent"": ""N3"", ""waller-derived"": ""N1""}",openjlpt|waller|wordmaster,community-independent|waller-derived,2,N2,runtime-core,exact
萎む,しぼむ,N1,"{""N1"": 1}","{""waller-derived"": ""N1""}",openjlpt|waller,waller-derived,1,N2,advanced-bundle,exact
絞る,しぼる,N2,"{""N2"": 2}","{""community-independent"": ""N2"", ""waller-derived"": ""N2""}",openjlpt|waller|wordmaster,community-independent|waller-derived,2,N3,runtime-core,exact
姉妹,しまい,N3,"{""N3"": 2}","{""community-independent"": ""N3"", ""waller-derived"": ""N3""}",openjlpt|waller|wordmaster,community-independent|waller-derived,2,N2,runtime-core,exact
閉まる,しまる,N5,"{""N5"": 2}","{""community-independent"": ""N5"", ""waller-derived"": ""N5""}",openjlpt|waller|wordmaster,community-independent|waller-derived,2,N4,runtime-core,exact
染みる,しみる,N1,"{""N1"": 2}","{""community-independent"": ""N1"", ""waller-derived"": ""N1""}",openjlpt|waller|wordmaster,community-independent|waller-derived,2,N2,runtime-core,exact
使命,しめい,N1,"{""N1"": 2}","{""community-independent"": ""N1"", ""waller-derived"": ""N1""}",openjlpt|waller|wordmaster,community-independent|waller-derived,2,N2,runtime-core,exact
氏名,しめい,N2,"{""N2"": 2}","{""community-independent"": ""N2"", ""waller-derived"": ""N2""}",openjlpt|waller|wordmaster,community-independent|waller-derived,2,N3,runtime-core,exact
締め切り,しめきり,N1,"{""N1"": 1}","{""waller-derived"": ""N1""}",openjlpt|waller,waller-derived,1,N3,runtime-core,exact
占める,しめる,N3,"{""N3"": 2}","{""community-independent"": ""N3"", ""waller-derived"": ""N3""}",openjlpt|waller|wordmaster,community-independent|waller-derived,2,N2,runtime-core,exact
湿る,しめる,N3,"{""N2"": 1, ""N3"": 1}","{""community-independent"": ""N3"", ""waller-derived"": ""N2""}",openjlpt|waller|wordmaster,community-independent|waller-derived,2,N2,runtime-core,exact
締める,しめる,N5,"{""N5"": 2}","{""community-independent"": ""N5"", ""waller-derived"": ""N5""}",openjlpt|waller|wordmaster,community-independent|waller-derived,2,N3,runtime-core,exact
閉める,しめる,N5,"{""N5"": 2}","{""community-independent"": ""N5"", ""waller-derived"": ""N5""}",openjlpt|waller|wordmaster,community-independent|waller-derived,2,N4,runtime-core,exact
霜,しも,N3,"{""N3"": 2}","{""community-independent"": ""N3"", ""waller-derived"": ""N3""}",openjlpt|waller|wordmaster,community-independent|waller-derived,2,N1,runtime-core,exact
社会,しゃかい,N4,"{""N4"": 2}","{""community-independent"": ""N4"", ""waller-derived"": ""N4""}",openjlpt|waller|wordmaster,community-independent|waller-derived,2,N3,runtime-core,exact
社会科学,しゃかいかがく,N2,"{""N2"": 2}","{""community-independent"": ""N2"", ""waller-derived"": ""N2""}",openjlpt|waller|wordmaster,community-independent|waller-derived,2,N1,runtime-core,exact
車庫,しゃこ,N2,"{""N2"": 2}","{""community-independent"": ""N2"", ""waller-derived"": ""N2""}",openjlpt|waller|wordmaster,community-independent|waller-derived,2,N3,runtime-core,exact
しゃっくり,しゃっくり,N2,"{""N2"": 2}","{""community-independent"": ""N2"", ""waller-derived"": ""N2""}",waller|wordmaster,community-independent|waller-derived,2,N3,runtime-core,exact
しゃべる,しゃべる,N3,"{""N3"": 2}","{""community-independent"": ""N3"", ""waller-derived"": ""N3""}",waller|wordmaster,community-independent|waller-derived,2,N4,runtime-core,exact
喋る,しゃべる,N1,"{""N1"": 1}","{""waller-derived"": ""N1""}",openjlpt|waller,waller-derived,1,N3,advanced-bundle,exact
視野,しや,N1,"{""N1"": 2}","{""community-independent"": ""N1"", ""waller-derived"": ""N1""}",openjlpt|waller|wordmaster,community-independent|waller-derived,2,N2,runtime-core,exact
衆,しゅう,N3,"{""N1"": 1, ""N3"": 1}","{""community-independent"": ""N3"", ""waller-derived"": ""N1""}",openjlpt|waller|wordmaster,community-independent|waller-derived,2,N1,advanced-bundle,exact
週,しゅう,N3,"{""N3"": 2}","{""community-independent"": ""N3"", ""waller-derived"": ""N3""}",openjlpt|waller|wordmaster,community-independent|waller-derived,2,N5,runtime-core,exact
周囲,しゅうい,N3,"{""N3"": 2}","{""community-independent"": ""N3"", ""waller-derived"": ""N3""}",openjlpt|waller|wordmaster,community-independent|waller-derived,2,N2,runtime-core,exact
収穫,しゅうかく,N3,"{""N3"": 2}","{""community-independent"": ""N3"", ""waller-derived"": ""N3""}",openjlpt|waller|wordmaster,community-independent|waller-derived,2,N2,runtime-core,exact
習慣,しゅうかん,N4,"{""N4"": 2}","{""community-independent"": ""N4"", ""waller-derived"": ""N4""}",openjlpt|waller|wordmaster,community-independent|waller-derived,2,N3,runtime-core,exact
週間,しゅうかん,N3,"{""N3"": 1}","{""waller-derived"": ""N3""}",openjlpt|waller,waller-derived,1,N5,runtime-core,exact
宗教,しゅうきょう,N3,"{""N3"": 2}","{""community-independent"": ""N3"", ""waller-derived"": ""N3""}",openjlpt|waller|wordmaster,community-independent|waller-derived,2,N1,runtime-core,exact
集合,しゅうごう,N2,"{""N2"": 2}","{""community-independent"": ""N2"", ""waller-derived"": ""N2""}",openjlpt|waller|wordmaster,community-independent|waller-derived,2,N3,runtime-core,exact
収集,しゅうしゅう,N1,"{""N1"": 2}","{""community-independent"": ""N1"", ""waller-derived"": ""N1""}",openjlpt|waller|wordmaster,community-independent|waller-derived,2,N2,runtime-core,exact
修飾,しゅうしょく,N3,"{""N1"": 1, ""N3"": 1}","{""community-independent"": ""N3"", ""waller-derived"": ""N1""}",openjlpt|waller|wordmaster,community-independent|waller-derived,2,N1,runtime-core,exact
修正,しゅうせい,N3,"{""N3"": 2}","{""community-independent"": ""N3"", ""waller-derived"": ""N3""}",openjlpt|waller|wordmaster,community-independent|waller-derived,2,N2,runtime-core,exact
集団,しゅうだん,N3,"{""N3"": 2}","{""community-independent"": ""N3"", ""waller-derived"": ""N3""}",openjlpt|waller|wordmaster,community-independent|waller-derived,2,N2,runtime-core,exact
終点,しゅうてん,N2,"{""N2"": 2}","{""community-independent"": ""N2"", ""waller-derived"": ""N2""}",openjlpt|waller|wordmaster,community-independent|waller-derived,2,N3,runtime-core,exact
就任,しゅうにん,N2,"{""N2"": 2}","{""community-independent"": ""N2"", ""waller-derived"": ""N2""}",openjlpt|waller|wordmaster,community-independent|waller-derived,2,N1,runtime-core,exact
終了,しゅうりょう,N2,"{""N2"": 2}","{""community-independent"": ""N2"", ""waller-derived"": ""N2""}",openjlpt|waller|wordmaster,community-independent|waller-derived,2,N3,runtime-core,exact
主観,しゅかん,N1,"{""N1"": 2}","{""community-independent"": ""N1"", ""waller-derived"": ""N1""}",openjlpt|waller|wordmaster,community-independent|waller-derived,2,N2,runtime-core,exact
主義,しゅぎ,N3,"{""N3"": 2}","{""community-independent"": ""N3"", ""waller-derived"": ""N3""}",openjlpt|waller|wordmaster,community-independent|waller-derived,2,N2,runtime-core,exact
縮小,しゅくしょう,N2,"{""N2"": 2}","{""community-independent"": ""N2"", ""waller-derived"": ""N2""}",openjlpt|waller|wordmaster,community-independent|waller-derived,2,N3,runtime-core,exact
祝日,しゅくじつ,N2,"{""N2"": 2}","{""community-independent"": ""N2"", ""waller-derived"": ""N2""}",openjlpt|waller|wordmaster,community-independent|waller-derived,2,N1,runtime-core,exact
宿泊,しゅくはく,N3,"{""N3"": 2}","{""community-independent"": ""N3"", ""waller-derived"": ""N3""}",openjlpt|waller|wordmaster,community-independent|waller-derived,2,N2,runtime-core,exact
取材,しゅざい,N1,"{""N1"": 2}","{""community-independent"": ""N1"", ""waller-derived"": ""N1""}",openjlpt|waller|wordmaster,community-independent|waller-derived,2,N2,runtime-core,exact
主食,しゅしょく,N1,"{""N1"": 2}","{""community-independent"": ""N1"", ""waller-derived"": ""N1""}",openjlpt|waller|wordmaster,community-independent|waller-derived,2,N2,runtime-core,exact
主人,しゅじん,N2,"{""N2"": 1}","{""community-independent"": ""N2""}",wordmaster,community-independent,1,N3,runtime-core,exact
主人公,しゅじんこう,N1,"{""N1"": 2}","{""community-independent"": ""N1"", ""waller-derived"": ""N1""}",openjlpt|waller|wordmaster,community-independent|waller-derived,2,N2,runtime-core,exact
出勤,しゅっきん,N2,"{""N2"": 2}","{""community-independent"": ""N2"", ""waller-derived"": ""N2""}",openjlpt|waller|wordmaster,community-independent|waller-derived,2,N3,runtime-core,exact
出社,しゅっしゃ,N1,"{""N1"": 2}","{""community-independent"": ""N1"", ""waller-derived"": ""N1""}",openjlpt|waller|wordmaster,community-independent|waller-derived,2,N2,runtime-core,exact
出生,しゅっしょう,N1,"{""N1"": 2}","{""community-independent"": ""N1"", ""waller-derived"": ""N1""}",openjlpt|waller|wordmaster,community-independent|waller-derived,2,N2,runtime-core,exact
出世,しゅっせ,N1,"{""N1"": 2}","{""community-independent"": ""N1"", ""waller-derived"": ""N1""}",openjlpt|waller|wordmaster,community-independent|waller-derived,2,N2,runtime-core,exact
出席,しゅっせき,N4,"{""N4"": 1}","{""waller-derived"": ""N4""}",openjlpt|waller,waller-derived,1,N3,runtime-core,exact
出張,しゅっちょう,N2,"{""N2"": 2}","{""community-independent"": ""N2"", ""waller-derived"": ""N2""}",openjlpt|waller|wordmaster,community-independent|waller-derived,2,N3,runtime-core,exact
出版,しゅっぱん,N3,"{""N3"": 2}","{""community-independent"": ""N3"", ""waller-derived"": ""N3""}",openjlpt|waller|wordmaster,community-independent|waller-derived,2,N2,runtime-core,exact
出演,しゅつえん,N1,"{""N1"": 2}","{""community-independent"": ""N1"", ""waller-derived"": ""N1""}",openjlpt|waller|wordmaster,community-independent|waller-derived,2,N2,runtime-core,exact
出現,しゅつげん,N1,"{""N1"": 1}","{""community-independent"": ""N1""}",wordmaster,community-independent,1,N2,runtime-core,exact
出場,しゅつじょう,N3,"{""N3"": 1}","{""community-independent"": ""N3""}",wordmaster,community-independent,1,N2,runtime-core,exact
趣味,しゅみ,N4,"{""N4"": 2}","{""community-independent"": ""N4"", ""waller-derived"": ""N4""}",openjlpt|waller|wordmaster,community-independent|waller-derived,2,N5,runtime-core,exact
種類,しゅるい,N3,"{""N3"": 2}","{""community-independent"": ""N3"", ""waller-derived"": ""N3""}",openjlpt|waller|wordmaster,community-independent|waller-derived,2,N4,runtime-core,exact
瞬間,しゅんかん,N3,"{""N3"": 2}","{""community-independent"": ""N3"", ""waller-derived"": ""N3""}",openjlpt|waller|wordmaster,community-independent|waller-derived,2,N2,runtime-core,exact
症,しょう,N1,"{""N1"": 1}","{""waller-derived"": ""N1""}",openjlpt|waller,waller-derived,1,N2,runtime-core,exact
賞,しょう,N3,"{""N3"": 2}","{""community-independent"": ""N3"", ""waller-derived"": ""N3""}",openjlpt|waller|wordmaster,community-independent|waller-derived,2,N2,runtime-core,exact
生涯,しょうがい,N3,"{""N3"": 1}","{""community-independent"": ""N3""}",wordmaster,community-independent,1,N1,runtime-core,exact
障害,しょうがい,N3,"{""N3"": 2}","{""community-independent"": ""N3"", ""waller-derived"": ""N3""}",openjlpt|waller|wordmaster,community-independent|waller-derived,2,N2,runtime-core,exact
小学生,しょうがくせい,N2,"{""N2"": 2}","{""community-independent"": ""N2"", ""waller-derived"": ""N2""}",openjlpt|waller|wordmaster,community-independent|waller-derived,2,N5,runtime-core,exact
小学校,しょうがっこう,N4,"{""N4"": 2}","{""community-independent"": ""N4"", ""waller-derived"": ""N4""}",openjlpt|waller|wordmaster,community-independent|waller-derived,2,N5,runtime-core,exact
消極的,しょうきょくてき,N2,"{""N2"": 2}","{""community-independent"": ""N2"", ""waller-derived"": ""N2""}",openjlpt|waller|wordmaster,community-independent|waller-derived,2,N3,runtime-core,exact
商業,しょうぎょう,N2,"{""N2"": 2}","{""community-independent"": ""N2"", ""waller-derived"": ""N2""}",openjlpt|waller|wordmaster,community-independent|waller-derived,2,N3,runtime-core,exact
証拠,しょうこ,N1,"{""N1"": 2}","{""community-independent"": ""N1"", ""waller-derived"": ""N1""}",openjlpt|waller|wordmaster,community-independent|waller-derived,2,N2,runtime-core,exact
詳細,しょうさい,N1,"{""N1"": 2}","{""community-independent"": ""N1"", ""waller-derived"": ""N1""}",openjlpt|waller|wordmaster,community-independent|waller-derived,2,N2,runtime-core,exact
障子,しょうじ,N2,"{""N2"": 2}","{""community-independent"": ""N2"", ""waller-derived"": ""N2""}",openjlpt|waller|wordmaster,community-independent|waller-derived,2,N1,runtime-core,exact
正直,しょうじき,N3,"{""N3"": 2}","{""community-independent"": ""N3"", ""waller-derived"": ""N3""}",openjlpt|waller|wordmaster,community-independent|waller-derived,2,N4,runtime-core,exact
少女,しょうじょ,N3,"{""N3"": 2}","{""community-independent"": ""N3"", ""waller-derived"": ""N3""}",openjlpt|waller|wordmaster,community-independent|waller-derived,2,N4,runtime-core,exact
症状,しょうじょう,N3,"{""N3"": 2}","{""community-independent"": ""N3"", ""waller-derived"": ""N3""}",openjlpt|waller|wordmaster,community-independent|waller-derived,2,N2,runtime-core,exact
生じる,しょうじる,N3,"{""N3"": 2}","{""community-independent"": ""N3"", ""waller-derived"": ""N3""}",openjlpt|waller|wordmaster,community-independent|waller-derived,2,N2,runtime-core,exact
少数,しょうすう,N1,"{""N1"": 1}","{""waller-derived"": ""N1""}",openjlpt|waller,waller-derived,1,N3,runtime-core,exact
招待,しょうたい,N4,"{""N4"": 1}","{""waller-derived"": ""N4""}",openjlpt|waller,waller-derived,1,N3,runtime-core,exact
正体,しょうたい,N3,"{""N3"": 1}","{""community-independent"": ""N3""}",wordmaster,community-independent,1,N2,runtime-core,exact
招待,しょうたいする,N4,"{""N4"": 2}","{""community-independent"": ""N4"", ""waller-derived"": ""N4""}",openjlpt|wordmaster,community-independent|waller-derived,2,N1,advanced-bundle,exact
象徴,しょうちょう,N1,"{""N1"": 2}","{""community-independent"": ""N1"", ""waller-derived"": ""N1""}",openjlpt|waller|wordmaster,community-independent|waller-derived,2,N2,runtime-core,exact
商店,しょうてん,N2,"{""N2"": 2}","{""community-independent"": ""N2"", ""waller-derived"": ""N2""}",openjlpt|waller|wordmaster,community-independent|waller-derived,2,N3,runtime-core,exact
衝突,しょうとつ,N3,"{""N3"": 2}","{""community-independent"": ""N3"", ""waller-derived"": ""N3""}",openjlpt|waller|wordmaster,community-independent|waller-derived,2,N2,runtime-core,exact
小児科,しょうにか,N1,"{""N1"": 2}","{""community-independent"": ""N1"", ""waller-derived"": ""N1""}",openjlpt|waller|wordmaster,community-independent|waller-derived,2,N2,runtime-core,exact
商人,しょうにん,N3,"{""N3"": 2}","{""community-independent"": ""N3"", ""waller-derived"": ""N3""}",openjlpt|waller|wordmaster,community-independent|waller-derived,2,N1,runtime-core,exact
承認,しょうにん,N3,"{""N3"": 2}","{""community-independent"": ""N3"", ""waller-derived"": ""N3""}",openjlpt|waller|wordmaster,community-independent|waller-derived,2,N2,runtime-core,exact
少年,しょうねん,N3,"{""N3"": 2}","{""community-independent"": ""N3"", ""waller-derived"": ""N3""}",openjlpt|waller|wordmaster,community-independent|waller-derived,2,N4,runtime-core,exact
商売,しょうばい,N3,"{""N3"": 2}","{""community-independent"": ""N3"", ""waller-derived"": ""N3""}",openjlpt|waller|wordmaster,community-independent|waller-derived,2,N2,runtime-core,exact
賞品,しょうひん,N3,"{""N2"": 1, ""N3"": 1}","{""community-independent"": ""N3"", ""waller-derived"": ""N2""}",openjlpt|waller|wordmaster,community-independent|waller-derived,2,N1,runtime-core,exact
小便,しょうべん,N2,"{""N2"": 2}","{""community-independent"": ""N2"", ""waller-derived"": ""N2""}",openjlpt|waller|wordmaster,community-independent|waller-derived,2,N1,runtime-core,exact
正味,しょうみ,N2,"{""N2"": 2}","{""community-independent"": ""N2"", ""waller-derived"": ""N2""}",openjlpt|waller|wordmaster,community-independent|waller-derived,2,N1,runtime-core,exact
照明,しょうめい,N3,"{""N1"": 1, ""N3"": 1}","{""community-independent"": ""N3"", ""waller-derived"": ""N1""}",openjlpt|waller|wordmaster,community-independent|waller-derived,2,N2,runtime-core,exact
正面,しょうめん,N2,"{""N2"": 2}","{""community-independent"": ""N2"", ""waller-derived"": ""N2""}",openjlpt|waller|wordmaster,community-independent|waller-derived,2,N3,runtime-core,exact
省略,しょうりゃく,N3,"{""N2"": 1, ""N3"": 1}","{""community-independent"": ""N3"", ""waller-derived"": ""N2""}",openjlpt|waller|wordmaster,community-independent|waller-derived,2,N2,runtime-core,exact
初級,しょきゅう,N2,"{""N2"": 2}","{""community-independent"": ""N2"", ""waller-derived"": ""N2""}",openjlpt|waller|wordmaster,community-independent|waller-derived,2,N3,runtime-core,exact
職,しょく,N3,"{""N3"": 2}","{""community-independent"": ""N3"", ""waller-derived"": ""N3""}",openjlpt|waller|wordmaster,community-independent|waller-derived,2,N2,runtime-core,exact
職員,しょくいん,N1,"{""N1"": 2}","{""community-independent"": ""N1"", ""waller-derived"": ""N1""}",openjlpt|waller|wordmaster,community-independent|waller-derived,2,N2,runtime-core,exact
職業,しょくぎょう,N3,"{""N3"": 2}","{""community-independent"": ""N3"", ""waller-derived"": ""N3""}",openjlpt|waller|wordmaster,community-independent|waller-derived,2,N2,runtime-core,exact
食事,しょくじ,N4,"{""N4"": 1}","{""waller-derived"": ""N4""}",openjlpt|waller,waller-derived,1,N5,runtime-core,exact
食卓,しょくたく,N3,"{""N3"": 2}","{""community-independent"": ""N3"", ""waller-derived"": ""N3""}",openjlpt|waller|wordmaster,community-independent|waller-derived,2,N2,runtime-core,exact
職人,しょくにん,N2,"{""N2"": 2}","{""community-independent"": ""N2"", ""waller-derived"": ""N2""}",openjlpt|waller|wordmaster,community-independent|waller-derived,2,N3,runtime-core,exact
植物,しょくぶつ,N3,"{""N3"": 2}","{""community-independent"": ""N3"", ""waller-derived"": ""N3""}",openjlpt|waller|wordmaster,community-independent|waller-derived,2,N2,runtime-core,exact
食物,しょくもつ,N3,"{""N3"": 2}","{""community-independent"": ""N3"", ""waller-derived"": ""N3""}",openjlpt|waller|wordmaster,community-independent|waller-derived,2,N2,runtime-core,exact
食料,しょくりょう,N3,"{""N3"": 2}","{""community-independent"": ""N3"", ""waller-derived"": ""N3""}",openjlpt|waller|wordmaster,community-independent|waller-derived,2,N4,runtime-core,exact
食糧,しょくりょう,N3,"{""N3"": 2}","{""community-independent"": ""N3"", ""waller-derived"": ""N3""}",openjlpt|waller|wordmaster,community-independent|waller-derived,2,N1,runtime-core,exact
書斎,しょさい,N3,"{""N3"": 2}","{""community-independent"": ""N3"", ""waller-derived"": ""N3""}",openjlpt|waller|wordmaster,community-independent|waller-derived,2,N1,runtime-core,exact
所属,しょぞく,N1,"{""N1"": 2}","{""community-independent"": ""N1"", ""waller-derived"": ""N1""}",openjlpt|waller|wordmaster,community-independent|waller-derived,2,N2,runtime-core,exact
食器,しょっき,N2,"{""N2"": 2}","{""community-independent"": ""N2"", ""waller-derived"": ""N2""}",openjlpt|waller|wordmaster,community-independent|waller-derived,2,N3,runtime-core,exact
ショック,ショック,N3,"{""N1"": 1, ""N3"": 1}","{""community-independent"": ""N3"", ""waller-derived"": ""N1""}",waller|wordmaster,community-independent|waller-derived,2,N2,runtime-core,exact
署名,しょめい,N3,"{""N3"": 2}","{""community-independent"": ""N3"", ""waller-derived"": ""N3""}",openjlpt|waller|wordmaster,community-independent|waller-derived,2,N1,runtime-core,exact
書物,しょもつ,N3,"{""N3"": 2}","{""community-independent"": ""N3"", ""waller-derived"": ""N3""}",openjlpt|waller|wordmaster,community-independent|waller-derived,2,N2,runtime-core,exact
所有,しょゆう,N1,"{""N1"": 1}","{""community-independent"": ""N1""}",wordmaster,community-independent,1,N2,runtime-core,exact
処理,しょり,N3,"{""N3"": 2}","{""community-independent"": ""N3"", ""waller-derived"": ""N3""}",openjlpt|waller|wordmaster,community-independent|waller-derived,2,N2,runtime-core,exact
ショー,ショー,N1,"{""N1"": 2}","{""community-independent"": ""N1"", ""waller-derived"": ""N1""}",waller|wordmaster,community-independent|waller-derived,2,N2,runtime-core,exact
私用,しよう,N3,"{""N1"": 1, ""N3"": 1}","{""community-independent"": ""N3"", ""waller-derived"": ""N1""}",openjlpt|waller|wordmaster,community-independent|waller-derived,2,N1,advanced-bundle,exact
知らせ,しらせ,N3,"{""N3"": 2}","{""community-independent"": ""N3"", ""waller-derived"": ""N3""}",openjlpt|waller|wordmaster,community-independent|waller-derived,2,N4,runtime-core,exact
尻,しり,N3,"{""N3"": 2}","{""community-independent"": ""N3"", ""waller-derived"": ""N3""}",openjlpt|waller|wordmaster,community-independent|waller-derived,2,N1,runtime-core,exact
知り合い,しりあい,N1,"{""N1"": 1}","{""waller-derived"": ""N1""}",openjlpt|waller,waller-derived,1,N3,runtime-core,exact
私立,しりつ,N2,"{""N2"": 2}","{""community-independent"": ""N2"", ""waller-derived"": ""N2""}",openjlpt|waller|wordmaster,community-independent|waller-derived,2,N1,runtime-core,exact
資料,しりょう,N2,"{""N2"": 2}","{""community-independent"": ""N2"", ""waller-derived"": ""N2""}",openjlpt|waller|wordmaster,community-independent|waller-derived,2,N4,runtime-core,exact
汁,しる,N2,"{""N2"": 2}","{""community-independent"": ""N2"", ""waller-derived"": ""N2""}",openjlpt|waller|wordmaster,community-independent|waller-derived,2,N3,runtime-core,exact
印,しるし,N3,"{""N3"": 2}","{""community-independent"": ""N3"", ""waller-derived"": ""N3""}",openjlpt|waller|wordmaster,community-independent|waller-derived,2,N2,runtime-core,exact
記す,しるす,N1,"{""N1"": 2}","{""community-independent"": ""N1"", ""waller-derived"": ""N1""}",openjlpt|waller|wordmaster,community-independent|waller-derived,2,N2,runtime-core,exact
芯,しん,N2,"{""N2"": 2}","{""community-independent"": ""N2"", ""waller-derived"": ""N2""}",openjlpt|waller|wordmaster,community-independent|waller-derived,2,N3,runtime-core,exact
進化,しんか,N1,"{""N1"": 2}","{""community-independent"": ""N1"", ""waller-derived"": ""N1""}",openjlpt|waller|wordmaster,community-independent|waller-derived,2,N2,runtime-core,exact
新幹線,しんかんせん,N2,"{""N2"": 2}","{""community-independent"": ""N2"", ""waller-derived"": ""N2""}",openjlpt|waller|wordmaster,community-independent|waller-derived,2,N4,runtime-core,exact
神経,しんけい,N3,"{""N3"": 2}","{""community-independent"": ""N3"", ""waller-derived"": ""N3""}",openjlpt|waller|wordmaster,community-independent|waller-derived,2,N2,runtime-core,exact
真剣,しんけん,N3,"{""N3"": 2}","{""community-independent"": ""N3"", ""waller-derived"": ""N3""}",openjlpt|waller|wordmaster,community-independent|waller-derived,2,N2,runtime-core,exact
振興,しんこう,N3,"{""N1"": 1, ""N3"": 1}","{""community-independent"": ""N3"", ""waller-derived"": ""N1""}",openjlpt|waller|wordmaster,community-independent|waller-derived,2,N1,runtime-core,exact
新興,しんこう,N3,"{""N1"": 1, ""N3"": 1}","{""community-independent"": ""N3"", ""waller-derived"": ""N1""}",openjlpt|waller|wordmaster,community-independent|waller-derived,2,N1,advanced-bundle,exact
深刻,しんこく,N3,"{""N3"": 2}","{""community-independent"": ""N3"", ""waller-derived"": ""N3""}",openjlpt|waller|wordmaster,community-independent|waller-derived,2,N2,runtime-core,exact
申告,しんこく,N3,"{""N1"": 1, ""N3"": 1}","{""community-independent"": ""N3"", ""waller-derived"": ""N1""}",openjlpt|waller|wordmaster,community-independent|waller-derived,2,N1,advanced-bundle,exact
信号,しんごう,N3,"{""N3"": 2}","{""community-independent"": ""N3"", ""waller-derived"": ""N3""}",openjlpt|waller|wordmaster,community-independent|waller-derived,2,N5,runtime-core,exact
進出,しんしゅつ,N1,"{""N1"": 2}","{""community-independent"": ""N1"", ""waller-derived"": ""N1""}",openjlpt|waller|wordmaster,community-independent|waller-derived,2,N2,runtime-core,exact
信じる,しんじる,N3,"{""N3"": 2}","{""community-independent"": ""N3"", ""waller-derived"": ""N3""}",openjlpt|waller|wordmaster,community-independent|waller-derived,2,N4,runtime-core,exact
新人,しんじん,N1,"{""N1"": 2}","{""community-independent"": ""N1"", ""waller-derived"": ""N1""}",openjlpt|waller|wordmaster,community-independent|waller-derived,2,N2,runtime-core,exact
申請,しんせい,N2,"{""N2"": 2}","{""community-independent"": ""N2"", ""waller-derived"": ""N2""}",openjlpt|waller|wordmaster,community-independent|waller-derived,2,N3,runtime-core,exact
真相,しんそう,N1,"{""N1"": 2}","{""community-independent"": ""N1"", ""waller-derived"": ""N1""}",openjlpt|waller|wordmaster,community-independent|waller-derived,2,N2,runtime-core,exact
身体,しんたい,N3,"{""N3"": 2}","{""community-independent"": ""N3"", ""waller-derived"": ""N3""}",openjlpt|waller|wordmaster,community-independent|waller-derived,2,N2,runtime-core,exact
診断,しんだん,N2,"{""N2"": 2}","{""community-independent"": ""N2"", ""waller-derived"": ""N2""}",openjlpt|waller|wordmaster,community-independent|waller-derived,2,N3,runtime-core,exact
新築,しんちく,N1,"{""N1"": 2}","{""community-independent"": ""N1"", ""waller-derived"": ""N1""}",openjlpt|waller|wordmaster,community-independent|waller-derived,2,N2,runtime-core,exact
振動,しんどう,N1,"{""N1"": 2}","{""community-independent"": ""N1"", ""waller-derived"": ""N1""}",openjlpt|waller|wordmaster,community-independent|waller-derived,2,N2,runtime-core,exact
新入生,しんにゅうせい,N1,"{""N1"": 2}","{""community-independent"": ""N1"", ""waller-derived"": ""N1""}",openjlpt|waller|wordmaster,community-independent|waller-derived,2,N3,runtime-core,exact
審判,しんぱん,N3,"{""N3"": 2}","{""community-independent"": ""N3"", ""waller-derived"": ""N3""}",openjlpt|waller|wordmaster,community-independent|waller-derived,2,N2,runtime-core,exact
信用,しんよう,N3,"{""N3"": 2}","{""community-independent"": ""N3"", ""waller-derived"": ""N3""}",openjlpt|waller|wordmaster,community-independent|waller-derived,2,N4,runtime-core,exact
信頼,しんらい,N3,"{""N3"": 2}","{""community-independent"": ""N3"", ""waller-derived"": ""N3""}",openjlpt|waller|wordmaster,community-independent|waller-derived,2,N2,runtime-core,exact
心理,しんり,N3,"{""N3"": 2}","{""community-independent"": ""N3"", ""waller-derived"": ""N3""}",openjlpt|waller|wordmaster,community-independent|waller-derived,2,N2,runtime-core,exact
真理,しんり,N3,"{""N1"": 1, ""N3"": 1}","{""community-independent"": ""N3"", ""waller-derived"": ""N1""}",openjlpt|waller|wordmaster,community-independent|waller-derived,2,N1,advanced-bundle,exact
森林,しんりん,N2,"{""N2"": 2}","{""community-independent"": ""N2"", ""waller-derived"": ""N2""}",openjlpt|waller|wordmaster,community-independent|waller-derived,2,N3,runtime-core,exact
シーズン,シーズン,N2,"{""N2"": 2}","{""community-independent"": ""N2"", ""waller-derived"": ""N2""}",waller|wordmaster,community-independent|waller-derived,2,N4,runtime-core,exact
シーツ,シーツ,N2,"{""N2"": 2}","{""community-independent"": ""N2"", ""waller-derived"": ""N2""}",waller|wordmaster,community-independent|waller-derived,2,N3,runtime-core,exact
シート,シート,N1,"{""N1"": 2}","{""community-independent"": ""N1"", ""waller-derived"": ""N1""}",waller|wordmaster,community-independent|waller-derived,2,N2,runtime-core,exact
しーん,しーん,N1,"{""N1"": 1}","{""waller-derived"": ""N1""}",waller,waller-derived,1,N2,advanced-bundle,exact
寺院,じいん,N2,"{""N2"": 2}","{""community-independent"": ""N2"", ""waller-derived"": ""N2""}",openjlpt|waller|wordmaster,community-independent|waller-derived,2,N1,runtime-core,exact
自覚,じかく,N1,"{""N1"": 2}","{""community-independent"": ""N1"", ""waller-derived"": ""N1""}",openjlpt|waller|wordmaster,community-independent|waller-derived,2,N2,runtime-core,exact
時間割,じかんわり,N2,"{""N2"": 2}","{""community-independent"": ""N2"", ""waller-derived"": ""N2""}",openjlpt|waller|wordmaster,community-independent|waller-derived,2,N4,runtime-core,exact
自我,じが,N1,"{""N1"": 2}","{""community-independent"": ""N1"", ""waller-derived"": ""N1""}",openjlpt|waller|wordmaster,community-independent|waller-derived,2,N2,runtime-core,exact
磁器,じき,N3,"{""N1"": 1, ""N3"": 1}","{""community-independent"": ""N3"", ""waller-derived"": ""N1""}",openjlpt|waller|wordmaster,community-independent|waller-derived,2,N1,advanced-bundle,exact
磁気,じき,N3,"{""N1"": 1, ""N3"": 1}","{""community-independent"": ""N3"", ""waller-derived"": ""N1""}",openjlpt|waller|wordmaster,community-independent|waller-derived,2,N1,advanced-bundle,exact
事業,じぎょう,N1,"{""N1"": 2}","{""community-independent"": ""N1"", ""waller-derived"": ""N1""}",openjlpt|waller|wordmaster,community-independent|waller-derived,2,N2,runtime-core,exact
事件,じけん,N3,"{""N3"": 2}","{""community-independent"": ""N3"", ""waller-derived"": ""N3""}",openjlpt|waller|wordmaster,community-independent|waller-derived,2,N4,runtime-core,exact
事故,じこ,N4,"{""N4"": 2}","{""community-independent"": ""N4"", ""waller-derived"": ""N4""}",openjlpt|waller|wordmaster,community-independent|waller-derived,2,N3,runtime-core,exact
時刻表,じこくひょう,N1,"{""N1"": 2}","{""community-independent"": ""N1"", ""waller-derived"": ""N1""}",openjlpt|waller|wordmaster,community-independent|waller-derived,2,N3,runtime-core,exact
時差,じさ,N1,"{""N1"": 2}","{""community-independent"": ""N1"", ""waller-derived"": ""N1""}",openjlpt|waller|wordmaster,community-independent|waller-derived,2,N3,runtime-core,exact
持参,じさん,N2,"{""N2"": 2}","{""community-independent"": ""N2"", ""waller-derived"": ""N2""}",openjlpt|waller|wordmaster,community-independent|waller-derived,2,N3,runtime-core,exact
自主,じしゅ,N1,"{""N1"": 2}","{""community-independent"": ""N1"", ""waller-derived"": ""N1""}",openjlpt|waller|wordmaster,community-independent|waller-derived,2,N2,runtime-core,exact
地震,じしん,N4,"{""N4"": 2}","{""community-independent"": ""N4"", ""waller-derived"": ""N4""}",openjlpt|waller|wordmaster,community-independent|waller-derived,2,N2,runtime-core,exact
自信,じしん,N1,"{""N1"": 1}","{""waller-derived"": ""N1""}",openjlpt|waller,waller-derived,1,N4,runtime-core,exact
自身,じしん,N3,"{""N3"": 2}","{""community-independent"": ""N3"", ""waller-derived"": ""N3""}",openjlpt|waller|wordmaster,community-independent|waller-derived,2,N4,runtime-core,exact
事実,じじつ,N3,"{""N3"": 2}","{""community-independent"": ""N3"", ""waller-derived"": ""N3""}",openjlpt|waller|wordmaster,community-independent|waller-derived,2,N2,runtime-core,exact
事前,じぜん,N1,"{""N1"": 2}","{""community-independent"": ""N1"", ""waller-derived"": ""N1""}",openjlpt|waller|wordmaster,community-independent|waller-derived,2,N2,runtime-core,exact
時速,じそく,N2,"{""N2"": 2}","{""community-independent"": ""N2"", ""waller-derived"": ""N2""}",openjlpt|waller|wordmaster,community-independent|waller-derived,2,N1,runtime-core,exact
持続,じぞく,N1,"{""N1"": 2}","{""community-independent"": ""N1"", ""waller-derived"": ""N1""}",openjlpt|waller|wordmaster,community-independent|waller-derived,2,N2,runtime-core,exact
事態,じたい,N3,"{""N3"": 1}","{""waller-derived"": ""N3""}",openjlpt|waller,waller-derived,1,N2,runtime-core,exact
字体,じたい,N3,"{""N1"": 1, ""N3"": 1}","{""community-independent"": ""N3"", ""waller-derived"": ""N1""}",openjlpt|waller|wordmaster,community-independent|waller-derived,2,N1,runtime-core,exact
辞退,じたい,N3,"{""N1"": 1, ""N3"": 1}","{""community-independent"": ""N3"", ""waller-derived"": ""N1""}",openjlpt|waller|wordmaster,community-independent|waller-derived,2,N2,runtime-core,exact
自宅,じたく,N2,"{""N2"": 1}","{""community-independent"": ""N2""}",wordmaster,community-independent,1,N3,runtime-core,exact
実家,じっか,N1,"{""N1"": 1}","{""community-independent"": ""N1""}",wordmaster,community-independent,1,N3,runtime-core,exact
じっくり,じっくり,N1,"{""N1"": 2}","{""community-independent"": ""N1"", ""waller-derived"": ""N1""}",waller|wordmaster,community-independent|waller-derived,2,N2,runtime-core,exact
実施,じっし,N3,"{""N3"": 2}","{""community-independent"": ""N3"", ""waller-derived"": ""N3""}",openjlpt|waller|wordmaster,community-independent|waller-derived,2,N2,runtime-core,exact
実質,じっしつ,N1,"{""N1"": 1}","{""waller-derived"": ""N1""}",openjlpt|waller,waller-derived,1,N2,runtime-core,exact
実習,じっしゅう,N2,"{""N2"": 2}","{""community-independent"": ""N2"", ""waller-derived"": ""N2""}",openjlpt|waller|wordmaster,community-independent|waller-derived,2,N3,runtime-core,exact
実践,じっせん,N1,"{""N1"": 2}","{""community-independent"": ""N1"", ""waller-derived"": ""N1""}",openjlpt|waller|wordmaster,community-independent|waller-derived,2,N2,runtime-core,exact
実態,じったい,N1,"{""N1"": 2}","{""community-independent"": ""N1"", ""waller-derived"": ""N1""}",openjlpt|waller|wordmaster,community-independent|waller-derived,2,N2,runtime-core,exact
じっと,じっと,N3,"{""N3"": 2}","{""community-independent"": ""N3"", ""waller-derived"": ""N3""}",waller|wordmaster,community-independent|waller-derived,2,N2,runtime-core,exact
実現,じつげん,N3,"{""N3"": 2}","{""community-independent"": ""N3"", ""waller-derived"": ""N3""}",openjlpt|waller|wordmaster,community-independent|waller-derived,2,N2,runtime-core,exact
実は,じつは,N3,"{""N3"": 2}","{""community-independent"": ""N3"", ""waller-derived"": ""N3""}",openjlpt|waller|wordmaster,community-independent|waller-derived,2,N4,runtime-core,exact
実物,じつぶつ,N2,"{""N2"": 2}","{""community-independent"": ""N2"", ""waller-derived"": ""N2""}",openjlpt|waller|wordmaster,community-independent|waller-derived,2,N3,runtime-core,exact
実用,じつよう,N2,"{""N2"": 2}","{""community-independent"": ""N2"", ""waller-derived"": ""N2""}",openjlpt|waller|wordmaster,community-independent|waller-derived,2,N3,runtime-core,exact
実例,じつれい,N2,"{""N2"": 2}","{""community-independent"": ""N2"", ""waller-derived"": ""N2""}",openjlpt|waller|wordmaster,community-independent|waller-derived,2,N1,runtime-core,exact
辞典,じてん,N4,"{""N4"": 2}","{""community-independent"": ""N4"", ""waller-derived"": ""N4""}",openjlpt|waller|wordmaster,community-independent|waller-derived,2,N2,runtime-core,exact
児童,じどう,N3,"{""N2"": 1, ""N3"": 1}","{""community-independent"": ""N3"", ""waller-derived"": ""N2""}",openjlpt|waller|wordmaster,community-independent|waller-derived,2,N2,runtime-core,exact
自動,じどう,N3,"{""N3"": 2}","{""community-independent"": ""N3"", ""waller-derived"": ""N3""}",openjlpt|waller|wordmaster,community-independent|waller-derived,2,N4,runtime-core,exact
自動車,じどうしゃ,N5,"{""N5"": 2}","{""community-independent"": ""N5"", ""waller-derived"": ""N5""}",openjlpt|waller|wordmaster,community-independent|waller-derived,2,N3,runtime-core,exact
地盤,じばん,N2,"{""N2"": 2}","{""community-independent"": ""N2"", ""waller-derived"": ""N2""}",openjlpt|waller|wordmaster,community-independent|waller-derived,2,N1,runtime-core,exact
地面,じめん,N2,"{""N2"": 1}","{""community-independent"": ""N2""}",wordmaster,community-independent,1,N3,runtime-core,exact
地元,じもと,N1,"{""N1"": 2}","{""community-independent"": ""N1"", ""waller-derived"": ""N1""}",openjlpt|waller|wordmaster,community-independent|waller-derived,2,N2,runtime-core,exact
弱,じゃく,N1,"{""N1"": 2}","{""community-independent"": ""N1"", ""waller-derived"": ""N1""}",openjlpt|waller|wordmaster,community-independent|waller-derived,2,N2,runtime-core,exact
ジャズ,ジャズ,N1,"{""N1"": 2}","{""community-independent"": ""N1"", ""waller-derived"": ""N1""}",waller|wordmaster,community-independent|waller-derived,2,N3,runtime-core,exact
邪魔,じゃま,N4,"{""N3"": 1, ""N4"": 1}","{""community-independent"": ""N4"", ""waller-derived"": ""N3""}",openjlpt|waller|wordmaster,community-independent|waller-derived,2,N3,runtime-core,exact
ジャンル,ジャンル,N1,"{""N1"": 2}","{""community-independent"": ""N1"", ""waller-derived"": ""N1""}",waller|wordmaster,community-independent|waller-derived,2,N2,runtime-core,exact
ジャーナリスト,ジャーナリスト,N2,"{""N2"": 2}","{""community-independent"": ""N2"", ""waller-derived"": ""N2""}",waller|wordmaster,community-independent|waller-derived,2,N1,runtime-core,exact
住居,じゅうきょ,N2,"{""N2"": 1}","{""waller-derived"": ""N2""}",openjlpt|waller,waller-derived,1,N1,runtime-core,exact
従業員,じゅうぎょういん,N1,"{""N1"": 2}","{""community-independent"": ""N1"", ""waller-derived"": ""N1""}",openjlpt|waller|wordmaster,community-independent|waller-derived,2,N2,runtime-core,exact
重視,じゅうし,N3,"{""N3"": 2}","{""community-independent"": ""N3"", ""waller-derived"": ""N3""}",openjlpt|waller|wordmaster,community-independent|waller-derived,2,N2,runtime-core,exact
従事,じゅうじ,N1,"{""N1"": 2}","{""community-independent"": ""N1"", ""waller-derived"": ""N1""}",openjlpt|waller|wordmaster,community-independent|waller-derived,2,N2,runtime-core,exact
充実,じゅうじつ,N1,"{""N1"": 2}","{""community-independent"": ""N1"", ""waller-derived"": ""N1""}",openjlpt|waller|wordmaster,community-independent|waller-derived,2,N2,runtime-core,exact
重体,じゅうたい,N3,"{""N2"": 1, ""N3"": 1}","{""community-independent"": ""N3"", ""waller-derived"": ""N2""}",openjlpt|waller|wordmaster,community-independent|waller-derived,2,N2,advanced-bundle,exact
住宅,じゅうたく,N3,"{""N3"": 2}","{""community-independent"": ""N3"", ""waller-derived"": ""N3""}",openjlpt|waller|wordmaster,community-independent|waller-derived,2,N2,runtime-core,exact
柔道,じゅうどう,N4,"{""N4"": 2}","{""community-independent"": ""N4"", ""waller-derived"": ""N4""}",openjlpt|waller|wordmaster,community-independent|waller-derived,2,N3,runtime-core,exact
柔軟,じゅうなん,N1,"{""N1"": 2}","{""community-independent"": ""N1"", ""waller-derived"": ""N1""}",openjlpt|waller|wordmaster,community-independent|waller-derived,2,N2,runtime-core,exact
十分,じゅうぶん,N4,"{""N4"": 2}","{""community-independent"": ""N4"", ""waller-derived"": ""N4""}",openjlpt|waller|wordmaster,community-independent|waller-derived,2,N5,runtime-core,exact
住民,じゅうみん,N3,"{""N3"": 2}","{""community-independent"": ""N3"", ""waller-derived"": ""N3""}",openjlpt|waller|wordmaster,community-independent|waller-derived,2,N2,runtime-core,exact
従来,じゅうらい,N1,"{""N1"": 2}","{""community-independent"": ""N1"", ""waller-derived"": ""N1""}",openjlpt|waller|wordmaster,community-independent|waller-derived,2,N2,runtime-core,exact
塾,じゅく,N1,"{""N1"": 2}","{""community-independent"": ""N1"", ""waller-derived"": ""N1""}",openjlpt|waller|wordmaster,community-independent|waller-derived,2,N3,runtime-core,exact
受験,じゅけん,N2,"{""N2"": 2}","{""community-independent"": ""N2"", ""waller-derived"": ""N2""}",openjlpt|waller|wordmaster,community-independent|waller-derived,2,N3,runtime-core,exact
需要,じゅよう,N3,"{""N3"": 2}","{""community-independent"": ""N3"", ""waller-derived"": ""N3""}",openjlpt|waller|wordmaster,community-independent|waller-derived,2,N2,runtime-core,exact
順,じゅん,N3,"{""N3"": 2}","{""community-independent"": ""N3"", ""waller-derived"": ""N3""}",openjlpt|waller|wordmaster,community-independent|waller-derived,2,N2,runtime-core,exact
純粋,じゅんすい,N2,"{""N2"": 2}","{""community-independent"": ""N2"", ""waller-derived"": ""N2""}",openjlpt|waller|wordmaster,community-independent|waller-derived,2,N1,runtime-core,exact
順調,じゅんちょう,N3,"{""N3"": 2}","{""community-independent"": ""N3"", ""waller-derived"": ""N3""}",openjlpt|waller|wordmaster,community-independent|waller-derived,2,N2,runtime-core,exact
ジュース,ジュース,N3,"{""N3"": 2}","{""community-independent"": ""N3"", ""waller-derived"": ""N3""}",waller|wordmaster,community-independent|waller-derived,2,N5,runtime-core,exact
情,じょう,N3,"{""N1"": 1, ""N3"": 1}","{""community-independent"": ""N3"", ""waller-derived"": ""N1""}",openjlpt|waller|wordmaster,community-independent|waller-derived,2,N2,runtime-core,exact
上位,じょうい,N1,"{""N1"": 2}","{""community-independent"": ""N1"", ""waller-derived"": ""N1""}",openjlpt|waller|wordmaster,community-independent|waller-derived,2,N2,runtime-core,exact
蒸気,じょうき,N2,"{""N2"": 2}","{""community-independent"": ""N2"", ""waller-derived"": ""N2""}",openjlpt|waller|wordmaster,community-independent|waller-derived,2,N1,runtime-core,exact
乗客,じょうきゃく,N3,"{""N3"": 2}","{""community-independent"": ""N3"", ""waller-derived"": ""N3""}",openjlpt|waller|wordmaster,community-independent|waller-derived,2,N2,runtime-core,exact
上級,じょうきゅう,N2,"{""N2"": 2}","{""community-independent"": ""N2"", ""waller-derived"": ""N2""}",openjlpt|waller|wordmaster,community-independent|waller-derived,2,N3,runtime-core,exact
状況,じょうきょう,N3,"{""N3"": 2}","{""community-independent"": ""N3"", ""waller-derived"": ""N3""}",openjlpt|waller|wordmaster,community-independent|waller-derived,2,N2,runtime-core,exact
定規,じょうぎ,N2,"{""N2"": 2}","{""community-independent"": ""N2"", ""waller-derived"": ""N2""}",openjlpt|waller|wordmaster,community-independent|waller-derived,2,N1,runtime-core,exact
上空,じょうくう,N1,"{""N1"": 2}","{""community-independent"": ""N1"", ""waller-derived"": ""N1""}",openjlpt|waller|wordmaster,community-independent|waller-derived,2,N3,runtime-core,exact
条件,じょうけん,N3,"{""N3"": 2}","{""community-independent"": ""N3"", ""waller-derived"": ""N3""}",openjlpt|waller|wordmaster,community-independent|waller-derived,2,N2,runtime-core,exact
上下,じょうげ,N2,"{""N2"": 2}","{""community-independent"": ""N2"", ""waller-derived"": ""N2""}",openjlpt|waller|wordmaster,community-independent|waller-derived,2,N3,runtime-core,exact
常識,じょうしき,N3,"{""N3"": 2}","{""community-independent"": ""N3"", ""waller-derived"": ""N3""}",openjlpt|waller|wordmaster,community-independent|waller-derived,2,N2,runtime-core,exact
乗車,じょうしゃ,N2,"{""N2"": 2}","{""community-independent"": ""N2"", ""waller-derived"": ""N2""}",openjlpt|waller|wordmaster,community-independent|waller-derived,2,N3,runtime-core,exact
上昇,じょうしょう,N1,"{""N1"": 2}","{""community-independent"": ""N1"", ""waller-derived"": ""N1""}",openjlpt|waller|wordmaster,community-independent|waller-derived,2,N2,runtime-core,exact
上旬,じょうじゅん,N2,"{""N2"": 2}","{""community-independent"": ""N2"", ""waller-derived"": ""N2""}",openjlpt|waller|wordmaster,community-independent|waller-derived,2,N1,runtime-core,exact
状態,じょうたい,N3,"{""N3"": 2}","{""community-independent"": ""N3"", ""waller-derived"": ""N3""}",openjlpt|waller|wordmaster,community-independent|waller-derived,2,N4,runtime-core,exact
上達,じょうたつ,N3,"{""N3"": 2}","{""community-independent"": ""N3"", ""waller-derived"": ""N3""}",openjlpt|waller|wordmaster,community-independent|waller-derived,2,N2,runtime-core,exact
冗談,じょうだん,N3,"{""N3"": 2}","{""community-independent"": ""N3"", ""waller-derived"": ""N3""}",openjlpt|waller|wordmaster,community-independent|waller-derived,2,N4,runtime-core,exact
上等,じょうとう,N3,"{""N3"": 2}","{""community-independent"": ""N3"", ""waller-derived"": ""N3""}",openjlpt|waller|wordmaster,community-independent|waller-derived,2,N2,runtime-core,exact
上品,じょうひん,N2,"{""N2"": 1}","{""community-independent"": ""N2""}",wordmaster,community-independent,1,N3,runtime-core,exact
丈夫,じょうぶ,N5,"{""N5"": 2}","{""community-independent"": ""N5"", ""waller-derived"": ""N5""}",openjlpt|waller|wordmaster,community-independent|waller-derived,2,N3,runtime-core,exact
情報,じょうほう,N3,"{""N3"": 2}","{""community-independent"": ""N3"", ""waller-derived"": ""N3""}",openjlpt|waller|wordmaster,community-independent|waller-derived,2,N4,runtime-core,exact
助詞,じょし,N3,"{""N1"": 1, ""N3"": 1}","{""community-independent"": ""N3"", ""waller-derived"": ""N1""}",openjlpt|waller|wordmaster,community-independent|waller-derived,2,N1,advanced-bundle,exact
助手,じょしゅ,N3,"{""N3"": 2}","{""community-independent"": ""N3"", ""waller-derived"": ""N3""}",openjlpt|waller|wordmaster,community-independent|waller-derived,2,N2,runtime-core,exact
徐々に,じょじょに,N3,"{""N3"": 2}","{""community-independent"": ""N3"", ""waller-derived"": ""N3""}",openjlpt|waller|wordmaster,community-independent|waller-derived,2,N2,runtime-core,exact
女性,じょせい,N4,"{""N4"": 2}","{""community-independent"": ""N4"", ""waller-derived"": ""N4""}",openjlpt|waller|wordmaster,community-independent|waller-derived,2,N5,runtime-core,exact
女優,じょゆう,N3,"{""N3"": 2}","{""community-independent"": ""N3"", ""waller-derived"": ""N3""}",openjlpt|waller|wordmaster,community-independent|waller-derived,2,N1,runtime-core,exact
人材,じんざい,N1,"{""N1"": 2}","{""community-independent"": ""N1"", ""waller-derived"": ""N1""}",openjlpt|waller|wordmaster,community-independent|waller-derived,2,N2,runtime-core,exact
人種,じんしゅ,N3,"{""N3"": 2}","{""community-independent"": ""N3"", ""waller-derived"": ""N3""}",openjlpt|waller|wordmaster,community-independent|waller-derived,2,N1,runtime-core,exact
人事,じんじ,N2,"{""N2"": 1}","{""community-independent"": ""N2""}",wordmaster,community-independent,1,N1,runtime-core,exact
人体,じんたい,N1,"{""N1"": 2}","{""community-independent"": ""N1"", ""waller-derived"": ""N1""}",openjlpt|waller|wordmaster,community-independent|waller-derived,2,N3,runtime-core,exact
人物,じんぶつ,N3,"{""N3"": 2}","{""community-independent"": ""N3"", ""waller-derived"": ""N3""}",openjlpt|waller|wordmaster,community-independent|waller-derived,2,N2,runtime-core,exact
人類,じんるい,N3,"{""N3"": 2}","{""community-independent"": ""N3"", ""waller-derived"": ""N3""}",openjlpt|waller|wordmaster,community-independent|waller-derived,2,N2,runtime-core,exact
巣,す,N3,"{""N3"": 2}","{""community-independent"": ""N3"", ""waller-derived"": ""N3""}",openjlpt|waller|wordmaster,community-independent|waller-derived,2,N2,runtime-core,exact
水準,すいじゅん,N3,"{""N3"": 2}","{""community-independent"": ""N3"", ""waller-derived"": ""N3""}",openjlpt|waller|wordmaster,community-independent|waller-derived,2,N2,runtime-core,exact
水蒸気,すいじょうき,N2,"{""N2"": 2}","{""community-independent"": ""N2"", ""waller-derived"": ""N2""}",openjlpt|waller|wordmaster,community-independent|waller-derived,2,N1,runtime-core,exact
推薦,すいせん,N3,"{""N3"": 2}","{""community-independent"": ""N3"", ""waller-derived"": ""N3""}",openjlpt|waller|wordmaster,community-independent|waller-derived,2,N2,runtime-core,exact
推測,すいそく,N1,"{""N1"": 2}","{""community-independent"": ""N1"", ""waller-derived"": ""N1""}",openjlpt|waller|wordmaster,community-independent|waller-derived,2,N2,runtime-core,exact
スイッチ,スイッチ,N3,"{""N3"": 2}","{""community-independent"": ""N3"", ""waller-derived"": ""N3""}",waller|wordmaster,community-independent|waller-derived,2,N4,runtime-core,exact
推定,すいてい,N2,"{""N2"": 2}","{""community-independent"": ""N2"", ""waller-derived"": ""N2""}",openjlpt|waller|wordmaster,community-independent|waller-derived,2,N1,runtime-core,exact
水筒,すいとう,N2,"{""N2"": 2}","{""community-independent"": ""N2"", ""waller-derived"": ""N2""}",openjlpt|waller|wordmaster,community-independent|waller-derived,2,N3,runtime-core,exact
水道,すいどう,N4,"{""N4"": 2}","{""community-independent"": ""N4"", ""waller-derived"": ""N4""}",openjlpt|waller|wordmaster,community-independent|waller-derived,2,N3,runtime-core,exact
水平,すいへい,N2,"{""N2"": 2}","{""community-independent"": ""N2"", ""waller-derived"": ""N2""}",openjlpt|waller|wordmaster,community-independent|waller-derived,2,N1,runtime-core,exact
水平線,すいへいせん,N2,"{""N2"": 2}","{""community-independent"": ""N2"", ""waller-derived"": ""N2""}",openjlpt|waller|wordmaster,community-independent|waller-derived,2,N1,runtime-core,exact
睡眠,すいみん,N3,"{""N3"": 2}","{""community-independent"": ""N3"", ""waller-derived"": ""N3""}",openjlpt|waller|wordmaster,community-independent|waller-derived,2,N2,runtime-core,exact
吸う,すう,N5,"{""N5"": 2}","{""community-independent"": ""N5"", ""waller-derived"": ""N5""}",openjlpt|waller|wordmaster,community-independent|waller-derived,2,N4,runtime-core,exact
数学,すうがく,N4,"{""N4"": 2}","{""community-independent"": ""N4"", ""waller-derived"": ""N4""}",openjlpt|waller|wordmaster,community-independent|waller-derived,2,N3,runtime-core,exact
末,すえ,N3,"{""N3"": 2}","{""community-independent"": ""N3"", ""waller-derived"": ""N3""}",openjlpt|waller|wordmaster,community-independent|waller-derived,2,N2,runtime-core,exact
姿,すがた,N3,"{""N3"": 2}","{""community-independent"": ""N3"", ""waller-derived"": ""N3""}",openjlpt|waller|wordmaster,community-independent|waller-derived,2,N2,runtime-core,exact
隙,すき,N2,"{""N2"": 1}","{""community-independent"": ""N2""}",wordmaster,community-independent,1,N1,runtime-core,exact
スキー,スキー,N3,"{""N3"": 2}","{""community-independent"": ""N3"", ""waller-derived"": ""N3""}",waller|wordmaster,community-independent|waller-derived,2,N5,runtime-core,exact
杉,すぎ,N2,"{""N2"": 2}","{""community-independent"": ""N2"", ""waller-derived"": ""N2""}",openjlpt|waller|wordmaster,community-independent|waller-derived,2,N1,runtime-core,exact
救う,すくう,N3,"{""N3"": 2}","{""community-independent"": ""N3"", ""waller-derived"": ""N3""}",openjlpt|waller|wordmaster,community-independent|waller-derived,2,N2,runtime-core,exact
少なくとも,すくなくとも,N1,"{""N1"": 1}","{""waller-derived"": ""N1""}",openjlpt|waller,waller-derived,1,N2,runtime-core,exact
スクリーン,スクリーン,N4,"{""N4"": 2}","{""community-independent"": ""N4"", ""waller-derived"": ""N4""}",waller|wordmaster,community-independent|waller-derived,2,N2,runtime-core,exact
優れる,すぐれる,N3,"{""N3"": 2}","{""community-independent"": ""N3"", ""waller-derived"": ""N3""}",openjlpt|waller|wordmaster,community-independent|waller-derived,2,N2,runtime-core,exact
スケート,スケート,N3,"{""N3"": 2}","{""community-independent"": ""N3"", ""waller-derived"": ""N3""}",waller|wordmaster,community-independent|waller-derived,2,N2,runtime-core,exact
すごい,すごい,N3,"{""N3"": 1}","{""waller-derived"": ""N3""}",waller,waller-derived,1,N5,runtime-core,exact
過ごす,すごす,N3,"{""N3"": 2}","{""community-independent"": ""N3"", ""waller-derived"": ""N3""}",openjlpt|waller|wordmaster,community-independent|waller-derived,2,N4,runtime-core,exact
筋,すじ,N3,"{""N3"": 2}","{""community-independent"": ""N3"", ""waller-derived"": ""N3""}",openjlpt|waller|wordmaster,community-independent|waller-derived,2,N2,runtime-core,exact
進み,すすみ,N1,"{""N1"": 2}","{""community-independent"": ""N1"", ""waller-derived"": ""N1""}",openjlpt|waller|wordmaster,community-independent|waller-derived,2,N3,runtime-core,exact
勧め,すすめ,N1,"{""N1"": 1}","{""waller-derived"": ""N1""}",openjlpt|waller,waller-derived,1,N2,runtime-core,exact
進める,すすめる,N3,"{""N3"": 2}","{""community-independent"": ""N3"", ""waller-derived"": ""N3""}",openjlpt|waller|wordmaster,community-independent|waller-derived,2,N4,runtime-core,exact
涼しい,すずしい,N5,"{""N5"": 2}","{""community-independent"": ""N5"", ""waller-derived"": ""N5""}",openjlpt|waller|wordmaster,community-independent|waller-derived,2,N4,runtime-core,exact
裾,すそ,N1,"{""N1"": 2}","{""community-independent"": ""N1"", ""waller-derived"": ""N1""}",openjlpt|waller|wordmaster,community-independent|waller-derived,2,N2,runtime-core,exact
スタイル,スタイル,N3,"{""N3"": 2}","{""community-independent"": ""N3"", ""waller-derived"": ""N3""}",waller|wordmaster,community-independent|waller-derived,2,N2,runtime-core,exact
スタート,スタート,N2,"{""N2"": 2}","{""community-independent"": ""N2"", ""waller-derived"": ""N2""}",waller|wordmaster,community-independent|waller-derived,2,N3,runtime-core,exact
すっと,すっと,N4,"{""N4"": 2}","{""community-independent"": ""N4"", ""waller-derived"": ""N4""}",waller|wordmaster,community-independent|waller-derived,2,N1,runtime-core,exact
すっぱい,すっぱい,N3,"{""N2"": 1, ""N3"": 1}","{""community-independent"": ""N3"", ""waller-derived"": ""N2""}",waller|wordmaster,community-independent|waller-derived,2,N1,advanced-bundle,exact
酸っぱい,すっぱい,N1,"{""N1"": 1}","{""waller-derived"": ""N1""}",openjlpt|waller,waller-derived,1,N3,runtime-core,exact
素敵,すてき,N1,"{""N1"": 1}","{""waller-derived"": ""N1""}",openjlpt|waller,waller-derived,1,N3,runtime-core,exact
ステーキ,ステーキ,N4,"{""N4"": 2}","{""community-independent"": ""N4"", ""waller-derived"": ""N4""}",waller|wordmaster,community-independent|waller-derived,2,N3,runtime-core,exact
ストップ,ストップ,N2,"{""N2"": 2}","{""community-independent"": ""N2"", ""waller-derived"": ""N2""}",waller|wordmaster,community-independent|waller-derived,2,N3,runtime-core,exact
ストライキ,ストライキ,N1,"{""N1"": 2}","{""community-independent"": ""N1"", ""waller-derived"": ""N1""}",waller|wordmaster,community-independent|waller-derived,2,N2,runtime-core,exact
砂,すな,N4,"{""N4"": 2}","{""community-independent"": ""N4"", ""waller-derived"": ""N4""}",openjlpt|waller|wordmaster,community-independent|waller-derived,2,N3,runtime-core,exact
すなわち,すなわち,N3,"{""N3"": 2}","{""community-independent"": ""N3"", ""waller-derived"": ""N3""}",waller|wordmaster,community-independent|waller-derived,2,N2,runtime-core,exact
即ち,すなわち,N1,"{""N1"": 1}","{""waller-derived"": ""N1""}",openjlpt|waller,waller-derived,1,N3,advanced-bundle,exact
すばらしい,すばらしい,N4,"{""N4"": 1}","{""waller-derived"": ""N4""}",waller,waller-derived,1,N3,runtime-core,exact
スピーカー,スピーカー,N2,"{""N2"": 2}","{""community-independent"": ""N2"", ""waller-derived"": ""N2""}",waller|wordmaster,community-independent|waller-derived,2,N3,runtime-core,exact
スピード,スピード,N1,"{""N1"": 1}","{""waller-derived"": ""N1""}",waller,waller-derived,1,N3,runtime-core,exact
スプーン,スプーン,N5,"{""N5"": 2}","{""community-independent"": ""N5"", ""waller-derived"": ""N5""}",waller|wordmaster,community-independent|waller-derived,2,N3,runtime-core,exact
全て,すべて,N3,"{""N3"": 2}","{""community-independent"": ""N3"", ""waller-derived"": ""N3""}",openjlpt|waller|wordmaster,community-independent|waller-derived,2,N4,runtime-core,exact
滑る,すべる,N4,"{""N4"": 2}","{""community-independent"": ""N4"", ""waller-derived"": ""N4""}",openjlpt|waller|wordmaster,community-independent|waller-derived,2,N3,runtime-core,exact
スペース,スペース,N1,"{""N1"": 2}","{""community-independent"": ""N1"", ""waller-derived"": ""N1""}",waller|wordmaster,community-independent|waller-derived,2,N2,runtime-core,exact
済ます,すます,N1,"{""N1"": 2}","{""community-independent"": ""N1"", ""waller-derived"": ""N1""}",openjlpt|waller|wordmaster,community-independent|waller-derived,2,N2,runtime-core,exact
済ませる,すませる,N3,"{""N3"": 2}","{""community-independent"": ""N3"", ""waller-derived"": ""N3""}",openjlpt|waller|wordmaster,community-independent|waller-derived,2,N2,runtime-core,exact
すまない,すまない,N2,"{""N2"": 2}","{""community-independent"": ""N2"", ""waller-derived"": ""N2""}",waller|wordmaster,community-independent|waller-derived,2,N1,advanced-bundle,exact
済まない,すまない,N1,"{""N1"": 1}","{""waller-derived"": ""N1""}",openjlpt|waller,waller-derived,1,N2,advanced-bundle,exact
スマート,スマート,N2,"{""N2"": 2}","{""community-independent"": ""N2"", ""waller-derived"": ""N2""}",waller|wordmaster,community-independent|waller-derived,2,N1,runtime-core,exact
墨,すみ,N3,"{""N2"": 1, ""N3"": 1}","{""community-independent"": ""N3"", ""waller-derived"": ""N2""}",openjlpt|waller|wordmaster,community-independent|waller-derived,2,N2,advanced-bundle,exact
隅,すみ,N4,"{""N4"": 2}","{""community-independent"": ""N4"", ""waller-derived"": ""N4""}",openjlpt|waller|wordmaster,community-independent|waller-derived,2,N1,runtime-core,exact
すみません,すみません,N3,"{""N3"": 1}","{""waller-derived"": ""N3""}",waller,waller-derived,1,N5,runtime-core,exact
済む,すむ,N4,"{""N4"": 2}","{""community-independent"": ""N4"", ""waller-derived"": ""N4""}",openjlpt|waller|wordmaster,community-independent|waller-derived,2,N3,runtime-core,exact
澄む,すむ,N3,"{""N2"": 1, ""N3"": 1}","{""community-independent"": ""N3"", ""waller-derived"": ""N2""}",openjlpt|waller|wordmaster,community-independent|waller-derived,2,N1,runtime-core,exact
スライド,スライド,N2,"{""N2"": 2}","{""community-independent"": ""N2"", ""waller-derived"": ""N2""}",waller|wordmaster,community-independent|waller-derived,2,N1,runtime-core,exact
スリッパ,スリッパ,N5,"{""N2"": 1, ""N5"": 1}","{""community-independent"": ""N2"", ""waller-derived"": ""N5""}",waller|wordmaster,community-independent|waller-derived,2,N4,runtime-core,exact
刷る,する,N3,"{""N2"": 1, ""N3"": 1}","{""community-independent"": ""N3"", ""waller-derived"": ""N2""}",openjlpt|waller|wordmaster,community-independent|waller-derived,2,N2,advanced-bundle,exact
擦る,する,N3,"{""N3"": 1}","{""community-independent"": ""N3""}",wordmaster,community-independent,1,N1,advanced-bundle,exact
すると,すると,N4,"{""N4"": 2}","{""community-independent"": ""N4"", ""waller-derived"": ""N4""}",openjlpt|waller|wordmaster,community-independent|waller-derived,2,N3,runtime-core,exact
鋭い,するどい,N3,"{""N3"": 2}","{""community-independent"": ""N3"", ""waller-derived"": ""N3""}",openjlpt|waller|wordmaster,community-independent|waller-derived,2,N2,runtime-core,exact
擦れ違い,すれちがい,N1,"{""N1"": 1}","{""waller-derived"": ""N1""}",openjlpt|waller,waller-derived,1,N2,runtime-core,exact
すれ違う,すれちがう,N3,"{""N1"": 1, ""N3"": 1}","{""community-independent"": ""N3"", ""waller-derived"": ""N1""}",openjlpt|waller|wordmaster,community-independent|waller-derived,2,N2,advanced-bundle,exact
寸法,すんぽう,N2,"{""N2"": 2}","{""community-independent"": ""N2"", ""waller-derived"": ""N2""}",openjlpt|waller|wordmaster,community-independent|waller-derived,2,N1,runtime-core,exact
随筆,ずいひつ,N2,"{""N2"": 2}","{""community-independent"": ""N2"", ""waller-derived"": ""N2""}",openjlpt|waller|wordmaster,community-independent|waller-derived,2,N1,runtime-core,exact
随分,ずいぶん,N4,"{""N3"": 1, ""N4"": 1}","{""community-independent"": ""N4"", ""waller-derived"": ""N3""}",openjlpt|waller|wordmaster,community-independent|waller-derived,2,N3,runtime-core,exact
図形,ずけい,N2,"{""N2"": 2}","{""community-independent"": ""N2"", ""waller-derived"": ""N2""}",openjlpt|waller|wordmaster,community-independent|waller-derived,2,N1,runtime-core,exact
ずっと,ずっと,N3,"{""N3"": 2}","{""community-independent"": ""N3"", ""waller-derived"": ""N3""}",waller|wordmaster,community-independent|waller-derived,2,N5,runtime-core,exact
頭脳,ずのう,N2,"{""N2"": 2}","{""community-independent"": ""N2"", ""waller-derived"": ""N2""}",openjlpt|waller|wordmaster,community-independent|waller-derived,2,N1,runtime-core,exact
図表,ずひょう,N2,"{""N2"": 2}","{""community-independent"": ""N2"", ""waller-derived"": ""N2""}",openjlpt|waller|wordmaster,community-independent|waller-derived,2,N1,runtime-core,exact
ずらり,ずらり,N2,"{""N2"": 2}","{""community-independent"": ""N2"", ""waller-derived"": ""N2""}",waller|wordmaster,community-independent|waller-derived,2,N1,runtime-core,exact
ずれる,ずれる,N3,"{""N2"": 1, ""N3"": 1}","{""community-independent"": ""N3"", ""waller-derived"": ""N2""}",waller|wordmaster,community-independent|waller-derived,2,N2,runtime-core,exact
背,せ,N5,"{""N5"": 1}","{""waller-derived"": ""N5""}",openjlpt|waller,waller-derived,1,N4,runtime-core,exact
姓,せい,N3,"{""N2"": 1, ""N3"": 1}","{""community-independent"": ""N3"", ""waller-derived"": ""N2""}",openjlpt|waller|wordmaster,community-independent|waller-derived,2,N2,advanced-bundle,exact
背,せい,N5,"{""N3"": 1, ""N5"": 1}","{""community-independent"": ""N5"", ""waller-derived"": ""N3""}",openjlpt|waller|wordmaster,community-independent|waller-derived,2,N3,advanced-bundle,exact
成果,せいか,N1,"{""N1"": 2}","{""community-independent"": ""N1"", ""waller-derived"": ""N1""}",openjlpt|waller|wordmaster,community-independent|waller-derived,2,N2,runtime-core,exact
正解,せいかい,N1,"{""N1"": 2}","{""community-independent"": ""N1"", ""waller-derived"": ""N1""}",openjlpt|waller|wordmaster,community-independent|waller-derived,2,N3,runtime-core,exact
性格,せいかく,N3,"{""N3"": 2}","{""community-independent"": ""N3"", ""waller-derived"": ""N3""}",openjlpt|waller|wordmaster,community-independent|waller-derived,2,N4,runtime-core,exact
正確,せいかく,N3,"{""N3"": 2}","{""community-independent"": ""N3"", ""waller-derived"": ""N3""}",openjlpt|waller|wordmaster,community-independent|waller-derived,2,N4,runtime-core,exact
正規,せいき,N3,"{""N1"": 1, ""N3"": 1}","{""community-independent"": ""N3"", ""waller-derived"": ""N1""}",openjlpt|waller|wordmaster,community-independent|waller-derived,2,N1,runtime-core,exact
請求,せいきゅう,N3,"{""N3"": 2}","{""community-independent"": ""N3"", ""waller-derived"": ""N3""}",openjlpt|waller|wordmaster,community-independent|waller-derived,2,N2,runtime-core,exact
生計,せいけい,N1,"{""N1"": 2}","{""community-independent"": ""N1"", ""waller-derived"": ""N1""}",openjlpt|waller|wordmaster,community-independent|waller-derived,2,N2,runtime-core,exact
成功,せいこう,N3,"{""N3"": 2}","{""community-independent"": ""N3"", ""waller-derived"": ""N3""}",openjlpt|waller|wordmaster,community-independent|waller-derived,2,N4,runtime-core,exact
精巧,せいこう,N3,"{""N1"": 1, ""N3"": 1}","{""community-independent"": ""N3"", ""waller-derived"": ""N1""}",openjlpt|waller|wordmaster,community-independent|waller-derived,2,N1,runtime-core,exact
精算,せいさん,N3,"{""N3"": 1}","{""community-independent"": ""N3""}",wordmaster,community-independent,1,N1,runtime-core,exact
正式,せいしき,N3,"{""N3"": 2}","{""community-independent"": ""N3"", ""waller-derived"": ""N3""}",openjlpt|waller|wordmaster,community-independent|waller-derived,2,N2,runtime-core,exact
性質,せいしつ,N3,"{""N2"": 1, ""N3"": 1}","{""community-independent"": ""N3"", ""waller-derived"": ""N2""}",openjlpt|waller|wordmaster,community-independent|waller-derived,2,N2,runtime-core,exact
清書,せいしょ,N2,"{""N2"": 2}","{""community-independent"": ""N2"", ""waller-derived"": ""N2""}",openjlpt|waller|wordmaster,community-independent|waller-derived,2,N1,runtime-core,exact
青少年,せいしょうねん,N2,"{""N2"": 2}","{""community-independent"": ""N2"", ""waller-derived"": ""N2""}",openjlpt|waller|wordmaster,community-independent|waller-derived,2,N1,runtime-core,exact
精神,せいしん,N3,"{""N3"": 2}","{""community-independent"": ""N3"", ""waller-derived"": ""N3""}",openjlpt|waller|wordmaster,community-independent|waller-derived,2,N2,runtime-core,exact
政治,せいじ,N4,"{""N4"": 2}","{""community-independent"": ""N4"", ""waller-derived"": ""N4""}",openjlpt|waller|wordmaster,community-independent|waller-derived,2,N3,runtime-core,exact
正常,せいじょう,N1,"{""N1"": 2}","{""community-independent"": ""N1"", ""waller-derived"": ""N1""}",openjlpt|waller|wordmaster,community-independent|waller-derived,2,N3,runtime-core,exact
成人,せいじん,N3,"{""N3"": 2}","{""community-independent"": ""N3"", ""waller-derived"": ""N3""}",openjlpt|waller|wordmaster,community-independent|waller-derived,2,N2,runtime-core,exact
清掃,せいそう,N2,"{""N2"": 2}","{""community-independent"": ""N2"", ""waller-derived"": ""N2""}",openjlpt|waller|wordmaster,community-independent|waller-derived,2,N3,runtime-core,exact
製造,せいぞう,N3,"{""N3"": 2}","{""community-independent"": ""N3"", ""waller-derived"": ""N3""}",openjlpt|waller|wordmaster,community-independent|waller-derived,2,N2,runtime-core,exact
成長,せいちょう,N3,"{""N3"": 2}","{""community-independent"": ""N3"", ""waller-derived"": ""N3""}",openjlpt|waller|wordmaster,community-independent|waller-derived,2,N2,runtime-core,exact
静的,せいてき,N1,"{""N1"": 2}","{""community-independent"": ""N1"", ""waller-derived"": ""N1""}",openjlpt|waller|wordmaster,community-independent|waller-derived,2,N2,runtime-core,exact
正当,せいとう,N1,"{""N1"": 2}","{""community-independent"": ""N1"", ""waller-derived"": ""N1""}",openjlpt|waller|wordmaster,community-independent|waller-derived,2,N2,runtime-core,exact
制度,せいど,N3,"{""N3"": 2}","{""community-independent"": ""N3"", ""waller-derived"": ""N3""}",openjlpt|waller|wordmaster,community-independent|waller-derived,2,N2,runtime-core,exact
成年,せいねん,N3,"{""N1"": 1, ""N3"": 1}","{""community-independent"": ""N3"", ""waller-derived"": ""N1""}",openjlpt|waller|wordmaster,community-independent|waller-derived,2,N1,advanced-bundle,exact
青年,せいねん,N3,"{""N3"": 2}","{""community-independent"": ""N3"", ""waller-derived"": ""N3""}",openjlpt|waller|wordmaster,community-independent|waller-derived,2,N1,runtime-core,exact
政府,せいふ,N3,"{""N3"": 2}","{""community-independent"": ""N3"", ""waller-derived"": ""N3""}",openjlpt|waller|wordmaster,community-independent|waller-derived,2,N2,runtime-core,exact
制服,せいふく,N1,"{""N1"": 2}","{""community-independent"": ""N1"", ""waller-derived"": ""N1""}",openjlpt|waller|wordmaster,community-independent|waller-derived,2,N3,runtime-core,exact
性別,せいべつ,N2,"{""N2"": 2}","{""community-independent"": ""N2"", ""waller-derived"": ""N2""}",openjlpt|waller|wordmaster,community-independent|waller-derived,2,N3,runtime-core,exact
声明,せいめい,N3,"{""N1"": 1, ""N3"": 1}","{""community-independent"": ""N3"", ""waller-derived"": ""N1""}",openjlpt|waller|wordmaster,community-independent|waller-derived,2,N1,advanced-bundle,exact
姓名,せいめい,N3,"{""N1"": 1, ""N3"": 1}","{""community-independent"": ""N3"", ""waller-derived"": ""N1""}",openjlpt|waller|wordmaster,community-independent|waller-derived,2,N1,advanced-bundle,exact
生命,せいめい,N3,"{""N3"": 2}","{""community-independent"": ""N3"", ""waller-derived"": ""N3""}",openjlpt|waller|wordmaster,community-independent|waller-derived,2,N2,runtime-core,exact
正門,せいもん,N2,"{""N2"": 2}","{""community-independent"": ""N2"", ""waller-derived"": ""N2""}",openjlpt|waller|wordmaster,community-independent|waller-derived,2,N3,runtime-core,exact
制約,せいやく,N1,"{""N1"": 2}","{""community-independent"": ""N1"", ""waller-derived"": ""N1""}",openjlpt|waller|wordmaster,community-independent|waller-derived,2,N2,runtime-core,exact
西洋,せいよう,N4,"{""N4"": 2}","{""community-independent"": ""N4"", ""waller-derived"": ""N4""}",openjlpt|waller|wordmaster,community-independent|waller-derived,2,N3,runtime-core,exact
生理,せいり,N3,"{""N1"": 1, ""N3"": 1}","{""community-independent"": ""N3"", ""waller-derived"": ""N1""}",openjlpt|waller|wordmaster,community-independent|waller-derived,2,N1,runtime-core,exact
石炭,せきたん,N3,"{""N3"": 2}","{""community-independent"": ""N3"", ""waller-derived"": ""N3""}",openjlpt|waller|wordmaster,community-independent|waller-derived,2,N2,runtime-core,exact
責任,せきにん,N3,"{""N3"": 2}","{""community-independent"": ""N3"", ""waller-derived"": ""N3""}",openjlpt|waller|wordmaster,community-independent|waller-derived,2,N2,runtime-core,exact
世間,せけん,N3,"{""N3"": 2}","{""community-independent"": ""N3"", ""waller-derived"": ""N3""}",openjlpt|waller|wordmaster,community-independent|waller-derived,2,N2,runtime-core,exact
世代,せだい,N1,"{""N1"": 2}","{""community-independent"": ""N1"", ""waller-derived"": ""N1""}",openjlpt|waller|wordmaster,community-independent|waller-derived,2,N2,runtime-core,exact
接近,せっきん,N2,"{""N2"": 2}","{""community-independent"": ""N2"", ""waller-derived"": ""N2""}",openjlpt|waller|wordmaster,community-independent|waller-derived,2,N1,runtime-core,exact
設計,せっけい,N3,"{""N3"": 2}","{""community-independent"": ""N3"", ""waller-derived"": ""N3""}",openjlpt|waller|wordmaster,community-independent|waller-derived,2,N2,runtime-core,exact
設置,せっち,N1,"{""N1"": 2}","{""community-independent"": ""N1"", ""waller-derived"": ""N1""}",openjlpt|waller|wordmaster,community-independent|waller-derived,2,N2,runtime-core,exact
設定,せってい,N1,"{""N1"": 2}","{""community-independent"": ""N1"", ""waller-derived"": ""N1""}",openjlpt|waller|wordmaster,community-independent|waller-derived,2,N2,runtime-core,exact
説得,せっとく,N1,"{""N1"": 2}","{""community-independent"": ""N1"", ""waller-derived"": ""N1""}",openjlpt|waller|wordmaster,community-independent|waller-derived,2,N2,runtime-core,exact
説,せつ,N3,"{""N3"": 2}","{""community-independent"": ""N3"", ""waller-derived"": ""N3""}",openjlpt|waller|wordmaster,community-independent|waller-derived,2,N2,runtime-core,exact
設備,せつび,N3,"{""N3"": 2}","{""community-independent"": ""N3"", ""waller-derived"": ""N3""}",openjlpt|waller|wordmaster,community-independent|waller-derived,2,N2,runtime-core,exact
節約,せつやく,N3,"{""N3"": 2}","{""community-independent"": ""N3"", ""waller-derived"": ""N3""}",openjlpt|waller|wordmaster,community-independent|waller-derived,2,N2,runtime-core,exact
背中,せなか,N4,"{""N4"": 2}","{""community-independent"": ""N4"", ""waller-derived"": ""N4""}",openjlpt|waller|wordmaster,community-independent|waller-derived,2,N3,runtime-core,exact
攻め,せめ,N1,"{""N1"": 2}","{""community-independent"": ""N1"", ""waller-derived"": ""N1""}",openjlpt|waller|wordmaster,community-independent|waller-derived,2,N2,runtime-core,exact
攻める,せめる,N3,"{""N2"": 1, ""N3"": 1}","{""community-independent"": ""N3"", ""waller-derived"": ""N2""}",openjlpt|waller|wordmaster,community-independent|waller-derived,2,N2,runtime-core,exact
責める,せめる,N3,"{""N3"": 2}","{""community-independent"": ""N3"", ""waller-derived"": ""N3""}",openjlpt|waller|wordmaster,community-independent|waller-derived,2,N2,runtime-core,exact
台詞,せりふ,N2,"{""N2"": 1}","{""community-independent"": ""N2""}",wordmaster,community-independent,1,N1,advanced-bundle,exact
選挙,せんきょ,N3,"{""N1"": 1, ""N3"": 1}","{""community-independent"": ""N3"", ""waller-derived"": ""N1""}",openjlpt|waller|wordmaster,community-independent|waller-derived,2,N2,runtime-core,exact
先行,せんこう,N3,"{""N1"": 1, ""N3"": 1}","{""community-independent"": ""N3"", ""waller-derived"": ""N1""}",openjlpt|waller|wordmaster,community-independent|waller-derived,2,N2,runtime-core,exact
専攻,せんこう,N3,"{""N3"": 2}","{""community-independent"": ""N3"", ""waller-derived"": ""N3""}",openjlpt|waller|wordmaster,community-independent|waller-derived,2,N2,runtime-core,exact
選考,せんこう,N3,"{""N1"": 1, ""N3"": 1}","{""community-independent"": ""N3"", ""waller-derived"": ""N1""}",openjlpt|waller|wordmaster,community-independent|waller-derived,2,N2,runtime-core,exact
センス,センス,N1,"{""N1"": 2}","{""community-independent"": ""N1"", ""waller-derived"": ""N1""}",waller|wordmaster,community-independent|waller-derived,2,N2,runtime-core,exact
扇子,せんす,N2,"{""N2"": 2}","{""community-independent"": ""N2"", ""waller-derived"": ""N2""}",openjlpt|waller|wordmaster,community-independent|waller-derived,2,N3,runtime-core,exact
先々週,せんせんしゅう,N2,"{""N2"": 2}","{""community-independent"": ""N2"", ""waller-derived"": ""N2""}",waller|wordmaster,community-independent|waller-derived,2,N1,runtime-core,exact
先祖,せんぞ,N2,"{""N2"": 2}","{""community-independent"": ""N2"", ""waller-derived"": ""N2""}",openjlpt|waller|wordmaster,community-independent|waller-derived,2,N1,runtime-core,exact
センチ,センチ,N2,"{""N2"": 2}","{""community-independent"": ""N2"", ""waller-derived"": ""N2""}",waller|wordmaster,community-independent|waller-derived,2,N4,runtime-core,exact
先着,せんちゃく,N1,"{""N1"": 2}","{""community-independent"": ""N1"", ""waller-derived"": ""N1""}",openjlpt|waller|wordmaster,community-independent|waller-derived,2,N2,runtime-core,exact
扇風機,せんぷうき,N2,"{""N2"": 2}","{""community-independent"": ""N2"", ""waller-derived"": ""N2""}",openjlpt|waller|wordmaster,community-independent|waller-derived,2,N1,runtime-core,exact
洗面,せんめん,N2,"{""N2"": 1}","{""community-independent"": ""N2""}",wordmaster,community-independent,1,N3,advanced-bundle,exact
専用,せんよう,N1,"{""N1"": 2}","{""community-independent"": ""N1"", ""waller-derived"": ""N1""}",openjlpt|waller|wordmaster,community-independent|waller-derived,2,N2,runtime-core,exact
線路,せんろ,N2,"{""N2"": 2}","{""community-independent"": ""N2"", ""waller-derived"": ""N2""}",openjlpt|waller|wordmaster,community-independent|waller-derived,2,N3,runtime-core,exact
セール,セール,N1,"{""N1"": 2}","{""community-independent"": ""N1"", ""waller-derived"": ""N1""}",waller|wordmaster,community-independent|waller-derived,2,N3,runtime-core,exact
税関,ぜいかん,N2,"{""N2"": 2}","{""community-independent"": ""N2"", ""waller-derived"": ""N2""}",openjlpt|waller|wordmaster,community-independent|waller-derived,2,N1,runtime-core,exact
絶対,ぜったい,N3,"{""N3"": 2}","{""community-independent"": ""N3"", ""waller-derived"": ""N3""}",openjlpt|waller|wordmaster,community-independent|waller-derived,2,N4,runtime-core,exact
絶滅,ぜつめつ,N3,"{""N3"": 2}","{""community-independent"": ""N3"", ""waller-derived"": ""N3""}",openjlpt|waller|wordmaster,community-independent|waller-derived,2,N1,runtime-core,exact
ぜひとも,ぜひとも,N2,"{""N2"": 2}","{""community-independent"": ""N2"", ""waller-derived"": ""N2""}",waller|wordmaster,community-independent|waller-derived,2,N1,advanced-bundle,exact
是非とも,ぜひとも,N1,"{""N1"": 1}","{""waller-derived"": ""N1""}",openjlpt|waller,waller-derived,1,N2,advanced-bundle,exact
ゼロ,ゼロ,N5,"{""N5"": 2}","{""community-independent"": ""N5"", ""waller-derived"": ""N5""}",waller|wordmaster,community-independent|waller-derived,2,N4,runtime-core,exact
善,ぜん,N3,"{""N3"": 2}","{""community-independent"": ""N3"", ""waller-derived"": ""N3""}",openjlpt|waller|wordmaster,community-independent|waller-derived,2,N2,runtime-core,exact
禅,ぜん,N3,"{""N1"": 1, ""N3"": 1}","{""community-independent"": ""N3"", ""waller-derived"": ""N1""}",openjlpt|waller|wordmaster,community-independent|waller-derived,2,N1,advanced-bundle,exact
前後,ぜんご,N2,"{""N2"": 2}","{""community-independent"": ""N2"", ""waller-derived"": ""N2""}",openjlpt|waller|wordmaster,community-independent|waller-derived,2,N3,runtime-core,exact
前者,ぜんしゃ,N3,"{""N3"": 2}","{""community-independent"": ""N3"", ""waller-derived"": ""N3""}",openjlpt|waller|wordmaster,community-independent|waller-derived,2,N2,runtime-core,exact
全身,ぜんしん,N3,"{""N2"": 1, ""N3"": 1}","{""community-independent"": ""N3"", ""waller-derived"": ""N2""}",openjlpt|waller|wordmaster,community-independent|waller-derived,2,N2,runtime-core,exact
前進,ぜんしん,N3,"{""N3"": 2}","{""community-independent"": ""N3"", ""waller-derived"": ""N3""}",openjlpt|waller|wordmaster,community-independent|waller-derived,2,N2,runtime-core,exact
全体,ぜんたい,N3,"{""N3"": 2}","{""community-independent"": ""N3"", ""waller-derived"": ""N3""}",openjlpt|waller|wordmaster,community-independent|waller-derived,2,N4,runtime-core,exact
前提,ぜんてい,N1,"{""N1"": 2}","{""community-independent"": ""N1"", ""waller-derived"": ""N1""}",openjlpt|waller|wordmaster,community-independent|waller-derived,2,N2,runtime-core,exact
善良,ぜんりょう,N1,"{""N1"": 2}","{""community-independent"": ""N1"", ""waller-derived"": ""N1""}",openjlpt|waller|wordmaster,community-independent|waller-derived,2,N2,runtime-core,exact
全力,ぜんりょく,N2,"{""N2"": 1}","{""community-independent"": ""N2""}",wordmaster,community-independent,1,N1,runtime-core,exact
そう,そう,N4,"{""N4"": 2}","{""community-independent"": ""N4"", ""waller-derived"": ""N4""}",openjlpt|waller|wordmaster,community-independent|waller-derived,2,N5,runtime-core,exact
僧,そう,N3,"{""N1"": 1, ""N3"": 1}","{""community-independent"": ""N3"", ""waller-derived"": ""N1""}",openjlpt|waller|wordmaster,community-independent|waller-derived,2,N1,advanced-bundle,exact
沿う,そう,N3,"{""N1"": 1, ""N3"": 1}","{""community-independent"": ""N3"", ""waller-derived"": ""N1""}",openjlpt|waller|wordmaster,community-independent|waller-derived,2,N2,runtime-core,exact
添う,そう,N3,"{""N1"": 1, ""N3"": 1}","{""community-independent"": ""N3"", ""waller-derived"": ""N1""}",openjlpt|waller|wordmaster,community-independent|waller-derived,2,N1,advanced-bundle,exact
総,そう,N1,"{""N1"": 1}","{""waller-derived"": ""N1""}",openjlpt|waller,waller-derived,1,N2,runtime-core,exact
そういえば,そういえば,N2,"{""N2"": 2}","{""community-independent"": ""N2"", ""waller-derived"": ""N2""}",waller|wordmaster,community-independent|waller-derived,2,N1,advanced-bundle,exact
騒音,そうおん,N3,"{""N3"": 2}","{""community-independent"": ""N3"", ""waller-derived"": ""N3""}",openjlpt|waller|wordmaster,community-independent|waller-derived,2,N2,runtime-core,exact
倉庫,そうこ,N2,"{""N2"": 2}","{""community-independent"": ""N2"", ""waller-derived"": ""N2""}",openjlpt|waller|wordmaster,community-independent|waller-derived,2,N3,runtime-core,exact
走行,そうこう,N1,"{""N1"": 2}","{""community-independent"": ""N1"", ""waller-derived"": ""N1""}",openjlpt|waller|wordmaster,community-independent|waller-derived,2,N2,runtime-core,exact
総合,そうごう,N1,"{""N1"": 2}","{""community-independent"": ""N1"", ""waller-derived"": ""N1""}",openjlpt|waller|wordmaster,community-independent|waller-derived,2,N2,runtime-core,exact
捜査,そうさ,N3,"{""N1"": 1, ""N3"": 1}","{""community-independent"": ""N3"", ""waller-derived"": ""N1""}",openjlpt|waller|wordmaster,community-independent|waller-derived,2,N1,runtime-core,exact
操作,そうさ,N3,"{""N3"": 2}","{""community-independent"": ""N3"", ""waller-derived"": ""N3""}",openjlpt|waller|wordmaster,community-independent|waller-derived,2,N2,runtime-core,exact
葬式,そうしき,N2,"{""N2"": 2}","{""community-independent"": ""N2"", ""waller-derived"": ""N2""}",openjlpt|waller|wordmaster,community-independent|waller-derived,2,N3,runtime-core,exact
操縦,そうじゅう,N3,"{""N1"": 1, ""N3"": 1}","{""community-independent"": ""N3"", ""waller-derived"": ""N1""}",openjlpt|waller|wordmaster,community-independent|waller-derived,2,N1,runtime-core,exact
創造,そうぞう,N3,"{""N1"": 1, ""N3"": 1}","{""community-independent"": ""N3"", ""waller-derived"": ""N1""}",openjlpt|waller|wordmaster,community-independent|waller-derived,2,N2,runtime-core,exact
相対,そうたい,N1,"{""N1"": 1}","{""community-independent"": ""N1""}",wordmaster,community-independent,1,N2,runtime-core,exact
装置,そうち,N3,"{""N3"": 2}","{""community-independent"": ""N3"", ""waller-derived"": ""N3""}",openjlpt|waller|wordmaster,community-independent|waller-derived,2,N2,runtime-core,exact
相当,そうとう,N3,"{""N3"": 2}","{""community-independent"": ""N3"", ""waller-derived"": ""N3""}",openjlpt|waller|wordmaster,community-independent|waller-derived,2,N2,runtime-core,exact
創立,そうりつ,N1,"{""N1"": 2}","{""community-independent"": ""N1"", ""waller-derived"": ""N1""}",openjlpt|waller|wordmaster,community-independent|waller-derived,2,N2,runtime-core,exact
添える,そえる,N1,"{""N1"": 2}","{""community-independent"": ""N1"", ""waller-derived"": ""N1""}",openjlpt|waller|wordmaster,community-independent|waller-derived,2,N2,runtime-core,exact
側面,そくめん,N1,"{""N1"": 2}","{""community-independent"": ""N1"", ""waller-derived"": ""N1""}",openjlpt|waller|wordmaster,community-independent|waller-derived,2,N2,runtime-core,exact
損なう,そこなう,N1,"{""N1"": 1}","{""waller-derived"": ""N1""}",openjlpt|waller,waller-derived,1,N2,runtime-core,exact
そこら,そこら,N1,"{""N1"": 1}","{""community-independent"": ""N1""}",wordmaster,community-independent,1,N2,runtime-core,exact
素材,そざい,N1,"{""N1"": 2}","{""community-independent"": ""N1"", ""waller-derived"": ""N1""}",openjlpt|waller|wordmaster,community-independent|waller-derived,2,N2,runtime-core,exact
組織,そしき,N3,"{""N3"": 2}","{""community-independent"": ""N3"", ""waller-derived"": ""N3""}",openjlpt|waller|wordmaster,community-independent|waller-derived,2,N2,runtime-core,exact
祖先,そせん,N2,"{""N2"": 2}","{""community-independent"": ""N2"", ""waller-derived"": ""N2""}",openjlpt|waller|wordmaster,community-independent|waller-derived,2,N1,runtime-core,exact
育ち,そだち,N1,"{""N1"": 2}","{""community-independent"": ""N1"", ""waller-derived"": ""N1""}",openjlpt|waller|wordmaster,community-independent|waller-derived,2,N3,runtime-core,exact
率直,そっちょく,N1,"{""N1"": 1}","{""waller-derived"": ""N1""}",openjlpt|waller,waller-derived,1,N2,runtime-core,exact
備え付ける,そなえつける,N1,"{""N1"": 2}","{""community-independent"": ""N1"", ""waller-derived"": ""N1""}",openjlpt|waller|wordmaster,community-independent|waller-derived,2,N2,runtime-core,exact
備える,そなえる,N3,"{""N3"": 2}","{""community-independent"": ""N3"", ""waller-derived"": ""N3""}",openjlpt|waller|wordmaster,community-independent|waller-derived,2,N2,runtime-core,exact
備わる,そなわる,N1,"{""N1"": 2}","{""community-independent"": ""N1"", ""waller-derived"": ""N1""}",openjlpt|waller|wordmaster,community-independent|waller-derived,2,N2,runtime-core,exact
その上,そのうえ,N1,"{""N1"": 1}","{""waller-derived"": ""N1""}",openjlpt|waller,waller-derived,1,N2,advanced-bundle,exact
そのうち,そのうち,N3,"{""N3"": 2}","{""community-independent"": ""N3"", ""waller-derived"": ""N3""}",waller|wordmaster,community-independent|waller-derived,2,N2,runtime-core,exact
その内,そのうち,N1,"{""N1"": 1}","{""waller-derived"": ""N1""}",openjlpt|waller,waller-derived,1,N3,advanced-bundle,exact
そのころ,そのころ,N2,"{""N2"": 2}","{""community-independent"": ""N2"", ""waller-derived"": ""N2""}",waller|wordmaster,community-independent|waller-derived,2,N1,advanced-bundle,exact
そのため,そのため,N2,"{""N2"": 2}","{""community-independent"": ""N2"", ""waller-derived"": ""N2""}",waller|wordmaster,community-independent|waller-derived,2,N3,runtime-core,exact
そのほか,そのほか,N2,"{""N2"": 1}","{""waller-derived"": ""N2""}",waller,waller-derived,1,N3,runtime-core,exact
そのまま,そのまま,N3,"{""N3"": 2}","{""community-independent"": ""N3"", ""waller-derived"": ""N3""}",waller|wordmaster,community-independent|waller-derived,2,N4,runtime-core,exact
其の儘,そのまま,N1,"{""N1"": 1}","{""waller-derived"": ""N1""}",openjlpt|waller,waller-derived,1,N3,advanced-bundle,exact
蕎麦,そば,N3,"{""N2"": 1, ""N3"": 1}","{""community-independent"": ""N3"", ""waller-derived"": ""N2""}",openjlpt|waller|wordmaster,community-independent|waller-derived,2,N2,advanced-bundle,exact
祖父,そふ,N4,"{""N4"": 2}","{""community-independent"": ""N4"", ""waller-derived"": ""N4""}",openjlpt|waller|wordmaster,community-independent|waller-derived,2,N5,runtime-core,exact
ソファー,ソファー,N3,"{""N3"": 2}","{""community-independent"": ""N3"", ""waller-derived"": ""N3""}",waller|wordmaster,community-independent|waller-derived,2,N5,runtime-core,exact
ソフト,ソフト,N4,"{""N4"": 2}","{""community-independent"": ""N4"", ""waller-derived"": ""N4""}",waller|wordmaster,community-independent|waller-derived,2,N2,runtime-core,exact
祖母,そぼ,N4,"{""N4"": 2}","{""community-independent"": ""N4"", ""waller-derived"": ""N4""}",openjlpt|waller|wordmaster,community-independent|waller-derived,2,N5,runtime-core,exact
粗末,そまつ,N3,"{""N3"": 2}","{""community-independent"": ""N3"", ""waller-derived"": ""N3""}",openjlpt|waller|wordmaster,community-independent|waller-derived,2,N2,runtime-core,exact
染まる,そまる,N1,"{""N1"": 2}","{""community-independent"": ""N1"", ""waller-derived"": ""N1""}",openjlpt|waller|wordmaster,community-independent|waller-derived,2,N2,runtime-core,exact
染める,そめる,N1,"{""N1"": 2}","{""community-independent"": ""N1"", ""waller-derived"": ""N1""}",openjlpt|waller|wordmaster,community-independent|waller-derived,2,N2,runtime-core,exact
そらす,そらす,N1,"{""N1"": 1}","{""community-independent"": ""N1""}",wordmaster,community-independent,1,N2,runtime-core,exact
それぞれ,それぞれ,N3,"{""N3"": 2}","{""community-independent"": ""N3"", ""waller-derived"": ""N3""}",waller|wordmaster,community-independent|waller-derived,2,N4,runtime-core,exact
それとも,それとも,N3,"{""N3"": 2}","{""community-independent"": ""N3"", ""waller-derived"": ""N3""}",waller|wordmaster,community-independent|waller-derived,2,N4,runtime-core,exact
それなのに,それなのに,N2,"{""N2"": 2}","{""community-independent"": ""N2"", ""waller-derived"": ""N2""}",waller|wordmaster,community-independent|waller-derived,2,N3,runtime-core,exact
それなら,それなら,N2,"{""N2"": 1}","{""community-independent"": ""N2""}",wordmaster,community-independent,1,N4,runtime-core,exact
それほど,それほど,N4,"{""N4"": 2}","{""community-independent"": ""N4"", ""waller-derived"": ""N4""}",waller|wordmaster,community-independent|waller-derived,2,N3,runtime-core,exact
揃う,そろう,N3,"{""N2"": 1, ""N3"": 1}","{""community-independent"": ""N3"", ""waller-derived"": ""N2""}",openjlpt|waller|wordmaster,community-independent|waller-derived,2,N2,advanced-bundle,exact
揃える,そろえる,N3,"{""N2"": 1, ""N3"": 1}","{""community-independent"": ""N3"", ""waller-derived"": ""N2""}",openjlpt|waller|wordmaster,community-independent|waller-derived,2,N2,advanced-bundle,exact
そろそろ,そろそろ,N4,"{""N4"": 2}","{""community-independent"": ""N4"", ""waller-derived"": ""N4""}",waller|wordmaster,community-independent|waller-derived,2,N5,runtime-core,exact
損,そん,N3,"{""N3"": 2}","{""community-independent"": ""N3"", ""waller-derived"": ""N3""}",openjlpt|waller|wordmaster,community-independent|waller-derived,2,N2,runtime-core,exact
損害,そんがい,N3,"{""N3"": 2}","{""community-independent"": ""N3"", ""waller-derived"": ""N3""}",openjlpt|waller|wordmaster,community-independent|waller-derived,2,N2,runtime-core,exact
存在,そんざい,N3,"{""N3"": 2}","{""community-independent"": ""N3"", ""waller-derived"": ""N3""}",openjlpt|waller|wordmaster,community-independent|waller-derived,2,N2,runtime-core,exact
尊重,そんちょう,N3,"{""N3"": 2}","{""community-independent"": ""N3"", ""waller-derived"": ""N3""}",openjlpt|waller|wordmaster,community-independent|waller-derived,2,N2,runtime-core,exact
そんな,そんな,N4,"{""N4"": 2}","{""community-independent"": ""N4"", ""waller-derived"": ""N4""}",waller|wordmaster,community-independent|waller-derived,2,N1|N5,advanced-bundle|runtime-core,exact
ソース,ソース,N1,"{""N1"": 2}","{""community-independent"": ""N1"", ""waller-derived"": ""N1""}",waller|wordmaster,community-independent|waller-derived,2,N4,runtime-core,exact
沿い,ぞい,N1,"{""N1"": 1}","{""waller-derived"": ""N1""}",openjlpt|waller,waller-derived,1,N3,runtime-core,exact
像,ぞう,N3,"{""N1"": 1, ""N3"": 1}","{""community-independent"": ""N3"", ""waller-derived"": ""N1""}",openjlpt|waller|wordmaster,community-independent|waller-derived,2,N2,runtime-core,exact
象,ぞう,N3,"{""N3"": 2}","{""community-independent"": ""N3"", ""waller-derived"": ""N3""}",openjlpt|waller|wordmaster,community-independent|waller-derived,2,N4,runtime-core,exact
雑巾,ぞうきん,N2,"{""N2"": 2}","{""community-independent"": ""N2"", ""waller-derived"": ""N2""}",openjlpt|waller|wordmaster,community-independent|waller-derived,2,N3,runtime-core,exact
存じる,ぞんじる,N2,"{""N2"": 2}","{""community-independent"": ""N2"", ""waller-derived"": ""N2""}",openjlpt|waller|wordmaster,community-independent|waller-derived,2,N1,runtime-core,exact
田,た,N3,"{""N3"": 2}","{""community-independent"": ""N3"", ""waller-derived"": ""N3""}",openjlpt|waller|wordmaster,community-independent|waller-derived,2,N4,runtime-core,exact
対,たい,N3,"{""N3"": 2}","{""community-independent"": ""N3"", ""waller-derived"": ""N3""}",openjlpt|waller|wordmaster,community-independent|waller-derived,2,N4,runtime-core,exact
体育,たいいく,N3,"{""N3"": 2}","{""community-independent"": ""N3"", ""waller-derived"": ""N3""}",openjlpt|waller|wordmaster,community-independent|waller-derived,2,N4,runtime-core,exact
退院,たいいん,N4,"{""N4"": 1}","{""waller-derived"": ""N4""}",openjlpt|waller,waller-derived,1,N3,runtime-core,exact
対応,たいおう,N1,"{""N1"": 2}","{""community-independent"": ""N1"", ""waller-derived"": ""N1""}",openjlpt|waller|wordmaster,community-independent|waller-derived,2,N2,runtime-core,exact
体温,たいおん,N3,"{""N3"": 2}","{""community-independent"": ""N3"", ""waller-derived"": ""N3""}",openjlpt|waller|wordmaster,community-independent|waller-derived,2,N2,runtime-core,exact
大家,たいか,N1,"{""N1"": 1}","{""community-independent"": ""N1""}",wordmaster,community-independent,1,N4,advanced-bundle,exact
大気,たいき,N3,"{""N3"": 2}","{""community-independent"": ""N3"", ""waller-derived"": ""N3""}",openjlpt|waller|wordmaster,community-independent|waller-derived,2,N1,runtime-core,exact
体系,たいけい,N2,"{""N2"": 2}","{""community-independent"": ""N2"", ""waller-derived"": ""N2""}",openjlpt|waller|wordmaster,community-independent|waller-derived,2,N1,runtime-core,exact
対決,たいけつ,N1,"{""N1"": 2}","{""community-independent"": ""N1"", ""waller-derived"": ""N1""}",openjlpt|waller|wordmaster,community-independent|waller-derived,2,N2,runtime-core,exact
体験,たいけん,N1,"{""N1"": 2}","{""community-independent"": ""N1"", ""waller-derived"": ""N1""}",openjlpt|waller|wordmaster,community-independent|waller-derived,2,N2,runtime-core,exact
対抗,たいこう,N1,"{""N1"": 2}","{""community-independent"": ""N1"", ""waller-derived"": ""N1""}",openjlpt|waller|wordmaster,community-independent|waller-derived,2,N2,runtime-core,exact
大使,たいし,N3,"{""N3"": 2}","{""community-independent"": ""N3"", ""waller-derived"": ""N3""}",openjlpt|waller|wordmaster,community-independent|waller-derived,2,N2,runtime-core,exact
大使館,たいしかん,N5,"{""N5"": 2}","{""community-independent"": ""N5"", ""waller-derived"": ""N5""}",openjlpt|waller|wordmaster,community-independent|waller-derived,2,N4,runtime-core,exact
大して,たいして,N2,"{""N2"": 2}","{""community-independent"": ""N2"", ""waller-derived"": ""N2""}",openjlpt|waller|wordmaster,community-independent|waller-derived,2,N1,runtime-core,exact
対処,たいしょ,N1,"{""N1"": 2}","{""community-independent"": ""N1"", ""waller-derived"": ""N1""}",openjlpt|waller|wordmaster,community-independent|waller-derived,2,N2,runtime-core,exact
対照,たいしょう,N3,"{""N2"": 1, ""N3"": 1}","{""community-independent"": ""N3"", ""waller-derived"": ""N2""}",openjlpt|waller|wordmaster,community-independent|waller-derived,2,N1,runtime-core,exact
対象,たいしょう,N3,"{""N3"": 2}","{""community-independent"": ""N3"", ""waller-derived"": ""N3""}",openjlpt|waller|wordmaster,community-independent|waller-derived,2,N2,runtime-core,exact
退職,たいしょく,N1,"{""N1"": 2}","{""community-independent"": ""N1"", ""waller-derived"": ""N1""}",openjlpt|waller|wordmaster,community-independent|waller-derived,2,N2,runtime-core,exact
退治,たいじ,N1,"{""N1"": 2}","{""community-independent"": ""N1"", ""waller-derived"": ""N1""}",openjlpt|waller|wordmaster,community-independent|waller-derived,2,N2,runtime-core,exact
大戦,たいせん,N3,"{""N3"": 2}","{""community-independent"": ""N3"", ""waller-derived"": ""N3""}",openjlpt|waller|wordmaster,community-independent|waller-derived,2,N2,runtime-core,exact
体操,たいそう,N2,"{""N2"": 2}","{""community-independent"": ""N2"", ""waller-derived"": ""N2""}",openjlpt|waller|wordmaster,community-independent|waller-derived,2,N3,runtime-core,exact
大層,たいそう,N2,"{""N2"": 2}","{""community-independent"": ""N2"", ""waller-derived"": ""N2""}",openjlpt|waller|wordmaster,community-independent|waller-derived,2,N1,runtime-core,exact
対等,たいとう,N1,"{""N1"": 2}","{""community-independent"": ""N1"", ""waller-derived"": ""N1""}",openjlpt|waller|wordmaster,community-independent|waller-derived,2,N2,runtime-core,exact
態度,たいど,N3,"{""N3"": 2}","{""community-independent"": ""N3"", ""waller-derived"": ""N3""}",openjlpt|waller|wordmaster,community-independent|waller-derived,2,N2,runtime-core,exact
大半,たいはん,N3,"{""N3"": 2}","{""community-independent"": ""N3"", ""waller-derived"": ""N3""}",openjlpt|waller|wordmaster,community-independent|waller-derived,2,N1,runtime-core,exact
対比,たいひ,N1,"{""N1"": 2}","{""community-independent"": ""N1"", ""waller-derived"": ""N1""}",openjlpt|waller|wordmaster,community-independent|waller-derived,2,N2,runtime-core,exact
台風,たいふう,N4,"{""N4"": 2}","{""community-independent"": ""N4"", ""waller-derived"": ""N4""}",openjlpt|waller|wordmaster,community-independent|waller-derived,2,N3,runtime-core,exact
大部,たいぶ,N1,"{""N1"": 2}","{""community-independent"": ""N1"", ""waller-derived"": ""N1""}",openjlpt|waller|wordmaster,community-independent|waller-derived,2,N2,runtime-core,exact
タイプ,タイプ,N4,"{""N4"": 2}","{""community-independent"": ""N4"", ""waller-derived"": ""N4""}",waller|wordmaster,community-independent|waller-derived,2,N3,runtime-core,exact
逮捕,たいほ,N3,"{""N3"": 2}","{""community-independent"": ""N3"", ""waller-derived"": ""N3""}",openjlpt|waller|wordmaster,community-independent|waller-derived,2,N1,runtime-core,exact
大木,たいぼく,N2,"{""N2"": 2}","{""community-independent"": ""N2"", ""waller-derived"": ""N2""}",openjlpt|waller|wordmaster,community-independent|waller-derived,2,N1,runtime-core,exact
タイマー,タイマー,N1,"{""N1"": 2}","{""community-independent"": ""N1"", ""waller-derived"": ""N1""}",waller|wordmaster,community-independent|waller-derived,2,N2,runtime-core,exact
タイミング,タイミング,N1,"{""N1"": 2}","{""community-independent"": ""N1"", ""waller-derived"": ""N1""}",waller|wordmaster,community-independent|waller-derived,2,N2,runtime-core,exact
タイム,タイム,N1,"{""N1"": 2}","{""community-independent"": ""N1"", ""waller-derived"": ""N1""}",waller|wordmaster,community-independent|waller-derived,2,N2,runtime-core,exact
対面,たいめん,N1,"{""N1"": 2}","{""community-independent"": ""N1"", ""waller-derived"": ""N1""}",openjlpt|waller|wordmaster,community-independent|waller-derived,2,N2,runtime-core,exact
タイヤ,タイヤ,N1,"{""N1"": 1}","{""waller-derived"": ""N1""}",waller,waller-derived,1,N2,runtime-core,exact
平ら,たいら,N3,"{""N3"": 2}","{""community-independent"": ""N3"", ""waller-derived"": ""N3""}",openjlpt|waller|wordmaster,community-independent|waller-derived,2,N2,runtime-core,exact
大陸,たいりく,N3,"{""N3"": 2}","{""community-independent"": ""N3"", ""waller-derived"": ""N3""}",openjlpt|waller|wordmaster,community-independent|waller-derived,2,N1,runtime-core,exact
体力,たいりょく,N1,"{""N1"": 2}","{""community-independent"": ""N1"", ""waller-derived"": ""N1""}",openjlpt|waller|wordmaster,community-independent|waller-derived,2,N3,runtime-core,exact
対話,たいわ,N1,"{""N1"": 2}","{""community-independent"": ""N1"", ""waller-derived"": ""N1""}",openjlpt|waller|wordmaster,community-independent|waller-derived,2,N2,runtime-core,exact
田植え,たうえ,N2,"{""N2"": 2}","{""community-independent"": ""N2"", ""waller-derived"": ""N2""}",openjlpt|waller|wordmaster,community-independent|waller-derived,2,N1,runtime-core,exact
絶える,たえる,N1,"{""N1"": 2}","{""community-independent"": ""N1"", ""waller-derived"": ""N1""}",openjlpt|waller|wordmaster,community-independent|waller-derived,2,N2,runtime-core,exact
耐える,たえる,N1,"{""N1"": 2}","{""community-independent"": ""N1"", ""waller-derived"": ""N1""}",openjlpt|waller|wordmaster,community-independent|waller-derived,2,N2,runtime-core,exact
倒す,たおす,N3,"{""N3"": 2}","{""community-independent"": ""N3"", ""waller-derived"": ""N3""}",openjlpt|waller|wordmaster,community-independent|waller-derived,2,N2,runtime-core,exact
タオル,タオル,N3,"{""N3"": 2}","{""community-independent"": ""N3"", ""waller-derived"": ""N3""}",waller|wordmaster,community-independent|waller-derived,2,N4,runtime-core,exact
高,たか,N1,"{""N1"": 1}","{""waller-derived"": ""N1""}",openjlpt|waller,waller-derived,1,N3,runtime-core,exact
高まる,たかまる,N3,"{""N1"": 1, ""N3"": 1}","{""community-independent"": ""N3"", ""waller-derived"": ""N1""}",openjlpt|waller|wordmaster,community-independent|waller-derived,2,N2,runtime-core,exact
高める,たかめる,N3,"{""N2"": 1, ""N3"": 1}","{""community-independent"": ""N3"", ""waller-derived"": ""N2""}",openjlpt|waller|wordmaster,community-independent|waller-derived,2,N2,runtime-core,exact
宝,たから,N3,"{""N3"": 2}","{""community-independent"": ""N3"", ""waller-derived"": ""N3""}",openjlpt|waller|wordmaster,community-independent|waller-derived,2,N2,runtime-core,exact
炊く,たく,N3,"{""N2"": 1, ""N3"": 1}","{""community-independent"": ""N3"", ""waller-derived"": ""N2""}",openjlpt|waller|wordmaster,community-independent|waller-derived,2,N2,advanced-bundle,exact
焚く,たく,N3,"{""N2"": 1, ""N3"": 1}","{""community-independent"": ""N3"", ""waller-derived"": ""N2""}",openjlpt|waller|wordmaster,community-independent|waller-derived,2,N2,advanced-bundle,exact
たくましい,たくましい,N1,"{""N1"": 1}","{""community-independent"": ""N1""}",wordmaster,community-independent,1,N2,runtime-core,exact
助かる,たすかる,N3,"{""N2"": 1, ""N3"": 1}","{""community-independent"": ""N3"", ""waller-derived"": ""N2""}",openjlpt|waller|wordmaster,community-independent|waller-derived,2,N2,runtime-core,exact
助け,たすけ,N1,"{""N1"": 2}","{""community-independent"": ""N1"", ""waller-derived"": ""N1""}",openjlpt|waller|wordmaster,community-independent|waller-derived,2,N3,runtime-core,exact
助ける,たすける,N3,"{""N3"": 2}","{""community-independent"": ""N3"", ""waller-derived"": ""N3""}",openjlpt|waller|wordmaster,community-independent|waller-derived,2,N4,runtime-core,exact
戦い,たたかい,N3,"{""N3"": 2}","{""community-independent"": ""N3"", ""waller-derived"": ""N3""}",openjlpt|waller|wordmaster,community-independent|waller-derived,2,N2,runtime-core,exact
戦う,たたかう,N3,"{""N3"": 2}","{""community-independent"": ""N3"", ""waller-derived"": ""N3""}",openjlpt|waller|wordmaster,community-independent|waller-derived,2,N4,runtime-core,exact
畳,たたみ,N4,"{""N4"": 2}","{""community-independent"": ""N4"", ""waller-derived"": ""N4""}",openjlpt|waller|wordmaster,community-independent|waller-derived,2,N3,runtime-core,exact
ただ,ただ,N3,"{""N3"": 1}","{""community-independent"": ""N3""}",wordmaster,community-independent,1,N5,runtime-core,exact
正しい,ただしい,N4,"{""N4"": 2}","{""community-independent"": ""N4"", ""waller-derived"": ""N4""}",openjlpt|waller|wordmaster,community-independent|waller-derived,2,N5,runtime-core,exact
立ち上がる,たちあがる,N3,"{""N3"": 2}","{""community-independent"": ""N3"", ""waller-derived"": ""N3""}",openjlpt|waller|wordmaster,community-independent|waller-derived,2,N2,runtime-core,exact
立場,たちば,N3,"{""N3"": 2}","{""community-independent"": ""N3"", ""waller-derived"": ""N3""}",openjlpt|waller|wordmaster,community-independent|waller-derived,2,N2,runtime-core,exact
忽ち,たちまち,N1,"{""N1"": 1}","{""waller-derived"": ""N1""}",openjlpt|waller,waller-derived,1,N2,advanced-bundle,exact
立ち寄る,たちよる,N1,"{""N1"": 2}","{""community-independent"": ""N1"", ""waller-derived"": ""N1""}",openjlpt|waller|wordmaster,community-independent|waller-derived,2,N2,runtime-core,exact
達成,たっせい,N1,"{""N1"": 2}","{""community-independent"": ""N1"", ""waller-derived"": ""N1""}",openjlpt|waller|wordmaster,community-independent|waller-derived,2,N2,runtime-core,exact
たっぷり,たっぷり,N3,"{""N3"": 2}","{""community-independent"": ""N3"", ""waller-derived"": ""N3""}",waller|wordmaster,community-independent|waller-derived,2,N2,runtime-core,exact
断つ,たつ,N3,"{""N3"": 1}","{""community-independent"": ""N3""}",wordmaster,community-independent,1,N1,runtime-core,exact
盾,たて,N3,"{""N1"": 1, ""N3"": 1}","{""community-independent"": ""N3"", ""waller-derived"": ""N1""}",openjlpt|waller|wordmaster,community-independent|waller-derived,2,N1,advanced-bundle,exact
縦,たて,N5,"{""N5"": 1}","{""waller-derived"": ""N5""}",openjlpt|waller,waller-derived,1,N2,runtime-core,exact
立て替える,たてかえる,N1,"{""N1"": 1}","{""community-independent"": ""N1""}",wordmaster,community-independent,1,N2,runtime-core,exact
例える,たとえる,N2,"{""N2"": 2}","{""community-independent"": ""N2"", ""waller-derived"": ""N2""}",openjlpt|waller|wordmaster,community-independent|waller-derived,2,N1,runtime-core,exact
棚,たな,N4,"{""N4"": 2}","{""community-independent"": ""N4"", ""waller-derived"": ""N4""}",openjlpt|waller|wordmaster,community-independent|waller-derived,2,N3,runtime-core,exact
他人,たにん,N3,"{""N3"": 2}","{""community-independent"": ""N3"", ""waller-derived"": ""N3""}",openjlpt|waller|wordmaster,community-independent|waller-derived,2,N4,runtime-core,exact
種,たね,N3,"{""N3"": 2}","{""community-independent"": ""N3"", ""waller-derived"": ""N3""}",openjlpt|waller|wordmaster,community-independent|waller-derived,2,N2,runtime-core,exact
楽しむ,たのしむ,N1,"{""N1"": 1}","{""waller-derived"": ""N1""}",openjlpt|waller,waller-derived,1,N4,runtime-core,exact
頼む,たのむ,N5,"{""N5"": 2}","{""community-independent"": ""N5"", ""waller-derived"": ""N5""}",openjlpt|waller|wordmaster,community-independent|waller-derived,2,N4,runtime-core,exact
たばこ,たばこ,N5,"{""N5"": 2}","{""community-independent"": ""N5"", ""waller-derived"": ""N5""}",waller|wordmaster,community-independent|waller-derived,2,N1,advanced-bundle,exact
煙草,たばこ,N1,"{""N1"": 1}","{""waller-derived"": ""N1""}",openjlpt|waller,waller-derived,1,N5,advanced-bundle,exact
束ねる,たばねる,N1,"{""N1"": 1}","{""community-independent"": ""N1""}",wordmaster,community-independent,1,N2,runtime-core,exact
足袋,たび,N3,"{""N2"": 1, ""N3"": 1}","{""community-independent"": ""N3"", ""waller-derived"": ""N2""}",openjlpt|waller|wordmaster,community-independent|waller-derived,2,N2,advanced-bundle,exact
度々,たびたび,N1,"{""N1"": 1}","{""waller-derived"": ""N1""}",openjlpt|waller,waller-derived,1,N2,runtime-core,exact
弾,たま,N3,"{""N3"": 2}","{""community-independent"": ""N3"", ""waller-derived"": ""N3""}",openjlpt|waller|wordmaster,community-independent|waller-derived,2,N1,advanced-bundle,exact
たまに,たまに,N4,"{""N4"": 2}","{""community-independent"": ""N4"", ""waller-derived"": ""N4""}",waller|wordmaster,community-independent|waller-derived,2,N5,runtime-core,exact
偶に,たまに,N1,"{""N1"": 1}","{""waller-derived"": ""N1""}",openjlpt|waller,waller-derived,1,N4,advanced-bundle,exact
たまらない,たまらない,N3,"{""N3"": 2}","{""community-independent"": ""N3"", ""waller-derived"": ""N3""}",waller|wordmaster,community-independent|waller-derived,2,N2,runtime-core,exact
堪らない,たまらない,N1,"{""N1"": 1}","{""waller-derived"": ""N1""}",openjlpt|waller,waller-derived,1,N3,advanced-bundle,exact
溜まる,たまる,N3,"{""N2"": 1, ""N3"": 1}","{""community-independent"": ""N3"", ""waller-derived"": ""N2""}",openjlpt|waller|wordmaster,community-independent|waller-derived,2,N2,advanced-bundle,exact
賜る,たまわる,N1,"{""N1"": 2}","{""community-independent"": ""N1"", ""waller-derived"": ""N1""}",openjlpt|waller|wordmaster,community-independent|waller-derived,2,N2,runtime-core,exact
試し,ためし,N3,"{""N3"": 2}","{""community-independent"": ""N3"", ""waller-derived"": ""N3""}",openjlpt|waller|wordmaster,community-independent|waller-derived,2,N2,runtime-core,exact
試す,ためす,N3,"{""N3"": 2}","{""community-independent"": ""N3"", ""waller-derived"": ""N3""}",openjlpt|waller|wordmaster,community-independent|waller-derived,2,N2,runtime-core,exact
ためらう,ためらう,N2,"{""N2"": 2}","{""community-independent"": ""N2"", ""waller-derived"": ""N2""}",waller|wordmaster,community-independent|waller-derived,2,N1,runtime-core,exact
躊躇う,ためらう,N1,"{""N1"": 1}","{""waller-derived"": ""N1""}",openjlpt|waller,waller-derived,1,N2,advanced-bundle,exact
溜める,ためる,N3,"{""N2"": 1, ""N3"": 1}","{""community-independent"": ""N3"", ""waller-derived"": ""N2""}",openjlpt|waller|wordmaster,community-independent|waller-derived,2,N2,advanced-bundle,exact
保つ,たもつ,N1,"{""N1"": 2}","{""community-independent"": ""N1"", ""waller-derived"": ""N1""}",openjlpt|waller|wordmaster,community-independent|waller-derived,2,N2,runtime-core,exact
多様,たよう,N1,"{""N1"": 2}","{""community-independent"": ""N1"", ""waller-derived"": ""N1""}",openjlpt|waller|wordmaster,community-independent|waller-derived,2,N2,runtime-core,exact
タレント,タレント,N1,"{""N1"": 2}","{""community-independent"": ""N1"", ""waller-derived"": ""N1""}",waller|wordmaster,community-independent|waller-derived,2,N2,runtime-core,exact
短気,たんき,N1,"{""N1"": 2}","{""community-independent"": ""N1"", ""waller-derived"": ""N1""}",openjlpt|waller|wordmaster,community-independent|waller-derived,2,N3,runtime-core,exact
短縮,たんしゅく,N1,"{""N1"": 2}","{""community-independent"": ""N1"", ""waller-derived"": ""N1""}",openjlpt|waller|wordmaster,community-independent|waller-derived,2,N2,runtime-core,exact
誕生,たんじょう,N3,"{""N3"": 2}","{""community-independent"": ""N3"", ""waller-derived"": ""N3""}",openjlpt|waller|wordmaster,community-independent|waller-derived,2,N4,runtime-core,exact
たんす,たんす,N2,"{""N2"": 2}","{""community-independent"": ""N2"", ""waller-derived"": ""N2""}",waller|wordmaster,community-independent|waller-derived,2,N3,runtime-core,exact
箪笥,たんす,N1,"{""N1"": 1}","{""waller-derived"": ""N1""}",openjlpt|waller,waller-derived,1,N2,advanced-bundle,exact
単調,たんちょう,N1,"{""N1"": 2}","{""community-independent"": ""N1"", ""waller-derived"": ""N1""}",openjlpt|waller|wordmaster,community-independent|waller-derived,2,N2,runtime-core,exact
単なる,たんなる,N3,"{""N3"": 2}","{""community-independent"": ""N3"", ""waller-derived"": ""N3""}",openjlpt|waller|wordmaster,community-independent|waller-derived,2,N2,runtime-core,exact
短編,たんぺん,N2,"{""N2"": 2}","{""community-independent"": ""N2"", ""waller-derived"": ""N2""}",openjlpt|waller|wordmaster,community-independent|waller-derived,2,N1,runtime-core,exact
台,だい,N3,"{""N3"": 1}","{""waller-derived"": ""N3""}",openjlpt|waller,waller-derived,1,N4,runtime-core,exact
大,だい,N3,"{""N3"": 2}","{""community-independent"": ""N3"", ""waller-derived"": ""N3""}",waller|wordmaster,community-independent|waller-derived,2,N4,runtime-core,exact
題,だい,N3,"{""N3"": 2}","{""community-independent"": ""N3"", ""waller-derived"": ""N3""}",openjlpt|waller|wordmaster,community-independent|waller-derived,2,N2,runtime-core,exact
第一,だいいち,N2,"{""N2"": 1}","{""waller-derived"": ""N2""}",openjlpt|waller,waller-derived,1,N4,runtime-core,exact
大学院,だいがくいん,N2,"{""N2"": 2}","{""community-independent"": ""N2"", ""waller-derived"": ""N2""}",openjlpt|waller|wordmaster,community-independent|waller-derived,2,N4,runtime-core,exact
大学生,だいがくせい,N4,"{""N4"": 2}","{""community-independent"": ""N4"", ""waller-derived"": ""N4""}",openjlpt|waller|wordmaster,community-independent|waller-derived,2,N5,runtime-core,exact
大工,だいく,N2,"{""N2"": 2}","{""community-independent"": ""N2"", ""waller-derived"": ""N2""}",openjlpt|waller|wordmaster,community-independent|waller-derived,2,N1,runtime-core,exact
大小,だいしょう,N2,"{""N2"": 2}","{""community-independent"": ""N2"", ""waller-derived"": ""N2""}",openjlpt|waller|wordmaster,community-independent|waller-derived,2,N3,runtime-core,exact
大臣,だいじん,N3,"{""N3"": 2}","{""community-independent"": ""N3"", ""waller-derived"": ""N3""}",openjlpt|waller|wordmaster,community-independent|waller-derived,2,N2,runtime-core,exact
大胆,だいたん,N1,"{""N1"": 2}","{""community-independent"": ""N1"", ""waller-derived"": ""N1""}",openjlpt|waller|wordmaster,community-independent|waller-derived,2,N2,runtime-core,exact
台無し,だいなし,N1,"{""N1"": 2}","{""community-independent"": ""N1"", ""waller-derived"": ""N1""}",openjlpt|waller|wordmaster,community-independent|waller-derived,2,N2,runtime-core,exact
題名,だいめい,N3,"{""N2"": 1, ""N3"": 1}","{""community-independent"": ""N3"", ""waller-derived"": ""N2""}",openjlpt|waller|wordmaster,community-independent|waller-derived,2,N2,runtime-core,exact
代理,だいり,N3,"{""N3"": 2}","{""community-independent"": ""N3"", ""waller-derived"": ""N3""}",openjlpt|waller|wordmaster,community-independent|waller-derived,2,N2,runtime-core,exact
ダウン,ダウン,N3,"{""N1"": 1, ""N3"": 1}","{""community-independent"": ""N3"", ""waller-derived"": ""N1""}",waller|wordmaster,community-independent|waller-derived,2,N2,runtime-core,exact
だから,だから,N4,"{""N4"": 2}","{""community-independent"": ""N4"", ""waller-derived"": ""N4""}",openjlpt|waller|wordmaster,community-independent|waller-derived,2,N5,runtime-core,exact
だけど,だけど,N3,"{""N3"": 2}","{""community-independent"": ""N3"", ""waller-derived"": ""N3""}",waller|wordmaster,community-independent|waller-derived,2,N4,runtime-core,exact
抱っこ,だっこ,N1,"{""N1"": 1}","{""community-independent"": ""N1""}",wordmaster,community-independent,1,N2,runtime-core,exact
脱出,だっしゅつ,N1,"{""N1"": 2}","{""community-independent"": ""N1"", ""waller-derived"": ""N1""}",openjlpt|waller|wordmaster,community-independent|waller-derived,2,N2,runtime-core,exact
だったら,だったら,N1,"{""N1"": 1}","{""community-independent"": ""N1""}",wordmaster,community-independent,1,N4,runtime-core,exact
だって,だって,N3,"{""N3"": 2}","{""community-independent"": ""N3"", ""waller-derived"": ""N3""}",waller|wordmaster,community-independent|waller-derived,2,N4,runtime-core,exact
だぶだぶ,だぶだぶ,N1,"{""N1"": 2}","{""community-independent"": ""N1"", ""waller-derived"": ""N1""}",waller|wordmaster,community-independent|waller-derived,2,N3,runtime-core,exact
ダブル,ダブル,N2,"{""N2"": 2}","{""community-independent"": ""N2"", ""waller-derived"": ""N2""}",waller|wordmaster,community-independent|waller-derived,2,N1,runtime-core,exact
だます,だます,N2,"{""N2"": 1}","{""waller-derived"": ""N2""}",waller,waller-derived,1,N1,runtime-core,exact
騙す,だます,N3,"{""N1"": 1, ""N3"": 1}","{""community-independent"": ""N3"", ""waller-derived"": ""N1""}",openjlpt|waller|wordmaster,community-independent|waller-derived,2,N2,advanced-bundle,exact
駄目,だめ,N3,"{""N3"": 1}","{""waller-derived"": ""N3""}",openjlpt|waller,waller-derived,1,N4,advanced-bundle,exact
だらしない,だらしない,N2,"{""N2"": 2}","{""community-independent"": ""N2"", ""waller-derived"": ""N2""}",waller|wordmaster,community-independent|waller-derived,2,N3,runtime-core,exact
だるい,だるい,N1,"{""N1"": 1}","{""community-independent"": ""N1""}",wordmaster,community-independent,1,N3,runtime-core,exact
誰か,だれか,N5,"{""N5"": 2}","{""community-independent"": ""N5"", ""waller-derived"": ""N5""}",openjlpt|waller|wordmaster,community-independent|waller-derived,2,N4,runtime-core,exact
団結,だんけつ,N1,"{""N1"": 2}","{""community-independent"": ""N1"", ""waller-derived"": ""N1""}",openjlpt|waller|wordmaster,community-independent|waller-derived,2,N2,runtime-core,exact
ダンス,ダンス,N3,"{""N3"": 2}","{""community-independent"": ""N3"", ""waller-derived"": ""N3""}",waller|wordmaster,community-independent|waller-derived,2,N5,runtime-core,exact
断水,だんすい,N2,"{""N2"": 2}","{""community-independent"": ""N2"", ""waller-derived"": ""N2""}",openjlpt|waller|wordmaster,community-independent|waller-derived,2,N1,runtime-core,exact
男性,だんせい,N4,"{""N4"": 2}","{""community-independent"": ""N4"", ""waller-derived"": ""N4""}",openjlpt|waller|wordmaster,community-independent|waller-derived,2,N5,runtime-core,exact
断然,だんぜん,N1,"{""N1"": 2}","{""community-independent"": ""N1"", ""waller-derived"": ""N1""}",openjlpt|waller|wordmaster,community-independent|waller-derived,2,N2,runtime-core,exact
段々,だんだん,N5,"{""N1"": 1, ""N5"": 1}","{""community-independent"": ""N5"", ""waller-derived"": ""N1""}",openjlpt|waller|wordmaster,community-independent|waller-derived,2,N1,advanced-bundle,exact
団地,だんち,N2,"{""N2"": 2}","{""community-independent"": ""N2"", ""waller-derived"": ""N2""}",openjlpt|waller|wordmaster,community-independent|waller-derived,2,N1,runtime-core,exact
断定,だんてい,N2,"{""N2"": 2}","{""community-independent"": ""N2"", ""waller-derived"": ""N2""}",openjlpt|waller|wordmaster,community-independent|waller-derived,2,N1,runtime-core,exact
暖房,だんぼう,N4,"{""N4"": 2}","{""community-independent"": ""N4"", ""waller-derived"": ""N4""}",openjlpt|waller|wordmaster,community-independent|waller-derived,2,N3,runtime-core,exact
地,ち,N3,"{""N3"": 2}","{""community-independent"": ""N3"", ""waller-derived"": ""N3""}",openjlpt|waller|wordmaster,community-independent|waller-derived,2,N4,runtime-core,exact
地位,ちい,N3,"{""N3"": 2}","{""community-independent"": ""N3"", ""waller-derived"": ""N3""}",openjlpt|waller|wordmaster,community-independent|waller-derived,2,N2,runtime-core,exact
地域,ちいき,N3,"{""N3"": 2}","{""community-independent"": ""N3"", ""waller-derived"": ""N3""}",openjlpt|waller|wordmaster,community-independent|waller-derived,2,N2,runtime-core,exact
チェンジ,チェンジ,N1,"{""N1"": 2}","{""community-independent"": ""N1"", ""waller-derived"": ""N1""}",waller|wordmaster,community-independent|waller-derived,2,N3,runtime-core,exact
知恵,ちえ,N3,"{""N3"": 2}","{""community-independent"": ""N3"", ""waller-derived"": ""N3""}",openjlpt|waller|wordmaster,community-independent|waller-derived,2,N2,runtime-core,exact
誓う,ちかう,N2,"{""N2"": 2}","{""community-independent"": ""N2"", ""waller-derived"": ""N2""}",openjlpt|waller|wordmaster,community-independent|waller-derived,2,N1,runtime-core,exact
近頃,ちかごろ,N3,"{""N3"": 2}","{""community-independent"": ""N3"", ""waller-derived"": ""N3""}",openjlpt|waller|wordmaster,community-independent|waller-derived,2,N2,runtime-core,exact
近々,ちかぢか,N2,"{""N2"": 2}","{""community-independent"": ""N2"", ""waller-derived"": ""N2""}",openjlpt|waller|wordmaster,community-independent|waller-derived,2,N1,runtime-core,exact
近寄る,ちかよる,N2,"{""N2"": 2}","{""community-independent"": ""N2"", ""waller-derived"": ""N2""}",openjlpt|waller|wordmaster,community-independent|waller-derived,2,N1,runtime-core,exact
違い,ちがい,N3,"{""N3"": 2}","{""community-independent"": ""N3"", ""waller-derived"": ""N3""}",openjlpt|waller|wordmaster,community-independent|waller-derived,2,N4,runtime-core,exact
違う,ちがう,N5,"{""N5"": 2}","{""community-independent"": ""N5"", ""waller-derived"": ""N5""}",openjlpt|waller|wordmaster,community-independent|waller-derived,2,N4,runtime-core,exact
ちぎる,ちぎる,N2,"{""N2"": 1}","{""community-independent"": ""N2""}",wordmaster,community-independent,1,N1,advanced-bundle,exact
地区,ちく,N3,"{""N3"": 2}","{""community-independent"": ""N3"", ""waller-derived"": ""N3""}",openjlpt|waller|wordmaster,community-independent|waller-derived,2,N1,runtime-core,exact
蓄積,ちくせき,N1,"{""N1"": 2}","{""community-independent"": ""N1"", ""waller-derived"": ""N1""}",openjlpt|waller|wordmaster,community-independent|waller-derived,2,N2,runtime-core,exact
遅刻,ちこく,N3,"{""N3"": 2}","{""community-independent"": ""N3"", ""waller-derived"": ""N3""}",openjlpt|waller|wordmaster,community-independent|waller-derived,2,N4,runtime-core,exact
地質,ちしつ,N2,"{""N2"": 2}","{""community-independent"": ""N2"", ""waller-derived"": ""N2""}",openjlpt|waller|wordmaster,community-independent|waller-derived,2,N1,runtime-core,exact
知事,ちじ,N3,"{""N3"": 2}","{""community-independent"": ""N3"", ""waller-derived"": ""N3""}",openjlpt|waller|wordmaster,community-independent|waller-derived,2,N1,runtime-core,exact
父親,ちちおや,N3,"{""N3"": 2}","{""community-independent"": ""N3"", ""waller-derived"": ""N3""}",openjlpt|waller|wordmaster,community-independent|waller-derived,2,N4,runtime-core,exact
ちっとも,ちっとも,N4,"{""N4"": 2}","{""community-independent"": ""N4"", ""waller-derived"": ""N4""}",waller|wordmaster,community-independent|waller-derived,2,N3,runtime-core,exact
チップ,チップ,N2,"{""N2"": 2}","{""community-independent"": ""N2"", ""waller-derived"": ""N2""}",waller|wordmaster,community-independent|waller-derived,2,N4,runtime-core,exact
秩序,ちつじょ,N1,"{""N1"": 2}","{""community-independent"": ""N1"", ""waller-derived"": ""N1""}",openjlpt|waller|wordmaster,community-independent|waller-derived,2,N2,runtime-core,exact
知的,ちてき,N1,"{""N1"": 2}","{""community-independent"": ""N1"", ""waller-derived"": ""N1""}",openjlpt|waller|wordmaster,community-independent|waller-derived,2,N2,runtime-core,exact
知能,ちのう,N3,"{""N3"": 2}","{""community-independent"": ""N3"", ""waller-derived"": ""N3""}",openjlpt|waller|wordmaster,community-independent|waller-derived,2,N2,runtime-core,exact
地方,ちほう,N3,"{""N3"": 2}","{""community-independent"": ""N3"", ""waller-derived"": ""N3""}",openjlpt|waller|wordmaster,community-independent|waller-derived,2,N2,runtime-core,exact
チャイム,チャイム,N3,"{""N1"": 1, ""N3"": 1}","{""community-independent"": ""N3"", ""waller-derived"": ""N1""}",waller|wordmaster,community-independent|waller-derived,2,N1,runtime-core,exact
茶色い,ちゃいろい,N2,"{""N2"": 2}","{""community-independent"": ""N2"", ""waller-derived"": ""N2""}",waller|wordmaster,community-independent|waller-derived,2,N5,runtime-core,exact
着,ちゃく,N1,"{""N1"": 1}","{""waller-derived"": ""N1""}",openjlpt|waller,waller-derived,1,N2,runtime-core,exact
チャンス,チャンス,N3,"{""N3"": 2}","{""community-independent"": ""N3"", ""waller-derived"": ""N3""}",waller|wordmaster,community-independent|waller-derived,2,N4,runtime-core,exact
ちゃんと,ちゃんと,N3,"{""N3"": 2}","{""community-independent"": ""N3"", ""waller-derived"": ""N3""}",waller|wordmaster,community-independent|waller-derived,2,N4,runtime-core,exact
中,ちゅう,N3,"{""N3"": 2}","{""community-independent"": ""N3"", ""waller-derived"": ""N3""}",openjlpt|waller|wordmaster,community-independent|waller-derived,2,N5,runtime-core,exact
中央,ちゅうおう,N3,"{""N3"": 2}","{""community-independent"": ""N3"", ""waller-derived"": ""N3""}",openjlpt|waller|wordmaster,community-independent|waller-derived,2,N2,runtime-core,exact
中間,ちゅうかん,N2,"{""N2"": 2}","{""community-independent"": ""N2"", ""waller-derived"": ""N2""}",openjlpt|waller|wordmaster,community-independent|waller-derived,2,N3,runtime-core,exact
中学,ちゅうがく,N3,"{""N3"": 2}","{""community-independent"": ""N3"", ""waller-derived"": ""N3""}",openjlpt|waller|wordmaster,community-independent|waller-derived,2,N4,runtime-core,exact
中学校,ちゅうがっこう,N4,"{""N4"": 2}","{""community-independent"": ""N4"", ""waller-derived"": ""N4""}",openjlpt|waller|wordmaster,community-independent|waller-derived,2,N5,runtime-core,exact
中継,ちゅうけい,N1,"{""N1"": 2}","{""community-independent"": ""N1"", ""waller-derived"": ""N1""}",openjlpt|waller|wordmaster,community-independent|waller-derived,2,N2,runtime-core,exact
駐車場,ちゅうしゃじょう,N4,"{""N4"": 2}","{""community-independent"": ""N4"", ""waller-derived"": ""N4""}",openjlpt|waller|wordmaster,community-independent|waller-derived,2,N3,runtime-core,exact
中心,ちゅうしん,N3,"{""N3"": 2}","{""community-independent"": ""N3"", ""waller-derived"": ""N3""}",openjlpt|waller|wordmaster,community-independent|waller-derived,2,N4,runtime-core,exact
中旬,ちゅうじゅん,N2,"{""N2"": 2}","{""community-independent"": ""N2"", ""waller-derived"": ""N2""}",openjlpt|waller|wordmaster,community-independent|waller-derived,2,N3,runtime-core,exact
中世,ちゅうせい,N2,"{""N2"": 2}","{""community-independent"": ""N2"", ""waller-derived"": ""N2""}",openjlpt|waller|wordmaster,community-independent|waller-derived,2,N1,runtime-core,exact
抽選,ちゅうせん,N1,"{""N1"": 2}","{""community-independent"": ""N1"", ""waller-derived"": ""N1""}",openjlpt|waller|wordmaster,community-independent|waller-derived,2,N2,runtime-core,exact
中断,ちゅうだん,N1,"{""N1"": 2}","{""community-independent"": ""N1"", ""waller-derived"": ""N1""}",openjlpt|waller|wordmaster,community-independent|waller-derived,2,N2,runtime-core,exact
中途,ちゅうと,N2,"{""N2"": 2}","{""community-independent"": ""N2"", ""waller-derived"": ""N2""}",openjlpt|waller|wordmaster,community-independent|waller-derived,2,N1,runtime-core,exact
中年,ちゅうねん,N2,"{""N2"": 2}","{""community-independent"": ""N2"", ""waller-derived"": ""N2""}",openjlpt|waller|wordmaster,community-independent|waller-derived,2,N1,runtime-core,exact
中腹,ちゅうふく,N1,"{""N1"": 1}","{""community-independent"": ""N1""}",wordmaster,community-independent,1,N2,advanced-bundle,exact
注目,ちゅうもく,N3,"{""N3"": 2}","{""community-independent"": ""N3"", ""waller-derived"": ""N3""}",openjlpt|waller|wordmaster,community-independent|waller-derived,2,N2,runtime-core,exact
腸,ちょう,N1,"{""N1"": 2}","{""community-independent"": ""N1"", ""waller-derived"": ""N1""}",openjlpt|waller|wordmaster,community-independent|waller-derived,2,N2,runtime-core,exact
長期,ちょうき,N3,"{""N3"": 2}","{""community-independent"": ""N3"", ""waller-derived"": ""N3""}",openjlpt|waller|wordmaster,community-independent|waller-derived,2,N2,runtime-core,exact
調子,ちょうし,N3,"{""N3"": 2}","{""community-independent"": ""N3"", ""waller-derived"": ""N3""}",openjlpt|waller|wordmaster,community-independent|waller-derived,2,N4,runtime-core,exact
頂上,ちょうじょう,N3,"{""N3"": 2}","{""community-independent"": ""N3"", ""waller-derived"": ""N3""}",openjlpt|waller|wordmaster,community-independent|waller-derived,2,N2,runtime-core,exact
挑戦,ちょうせん,N3,"{""N1"": 1, ""N3"": 1}","{""community-independent"": ""N3"", ""waller-derived"": ""N1""}",openjlpt|waller|wordmaster,community-independent|waller-derived,2,N1,runtime-core,exact
頂戴,ちょうだい,N3,"{""N3"": 1}","{""waller-derived"": ""N3""}",waller,waller-derived,1,N1,runtime-core,exact
長編,ちょうへん,N1,"{""N1"": 2}","{""community-independent"": ""N1"", ""waller-derived"": ""N1""}",openjlpt|waller|wordmaster,community-independent|waller-derived,2,N2,runtime-core,exact
調味料,ちょうみりょう,N2,"{""N2"": 2}","{""community-independent"": ""N2"", ""waller-derived"": ""N2""}",openjlpt|waller|wordmaster,community-independent|waller-derived,2,N3,runtime-core,exact
調理,ちょうり,N1,"{""N1"": 2}","{""community-independent"": ""N1"", ""waller-derived"": ""N1""}",openjlpt|waller|wordmaster,community-independent|waller-derived,2,N2,runtime-core,exact
貯金,ちょきん,N3,"{""N3"": 2}","{""community-independent"": ""N3"", ""waller-derived"": ""N3""}",openjlpt|waller|wordmaster,community-independent|waller-derived,2,N4,runtime-core,exact
直後,ちょくご,N2,"{""N2"": 2}","{""community-independent"": ""N2"", ""waller-derived"": ""N2""}",openjlpt|waller|wordmaster,community-independent|waller-derived,2,N3,runtime-core,exact
直接,ちょくせつ,N3,"{""N3"": 2}","{""community-independent"": ""N3"", ""waller-derived"": ""N3""}",openjlpt|waller|wordmaster,community-independent|waller-derived,2,N4,runtime-core,exact
直線,ちょくせん,N2,"{""N2"": 2}","{""community-independent"": ""N2"", ""waller-derived"": ""N2""}",openjlpt|waller|wordmaster,community-independent|waller-derived,2,N1,runtime-core,exact
直前,ちょくぜん,N2,"{""N2"": 2}","{""community-independent"": ""N2"", ""waller-derived"": ""N2""}",openjlpt|waller|wordmaster,community-independent|waller-derived,2,N3,runtime-core,exact
著者,ちょしゃ,N3,"{""N3"": 2}","{""community-independent"": ""N3"", ""waller-derived"": ""N3""}",openjlpt|waller|wordmaster,community-independent|waller-derived,2,N2,runtime-core,exact
貯蔵,ちょぞう,N2,"{""N2"": 2}","{""community-independent"": ""N2"", ""waller-derived"": ""N2""}",openjlpt|waller|wordmaster,community-independent|waller-derived,2,N1,runtime-core,exact
散らす,ちらす,N3,"{""N2"": 1, ""N3"": 1}","{""community-independent"": ""N3"", ""waller-derived"": ""N2""}",openjlpt|waller|wordmaster,community-independent|waller-derived,2,N2,advanced-bundle,exact
地理,ちり,N4,"{""N4"": 2}","{""community-independent"": ""N4"", ""waller-derived"": ""N4""}",openjlpt|waller|wordmaster,community-independent|waller-derived,2,N1,runtime-core,exact
治療,ちりょう,N3,"{""N1"": 1, ""N3"": 1}","{""community-independent"": ""N3"", ""waller-derived"": ""N1""}",openjlpt|waller|wordmaster,community-independent|waller-derived,2,N2,runtime-core,exact
散る,ちる,N3,"{""N2"": 1, ""N3"": 1}","{""community-independent"": ""N3"", ""waller-derived"": ""N2""}",openjlpt|waller|wordmaster,community-independent|waller-derived,2,N2,runtime-core,exact
チーズ,チーズ,N3,"{""N3"": 2}","{""community-independent"": ""N3"", ""waller-derived"": ""N3""}",waller|wordmaster,community-independent|waller-derived,2,N4,runtime-core,exact
追及,ついきゅう,N1,"{""N1"": 2}","{""community-independent"": ""N1"", ""waller-derived"": ""N1""}",openjlpt|waller|wordmaster,community-independent|waller-derived,2,N2,runtime-core,exact
ついで,ついで,N2,"{""N2"": 1}","{""community-independent"": ""N2""}",wordmaster,community-independent,1,N1,advanced-bundle,exact
費やす,ついやす,N1,"{""N1"": 2}","{""community-independent"": ""N1"", ""waller-derived"": ""N1""}",openjlpt|waller|wordmaster,community-independent|waller-derived,2,N2,runtime-core,exact
通貨,つうか,N3,"{""N2"": 1, ""N3"": 1}","{""community-independent"": ""N3"", ""waller-derived"": ""N2""}",openjlpt|waller|wordmaster,community-independent|waller-derived,2,N2,advanced-bundle,exact
通過,つうか,N3,"{""N3"": 2}","{""community-independent"": ""N3"", ""waller-derived"": ""N3""}",openjlpt|waller|wordmaster,community-independent|waller-derived,2,N2,runtime-core,exact
通信,つうしん,N3,"{""N3"": 2}","{""community-independent"": ""N3"", ""waller-derived"": ""N3""}",openjlpt|waller|wordmaster,community-independent|waller-derived,2,N2,runtime-core,exact
通常,つうじょう,N1,"{""N1"": 2}","{""community-independent"": ""N1"", ""waller-derived"": ""N1""}",openjlpt|waller|wordmaster,community-independent|waller-derived,2,N2,runtime-core,exact
通じる,つうじる,N3,"{""N3"": 2}","{""community-independent"": ""N3"", ""waller-derived"": ""N3""}",openjlpt|waller|wordmaster,community-independent|waller-derived,2,N1,runtime-core,exact
通知,つうち,N2,"{""N2"": 2}","{""community-independent"": ""N2"", ""waller-derived"": ""N2""}",openjlpt|waller|wordmaster,community-independent|waller-derived,2,N3,runtime-core,exact
通帳,つうちょう,N2,"{""N2"": 2}","{""community-independent"": ""N2"", ""waller-derived"": ""N2""}",openjlpt|waller|wordmaster,community-independent|waller-derived,2,N3,runtime-core,exact
捕まえる,つかまえる,N4,"{""N4"": 2}","{""community-independent"": ""N4"", ""waller-derived"": ""N4""}",openjlpt|waller|wordmaster,community-independent|waller-derived,2,N3,runtime-core,exact
捕まる,つかまる,N3,"{""N3"": 2}","{""community-independent"": ""N3"", ""waller-derived"": ""N3""}",openjlpt|waller|wordmaster,community-independent|waller-derived,2,N1,runtime-core,exact
付き,つき,N1,"{""N1"": 1}","{""waller-derived"": ""N1""}",openjlpt|waller,waller-derived,1,N3,runtime-core,exact
月,つき,N4,"{""N4"": 2}","{""community-independent"": ""N4"", ""waller-derived"": ""N4""}",openjlpt|waller|wordmaster,community-independent|waller-derived,2,N5,runtime-core,exact
付き合う,つきあう,N1,"{""N1"": 1}","{""waller-derived"": ""N1""}",openjlpt|waller,waller-derived,1,N3,runtime-core,exact
尽きる,つきる,N1,"{""N1"": 2}","{""community-independent"": ""N1"", ""waller-derived"": ""N1""}",openjlpt|waller|wordmaster,community-independent|waller-derived,2,N2,runtime-core,exact
付く,つく,N4,"{""N3"": 1, ""N4"": 1}","{""community-independent"": ""N3"", ""waller-derived"": ""N4""}",openjlpt|waller|wordmaster,community-independent|waller-derived,2,N5,runtime-core,exact
就く,つく,N3,"{""N3"": 2}","{""community-independent"": ""N3"", ""waller-derived"": ""N3""}",openjlpt|waller|wordmaster,community-independent|waller-derived,2,N2,runtime-core,exact
突く,つく,N3,"{""N2"": 1, ""N3"": 1}","{""community-independent"": ""N3"", ""waller-derived"": ""N2""}",openjlpt|waller|wordmaster,community-independent|waller-derived,2,N2,advanced-bundle,exact
尽くす,つくす,N1,"{""N1"": 2}","{""community-independent"": ""N1"", ""waller-derived"": ""N1""}",openjlpt|waller|wordmaster,community-independent|waller-derived,2,N2,runtime-core,exact
つくづく,つくづく,N1,"{""N1"": 1}","{""community-independent"": ""N1""}",wordmaster,community-independent,1,N2,runtime-core,exact
作り,つくり,N1,"{""N1"": 2}","{""community-independent"": ""N1"", ""waller-derived"": ""N1""}",openjlpt|waller|wordmaster,community-independent|waller-derived,2,N3,runtime-core,exact
接ぐ,つぐ,N3,"{""N1"": 1, ""N3"": 1}","{""community-independent"": ""N3"", ""waller-derived"": ""N1""}",openjlpt|waller|wordmaster,community-independent|waller-derived,2,N1,advanced-bundle,exact
次ぐ,つぐ,N3,"{""N2"": 1, ""N3"": 1}","{""community-independent"": ""N3"", ""waller-derived"": ""N2""}",openjlpt|waller|wordmaster,community-independent|waller-derived,2,N2,runtime-core,exact
継ぐ,つぐ,N3,"{""N1"": 1, ""N3"": 1}","{""community-independent"": ""N3"", ""waller-derived"": ""N1""}",openjlpt|waller|wordmaster,community-independent|waller-derived,2,N2,runtime-core,exact
付け加える,つけくわえる,N1,"{""N1"": 2}","{""community-independent"": ""N1"", ""waller-derived"": ""N1""}",openjlpt|waller|wordmaster,community-independent|waller-derived,2,N2,runtime-core,exact
漬ける,つける,N4,"{""N4"": 2}","{""community-independent"": ""N4"", ""waller-derived"": ""N4""}",openjlpt|waller|wordmaster,community-independent|waller-derived,2,N2,runtime-core,exact
着ける,つける,N3,"{""N2"": 1, ""N3"": 1}","{""community-independent"": ""N3"", ""waller-derived"": ""N2""}",openjlpt|waller|wordmaster,community-independent|waller-derived,2,N1,advanced-bundle,exact
土,つち,N3,"{""N3"": 2}","{""community-independent"": ""N3"", ""waller-derived"": ""N3""}",openjlpt|waller|wordmaster,community-independent|waller-derived,2,N4,runtime-core,exact
突っ込む,つっこむ,N2,"{""N2"": 2}","{""community-independent"": ""N2"", ""waller-derived"": ""N2""}",openjlpt|waller|wordmaster,community-independent|waller-derived,2,N1,runtime-core,exact
務め,つとめ,N3,"{""N3"": 2}","{""community-independent"": ""N3"", ""waller-derived"": ""N3""}",openjlpt|waller|wordmaster,community-independent|waller-derived,2,N2,runtime-core,exact
努めて,つとめて,N1,"{""N1"": 2}","{""community-independent"": ""N1"", ""waller-derived"": ""N1""}",openjlpt|waller|wordmaster,community-independent|waller-derived,2,N2,runtime-core,exact
勤める,つとめる,N5,"{""N5"": 2}","{""community-independent"": ""N5"", ""waller-derived"": ""N5""}",openjlpt|waller|wordmaster,community-independent|waller-derived,2,N3,runtime-core,exact
繋がる,つながる,N3,"{""N2"": 1, ""N3"": 1}","{""community-independent"": ""N3"", ""waller-derived"": ""N2""}",openjlpt|waller|wordmaster,community-independent|waller-derived,2,N2,advanced-bundle,exact
繋げる,つなげる,N3,"{""N2"": 1, ""N3"": 1}","{""community-independent"": ""N3"", ""waller-derived"": ""N2""}",openjlpt|waller|wordmaster,community-independent|waller-derived,2,N2,advanced-bundle,exact
翼,つばさ,N3,"{""N3"": 2}","{""community-independent"": ""N3"", ""waller-derived"": ""N3""}",openjlpt|waller|wordmaster,community-independent|waller-derived,2,N2,runtime-core,exact
粒,つぶ,N2,"{""N2"": 2}","{""community-independent"": ""N2"", ""waller-derived"": ""N2""}",openjlpt|waller|wordmaster,community-independent|waller-derived,2,N1,runtime-core,exact
妻,つま,N4,"{""N4"": 2}","{""community-independent"": ""N4"", ""waller-derived"": ""N4""}",openjlpt|waller|wordmaster,community-independent|waller-derived,2,N5,runtime-core,exact
つまずく,つまずく,N2,"{""N2"": 2}","{""community-independent"": ""N2"", ""waller-derived"": ""N2""}",waller|wordmaster,community-independent|waller-derived,2,N1,runtime-core,exact
躓く,つまずく,N1,"{""N1"": 1}","{""waller-derived"": ""N1""}",openjlpt|waller,waller-derived,1,N2,advanced-bundle,exact
詰らない,つまらない,N1,"{""N1"": 1}","{""waller-derived"": ""N1""}",openjlpt|waller,waller-derived,1,N5,advanced-bundle,exact
詰まり,つまり,N1,"{""N1"": 1}","{""waller-derived"": ""N1""}",openjlpt|waller,waller-derived,1,N3,advanced-bundle,exact
詰まる,つまる,N2,"{""N2"": 2}","{""community-independent"": ""N2"", ""waller-derived"": ""N2""}",openjlpt|waller|wordmaster,community-independent|waller-derived,2,N3,runtime-core,exact
罪,つみ,N3,"{""N3"": 2}","{""community-independent"": ""N3"", ""waller-derived"": ""N3""}",openjlpt|waller|wordmaster,community-independent|waller-derived,2,N1,runtime-core,exact
摘む,つむ,N3,"{""N3"": 1}","{""community-independent"": ""N3""}",wordmaster,community-independent,1,N1,advanced-bundle,exact
積む,つむ,N3,"{""N2"": 1, ""N3"": 1}","{""community-independent"": ""N3"", ""waller-derived"": ""N2""}",openjlpt|waller|wordmaster,community-independent|waller-derived,2,N2,runtime-core,exact
爪,つめ,N2,"{""N2"": 2}","{""community-independent"": ""N2"", ""waller-derived"": ""N2""}",openjlpt|waller|wordmaster,community-independent|waller-derived,2,N1,runtime-core,exact
積もる,つもる,N3,"{""N3"": 2}","{""community-independent"": ""N3"", ""waller-derived"": ""N3""}",openjlpt|waller|wordmaster,community-independent|waller-derived,2,N2,runtime-core,exact
露,つゆ,N3,"{""N1"": 1, ""N3"": 1}","{""community-independent"": ""N3"", ""waller-derived"": ""N1""}",openjlpt|waller|wordmaster,community-independent|waller-derived,2,N1,runtime-core,exact
強まる,つよまる,N3,"{""N1"": 1, ""N3"": 1}","{""community-independent"": ""N3"", ""waller-derived"": ""N1""}",openjlpt|waller|wordmaster,community-independent|waller-derived,2,N1,runtime-core,exact
強める,つよめる,N3,"{""N1"": 1, ""N3"": 1}","{""community-independent"": ""N3"", ""waller-derived"": ""N1""}",openjlpt|waller|wordmaster,community-independent|waller-derived,2,N2,runtime-core,exact
釣り,つり,N1,"{""N1"": 1}","{""waller-derived"": ""N1""}",openjlpt|waller,waller-derived,1,N3,runtime-core,exact
釣る,つる,N4,"{""N4"": 2}","{""community-independent"": ""N4"", ""waller-derived"": ""N4""}",openjlpt|waller|wordmaster,community-independent|waller-derived,2,N2,runtime-core,exact
吊す,つるす,N2,"{""N2"": 2}","{""community-independent"": ""N2"", ""waller-derived"": ""N2""}",openjlpt|waller|wordmaster,community-independent|waller-derived,2,N1,advanced-bundle,exact
吊るす,つるす,N1,"{""N1"": 1}","{""waller-derived"": ""N1""}",openjlpt|waller,waller-derived,1,N2,advanced-bundle,exact
連れる,つれる,N4,"{""N4"": 2}","{""community-independent"": ""N4"", ""waller-derived"": ""N4""}",openjlpt|waller|wordmaster,community-independent|waller-derived,2,N3,runtime-core,exact
手当て,てあて,N1,"{""N1"": 1}","{""waller-derived"": ""N1""}",openjlpt|waller,waller-derived,1,N2,runtime-core,exact
手洗い,てあらい,N2,"{""N2"": 2}","{""community-independent"": ""N2"", ""waller-derived"": ""N2""}",openjlpt|waller|wordmaster,community-independent|waller-derived,2,N4,runtime-core,exact
提案,ていあん,N3,"{""N3"": 2}","{""community-independent"": ""N3"", ""waller-derived"": ""N3""}",openjlpt|waller|wordmaster,community-independent|waller-derived,2,N2,runtime-core,exact
定員,ていいん,N2,"{""N2"": 2}","{""community-independent"": ""N2"", ""waller-derived"": ""N2""}",openjlpt|waller|wordmaster,community-independent|waller-derived,2,N3,runtime-core,exact
定期券,ていきけん,N2,"{""N2"": 2}","{""community-independent"": ""N2"", ""waller-derived"": ""N2""}",openjlpt|waller|wordmaster,community-independent|waller-derived,2,N3,runtime-core,exact
定休日,ていきゅうび,N2,"{""N2"": 2}","{""community-independent"": ""N2"", ""waller-derived"": ""N2""}",openjlpt|waller|wordmaster,community-independent|waller-derived,2,N3,runtime-core,exact
提供,ていきょう,N1,"{""N1"": 2}","{""community-independent"": ""N1"", ""waller-derived"": ""N1""}",openjlpt|waller|wordmaster,community-independent|waller-derived,2,N2,runtime-core,exact
定義,ていぎ,N1,"{""N1"": 2}","{""community-independent"": ""N1"", ""waller-derived"": ""N1""}",openjlpt|waller|wordmaster,community-independent|waller-derived,2,N2,runtime-core,exact
抵抗,ていこう,N3,"{""N3"": 2}","{""community-independent"": ""N3"", ""waller-derived"": ""N3""}",openjlpt|waller|wordmaster,community-independent|waller-derived,2,N2,runtime-core,exact
停車,ていしゃ,N2,"{""N2"": 2}","{""community-independent"": ""N2"", ""waller-derived"": ""N2""}",openjlpt|waller|wordmaster,community-independent|waller-derived,2,N3,runtime-core,exact
提出,ていしゅつ,N3,"{""N3"": 2}","{""community-independent"": ""N3"", ""waller-derived"": ""N3""}",openjlpt|waller|wordmaster,community-independent|waller-derived,2,N2,runtime-core,exact
定食,ていしょく,N1,"{""N1"": 2}","{""community-independent"": ""N1"", ""waller-derived"": ""N1""}",openjlpt|waller|wordmaster,community-independent|waller-derived,2,N3,runtime-core,exact
提示,ていじ,N1,"{""N1"": 2}","{""community-independent"": ""N1"", ""waller-derived"": ""N1""}",openjlpt|waller|wordmaster,community-independent|waller-derived,2,N2,runtime-core,exact
訂正,ていせい,N1,"{""N1"": 2}","{""community-independent"": ""N1"", ""waller-derived"": ""N1""}",openjlpt|waller|wordmaster,community-independent|waller-derived,2,N2,runtime-core,exact
定年,ていねん,N1,"{""N1"": 2}","{""community-independent"": ""N1"", ""waller-derived"": ""N1""}",openjlpt|waller|wordmaster,community-independent|waller-derived,2,N2,runtime-core,exact
停留所,ていりゅうじょ,N3,"{""N3"": 2}","{""community-independent"": ""N3"", ""waller-derived"": ""N3""}",openjlpt|waller|wordmaster,community-independent|waller-derived,2,N2,runtime-core,exact
手軽,てがる,N1,"{""N1"": 2}","{""community-independent"": ""N1"", ""waller-derived"": ""N1""}",openjlpt|waller|wordmaster,community-independent|waller-derived,2,N2,runtime-core,exact
適応,てきおう,N1,"{""N1"": 2}","{""community-independent"": ""N1"", ""waller-derived"": ""N1""}",openjlpt|waller|wordmaster,community-independent|waller-derived,2,N2,runtime-core,exact
テキスト,テキスト,N4,"{""N4"": 2}","{""community-independent"": ""N4"", ""waller-derived"": ""N4""}",waller|wordmaster,community-independent|waller-derived,2,N5,runtime-core,exact
適性,てきせい,N1,"{""N1"": 2}","{""community-independent"": ""N1"", ""waller-derived"": ""N1""}",openjlpt|waller|wordmaster,community-independent|waller-derived,2,N2,runtime-core,exact
適切,てきせつ,N3,"{""N3"": 2}","{""community-independent"": ""N3"", ""waller-derived"": ""N3""}",openjlpt|waller|wordmaster,community-independent|waller-derived,2,N2,runtime-core,exact
適当,てきとう,N4,"{""N4"": 2}","{""community-independent"": ""N4"", ""waller-derived"": ""N4""}",openjlpt|waller|wordmaster,community-independent|waller-derived,2,N3,runtime-core,exact
適度,てきど,N3,"{""N3"": 2}","{""community-independent"": ""N3"", ""waller-derived"": ""N3""}",openjlpt|waller|wordmaster,community-independent|waller-derived,2,N2,runtime-core,exact
適用,てきよう,N3,"{""N3"": 2}","{""community-independent"": ""N3"", ""waller-derived"": ""N3""}",openjlpt|waller|wordmaster,community-independent|waller-derived,2,N1,runtime-core,exact
手品,てじな,N3,"{""N3"": 2}","{""community-independent"": ""N3"", ""waller-derived"": ""N3""}",openjlpt|waller|wordmaster,community-independent|waller-derived,2,N2,runtime-core,exact
手順,てじゅん,N1,"{""N1"": 2}","{""community-independent"": ""N1"", ""waller-derived"": ""N1""}",openjlpt|waller|wordmaster,community-independent|waller-derived,2,N2,runtime-core,exact
手帳,てちょう,N2,"{""N2"": 2}","{""community-independent"": ""N2"", ""waller-derived"": ""N2""}",openjlpt|waller|wordmaster,community-independent|waller-derived,2,N4,runtime-core,exact
手近,てぢか,N1,"{""N1"": 2}","{""community-independent"": ""N1"", ""waller-derived"": ""N1""}",openjlpt|waller|wordmaster,community-independent|waller-derived,2,N2,runtime-core,exact
徹底,てってい,N3,"{""N3"": 2}","{""community-independent"": ""N3"", ""waller-derived"": ""N3""}",openjlpt|waller|wordmaster,community-independent|waller-derived,2,N2,runtime-core,exact
哲学,てつがく,N3,"{""N3"": 2}","{""community-independent"": ""N3"", ""waller-derived"": ""N3""}",openjlpt|waller|wordmaster,community-independent|waller-derived,2,N2,runtime-core,exact
手伝い,てつだい,N3,"{""N3"": 2}","{""community-independent"": ""N3"", ""waller-derived"": ""N3""}",openjlpt|waller|wordmaster,community-independent|waller-derived,2,N4,runtime-core,exact
鉄棒,てつぼう,N1,"{""N1"": 1}","{""community-independent"": ""N1""}",wordmaster,community-independent,1,N2,advanced-bundle,exact
徹夜,てつや,N3,"{""N3"": 2}","{""community-independent"": ""N3"", ""waller-derived"": ""N3""}",openjlpt|waller|wordmaster,community-independent|waller-derived,2,N2,runtime-core,exact
テニス,テニス,N4,"{""N4"": 2}","{""community-independent"": ""N4"", ""waller-derived"": ""N4""}",waller|wordmaster,community-independent|waller-derived,2,N5,runtime-core,exact
手本,てほん,N1,"{""N1"": 2}","{""community-independent"": ""N1"", ""waller-derived"": ""N1""}",openjlpt|waller|wordmaster,community-independent|waller-derived,2,N2,runtime-core,exact
手間,てま,N3,"{""N3"": 2}","{""community-independent"": ""N3"", ""waller-derived"": ""N3""}",openjlpt|waller|wordmaster,community-independent|waller-derived,2,N2,runtime-core,exact
手元,てもと,N1,"{""N1"": 2}","{""community-independent"": ""N1"", ""waller-derived"": ""N1""}",openjlpt|waller|wordmaster,community-independent|waller-derived,2,N2,runtime-core,exact
店員,てんいん,N4,"{""N4"": 2}","{""community-independent"": ""N4"", ""waller-derived"": ""N4""}",openjlpt|waller|wordmaster,community-independent|waller-derived,2,N5,runtime-core,exact
天下,てんか,N1,"{""N1"": 1}","{""community-independent"": ""N1""}",wordmaster,community-independent,1,N3,advanced-bundle,exact
転換,てんかん,N1,"{""N1"": 2}","{""community-independent"": ""N1"", ""waller-derived"": ""N1""}",openjlpt|waller|wordmaster,community-independent|waller-derived,2,N2,runtime-core,exact
天気予報,てんきよほう,N4,"{""N4"": 2}","{""community-independent"": ""N4"", ""waller-derived"": ""N4""}",openjlpt|waller|wordmaster,community-independent|waller-derived,2,N3,runtime-core,exact
転勤,てんきん,N1,"{""N1"": 2}","{""community-independent"": ""N1"", ""waller-derived"": ""N1""}",openjlpt|waller|wordmaster,community-independent|waller-derived,2,N2,runtime-core,exact
典型,てんけい,N3,"{""N3"": 2}","{""community-independent"": ""N3"", ""waller-derived"": ""N3""}",openjlpt|waller|wordmaster,community-independent|waller-derived,2,N2,runtime-core,exact
点検,てんけん,N1,"{""N1"": 2}","{""community-independent"": ""N1"", ""waller-derived"": ""N1""}",openjlpt|waller|wordmaster,community-independent|waller-derived,2,N2,runtime-core,exact
天候,てんこう,N3,"{""N3"": 2}","{""community-independent"": ""N3"", ""waller-derived"": ""N3""}",openjlpt|waller|wordmaster,community-independent|waller-derived,2,N2,runtime-core,exact
転校,てんこう,N3,"{""N1"": 1, ""N3"": 1}","{""community-independent"": ""N3"", ""waller-derived"": ""N1""}",openjlpt|waller|wordmaster,community-independent|waller-derived,2,N2,runtime-core,exact
展示,てんじ,N1,"{""N1"": 2}","{""community-independent"": ""N1"", ""waller-derived"": ""N1""}",openjlpt|waller|wordmaster,community-independent|waller-derived,2,N2,runtime-core,exact
天井,てんじょう,N1,"{""N1"": 1}","{""waller-derived"": ""N1""}",openjlpt|waller,waller-derived,1,N3,runtime-core,exact
転じる,てんじる,N1,"{""N1"": 2}","{""community-independent"": ""N1"", ""waller-derived"": ""N1""}",openjlpt|waller|wordmaster,community-independent|waller-derived,2,N2,runtime-core,exact
点数,てんすう,N2,"{""N2"": 2}","{""community-independent"": ""N2"", ""waller-derived"": ""N2""}",openjlpt|waller|wordmaster,community-independent|waller-derived,2,N3,runtime-core,exact
テント,テント,N3,"{""N3"": 2}","{""community-independent"": ""N3"", ""waller-derived"": ""N3""}",waller|wordmaster,community-independent|waller-derived,2,N1,runtime-core,exact
天然,てんねん,N3,"{""N3"": 2}","{""community-independent"": ""N3"", ""waller-derived"": ""N3""}",openjlpt|waller|wordmaster,community-independent|waller-derived,2,N1,runtime-core,exact
展覧会,てんらんかい,N4,"{""N4"": 2}","{""community-independent"": ""N4"", ""waller-derived"": ""N4""}",openjlpt|waller|wordmaster,community-independent|waller-derived,2,N3,runtime-core,exact
テープ,テープ,N5,"{""N5"": 2}","{""community-independent"": ""N5"", ""waller-derived"": ""N5""}",waller|wordmaster,community-independent|waller-derived,2,N3,runtime-core,exact
テーマ,テーマ,N2,"{""N2"": 2}","{""community-independent"": ""N2"", ""waller-derived"": ""N2""}",waller|wordmaster,community-independent|waller-derived,2,N3,runtime-core,exact
出会い,であい,N3,"{""N3"": 2}","{""community-independent"": ""N3"", ""waller-derived"": ""N3""}",openjlpt|waller|wordmaster,community-independent|waller-derived,2,N2,runtime-core,exact
出会う,であう,N3,"{""N3"": 2}","{""community-independent"": ""N3"", ""waller-derived"": ""N3""}",openjlpt|waller|wordmaster,community-independent|waller-derived,2,N2,runtime-core,exact
出入り,でいり,N2,"{""N2"": 2}","{""community-independent"": ""N2"", ""waller-derived"": ""N2""}",openjlpt|waller|wordmaster,community-independent|waller-derived,2,N3,runtime-core,exact
出入り口,でいりぐち,N1,"{""N1"": 1}","{""waller-derived"": ""N1""}",openjlpt|waller,waller-derived,1,N3,runtime-core,exact
出かける,でかける,N5,"{""N5"": 2}","{""community-independent"": ""N5"", ""waller-derived"": ""N5""}",openjlpt|waller|wordmaster,community-independent|waller-derived,2,N4,runtime-core,exact
出来上がり,できあがり,N2,"{""N2"": 2}","{""community-independent"": ""N2"", ""waller-derived"": ""N2""}",openjlpt|waller|wordmaster,community-independent|waller-derived,2,N1,runtime-core,exact
出来事,できごと,N3,"{""N3"": 2}","{""community-independent"": ""N3"", ""waller-derived"": ""N3""}",openjlpt|waller|wordmaster,community-independent|waller-derived,2,N2,runtime-core,exact
できるだけ,できるだけ,N4,"{""N4"": 2}","{""community-independent"": ""N4"", ""waller-derived"": ""N4""}",waller|wordmaster,community-independent|waller-derived,2,N3,runtime-core,exact
出来るだけ,できるだけ,N3,"{""N3"": 1}","{""waller-derived"": ""N3""}",openjlpt|waller,waller-derived,1,N4,advanced-bundle,exact
ですから,ですから,N3,"{""N3"": 2}","{""community-independent"": ""N3"", ""waller-derived"": ""N3""}",waller|wordmaster,community-independent|waller-derived,2,N5,runtime-core,exact
出鱈目,でたらめ,N1,"{""N1"": 1}","{""waller-derived"": ""N1""}",openjlpt|waller,waller-derived,1,N2,advanced-bundle,exact
電球,でんきゅう,N2,"{""N2"": 2}","{""community-independent"": ""N2"", ""waller-derived"": ""N2""}",openjlpt|waller|wordmaster,community-independent|waller-derived,2,N3,runtime-core,exact
電源,でんげん,N1,"{""N1"": 2}","{""community-independent"": ""N1"", ""waller-derived"": ""N1""}",openjlpt|waller|wordmaster,community-independent|waller-derived,2,N2,runtime-core,exact
電子,でんし,N3,"{""N3"": 2}","{""community-independent"": ""N3"", ""waller-derived"": ""N3""}",openjlpt|waller|wordmaster,community-independent|waller-derived,2,N4,runtime-core,exact
伝達,でんたつ,N1,"{""N1"": 2}","{""community-independent"": ""N1"", ""waller-derived"": ""N1""}",openjlpt|waller|wordmaster,community-independent|waller-derived,2,N2,runtime-core,exact
電池,でんち,N2,"{""N2"": 2}","{""community-independent"": ""N2"", ""waller-derived"": ""N2""}",openjlpt|waller|wordmaster,community-independent|waller-derived,2,N3,runtime-core,exact
電柱,でんちゅう,N2,"{""N2"": 2}","{""community-independent"": ""N2"", ""waller-derived"": ""N2""}",openjlpt|waller|wordmaster,community-independent|waller-derived,2,N1,runtime-core,exact
伝統,でんとう,N3,"{""N3"": 2}","{""community-independent"": ""N3"", ""waller-derived"": ""N3""}",openjlpt|waller|wordmaster,community-independent|waller-derived,2,N2,runtime-core,exact
電灯,でんとう,N4,"{""N4"": 2}","{""community-independent"": ""N4"", ""waller-derived"": ""N4""}",openjlpt|waller|wordmaster,community-independent|waller-derived,2,N3,runtime-core,exact
デート,デート,N3,"{""N3"": 2}","{""community-independent"": ""N3"", ""waller-derived"": ""N3""}",waller|wordmaster,community-independent|waller-derived,2,N4,runtime-core,exact
と,と,N3,"{""N1"": 1, ""N3"": 1}","{""community-independent"": ""N3"", ""waller-derived"": ""N1""}",waller|wordmaster,community-independent|waller-derived,2,N1,advanced-bundle,exact
問い合わせ,といあわせ,N2,"{""N2"": 2}","{""community-independent"": ""N2"", ""waller-derived"": ""N2""}",openjlpt|waller|wordmaster,community-independent|waller-derived,2,N3,runtime-core,exact
問い合わせる,といあわせる,N1,"{""N1"": 2}","{""community-independent"": ""N1"", ""waller-derived"": ""N1""}",openjlpt|waller|wordmaster,community-independent|waller-derived,2,N2,runtime-core,exact
党,とう,N3,"{""N3"": 2}","{""community-independent"": ""N3"", ""waller-derived"": ""N3""}",openjlpt|waller|wordmaster,community-independent|waller-derived,2,N2,runtime-core,exact
問う,とう,N3,"{""N1"": 1, ""N3"": 1}","{""community-independent"": ""N3"", ""waller-derived"": ""N1""}",openjlpt|waller|wordmaster,community-independent|waller-derived,2,N2,runtime-core,exact
答案,とうあん,N3,"{""N3"": 2}","{""community-independent"": ""N3"", ""waller-derived"": ""N3""}",openjlpt|waller|wordmaster,community-independent|waller-derived,2,N2,runtime-core,exact
陶器,とうき,N1,"{""N1"": 2}","{""community-independent"": ""N1"", ""waller-derived"": ""N1""}",openjlpt|waller|wordmaster,community-independent|waller-derived,2,N2,runtime-core,exact
統計,とうけい,N2,"{""N2"": 2}","{""community-independent"": ""N2"", ""waller-derived"": ""N2""}",openjlpt|waller|wordmaster,community-independent|waller-derived,2,N1,runtime-core,exact
倒産,とうさん,N3,"{""N1"": 1, ""N3"": 1}","{""community-independent"": ""N3"", ""waller-derived"": ""N1""}",openjlpt|waller|wordmaster,community-independent|waller-derived,2,N1,runtime-core,exact
投書,とうしょ,N2,"{""N2"": 2}","{""community-independent"": ""N2"", ""waller-derived"": ""N2""}",openjlpt|waller|wordmaster,community-independent|waller-derived,2,N1,runtime-core,exact
当時,とうじ,N3,"{""N3"": 2}","{""community-independent"": ""N3"", ""waller-derived"": ""N3""}",openjlpt|waller|wordmaster,community-independent|waller-derived,2,N2,runtime-core,exact
当日,とうじつ,N2,"{""N2"": 2}","{""community-independent"": ""N2"", ""waller-derived"": ""N2""}",openjlpt|waller|wordmaster,community-independent|waller-derived,2,N3,runtime-core,exact
登場,とうじょう,N2,"{""N2"": 2}","{""community-independent"": ""N2"", ""waller-derived"": ""N2""}",openjlpt|waller|wordmaster,community-independent|waller-derived,2,N3,runtime-core,exact
当然,とうぜん,N3,"{""N3"": 1}","{""community-independent"": ""N3""}",wordmaster,community-independent,1,N4,runtime-core,exact
到達,とうたつ,N1,"{""N1"": 2}","{""community-independent"": ""N1"", ""waller-derived"": ""N1""}",openjlpt|waller|wordmaster,community-independent|waller-derived,2,N2,runtime-core,exact
到着,とうちゃく,N3,"{""N3"": 2}","{""community-independent"": ""N3"", ""waller-derived"": ""N3""}",openjlpt|waller|wordmaster,community-independent|waller-derived,2,N4,runtime-core,exact
到底,とうてい,N1,"{""N1"": 2}","{""community-independent"": ""N1"", ""waller-derived"": ""N1""}",openjlpt|waller|wordmaster,community-independent|waller-derived,2,N2,runtime-core,exact
尊い,とうとい,N1,"{""N1"": 1}","{""community-independent"": ""N1""}",wordmaster,community-independent,1,N2,runtime-core,exact
とうとう,とうとう,N4,"{""N4"": 1}","{""community-independent"": ""N4""}",wordmaster,community-independent,1,N3,runtime-core,exact
当番,とうばん,N2,"{""N2"": 2}","{""community-independent"": ""N2"", ""waller-derived"": ""N2""}",openjlpt|waller|wordmaster,community-independent|waller-derived,2,N1,runtime-core,exact
投票,とうひょう,N3,"{""N3"": 2}","{""community-independent"": ""N3"", ""waller-derived"": ""N3""}",openjlpt|waller|wordmaster,community-independent|waller-derived,2,N2,runtime-core,exact
逃亡,とうぼう,N1,"{""N1"": 2}","{""community-independent"": ""N1"", ""waller-derived"": ""N1""}",openjlpt|waller|wordmaster,community-independent|waller-derived,2,N2,runtime-core,exact
東洋,とうよう,N3,"{""N2"": 1, ""N3"": 1}","{""community-independent"": ""N3"", ""waller-derived"": ""N2""}",openjlpt|waller|wordmaster,community-independent|waller-derived,2,N2,advanced-bundle,exact
登録,とうろく,N1,"{""N1"": 2}","{""community-independent"": ""N1"", ""waller-derived"": ""N1""}",openjlpt|waller|wordmaster,community-independent|waller-derived,2,N2,runtime-core,exact
討論,とうろん,N1,"{""N1"": 2}","{""community-independent"": ""N1"", ""waller-derived"": ""N1""}",openjlpt|waller|wordmaster,community-independent|waller-derived,2,N2,runtime-core,exact
遠く,とおく,N4,"{""N4"": 2}","{""community-independent"": ""N4"", ""waller-derived"": ""N4""}",openjlpt|waller|wordmaster,community-independent|waller-derived,2,N5,runtime-core,exact
遠ざかる,とおざかる,N1,"{""N1"": 2}","{""community-independent"": ""N1"", ""waller-derived"": ""N1""}",openjlpt|waller|wordmaster,community-independent|waller-derived,2,N2,runtime-core,exact
通す,とおす,N3,"{""N3"": 2}","{""community-independent"": ""N3"", ""waller-derived"": ""N3""}",openjlpt|waller|wordmaster,community-independent|waller-derived,2,N4,runtime-core,exact
遠回り,とおまわり,N1,"{""N1"": 2}","{""community-independent"": ""N1"", ""waller-derived"": ""N1""}",openjlpt|waller|wordmaster,community-independent|waller-derived,2,N2,runtime-core,exact
通りかかる,とおりかかる,N1,"{""N1"": 1}","{""waller-derived"": ""N1""}",openjlpt|waller,waller-derived,1,N3,runtime-core,exact
時,とき,N3,"{""N3"": 1}","{""waller-derived"": ""N3""}",openjlpt|waller,waller-derived,1,N5,runtime-core,exact
溶く,とく,N3,"{""N2"": 1, ""N3"": 1}","{""community-independent"": ""N3"", ""waller-derived"": ""N2""}",openjlpt|waller|wordmaster,community-independent|waller-derived,2,N2,advanced-bundle,exact
説く,とく,N3,"{""N1"": 1, ""N3"": 1}","{""community-independent"": ""N3"", ""waller-derived"": ""N1""}",openjlpt|waller|wordmaster,community-independent|waller-derived,2,N1,runtime-core,exact
得意,とくい,N3,"{""N3"": 2}","{""community-independent"": ""N3"", ""waller-derived"": ""N3""}",openjlpt|waller|wordmaster,community-independent|waller-derived,2,N4,runtime-core,exact
得点,とくてん,N1,"{""N1"": 2}","{""community-independent"": ""N1"", ""waller-derived"": ""N1""}",openjlpt|waller|wordmaster,community-independent|waller-derived,2,N2,runtime-core,exact
所が,ところが,N1,"{""N1"": 1}","{""waller-derived"": ""N1""}",openjlpt|waller,waller-derived,1,N3,advanced-bundle,exact
所で,ところで,N1,"{""N1"": 1}","{""waller-derived"": ""N1""}",openjlpt|waller,waller-derived,1,N3,advanced-bundle,exact
都市,とし,N3,"{""N3"": 2}","{""community-independent"": ""N3"", ""waller-derived"": ""N3""}",openjlpt|waller|wordmaster,community-independent|waller-derived,2,N2,runtime-core,exact
年月,としつき,N3,"{""N3"": 2}","{""community-independent"": ""N3"", ""waller-derived"": ""N3""}",openjlpt|waller|wordmaster,community-independent|waller-derived,2,N2,runtime-core,exact
年寄り,としより,N1,"{""N1"": 1}","{""waller-derived"": ""N1""}",openjlpt|waller,waller-derived,1,N3,runtime-core,exact
戸締り,とじまり,N1,"{""N1"": 2}","{""community-independent"": ""N1"", ""waller-derived"": ""N1""}",openjlpt|waller|wordmaster,community-independent|waller-derived,2,N3,advanced-bundle,exact
途上,とじょう,N1,"{""N1"": 2}","{""community-independent"": ""N1"", ""waller-derived"": ""N1""}",openjlpt|waller|wordmaster,community-independent|waller-derived,2,N2,runtime-core,exact
綴じる,とじる,N3,"{""N1"": 1, ""N3"": 1}","{""community-independent"": ""N3"", ""waller-derived"": ""N1""}",openjlpt|waller|wordmaster,community-independent|waller-derived,2,N1,advanced-bundle,exact
閉じる,とじる,N3,"{""N3"": 2}","{""community-independent"": ""N3"", ""waller-derived"": ""N3""}",openjlpt|waller|wordmaster,community-independent|waller-derived,2,N4,runtime-core,exact
途端,とたん,N3,"{""N3"": 2}","{""community-independent"": ""N3"", ""waller-derived"": ""N3""}",openjlpt|waller|wordmaster,community-independent|waller-derived,2,N2,runtime-core,exact
取っ手,とって,N1,"{""N1"": 1}","{""waller-derived"": ""N1""}",openjlpt|waller,waller-derived,1,N3,runtime-core,exact
トップ,トップ,N3,"{""N3"": 2}","{""community-independent"": ""N3"", ""waller-derived"": ""N3""}",waller|wordmaster,community-independent|waller-derived,2,N2,runtime-core,exact
整える,ととのえる,N1,"{""N1"": 2}","{""community-independent"": ""N1"", ""waller-derived"": ""N1""}",openjlpt|waller|wordmaster,community-independent|waller-derived,2,N2,runtime-core,exact
届く,とどく,N3,"{""N3"": 2}","{""community-independent"": ""N3"", ""waller-derived"": ""N3""}",openjlpt|waller|wordmaster,community-independent|waller-derived,2,N4,runtime-core,exact
届け,とどけ,N1,"{""N1"": 1}","{""waller-derived"": ""N1""}",openjlpt|waller,waller-derived,1,N3,runtime-core,exact
止まる,とどまる,N1,"{""N1"": 1}","{""waller-derived"": ""N1""}",openjlpt|waller,waller-derived,1,N2,advanced-bundle,exact
扉,とびら,N1,"{""N1"": 2}","{""community-independent"": ""N1"", ""waller-derived"": ""N1""}",openjlpt|waller|wordmaster,community-independent|waller-derived,2,N2,runtime-core,exact
跳ぶ,とぶ,N2,"{""N2"": 1}","{""waller-derived"": ""N2""}",openjlpt|waller,waller-derived,1,N3,runtime-core,exact
徒歩,とほ,N1,"{""N1"": 2}","{""community-independent"": ""N1"", ""waller-derived"": ""N1""}",openjlpt|waller|wordmaster,community-independent|waller-derived,2,N2,runtime-core,exact
乏しい,とぼしい,N1,"{""N1"": 2}","{""community-independent"": ""N1"", ""waller-derived"": ""N1""}",openjlpt|waller|wordmaster,community-independent|waller-derived,2,N2,runtime-core,exact
留める,とめる,N3,"{""N3"": 2}","{""community-independent"": ""N3"", ""waller-derived"": ""N3""}",openjlpt|waller|wordmaster,community-independent|waller-derived,2,N2,runtime-core,exact
共,とも,N1,"{""N1"": 1}","{""waller-derived"": ""N1""}",waller,waller-derived,1,N3,runtime-core,exact
伴う,ともなう,N1,"{""N1"": 2}","{""community-independent"": ""N1"", ""waller-derived"": ""N1""}",openjlpt|waller|wordmaster,community-independent|waller-derived,2,N2,runtime-core,exact
共に,ともに,N3,"{""N3"": 2}","{""community-independent"": ""N3"", ""waller-derived"": ""N3""}",openjlpt|waller|wordmaster,community-independent|waller-derived,2,N2,runtime-core,exact
共働き,ともばたらき,N1,"{""N1"": 2}","{""community-independent"": ""N1"", ""waller-derived"": ""N1""}",openjlpt|waller|wordmaster,community-independent|waller-derived,2,N2,runtime-core,exact
虎,とら,N3,"{""N3"": 2}","{""community-independent"": ""N3"", ""waller-derived"": ""N3""}",openjlpt|waller|wordmaster,community-independent|waller-derived,2,N2,runtime-core,exact
捕らえる,とらえる,N1,"{""N1"": 1}","{""waller-derived"": ""N1""}",openjlpt|waller,waller-derived,1,N2,runtime-core,exact
トラブル,トラブル,N1,"{""N1"": 2}","{""community-independent"": ""N1"", ""waller-derived"": ""N1""}",waller|wordmaster,community-independent|waller-derived,2,N2,runtime-core,exact
とりあえず,とりあえず,N1,"{""N1"": 1}","{""community-independent"": ""N1""}",wordmaster,community-independent,1,N2,runtime-core,exact
取り扱い,とりあつかい,N1,"{""N1"": 1}","{""waller-derived"": ""N1""}",openjlpt|waller,waller-derived,1,N2,runtime-core,exact
取り扱う,とりあつかう,N1,"{""N1"": 2}","{""community-independent"": ""N1"", ""waller-derived"": ""N1""}",openjlpt|waller|wordmaster,community-independent|waller-derived,2,N2,runtime-core,exact
取り替える,とりかえる,N4,"{""N4"": 2}","{""community-independent"": ""N4"", ""waller-derived"": ""N4""}",openjlpt|waller|wordmaster,community-independent|waller-derived,2,N3,runtime-core,exact
取り組む,とりくむ,N1,"{""N1"": 2}","{""community-independent"": ""N1"", ""waller-derived"": ""N1""}",openjlpt|waller|wordmaster,community-independent|waller-derived,2,N2,runtime-core,exact
取り消す,とりけす,N2,"{""N2"": 2}","{""community-independent"": ""N2"", ""waller-derived"": ""N2""}",openjlpt|waller|wordmaster,community-independent|waller-derived,2,N3,runtime-core,exact
取り出す,とりだす,N2,"{""N2"": 2}","{""community-independent"": ""N2"", ""waller-derived"": ""N2""}",openjlpt|waller|wordmaster,community-independent|waller-derived,2,N3,runtime-core,exact
取り付ける,とりつける,N1,"{""N1"": 1}","{""community-independent"": ""N1""}",wordmaster,community-independent,1,N3,runtime-core,exact
とり肉,とりにく,N5,"{""N5"": 1}","{""waller-derived"": ""N5""}",openjlpt|waller,waller-derived,1,N1,advanced-bundle,exact
取り除く,とりのぞく,N1,"{""N1"": 2}","{""community-independent"": ""N1"", ""waller-derived"": ""N1""}",openjlpt|waller|wordmaster,community-independent|waller-derived,2,N2,runtime-core,exact
取り巻く,とりまく,N1,"{""N1"": 2}","{""community-independent"": ""N1"", ""waller-derived"": ""N1""}",openjlpt|waller|wordmaster,community-independent|waller-derived,2,N2,runtime-core,exact
取り戻す,とりもどす,N1,"{""N1"": 2}","{""community-independent"": ""N1"", ""waller-derived"": ""N1""}",openjlpt|waller|wordmaster,community-independent|waller-derived,2,N2,runtime-core,exact
取り寄せる,とりよせる,N1,"{""N1"": 2}","{""community-independent"": ""N1"", ""waller-derived"": ""N1""}",openjlpt|waller|wordmaster,community-independent|waller-derived,2,N2,runtime-core,exact
採る,とる,N2,"{""N2"": 2}","{""community-independent"": ""N2"", ""waller-derived"": ""N2""}",openjlpt|waller|wordmaster,community-independent|waller-derived,2,N3,runtime-core,exact
撮る,とる,N5,"{""N5"": 2}","{""community-independent"": ""N5"", ""waller-derived"": ""N5""}",openjlpt|waller|wordmaster,community-independent|waller-derived,2,N4,runtime-core,exact
取れる,とれる,N3,"{""N3"": 2}","{""community-independent"": ""N3"", ""waller-derived"": ""N3""}",openjlpt|waller|wordmaster,community-independent|waller-derived,2,N4,runtime-core,exact
とんでもない,とんでもない,N3,"{""N3"": 2}","{""community-independent"": ""N3"", ""waller-derived"": ""N3""}",waller|wordmaster,community-independent|waller-derived,2,N2,runtime-core,exact
トンネル,トンネル,N3,"{""N3"": 2}","{""community-independent"": ""N3"", ""waller-derived"": ""N3""}",waller|wordmaster,community-independent|waller-derived,2,N2,runtime-core,exact
度,ど,N3,"{""N3"": 1}","{""waller-derived"": ""N3""}",waller,waller-derived,1,N4,runtime-core,exact
銅,どう,N2,"{""N2"": 2}","{""community-independent"": ""N2"", ""waller-derived"": ""N2""}",openjlpt|waller|wordmaster,community-independent|waller-derived,2,N1,runtime-core,exact
同意,どうい,N1,"{""N1"": 2}","{""community-independent"": ""N1"", ""waller-derived"": ""N1""}",openjlpt|waller|wordmaster,community-independent|waller-derived,2,N2,runtime-core,exact
同一,どういつ,N3,"{""N3"": 2}","{""community-independent"": ""N3"", ""waller-derived"": ""N3""}",openjlpt|waller|wordmaster,community-independent|waller-derived,2,N2,runtime-core,exact
どうか,どうか,N3,"{""N3"": 1}","{""waller-derived"": ""N3""}",waller,waller-derived,1,N5,runtime-core,exact
銅貨,どうか,N3,"{""N3"": 1}","{""community-independent"": ""N3""}",wordmaster,community-independent,1,N1,advanced-bundle,exact
動機,どうき,N1,"{""N1"": 2}","{""community-independent"": ""N1"", ""waller-derived"": ""N1""}",openjlpt|waller|wordmaster,community-independent|waller-derived,2,N2,runtime-core,exact
同居,どうきょ,N1,"{""N1"": 2}","{""community-independent"": ""N1"", ""waller-derived"": ""N1""}",openjlpt|waller|wordmaster,community-independent|waller-derived,2,N2,runtime-core,exact
動作,どうさ,N2,"{""N2"": 2}","{""community-independent"": ""N2"", ""waller-derived"": ""N2""}",openjlpt|waller|wordmaster,community-independent|waller-derived,2,N3,runtime-core,exact
同士,どうし,N3,"{""N1"": 1, ""N3"": 1}","{""community-independent"": ""N3"", ""waller-derived"": ""N1""}",openjlpt|waller|wordmaster,community-independent|waller-derived,2,N2,runtime-core,exact
同志,どうし,N3,"{""N1"": 1, ""N3"": 1}","{""community-independent"": ""N3"", ""waller-derived"": ""N1""}",openjlpt|waller|wordmaster,community-independent|waller-derived,2,N1,runtime-core,exact
同情,どうじょう,N1,"{""N1"": 2}","{""community-independent"": ""N1"", ""waller-derived"": ""N1""}",openjlpt|waller|wordmaster,community-independent|waller-derived,2,N2,runtime-core,exact
どうせ,どうせ,N2,"{""N2"": 2}","{""community-independent"": ""N2"", ""waller-derived"": ""N2""}",waller|wordmaster,community-independent|waller-derived,2,N3,runtime-core,exact
動的,どうてき,N1,"{""N1"": 2}","{""community-independent"": ""N1"", ""waller-derived"": ""N1""}",openjlpt|waller|wordmaster,community-independent|waller-derived,2,N3,runtime-core,exact
同等,どうとう,N1,"{""N1"": 2}","{""community-independent"": ""N1"", ""waller-derived"": ""N1""}",openjlpt|waller|wordmaster,community-independent|waller-derived,2,N2,runtime-core,exact
道徳,どうとく,N3,"{""N3"": 2}","{""community-independent"": ""N3"", ""waller-derived"": ""N3""}",openjlpt|waller|wordmaster,community-independent|waller-derived,2,N2,runtime-core,exact
どうにか,どうにか,N1,"{""N1"": 2}","{""community-independent"": ""N1"", ""waller-derived"": ""N1""}",waller|wordmaster,community-independent|waller-derived,2,N2,runtime-core,exact
導入,どうにゅう,N1,"{""N1"": 2}","{""community-independent"": ""N1"", ""waller-derived"": ""N1""}",openjlpt|waller|wordmaster,community-independent|waller-derived,2,N2,runtime-core,exact
同封,どうふう,N1,"{""N1"": 2}","{""community-independent"": ""N1"", ""waller-derived"": ""N1""}",openjlpt|waller|wordmaster,community-independent|waller-derived,2,N2,runtime-core,exact
どうやら,どうやら,N1,"{""N1"": 2}","{""community-independent"": ""N1"", ""waller-derived"": ""N1""}",waller|wordmaster,community-independent|waller-derived,2,N2,runtime-core,exact
動揺,どうよう,N3,"{""N1"": 1, ""N3"": 1}","{""community-independent"": ""N3"", ""waller-derived"": ""N1""}",openjlpt|waller|wordmaster,community-independent|waller-derived,2,N2,runtime-core,exact
童謡,どうよう,N3,"{""N3"": 1}","{""community-independent"": ""N3""}",wordmaster,community-independent,1,N1,advanced-bundle,exact
同僚,どうりょう,N3,"{""N3"": 2}","{""community-independent"": ""N3"", ""waller-derived"": ""N3""}",openjlpt|waller|wordmaster,community-independent|waller-derived,2,N2,runtime-core,exact
童話,どうわ,N2,"{""N2"": 2}","{""community-independent"": ""N2"", ""waller-derived"": ""N2""}",openjlpt|waller|wordmaster,community-independent|waller-derived,2,N1,runtime-core,exact
どきどき,どきどき,N2,"{""N2"": 2}","{""community-independent"": ""N2"", ""waller-derived"": ""N2""}",waller|wordmaster,community-independent|waller-derived,2,N3,runtime-core,exact
退く,どく,N3,"{""N2"": 1, ""N3"": 1}","{""community-independent"": ""N3"", ""waller-derived"": ""N2""}",openjlpt|waller|wordmaster,community-independent|waller-derived,2,N2,advanced-bundle,exact
読者,どくしゃ,N1,"{""N1"": 1}","{""waller-derived"": ""N1""}",openjlpt|waller,waller-derived,1,N2,runtime-core,exact
独占,どくせん,N1,"{""N1"": 2}","{""community-independent"": ""N1"", ""waller-derived"": ""N1""}",openjlpt|waller|wordmaster,community-independent|waller-derived,2,N2,runtime-core,exact
独特,どくとく,N3,"{""N3"": 2}","{""community-independent"": ""N3"", ""waller-derived"": ""N3""}",openjlpt|waller|wordmaster,community-independent|waller-derived,2,N2,runtime-core,exact
何処,どこ,N1,"{""N1"": 1}","{""waller-derived"": ""N1""}",openjlpt|waller,waller-derived,1,N5,advanced-bundle,exact
どこか,どこか,N3,"{""N3"": 2}","{""community-independent"": ""N3"", ""waller-derived"": ""N3""}",waller|wordmaster,community-independent|waller-derived,2,N5,runtime-core,exact
土台,どだい,N1,"{""N1"": 2}","{""community-independent"": ""N1"", ""waller-derived"": ""N1""}",openjlpt|waller|wordmaster,community-independent|waller-derived,2,N2,runtime-core,exact
どっと,どっと,N2,"{""N2"": 2}","{""community-independent"": ""N2"", ""waller-derived"": ""N2""}",waller|wordmaster,community-independent|waller-derived,2,N3,runtime-core,exact
怒鳴る,どなる,N2,"{""N1"": 1, ""N2"": 1}","{""community-independent"": ""N2"", ""waller-derived"": ""N1""}",openjlpt|waller|wordmaster,community-independent|waller-derived,2,N3,runtime-core,exact
殿,どの,N2,"{""N2"": 1}","{""community-independent"": ""N2""}",wordmaster,community-independent,1,N1,advanced-bundle,exact
土俵,どひょう,N1,"{""N1"": 2}","{""community-independent"": ""N1"", ""waller-derived"": ""N1""}",openjlpt|waller|wordmaster,community-independent|waller-derived,2,N2,runtime-core,exact
ドライブ,ドライブ,N3,"{""N3"": 2}","{""community-independent"": ""N3"", ""waller-derived"": ""N3""}",waller|wordmaster,community-independent|waller-derived,2,N4,runtime-core,exact
努力,どりょく,N3,"{""N3"": 2}","{""community-independent"": ""N3"", ""waller-derived"": ""N3""}",openjlpt|waller|wordmaster,community-independent|waller-derived,2,N4,runtime-core,exact
ドレス,ドレス,N3,"{""N3"": 2}","{""community-independent"": ""N3"", ""waller-derived"": ""N3""}",waller|wordmaster,community-independent|waller-derived,2,N2,runtime-core,exact
泥棒,どろぼう,N4,"{""N4"": 2}","{""community-independent"": ""N4"", ""waller-derived"": ""N4""}",openjlpt|waller|wordmaster,community-independent|waller-derived,2,N2,runtime-core,exact
鈍感,どんかん,N1,"{""N1"": 2}","{""community-independent"": ""N1"", ""waller-derived"": ""N1""}",openjlpt|waller|wordmaster,community-independent|waller-derived,2,N2,runtime-core,exact
名,な,N3,"{""N3"": 2}","{""community-independent"": ""N3"", ""waller-derived"": ""N3""}",openjlpt|waller|wordmaster,community-independent|waller-derived,2,N4,runtime-core,exact
内科,ないか,N2,"{""N2"": 2}","{""community-independent"": ""N2"", ""waller-derived"": ""N2""}",openjlpt|waller|wordmaster,community-independent|waller-derived,2,N3,runtime-core,exact
内緒,ないしょ,N1,"{""N1"": 1}","{""community-independent"": ""N1""}",wordmaster,community-independent,1,N3,runtime-core,exact
内蔵,ないぞう,N1,"{""N1"": 1}","{""community-independent"": ""N1""}",wordmaster,community-independent,1,N2,runtime-core,exact
ナイター,ナイター,N1,"{""N1"": 2}","{""community-independent"": ""N1"", ""waller-derived"": ""N1""}",waller|wordmaster,community-independent|waller-derived,2,N2,runtime-core,exact
内部,ないぶ,N1,"{""N1"": 2}","{""community-independent"": ""N1"", ""waller-derived"": ""N1""}",openjlpt|waller|wordmaster,community-independent|waller-derived,2,N2,runtime-core,exact
内容,ないよう,N3,"{""N3"": 2}","{""community-independent"": ""N3"", ""waller-derived"": ""N3""}",openjlpt|waller|wordmaster,community-independent|waller-derived,2,N4,runtime-core,exact
苗,なえ,N1,"{""N1"": 2}","{""community-independent"": ""N1"", ""waller-derived"": ""N1""}",openjlpt|waller|wordmaster,community-independent|waller-derived,2,N2,runtime-core,exact
治す,なおす,N2,"{""N2"": 1}","{""waller-derived"": ""N2""}",openjlpt|waller,waller-derived,1,N3,runtime-core,exact
仲直り,なかなおり,N2,"{""N2"": 2}","{""community-independent"": ""N2"", ""waller-derived"": ""N2""}",openjlpt|waller|wordmaster,community-independent|waller-derived,2,N3,runtime-core,exact
なかなか,なかなか,N3,"{""N3"": 1}","{""waller-derived"": ""N3""}",waller,waller-derived,1,N4,runtime-core,exact
半ば,なかば,N3,"{""N3"": 2}","{""community-independent"": ""N3"", ""waller-derived"": ""N3""}",openjlpt|waller|wordmaster,community-independent|waller-derived,2,N2,runtime-core,exact
仲間,なかま,N3,"{""N3"": 2}","{""community-independent"": ""N3"", ""waller-derived"": ""N3""}",openjlpt|waller|wordmaster,community-independent|waller-derived,2,N4,runtime-core,exact
中指,なかゆび,N2,"{""N2"": 2}","{""community-independent"": ""N2"", ""waller-derived"": ""N2""}",openjlpt|waller|wordmaster,community-independent|waller-derived,2,N3,runtime-core,exact
流す,ながす,N3,"{""N3"": 2}","{""community-independent"": ""N3"", ""waller-derived"": ""N3""}",openjlpt|waller|wordmaster,community-independent|waller-derived,2,N4,runtime-core,exact
流れる,ながれる,N3,"{""N3"": 2}","{""community-independent"": ""N3"", ""waller-derived"": ""N3""}",openjlpt|waller|wordmaster,community-independent|waller-derived,2,N4,runtime-core,exact
鳴く,なく,N5,"{""N5"": 2}","{""community-independent"": ""N5"", ""waller-derived"": ""N5""}",openjlpt|waller|wordmaster,community-independent|waller-derived,2,N3,runtime-core,exact
亡くす,なくす,N3,"{""N2"": 1, ""N3"": 1}","{""community-independent"": ""N3"", ""waller-derived"": ""N2""}",openjlpt|waller|wordmaster,community-independent|waller-derived,2,N2,advanced-bundle,exact
無くす,なくす,N5,"{""N5"": 2}","{""community-independent"": ""N5"", ""waller-derived"": ""N5""}",openjlpt|waller|wordmaster,community-independent|waller-derived,2,N3,runtime-core,exact
慰める,なぐさめる,N2,"{""N2"": 2}","{""community-independent"": ""N2"", ""waller-derived"": ""N2""}",openjlpt|waller|wordmaster,community-independent|waller-derived,2,N3,runtime-core,exact
嘆く,なげく,N1,"{""N1"": 2}","{""community-independent"": ""N1"", ""waller-derived"": ""N1""}",openjlpt|waller|wordmaster,community-independent|waller-derived,2,N2,runtime-core,exact
和やか,なごやか,N1,"{""N1"": 2}","{""community-independent"": ""N1"", ""waller-derived"": ""N1""}",openjlpt|waller|wordmaster,community-independent|waller-derived,2,N2,runtime-core,exact
無し,なし,N3,"{""N3"": 2}","{""community-independent"": ""N3"", ""waller-derived"": ""N3""}",openjlpt|waller|wordmaster,community-independent|waller-derived,2,N2,runtime-core,exact
何故,なぜ,N1,"{""N1"": 1}","{""waller-derived"": ""N1""}",openjlpt|waller,waller-derived,1,N5,advanced-bundle,exact
何故なら,なぜなら,N1,"{""N1"": 1}","{""waller-derived"": ""N1""}",openjlpt|waller,waller-derived,1,N3,advanced-bundle,exact
懐かしい,なつかしい,N2,"{""N2"": 2}","{""community-independent"": ""N2"", ""waller-derived"": ""N2""}",openjlpt|waller|wordmaster,community-independent|waller-derived,2,N3,runtime-core,exact
名付ける,なづける,N1,"{""N1"": 2}","{""community-independent"": ""N1"", ""waller-derived"": ""N1""}",openjlpt|waller|wordmaster,community-independent|waller-derived,2,N2,runtime-core,exact
斜め,ななめ,N2,"{""N2"": 2}","{""community-independent"": ""N2"", ""waller-derived"": ""N2""}",openjlpt|waller|wordmaster,community-independent|waller-derived,2,N3,runtime-core,exact
何か,なにか,N3,"{""N3"": 2}","{""community-independent"": ""N3"", ""waller-derived"": ""N3""}",openjlpt|waller|wordmaster,community-independent|waller-derived,2,N5,runtime-core,exact
何しろ,なにしろ,N1,"{""N1"": 1}","{""waller-derived"": ""N1""}",openjlpt|waller,waller-derived,1,N2,runtime-core,exact
何も,なにも,N1,"{""N1"": 1}","{""waller-derived"": ""N1""}",openjlpt|waller,waller-derived,1,N5,runtime-core,exact
何より,なにより,N1,"{""N1"": 1}","{""waller-derived"": ""N1""}",openjlpt|waller,waller-derived,1,N2,runtime-core,exact
名札,なふだ,N1,"{""N1"": 2}","{""community-independent"": ""N1"", ""waller-derived"": ""N1""}",openjlpt|waller|wordmaster,community-independent|waller-derived,2,N3,runtime-core,exact
生意気,なまいき,N2,"{""N2"": 2}","{""community-independent"": ""N2"", ""waller-derived"": ""N2""}",openjlpt|waller|wordmaster,community-independent|waller-derived,2,N1,runtime-core,exact
怠ける,なまける,N3,"{""N3"": 2}","{""community-independent"": ""N3"", ""waller-derived"": ""N3""}",openjlpt|waller|wordmaster,community-independent|waller-derived,2,N1,runtime-core,exact
並,なみ,N3,"{""N3"": 1}","{""community-independent"": ""N3""}",wordmaster,community-independent,1,N1,advanced-bundle,exact
並み,なみ,N1,"{""N1"": 1}","{""waller-derived"": ""N1""}",openjlpt|waller,waller-derived,1,N2,runtime-core,exact
涙,なみだ,N3,"{""N3"": 2}","{""community-independent"": ""N3"", ""waller-derived"": ""N3""}",openjlpt|waller|wordmaster,community-independent|waller-derived,2,N4,runtime-core,exact
滑らか,なめらか,N1,"{""N1"": 2}","{""community-independent"": ""N1"", ""waller-derived"": ""N1""}",openjlpt|waller|wordmaster,community-independent|waller-derived,2,N2,runtime-core,exact
悩ます,なやます,N1,"{""N1"": 2}","{""community-independent"": ""N1"", ""waller-derived"": ""N1""}",openjlpt|waller|wordmaster,community-independent|waller-derived,2,N2,runtime-core,exact
悩み,なやみ,N1,"{""N1"": 2}","{""community-independent"": ""N1"", ""waller-derived"": ""N1""}",openjlpt|waller|wordmaster,community-independent|waller-derived,2,N2,runtime-core,exact
慣らす,ならす,N3,"{""N1"": 1, ""N3"": 1}","{""community-independent"": ""N3"", ""waller-derived"": ""N1""}",openjlpt|waller|wordmaster,community-independent|waller-derived,2,N1,runtime-core,exact
馴らす,ならす,N3,"{""N1"": 1, ""N3"": 1}","{""community-independent"": ""N3"", ""waller-derived"": ""N1""}",openjlpt|waller|wordmaster,community-independent|waller-derived,2,N1,advanced-bundle,exact
成り立つ,なりたつ,N1,"{""N1"": 2}","{""community-independent"": ""N1"", ""waller-derived"": ""N1""}",openjlpt|waller|wordmaster,community-independent|waller-derived,2,N2,runtime-core,exact
なる,なる,N5,"{""N5"": 2}","{""community-independent"": ""N5"", ""waller-derived"": ""N5""}",waller|wordmaster,community-independent|waller-derived,2,N4,runtime-core,exact
生る,なる,N3,"{""N2"": 1, ""N3"": 1}","{""community-independent"": ""N3"", ""waller-derived"": ""N2""}",openjlpt|waller|wordmaster,community-independent|waller-derived,2,N2,advanced-bundle,exact
鳴る,なる,N4,"{""N4"": 2}","{""community-independent"": ""N4"", ""waller-derived"": ""N4""}",openjlpt|waller|wordmaster,community-independent|waller-derived,2,N3,runtime-core,exact
なるべく,なるべく,N4,"{""N4"": 2}","{""community-independent"": ""N4"", ""waller-derived"": ""N4""}",waller|wordmaster,community-independent|waller-derived,2,N3,runtime-core,exact
成るべく,なるべく,N1,"{""N1"": 1}","{""waller-derived"": ""N1""}",openjlpt|waller,waller-derived,1,N4,advanced-bundle,exact
なるほど,なるほど,N4,"{""N4"": 2}","{""community-independent"": ""N4"", ""waller-derived"": ""N4""}",waller|wordmaster,community-independent|waller-derived,2,N3,runtime-core,exact
慣れ,なれ,N1,"{""N1"": 2}","{""community-independent"": ""N1"", ""waller-derived"": ""N1""}",openjlpt|waller|wordmaster,community-independent|waller-derived,2,N3,runtime-core,exact
馴れる,なれる,N3,"{""N2"": 1, ""N3"": 1}","{""community-independent"": ""N3"", ""waller-derived"": ""N2""}",openjlpt|waller|wordmaster,community-independent|waller-derived,2,N1,advanced-bundle,exact
難,なん,N3,"{""N1"": 1, ""N3"": 1}","{""community-independent"": ""N3"", ""waller-derived"": ""N1""}",openjlpt|waller|wordmaster,community-independent|waller-derived,2,N2,runtime-core,exact
なんか,なんか,N1,"{""N1"": 1}","{""waller-derived"": ""N1""}",waller,waller-derived,1,N3,runtime-core,exact
ナンセンス,ナンセンス,N1,"{""N1"": 2}","{""community-independent"": ""N1"", ""waller-derived"": ""N1""}",waller|wordmaster,community-independent|waller-derived,2,N2,runtime-core,exact
何だか,なんだか,N1,"{""N1"": 2}","{""community-independent"": ""N1"", ""waller-derived"": ""N1""}",openjlpt|waller|wordmaster,community-independent|waller-derived,2,N2,runtime-core,exact
何で,なんで,N3,"{""N3"": 2}","{""community-independent"": ""N3"", ""waller-derived"": ""N3""}",openjlpt|waller|wordmaster,community-independent|waller-derived,2,N5,runtime-core,exact
何でも,なんでも,N3,"{""N3"": 2}","{""community-independent"": ""N3"", ""waller-derived"": ""N3""}",openjlpt|waller|wordmaster,community-independent|waller-derived,2,N4,runtime-core,exact
なんとなく,なんとなく,N2,"{""N2"": 2}","{""community-independent"": ""N2"", ""waller-derived"": ""N2""}",waller|wordmaster,community-independent|waller-derived,2,N1,advanced-bundle,exact
何となく,なんとなく,N1,"{""N1"": 1}","{""waller-derived"": ""N1""}",openjlpt|waller,waller-derived,1,N2,runtime-core,exact
似合う,にあう,N3,"{""N3"": 2}","{""community-independent"": ""N3"", ""waller-derived"": ""N3""}",openjlpt|waller|wordmaster,community-independent|waller-derived,2,N4,runtime-core,exact
煮える,にえる,N3,"{""N2"": 1, ""N3"": 1}","{""community-independent"": ""N3"", ""waller-derived"": ""N2""}",openjlpt|waller|wordmaster,community-independent|waller-derived,2,N2,advanced-bundle,exact
逃がす,にがす,N2,"{""N2"": 2}","{""community-independent"": ""N2"", ""waller-derived"": ""N2""}",openjlpt|waller|wordmaster,community-independent|waller-derived,2,N3,runtime-core,exact
握る,にぎる,N3,"{""N3"": 2}","{""community-independent"": ""N3"", ""waller-derived"": ""N3""}",openjlpt|waller|wordmaster,community-independent|waller-derived,2,N4,runtime-core,exact
憎しみ,にくしみ,N1,"{""N1"": 2}","{""community-independent"": ""N1"", ""waller-derived"": ""N1""}",openjlpt|waller|wordmaster,community-independent|waller-derived,2,N2,runtime-core,exact
憎らしい,にくらしい,N2,"{""N2"": 2}","{""community-independent"": ""N2"", ""waller-derived"": ""N2""}",openjlpt|waller|wordmaster,community-independent|waller-derived,2,N3,runtime-core,exact
にこにこ,にこにこ,N2,"{""N2"": 2}","{""community-independent"": ""N2"", ""waller-derived"": ""N2""}",waller|wordmaster,community-independent|waller-derived,2,N4,runtime-core,exact
日,にち,N3,"{""N3"": 2}","{""community-independent"": ""N3"", ""waller-derived"": ""N3""}",openjlpt|waller|wordmaster,community-independent|waller-derived,2,N5,runtime-core,exact
日時,にちじ,N2,"{""N2"": 2}","{""community-independent"": ""N2"", ""waller-derived"": ""N2""}",openjlpt|waller|wordmaster,community-independent|waller-derived,2,N3,runtime-core,exact
日夜,にちや,N1,"{""N1"": 2}","{""community-independent"": ""N1"", ""waller-derived"": ""N1""}",openjlpt|waller|wordmaster,community-independent|waller-derived,2,N3,runtime-core,exact
日光,にっこう,N3,"{""N3"": 2}","{""community-independent"": ""N3"", ""waller-derived"": ""N3""}",openjlpt|waller|wordmaster,community-independent|waller-derived,2,N2,runtime-core,exact
にっこり,にっこり,N3,"{""N3"": 2}","{""community-independent"": ""N3"", ""waller-derived"": ""N3""}",waller|wordmaster,community-independent|waller-derived,2,N2,runtime-core,exact
日程,にってい,N2,"{""N2"": 2}","{""community-independent"": ""N2"", ""waller-derived"": ""N2""}",openjlpt|waller|wordmaster,community-independent|waller-derived,2,N3,runtime-core,exact
日本,にほん,N3,"{""N3"": 1}","{""waller-derived"": ""N3""}",waller,waller-derived,1,N5,runtime-core,exact
入社,にゅうしゃ,N2,"{""N2"": 2}","{""community-independent"": ""N2"", ""waller-derived"": ""N2""}",openjlpt|waller|wordmaster,community-independent|waller-derived,2,N3,runtime-core,exact
入手,にゅうしゅ,N1,"{""N1"": 2}","{""community-independent"": ""N1"", ""waller-derived"": ""N1""}",openjlpt|waller|wordmaster,community-independent|waller-derived,2,N2,runtime-core,exact
入賞,にゅうしょう,N1,"{""N1"": 2}","{""community-independent"": ""N1"", ""waller-derived"": ""N1""}",openjlpt|waller|wordmaster,community-independent|waller-derived,2,N2,runtime-core,exact
入場,にゅうじょう,N3,"{""N3"": 2}","{""community-independent"": ""N3"", ""waller-derived"": ""N3""}",openjlpt|waller|wordmaster,community-independent|waller-derived,2,N2,runtime-core,exact
女房,にょうぼう,N2,"{""N2"": 2}","{""community-independent"": ""N2"", ""waller-derived"": ""N2""}",openjlpt|waller|wordmaster,community-independent|waller-derived,2,N1,runtime-core,exact
人気,にんき,N3,"{""N3"": 2}","{""community-independent"": ""N3"", ""waller-derived"": ""N3""}",openjlpt|waller|wordmaster,community-independent|waller-derived,2,N4,runtime-core,exact
人形,にんぎょう,N4,"{""N4"": 2}","{""community-independent"": ""N4"", ""waller-derived"": ""N4""}",openjlpt|waller|wordmaster,community-independent|waller-derived,2,N3,runtime-core,exact
人間,にんげん,N3,"{""N3"": 2}","{""community-independent"": ""N3"", ""waller-derived"": ""N3""}",openjlpt|waller|wordmaster,community-independent|waller-derived,2,N4,runtime-core,exact
認識,にんしき,N1,"{""N1"": 2}","{""community-independent"": ""N1"", ""waller-derived"": ""N1""}",openjlpt|waller|wordmaster,community-independent|waller-derived,2,N2,runtime-core,exact
抜く,ぬく,N3,"{""N3"": 2}","{""community-independent"": ""N3"", ""waller-derived"": ""N3""}",openjlpt|waller|wordmaster,community-independent|waller-derived,2,N2,runtime-core,exact
主,ぬし,N1,"{""N1"": 1}","{""community-independent"": ""N1""}",wordmaster,community-independent,1,N2,runtime-core,exact
布,ぬの,N3,"{""N3"": 2}","{""community-independent"": ""N3"", ""waller-derived"": ""N3""}",openjlpt|waller|wordmaster,community-independent|waller-derived,2,N2,runtime-core,exact
濡らす,ぬらす,N3,"{""N2"": 1, ""N3"": 1}","{""community-independent"": ""N3"", ""waller-derived"": ""N2""}",openjlpt|waller|wordmaster,community-independent|waller-derived,2,N2,advanced-bundle,exact
塗る,ぬる,N4,"{""N4"": 2}","{""community-independent"": ""N4"", ""waller-derived"": ""N4""}",openjlpt|waller|wordmaster,community-independent|waller-derived,2,N3,runtime-core,exact
ネクタイ,ネクタイ,N5,"{""N5"": 2}","{""community-independent"": ""N5"", ""waller-derived"": ""N5""}",waller|wordmaster,community-independent|waller-derived,2,N4,runtime-core,exact
ネックレス,ネックレス,N2,"{""N2"": 2}","{""community-independent"": ""N2"", ""waller-derived"": ""N2""}",waller|wordmaster,community-independent|waller-derived,2,N4,runtime-core,exact
熱帯,ねったい,N3,"{""N3"": 2}","{""community-independent"": ""N3"", ""waller-derived"": ""N3""}",openjlpt|waller|wordmaster,community-independent|waller-derived,2,N2,runtime-core,exact
熱中,ねっちゅう,N3,"{""N3"": 2}","{""community-independent"": ""N3"", ""waller-derived"": ""N3""}",openjlpt|waller|wordmaster,community-independent|waller-derived,2,N2,runtime-core,exact
値引き,ねびき,N1,"{""N1"": 2}","{""community-independent"": ""N1"", ""waller-derived"": ""N1""}",openjlpt|waller|wordmaster,community-independent|waller-derived,2,N2,runtime-core,exact
練る,ねる,N1,"{""N1"": 2}","{""community-independent"": ""N1"", ""waller-derived"": ""N1""}",openjlpt|waller|wordmaster,community-independent|waller-derived,2,N2,runtime-core,exact
念,ねん,N1,"{""N1"": 2}","{""community-independent"": ""N1"", ""waller-derived"": ""N1""}",openjlpt|waller|wordmaster,community-independent|waller-derived,2,N2,runtime-core,exact
年鑑,ねんかん,N3,"{""N1"": 1, ""N3"": 1}","{""community-independent"": ""N3"", ""waller-derived"": ""N1""}",openjlpt|waller|wordmaster,community-independent|waller-derived,2,N1,advanced-bundle,exact
年賀,ねんが,N1,"{""N1"": 1}","{""community-independent"": ""N1""}",wordmaster,community-independent,1,N2,advanced-bundle,exact
年月,ねんげつ,N3,"{""N3"": 1}","{""waller-derived"": ""N3""}",waller,waller-derived,1,N2,runtime-core,exact
年生,ねんせい,N1,"{""N1"": 1}","{""waller-derived"": ""N1""}",openjlpt|waller,waller-derived,1,N4,runtime-core,exact
年代,ねんだい,N3,"{""N3"": 2}","{""community-independent"": ""N3"", ""waller-derived"": ""N3""}",openjlpt|waller|wordmaster,community-independent|waller-derived,2,N2,runtime-core,exact
燃料,ねんりょう,N1,"{""N1"": 2}","{""community-independent"": ""N1"", ""waller-derived"": ""N1""}",openjlpt|waller|wordmaster,community-independent|waller-derived,2,N2,runtime-core,exact
脳,のう,N3,"{""N1"": 1, ""N3"": 1}","{""community-independent"": ""N3"", ""waller-derived"": ""N1""}",openjlpt|waller|wordmaster,community-independent|waller-derived,2,N2,runtime-core,exact
農家,のうか,N3,"{""N3"": 2}","{""community-independent"": ""N3"", ""waller-derived"": ""N3""}",openjlpt|waller|wordmaster,community-independent|waller-derived,2,N2,runtime-core,exact
農村,のうそん,N2,"{""N2"": 2}","{""community-independent"": ""N2"", ""waller-derived"": ""N2""}",openjlpt|waller|wordmaster,community-independent|waller-derived,2,N1,runtime-core,exact
濃度,のうど,N2,"{""N2"": 2}","{""community-independent"": ""N2"", ""waller-derived"": ""N2""}",openjlpt|waller|wordmaster,community-independent|waller-derived,2,N1,runtime-core,exact
農民,のうみん,N3,"{""N3"": 2}","{""community-independent"": ""N3"", ""waller-derived"": ""N3""}",openjlpt|waller|wordmaster,community-independent|waller-derived,2,N1,runtime-core,exact
能力,のうりょく,N3,"{""N3"": 2}","{""community-independent"": ""N3"", ""waller-derived"": ""N3""}",openjlpt|waller|wordmaster,community-independent|waller-derived,2,N2,runtime-core,exact
逃す,のがす,N1,"{""N1"": 2}","{""community-independent"": ""N1"", ""waller-derived"": ""N1""}",openjlpt|waller|wordmaster,community-independent|waller-derived,2,N2,runtime-core,exact
逃れる,のがれる,N1,"{""N1"": 2}","{""community-independent"": ""N1"", ""waller-derived"": ""N1""}",openjlpt|waller|wordmaster,community-independent|waller-derived,2,N2,runtime-core,exact
のこぎり,のこぎり,N2,"{""N2"": 2}","{""community-independent"": ""N2"", ""waller-derived"": ""N2""}",waller|wordmaster,community-independent|waller-derived,2,N1,runtime-core,exact
鋸,のこぎり,N1,"{""N1"": 1}","{""waller-derived"": ""N1""}",openjlpt|waller,waller-derived,1,N2,advanced-bundle,exact
残す,のこす,N3,"{""N3"": 2}","{""community-independent"": ""N3"", ""waller-derived"": ""N3""}",openjlpt|waller|wordmaster,community-independent|waller-derived,2,N4,runtime-core,exact
残り,のこり,N3,"{""N3"": 2}","{""community-independent"": ""N3"", ""waller-derived"": ""N3""}",openjlpt|waller|wordmaster,community-independent|waller-derived,2,N4,runtime-core,exact
覗く,のぞく,N3,"{""N2"": 1, ""N3"": 1}","{""community-independent"": ""N3"", ""waller-derived"": ""N2""}",openjlpt|waller|wordmaster,community-independent|waller-derived,2,N2,advanced-bundle,exact
除く,のぞく,N3,"{""N3"": 2}","{""community-independent"": ""N3"", ""waller-derived"": ""N3""}",openjlpt|waller|wordmaster,community-independent|waller-derived,2,N2,runtime-core,exact
望ましい,のぞましい,N1,"{""N1"": 2}","{""community-independent"": ""N1"", ""waller-derived"": ""N1""}",openjlpt|waller|wordmaster,community-independent|waller-derived,2,N2,runtime-core,exact
望み,のぞみ,N3,"{""N3"": 2}","{""community-independent"": ""N3"", ""waller-derived"": ""N3""}",openjlpt|waller|wordmaster,community-independent|waller-derived,2,N2,runtime-core,exact
望む,のぞむ,N3,"{""N3"": 2}","{""community-independent"": ""N3"", ""waller-derived"": ""N3""}",openjlpt|waller|wordmaster,community-independent|waller-derived,2,N2,runtime-core,exact
臨む,のぞむ,N3,"{""N1"": 1, ""N3"": 1}","{""community-independent"": ""N3"", ""waller-derived"": ""N1""}",openjlpt|waller|wordmaster,community-independent|waller-derived,2,N2,runtime-core,exact
喉,のど,N4,"{""N4"": 2}","{""community-independent"": ""N4"", ""waller-derived"": ""N4""}",openjlpt|waller|wordmaster,community-independent|waller-derived,2,N3,runtime-core,exact
延びる,のびる,N3,"{""N2"": 1, ""N3"": 1}","{""community-independent"": ""N3"", ""waller-derived"": ""N2""}",openjlpt|waller|wordmaster,community-independent|waller-derived,2,N1,runtime-core,exact
述べる,のべる,N3,"{""N3"": 2}","{""community-independent"": ""N3"", ""waller-derived"": ""N3""}",openjlpt|waller|wordmaster,community-independent|waller-derived,2,N2,runtime-core,exact
上り,のぼり,N2,"{""N2"": 2}","{""community-independent"": ""N2"", ""waller-derived"": ""N2""}",openjlpt|waller|wordmaster,community-independent|waller-derived,2,N1,runtime-core,exact
昇る,のぼる,N3,"{""N3"": 2}","{""community-independent"": ""N3"", ""waller-derived"": ""N3""}",openjlpt|waller|wordmaster,community-independent|waller-derived,2,N1,runtime-core,exact
登る,のぼる,N5,"{""N5"": 2}","{""community-independent"": ""N5"", ""waller-derived"": ""N5""}",openjlpt|waller|wordmaster,community-independent|waller-derived,2,N4,runtime-core,exact
乗り換え,のりかえ,N1,"{""N1"": 1}","{""waller-derived"": ""N1""}",openjlpt|waller,waller-derived,1,N3,runtime-core,exact
乗り物,のりもの,N4,"{""N4"": 2}","{""community-independent"": ""N4"", ""waller-derived"": ""N4""}",openjlpt|waller|wordmaster,community-independent|waller-derived,2,N3,runtime-core,exact
のんびり,のんびり,N3,"{""N3"": 2}","{""community-independent"": ""N3"", ""waller-derived"": ""N3""}",waller|wordmaster,community-independent|waller-derived,2,N2,runtime-core,exact
葉,は,N4,"{""N4"": 2}","{""community-independent"": ""N4"", ""waller-derived"": ""N4""}",openjlpt|waller|wordmaster,community-independent|waller-derived,2,N3,runtime-core,exact
把握,はあく,N1,"{""N1"": 2}","{""community-independent"": ""N1"", ""waller-derived"": ""N1""}",openjlpt|waller|wordmaster,community-independent|waller-derived,2,N2,runtime-core,exact
肺,はい,N3,"{""N1"": 1, ""N3"": 1}","{""community-independent"": ""N3"", ""waller-derived"": ""N1""}",openjlpt|waller|wordmaster,community-independent|waller-derived,2,N1,advanced-bundle,exact
俳句,はいく,N2,"{""N2"": 2}","{""community-independent"": ""N2"", ""waller-derived"": ""N2""}",openjlpt|waller|wordmaster,community-independent|waller-derived,2,N1,runtime-core,exact
拝啓,はいけい,N1,"{""N1"": 2}","{""community-independent"": ""N1"", ""waller-derived"": ""N1""}",openjlpt|waller|wordmaster,community-independent|waller-derived,2,N2,runtime-core,exact
背景,はいけい,N1,"{""N1"": 2}","{""community-independent"": ""N1"", ""waller-derived"": ""N1""}",openjlpt|waller|wordmaster,community-independent|waller-derived,2,N2,runtime-core,exact
拝見,はいけん,N4,"{""N4"": 1}","{""waller-derived"": ""N4""}",openjlpt|waller,waller-derived,1,N3,runtime-core,exact
廃止,はいし,N1,"{""N1"": 2}","{""community-independent"": ""N1"", ""waller-derived"": ""N1""}",openjlpt|waller|wordmaster,community-independent|waller-derived,2,N2,runtime-core,exact
配布,はいふ,N1,"{""N1"": 2}","{""community-independent"": ""N1"", ""waller-derived"": ""N1""}",openjlpt|waller|wordmaster,community-independent|waller-derived,2,N2,runtime-core,exact
俳優,はいゆう,N3,"{""N3"": 2}","{""community-independent"": ""N3"", ""waller-derived"": ""N3""}",openjlpt|waller|wordmaster,community-independent|waller-derived,2,N2,runtime-core,exact
配慮,はいりょ,N1,"{""N1"": 2}","{""community-independent"": ""N1"", ""waller-derived"": ""N1""}",openjlpt|waller|wordmaster,community-independent|waller-derived,2,N2,runtime-core,exact
映える,はえる,N3,"{""N1"": 1, ""N3"": 1}","{""community-independent"": ""N3"", ""waller-derived"": ""N1""}",openjlpt|waller|wordmaster,community-independent|waller-derived,2,N1,runtime-core,exact
破壊,はかい,N1,"{""N1"": 2}","{""community-independent"": ""N1"", ""waller-derived"": ""N1""}",openjlpt|waller|wordmaster,community-independent|waller-derived,2,N2,runtime-core,exact
博士,はかせ,N3,"{""N3"": 2}","{""community-independent"": ""N3"", ""waller-derived"": ""N3""}",openjlpt|waller|wordmaster,community-independent|waller-derived,2,N1,runtime-core,exact
図る,はかる,N3,"{""N1"": 1, ""N3"": 1}","{""community-independent"": ""N3"", ""waller-derived"": ""N1""}",openjlpt|waller|wordmaster,community-independent|waller-derived,2,N2,runtime-core,exact
計る,はかる,N3,"{""N3"": 2}","{""community-independent"": ""N3"", ""waller-derived"": ""N3""}",openjlpt|waller|wordmaster,community-independent|waller-derived,2,N2,runtime-core,exact
諮る,はかる,N3,"{""N1"": 1, ""N3"": 1}","{""community-independent"": ""N3"", ""waller-derived"": ""N1""}",openjlpt|waller|wordmaster,community-independent|waller-derived,2,N1,advanced-bundle,exact
量る,はかる,N3,"{""N2"": 1, ""N3"": 1}","{""community-independent"": ""N3"", ""waller-derived"": ""N2""}",openjlpt|waller|wordmaster,community-independent|waller-derived,2,N1,advanced-bundle,exact
剥がす,はがす,N1,"{""N1"": 1}","{""waller-derived"": ""N1""}",openjlpt|waller,waller-derived,1,N2,advanced-bundle,exact
はく,はく,N5,"{""N5"": 1}","{""community-independent"": ""N5""}",wordmaster,community-independent,1,N4,runtime-core,exact
履く,はく,N5,"{""N5"": 1}","{""waller-derived"": ""N5""}",openjlpt|waller,waller-derived,1,N4,runtime-core,exact
拍手,はくしゅ,N3,"{""N3"": 2}","{""community-independent"": ""N3"", ""waller-derived"": ""N3""}",openjlpt|waller|wordmaster,community-independent|waller-derived,2,N2,runtime-core,exact
激しい,はげしい,N3,"{""N3"": 2}","{""community-independent"": ""N3"", ""waller-derived"": ""N3""}",openjlpt|waller|wordmaster,community-independent|waller-derived,2,N2,runtime-core,exact
橋,はし,N5,"{""N5"": 2}","{""community-independent"": ""N5"", ""waller-derived"": ""N5""}",openjlpt|waller|wordmaster,community-independent|waller-derived,2,N4,runtime-core,exact
柱,はしら,N1,"{""N1"": 1}","{""waller-derived"": ""N1""}",openjlpt|waller,waller-derived,1,N2,runtime-core,exact
恥,はじ,N1,"{""N1"": 2}","{""community-independent"": ""N1"", ""waller-derived"": ""N1""}",openjlpt|waller|wordmaster,community-independent|waller-derived,2,N2,runtime-core,exact
始まり,はじまり,N3,"{""N3"": 2}","{""community-independent"": ""N3"", ""waller-derived"": ""N3""}",openjlpt|waller|wordmaster,community-independent|waller-derived,2,N2,runtime-core,exact
始め,はじめ,N5,"{""N5"": 1}","{""waller-derived"": ""N5""}",openjlpt|waller,waller-derived,1,N3,runtime-core,exact
始める,はじめる,N4,"{""N4"": 2}","{""community-independent"": ""N4"", ""waller-derived"": ""N4""}",openjlpt|waller|wordmaster,community-independent|waller-derived,2,N5,runtime-core,exact
はず,はず,N4,"{""N4"": 1}","{""community-independent"": ""N4""}",wordmaster,community-independent,1,N3,runtime-core,exact
外す,はずす,N3,"{""N3"": 2}","{""community-independent"": ""N3"", ""waller-derived"": ""N3""}",openjlpt|waller|wordmaster,community-independent|waller-derived,2,N4,runtime-core,exact
外れる,はずれる,N3,"{""N2"": 1, ""N3"": 1}","{""community-independent"": ""N3"", ""waller-derived"": ""N2""}",openjlpt|waller|wordmaster,community-independent|waller-derived,2,N2,runtime-core,exact
旗,はた,N3,"{""N3"": 2}","{""community-independent"": ""N3"", ""waller-derived"": ""N3""}",openjlpt|waller|wordmaster,community-independent|waller-derived,2,N2,runtime-core,exact
果たして,はたして,N1,"{""N1"": 1}","{""waller-derived"": ""N1""}",openjlpt|waller,waller-derived,1,N2,runtime-core,exact
果たす,はたす,N1,"{""N1"": 2}","{""community-independent"": ""N1"", ""waller-derived"": ""N1""}",openjlpt|waller|wordmaster,community-independent|waller-derived,2,N2,runtime-core,exact
二十歳,はたち,N5,"{""N5"": 2}","{""community-independent"": ""N5"", ""waller-derived"": ""N5""}",openjlpt|waller|wordmaster,community-independent|waller-derived,2,N3,runtime-core,exact
肌,はだ,N3,"{""N3"": 2}","{""community-independent"": ""N3"", ""waller-derived"": ""N3""}",openjlpt|waller|wordmaster,community-independent|waller-derived,2,N4,runtime-core,exact
裸,はだか,N3,"{""N3"": 2}","{""community-independent"": ""N3"", ""waller-derived"": ""N3""}",openjlpt|waller|wordmaster,community-independent|waller-derived,2,N1,runtime-core,exact
蜂蜜,はちみつ,N1,"{""N1"": 2}","{""community-independent"": ""N1"", ""waller-derived"": ""N1""}",openjlpt|waller|wordmaster,community-independent|waller-derived,2,N2,runtime-core,exact
発見,はっけん,N3,"{""N3"": 2}","{""community-independent"": ""N3"", ""waller-derived"": ""N3""}",openjlpt|waller|wordmaster,community-independent|waller-derived,2,N4,runtime-core,exact
発行,はっこう,N3,"{""N3"": 2}","{""community-independent"": ""N3"", ""waller-derived"": ""N3""}",openjlpt|waller|wordmaster,community-independent|waller-derived,2,N2,runtime-core,exact
発射,はっしゃ,N3,"{""N2"": 1, ""N3"": 1}","{""community-independent"": ""N3"", ""waller-derived"": ""N2""}",openjlpt|waller|wordmaster,community-independent|waller-derived,2,N1,runtime-core,exact
発車,はっしゃ,N3,"{""N3"": 2}","{""community-independent"": ""N3"", ""waller-derived"": ""N3""}",openjlpt|waller|wordmaster,community-independent|waller-derived,2,N2,runtime-core,exact
発生,はっせい,N1,"{""N1"": 2}","{""community-independent"": ""N1"", ""waller-derived"": ""N1""}",openjlpt|waller|wordmaster,community-independent|waller-derived,2,N3,runtime-core,exact
発達,はったつ,N3,"{""N3"": 2}","{""community-independent"": ""N3"", ""waller-derived"": ""N3""}",openjlpt|waller|wordmaster,community-independent|waller-derived,2,N2,runtime-core,exact
発,はつ,N2,"{""N1"": 1, ""N2"": 1}","{""community-independent"": ""N2"", ""waller-derived"": ""N1""}",openjlpt|waller|wordmaster,community-independent|waller-derived,2,N4,runtime-core,exact
発音,はつおん,N4,"{""N4"": 2}","{""community-independent"": ""N4"", ""waller-derived"": ""N4""}",openjlpt|waller|wordmaster,community-independent|waller-derived,2,N3,runtime-core,exact
発芽,はつが,N1,"{""N1"": 2}","{""community-independent"": ""N1"", ""waller-derived"": ""N1""}",openjlpt|waller|wordmaster,community-independent|waller-derived,2,N2,runtime-core,exact
発言,はつげん,N1,"{""N1"": 2}","{""community-independent"": ""N1"", ""waller-derived"": ""N1""}",openjlpt|waller|wordmaster,community-independent|waller-derived,2,N3,runtime-core,exact
発売,はつばい,N2,"{""N2"": 2}","{""community-independent"": ""N2"", ""waller-derived"": ""N2""}",openjlpt|waller|wordmaster,community-independent|waller-derived,2,N3,runtime-core,exact
発明,はつめい,N3,"{""N3"": 2}","{""community-independent"": ""N3"", ""waller-derived"": ""N3""}",openjlpt|waller|wordmaster,community-independent|waller-derived,2,N2,runtime-core,exact
話し合い,はなしあい,N1,"{""N1"": 1}","{""waller-derived"": ""N1""}",openjlpt|waller,waller-derived,1,N3,runtime-core,exact
話し掛ける,はなしかける,N2,"{""N2"": 2}","{""community-independent"": ""N2"", ""waller-derived"": ""N2""}",openjlpt|waller|wordmaster,community-independent|waller-derived,2,N1,advanced-bundle,exact
放す,はなす,N3,"{""N3"": 2}","{""community-independent"": ""N3"", ""waller-derived"": ""N3""}",openjlpt|waller|wordmaster,community-independent|waller-derived,2,N2,runtime-core,exact
甚だしい,はなはだしい,N2,"{""N2"": 2}","{""community-independent"": ""N2"", ""waller-derived"": ""N2""}",openjlpt|waller|wordmaster,community-independent|waller-derived,2,N1,runtime-core,exact
花火,はなび,N2,"{""N2"": 2}","{""community-independent"": ""N2"", ""waller-derived"": ""N2""}",openjlpt|waller|wordmaster,community-independent|waller-derived,2,N3,runtime-core,exact
放れる,はなれる,N3,"{""N2"": 1, ""N3"": 1}","{""community-independent"": ""N3"", ""waller-derived"": ""N2""}",openjlpt|waller|wordmaster,community-independent|waller-derived,2,N2,advanced-bundle,exact
離れる,はなれる,N3,"{""N3"": 2}","{""community-independent"": ""N3"", ""waller-derived"": ""N3""}",openjlpt|waller|wordmaster,community-independent|waller-derived,2,N2,runtime-core,exact
羽,はね,N3,"{""N3"": 2}","{""community-independent"": ""N3"", ""waller-derived"": ""N3""}",openjlpt|waller|wordmaster,community-independent|waller-derived,2,N2,runtime-core,exact
跳ねる,はねる,N2,"{""N2"": 2}","{""community-independent"": ""N2"", ""waller-derived"": ""N2""}",openjlpt|waller|wordmaster,community-independent|waller-derived,2,N1,runtime-core,exact
母親,ははおや,N3,"{""N3"": 2}","{""community-independent"": ""N3"", ""waller-derived"": ""N3""}",openjlpt|waller|wordmaster,community-independent|waller-derived,2,N4,runtime-core,exact
幅,はば,N3,"{""N3"": 2}","{""community-independent"": ""N3"", ""waller-derived"": ""N3""}",openjlpt|waller|wordmaster,community-independent|waller-derived,2,N2,runtime-core,exact
省く,はぶく,N3,"{""N3"": 2}","{""community-independent"": ""N3"", ""waller-derived"": ""N3""}",openjlpt|waller|wordmaster,community-independent|waller-derived,2,N2,runtime-core,exact
浜,はま,N1,"{""N1"": 2}","{""community-independent"": ""N1"", ""waller-derived"": ""N1""}",openjlpt|waller|wordmaster,community-independent|waller-derived,2,N2,runtime-core,exact
はまる,はまる,N1,"{""N1"": 1}","{""community-independent"": ""N1""}",wordmaster,community-independent,1,N2,runtime-core,exact
歯磨き,はみがき,N2,"{""N2"": 2}","{""community-independent"": ""N2"", ""waller-derived"": ""N2""}",openjlpt|waller|wordmaster,community-independent|waller-derived,2,N3,runtime-core,exact
はめる,はめる,N2,"{""N2"": 2}","{""community-independent"": ""N2"", ""waller-derived"": ""N2""}",waller|wordmaster,community-independent|waller-derived,2,N1,runtime-core,exact
生やす,はやす,N3,"{""N1"": 1, ""N3"": 1}","{""community-independent"": ""N3"", ""waller-derived"": ""N1""}",openjlpt|waller|wordmaster,community-independent|waller-derived,2,N1,runtime-core,exact
早める,はやめる,N1,"{""N1"": 2}","{""community-independent"": ""N1"", ""waller-derived"": ""N1""}",openjlpt|waller|wordmaster,community-independent|waller-derived,2,N3,runtime-core,exact
流行る,はやる,N3,"{""N2"": 1, ""N3"": 1}","{""community-independent"": ""N3"", ""waller-derived"": ""N2""}",openjlpt|waller|wordmaster,community-independent|waller-derived,2,N2,advanced-bundle,exact
腹,はら,N3,"{""N3"": 2}","{""community-independent"": ""N3"", ""waller-derived"": ""N3""}",openjlpt|waller|wordmaster,community-independent|waller-derived,2,N4,runtime-core,exact
はらはら,はらはら,N1,"{""N1"": 1}","{""community-independent"": ""N1""}",wordmaster,community-independent,1,N3,runtime-core,exact
貼る,はる,N5,"{""N5"": 2}","{""community-independent"": ""N5"", ""waller-derived"": ""N5""}",openjlpt|waller|wordmaster,community-independent|waller-derived,2,N4,runtime-core,exact
腫れる,はれる,N1,"{""N1"": 2}","{""community-independent"": ""N1"", ""waller-derived"": ""N1""}",openjlpt|waller|wordmaster,community-independent|waller-derived,2,N2,runtime-core,exact
判,はん,N3,"{""N1"": 1, ""N3"": 1}","{""community-independent"": ""N3"", ""waller-derived"": ""N1""}",openjlpt|waller|wordmaster,community-independent|waller-derived,2,N2,runtime-core,exact
版,はん,N3,"{""N1"": 1, ""N3"": 1}","{""community-independent"": ""N3"", ""waller-derived"": ""N1""}",openjlpt|waller|wordmaster,community-independent|waller-derived,2,N1,advanced-bundle,exact
班,はん,N3,"{""N1"": 1, ""N3"": 1}","{""community-independent"": ""N3"", ""waller-derived"": ""N1""}",openjlpt|waller|wordmaster,community-independent|waller-derived,2,N1,runtime-core,exact
範囲,はんい,N3,"{""N3"": 2}","{""community-independent"": ""N3"", ""waller-derived"": ""N3""}",openjlpt|waller|wordmaster,community-independent|waller-derived,2,N2,runtime-core,exact
ハンカチ,ハンカチ,N5,"{""N5"": 2}","{""community-independent"": ""N5"", ""waller-derived"": ""N5""}",waller|wordmaster,community-independent|waller-derived,2,N4,runtime-core,exact
半径,はんけい,N2,"{""N2"": 2}","{""community-independent"": ""N2"", ""waller-derived"": ""N2""}",openjlpt|waller|wordmaster,community-independent|waller-derived,2,N1,runtime-core,exact
判子,はんこ,N2,"{""N2"": 2}","{""community-independent"": ""N2"", ""waller-derived"": ""N2""}",openjlpt|waller|wordmaster,community-independent|waller-derived,2,N3,runtime-core,exact
反抗,はんこう,N3,"{""N3"": 2}","{""community-independent"": ""N3"", ""waller-derived"": ""N3""}",openjlpt|waller|wordmaster,community-independent|waller-derived,2,N2,runtime-core,exact
犯罪,はんざい,N3,"{""N3"": 2}","{""community-independent"": ""N3"", ""waller-derived"": ""N3""}",openjlpt|waller|wordmaster,community-independent|waller-derived,2,N1,runtime-core,exact
反射,はんしゃ,N1,"{""N1"": 2}","{""community-independent"": ""N1"", ""waller-derived"": ""N1""}",openjlpt|waller|wordmaster,community-independent|waller-derived,2,N2,runtime-core,exact
反する,はんする,N1,"{""N1"": 2}","{""community-independent"": ""N1"", ""waller-derived"": ""N1""}",openjlpt|waller|wordmaster,community-independent|waller-derived,2,N2,runtime-core,exact
反省,はんせい,N3,"{""N2"": 1, ""N3"": 1}","{""community-independent"": ""N3"", ""waller-derived"": ""N2""}",openjlpt|waller|wordmaster,community-independent|waller-derived,2,N2,runtime-core,exact
判断,はんだん,N3,"{""N3"": 2}","{""community-independent"": ""N3"", ""waller-derived"": ""N3""}",openjlpt|waller|wordmaster,community-independent|waller-derived,2,N2,runtime-core,exact
ハンドル,ハンドル,N2,"{""N2"": 2}","{""community-independent"": ""N2"", ""waller-derived"": ""N2""}",waller|wordmaster,community-independent|waller-derived,2,N3,runtime-core,exact
反応,はんのう,N1,"{""N1"": 2}","{""community-independent"": ""N1"", ""waller-derived"": ""N1""}",openjlpt|waller|wordmaster,community-independent|waller-derived,2,N2,runtime-core,exact
反発,はんぱつ,N1,"{""N1"": 2}","{""community-independent"": ""N1"", ""waller-derived"": ""N1""}",openjlpt|waller|wordmaster,community-independent|waller-derived,2,N2,runtime-core,exact
場,ば,N3,"{""N3"": 2}","{""community-independent"": ""N3"", ""waller-derived"": ""N3""}",openjlpt|waller|wordmaster,community-independent|waller-derived,2,N4,runtime-core,exact
倍,ばい,N4,"{""N4"": 2}","{""community-independent"": ""N4"", ""waller-derived"": ""N4""}",openjlpt|waller|wordmaster,community-independent|waller-derived,2,N3,runtime-core,exact
売買,ばいばい,N2,"{""N2"": 2}","{""community-independent"": ""N2"", ""waller-derived"": ""N2""}",openjlpt|waller|wordmaster,community-independent|waller-derived,2,N1,runtime-core,exact
ばからしい,ばからしい,N2,"{""N2"": 2}","{""community-independent"": ""N2"", ""waller-derived"": ""N2""}",waller|wordmaster,community-independent|waller-derived,2,N1,advanced-bundle,exact
馬鹿らしい,ばからしい,N1,"{""N1"": 1}","{""waller-derived"": ""N1""}",openjlpt|waller,waller-derived,1,N2,advanced-bundle,exact
バケツ,バケツ,N2,"{""N2"": 2}","{""community-independent"": ""N2"", ""waller-derived"": ""N2""}",waller|wordmaster,community-independent|waller-derived,2,N3,runtime-core,exact
バター,バター,N5,"{""N5"": 2}","{""community-independent"": ""N5"", ""waller-derived"": ""N5""}",waller|wordmaster,community-independent|waller-derived,2,N3,runtime-core,exact
ばったり,ばったり,N3,"{""N3"": 2}","{""community-independent"": ""N3"", ""waller-derived"": ""N3""}",waller|wordmaster,community-independent|waller-derived,2,N2,runtime-core,exact
ばね,ばね,N2,"{""N2"": 2}","{""community-independent"": ""N2"", ""waller-derived"": ""N2""}",waller|wordmaster,community-independent|waller-derived,2,N1,runtime-core,exact
場面,ばめん,N3,"{""N3"": 2}","{""community-independent"": ""N3"", ""waller-derived"": ""N3""}",openjlpt|waller|wordmaster,community-independent|waller-derived,2,N2,runtime-core,exact
バランス,バランス,N3,"{""N2"": 1, ""N3"": 1}","{""community-independent"": ""N3"", ""waller-derived"": ""N2""}",waller|wordmaster,community-independent|waller-derived,2,N2,runtime-core,exact
番,ばん,N3,"{""N3"": 1}","{""waller-derived"": ""N3""}",waller,waller-derived,1,N4,runtime-core,exact
番組,ばんぐみ,N4,"{""N4"": 2}","{""community-independent"": ""N4"", ""waller-derived"": ""N4""}",openjlpt|waller|wordmaster,community-independent|waller-derived,2,N3,runtime-core,exact
番地,ばんち,N2,"{""N2"": 2}","{""community-independent"": ""N2"", ""waller-derived"": ""N2""}",openjlpt|waller|wordmaster,community-independent|waller-derived,2,N3,runtime-core,exact
バンド,バンド,N2,"{""N2"": 2}","{""community-independent"": ""N2"", ""waller-derived"": ""N2""}",waller|wordmaster,community-independent|waller-derived,2,N1,runtime-core,exact
万人,ばんにん,N1,"{""N1"": 1}","{""community-independent"": ""N1""}",wordmaster,community-independent,1,N3,runtime-core,exact
パジャマ,パジャマ,N1,"{""N1"": 2}","{""community-independent"": ""N1"", ""waller-derived"": ""N1""}",waller|wordmaster,community-independent|waller-derived,2,N2,runtime-core,exact
パトカー,パトカー,N1,"{""N1"": 2}","{""community-independent"": ""N1"", ""waller-derived"": ""N1""}",waller|wordmaster,community-independent|waller-derived,2,N4,runtime-core,exact
パパ,パパ,N4,"{""N4"": 1}","{""community-independent"": ""N4""}",wordmaster,community-independent,1,N3,runtime-core,exact
パンク,パンク,N1,"{""N1"": 2}","{""community-independent"": ""N1"", ""waller-derived"": ""N1""}",waller|wordmaster,community-independent|waller-derived,2,N2,runtime-core,exact
パンツ,パンツ,N2,"{""N2"": 2}","{""community-independent"": ""N2"", ""waller-derived"": ""N2""}",waller|wordmaster,community-independent|waller-derived,2,N4,runtime-core,exact
日,ひ,N4,"{""N4"": 2}","{""community-independent"": ""N4"", ""waller-derived"": ""N4""}",openjlpt|waller|wordmaster,community-independent|waller-derived,2,N5,runtime-core,exact
火,ひ,N4,"{""N4"": 2}","{""community-independent"": ""N4"", ""waller-derived"": ""N4""}",openjlpt|waller|wordmaster,community-independent|waller-derived,2,N5,runtime-core,exact
費,ひ,N1,"{""N1"": 1}","{""waller-derived"": ""N1""}",openjlpt|waller,waller-derived,1,N3,runtime-core,exact
ひいては,ひいては,N1,"{""N1"": 1}","{""community-independent"": ""N1""}",wordmaster,community-independent,1,N2,runtime-core,exact
冷える,ひえる,N4,"{""N4"": 2}","{""community-independent"": ""N4"", ""waller-derived"": ""N4""}",openjlpt|waller|wordmaster,community-independent|waller-derived,2,N3,runtime-core,exact
光る,ひかる,N4,"{""N4"": 2}","{""community-independent"": ""N4"", ""waller-derived"": ""N4""}",openjlpt|waller|wordmaster,community-independent|waller-derived,2,N3,runtime-core,exact
悲観,ひかん,N1,"{""N1"": 2}","{""community-independent"": ""N1"", ""waller-derived"": ""N1""}",openjlpt|waller|wordmaster,community-independent|waller-derived,2,N2,runtime-core,exact
被害,ひがい,N3,"{""N3"": 2}","{""community-independent"": ""N3"", ""waller-derived"": ""N3""}",openjlpt|waller|wordmaster,community-independent|waller-derived,2,N2,runtime-core,exact
日帰り,ひがえり,N2,"{""N2"": 2}","{""community-independent"": ""N2"", ""waller-derived"": ""N2""}",openjlpt|waller|wordmaster,community-independent|waller-derived,2,N3,runtime-core,exact
引き受ける,ひきうける,N1,"{""N1"": 1}","{""waller-derived"": ""N1""}",openjlpt|waller,waller-derived,1,N3,runtime-core,exact
引き出す,ひきだす,N4,"{""N2"": 1, ""N4"": 1}","{""community-independent"": ""N2"", ""waller-derived"": ""N4""}",openjlpt|waller|wordmaster,community-independent|waller-derived,2,N3,runtime-core,exact
引き取る,ひきとる,N1,"{""N1"": 1}","{""waller-derived"": ""N1""}",openjlpt|waller,waller-derived,1,N2,runtime-core,exact
引き分け,ひきわけ,N1,"{""N1"": 1}","{""waller-derived"": ""N1""}",openjlpt|waller,waller-derived,1,N2,advanced-bundle,exact
引く,ひく,N5,"{""N5"": 2}","{""community-independent"": ""N5"", ""waller-derived"": ""N5""}",openjlpt|waller|wordmaster,community-independent|waller-derived,2,N4,runtime-core,exact
弾く,ひく,N5,"{""N5"": 2}","{""community-independent"": ""N5"", ""waller-derived"": ""N5""}",openjlpt|waller|wordmaster,community-independent|waller-derived,2,N4,runtime-core,exact
ひげ,ひげ,N4,"{""N4"": 1}","{""community-independent"": ""N4""}",wordmaster,community-independent,1,N1,advanced-bundle,exact
悲劇,ひげき,N3,"{""N3"": 2}","{""community-independent"": ""N3"", ""waller-derived"": ""N3""}",openjlpt|waller|wordmaster,community-independent|waller-derived,2,N1,runtime-core,exact
非行,ひこう,N3,"{""N1"": 1, ""N3"": 1}","{""community-independent"": ""N3"", ""waller-derived"": ""N1""}",openjlpt|waller|wordmaster,community-independent|waller-derived,2,N1,advanced-bundle,exact
日頃,ひごろ,N1,"{""N1"": 2}","{""community-independent"": ""N1"", ""waller-derived"": ""N1""}",openjlpt|waller|wordmaster,community-independent|waller-derived,2,N2,runtime-core,exact
久しい,ひさしい,N1,"{""N1"": 2}","{""community-independent"": ""N1"", ""waller-derived"": ""N1""}",openjlpt|waller|wordmaster,community-independent|waller-derived,2,N3,runtime-core,exact
秘書,ひしょ,N1,"{""N1"": 2}","{""community-independent"": ""N1"", ""waller-derived"": ""N1""}",openjlpt|waller|wordmaster,community-independent|waller-derived,2,N3,runtime-core,exact
肘,ひじ,N2,"{""N2"": 2}","{""community-independent"": ""N2"", ""waller-derived"": ""N2""}",openjlpt|waller|wordmaster,community-independent|waller-derived,2,N1,runtime-core,exact
浸す,ひたす,N1,"{""N1"": 2}","{""community-independent"": ""N1"", ""waller-derived"": ""N1""}",openjlpt|waller|wordmaster,community-independent|waller-derived,2,N2,runtime-core,exact
ひたすら,ひたすら,N1,"{""N1"": 1}","{""community-independent"": ""N1""}",wordmaster,community-independent,1,N2,runtime-core,exact
左利き,ひだりきき,N1,"{""N1"": 2}","{""community-independent"": ""N1"", ""waller-derived"": ""N1""}",openjlpt|waller|wordmaster,community-independent|waller-derived,2,N3,runtime-core,exact
引っ掛かる,ひっかかる,N2,"{""N2"": 2}","{""community-independent"": ""N2"", ""waller-derived"": ""N2""}",openjlpt|waller|wordmaster,community-independent|waller-derived,2,N1,runtime-core,exact
引っ掛ける,ひっかける,N1,"{""N1"": 1}","{""waller-derived"": ""N1""}",openjlpt|waller,waller-derived,1,N3,runtime-core,exact
引っ繰り返る,ひっくりかえる,N2,"{""N2"": 2}","{""community-independent"": ""N2"", ""waller-derived"": ""N2""}",openjlpt|waller|wordmaster,community-independent|waller-derived,2,N1,advanced-bundle,exact
引っ越す,ひっこす,N4,"{""N4"": 2}","{""community-independent"": ""N4"", ""waller-derived"": ""N4""}",openjlpt|waller|wordmaster,community-independent|waller-derived,2,N3,runtime-core,exact
必死,ひっし,N3,"{""N3"": 2}","{""community-independent"": ""N3"", ""waller-derived"": ""N3""}",openjlpt|waller|wordmaster,community-independent|waller-derived,2,N2,runtime-core,exact
筆者,ひっしゃ,N2,"{""N2"": 2}","{""community-independent"": ""N2"", ""waller-derived"": ""N2""}",openjlpt|waller|wordmaster,community-independent|waller-derived,2,N3,runtime-core,exact
必需品,ひつじゅひん,N2,"{""N2"": 2}","{""community-independent"": ""N2"", ""waller-derived"": ""N2""}",openjlpt|waller|wordmaster,community-independent|waller-derived,2,N1,runtime-core,exact
必然,ひつぜん,N1,"{""N1"": 2}","{""community-independent"": ""N1"", ""waller-derived"": ""N1""}",openjlpt|waller|wordmaster,community-independent|waller-derived,2,N2,runtime-core,exact
日付,ひづけ,N3,"{""N3"": 2}","{""community-independent"": ""N3"", ""waller-derived"": ""N3""}",openjlpt|waller|wordmaster,community-independent|waller-derived,2,N2,runtime-core,exact
人影,ひとかげ,N1,"{""N1"": 1}","{""community-independent"": ""N1""}",wordmaster,community-independent,1,N3,advanced-bundle,exact
人柄,ひとがら,N1,"{""N1"": 2}","{""community-independent"": ""N1"", ""waller-derived"": ""N1""}",openjlpt|waller|wordmaster,community-independent|waller-derived,2,N2,runtime-core,exact
一言,ひとこと,N3,"{""N3"": 2}","{""community-independent"": ""N3"", ""waller-derived"": ""N3""}",openjlpt|waller|wordmaster,community-independent|waller-derived,2,N2,runtime-core,exact
人込み,ひとごみ,N3,"{""N3"": 2}","{""community-independent"": ""N3"", ""waller-derived"": ""N3""}",openjlpt|waller|wordmaster,community-independent|waller-derived,2,N1,advanced-bundle,exact
等しい,ひとしい,N3,"{""N3"": 2}","{""community-independent"": ""N3"", ""waller-derived"": ""N3""}",openjlpt|waller|wordmaster,community-independent|waller-derived,2,N2,runtime-core,exact
ひとまず,ひとまず,N2,"{""N2"": 2}","{""community-independent"": ""N2"", ""waller-derived"": ""N2""}",waller|wordmaster,community-independent|waller-derived,2,N1,runtime-core,exact
独り,ひとり,N3,"{""N3"": 2}","{""community-independent"": ""N3"", ""waller-derived"": ""N3""}",openjlpt|waller|wordmaster,community-independent|waller-derived,2,N1,advanced-bundle,exact
酷い,ひどい,N1,"{""N1"": 1}","{""waller-derived"": ""N1""}",openjlpt|waller,waller-derived,1,N4,advanced-bundle,exact
避難,ひなん,N1,"{""N1"": 2}","{""community-independent"": ""N1"", ""waller-derived"": ""N1""}",openjlpt|waller|wordmaster,community-independent|waller-derived,2,N3,runtime-core,exact
非難,ひなん,N1,"{""N1"": 2}","{""community-independent"": ""N1"", ""waller-derived"": ""N1""}",openjlpt|waller|wordmaster,community-independent|waller-derived,2,N2,runtime-core,exact
皮肉,ひにく,N2,"{""N2"": 2}","{""community-independent"": ""N2"", ""waller-derived"": ""N2""}",openjlpt|waller|wordmaster,community-independent|waller-derived,2,N1,runtime-core,exact
批判,ひはん,N3,"{""N3"": 2}","{""community-independent"": ""N3"", ""waller-derived"": ""N3""}",openjlpt|waller|wordmaster,community-independent|waller-derived,2,N2,runtime-core,exact
批評,ひひょう,N3,"{""N3"": 2}","{""community-independent"": ""N3"", ""waller-derived"": ""N3""}",openjlpt|waller|wordmaster,community-independent|waller-derived,2,N2,runtime-core,exact
日々,ひび,N1,"{""N1"": 1}","{""waller-derived"": ""N1""}",openjlpt|waller,waller-derived,1,N2,runtime-core,exact
響き,ひびき,N2,"{""N2"": 2}","{""community-independent"": ""N2"", ""waller-derived"": ""N2""}",openjlpt|waller|wordmaster,community-independent|waller-derived,2,N1,runtime-core,exact
響く,ひびく,N2,"{""N2"": 2}","{""community-independent"": ""N2"", ""waller-derived"": ""N2""}",openjlpt|waller|wordmaster,community-independent|waller-derived,2,N3,runtime-core,exact
暇,ひま,N5,"{""N5"": 2}","{""community-independent"": ""N5"", ""waller-derived"": ""N5""}",openjlpt|waller|wordmaster,community-independent|waller-derived,2,N4,runtime-core,exact
秘密,ひみつ,N3,"{""N3"": 2}","{""community-independent"": ""N3"", ""waller-derived"": ""N3""}",openjlpt|waller|wordmaster,community-independent|waller-derived,2,N4,runtime-core,exact
百科事典,ひゃっかじてん,N1,"{""N1"": 1}","{""waller-derived"": ""N1""}",openjlpt|waller,waller-derived,1,N2,advanced-bundle,exact
票,ひょう,N3,"{""N1"": 1, ""N3"": 1}","{""community-independent"": ""N3"", ""waller-derived"": ""N1""}",openjlpt|waller|wordmaster,community-independent|waller-derived,2,N2,runtime-core,exact
評価,ひょうか,N3,"{""N3"": 2}","{""community-independent"": ""N3"", ""waller-derived"": ""N3""}",openjlpt|waller|wordmaster,community-independent|waller-derived,2,N2,runtime-core,exact
標識,ひょうしき,N2,"{""N2"": 2}","{""community-independent"": ""N2"", ""waller-derived"": ""N2""}",openjlpt|waller|wordmaster,community-independent|waller-derived,2,N1,runtime-core,exact
標準,ひょうじゅん,N2,"{""N2"": 2}","{""community-independent"": ""N2"", ""waller-derived"": ""N2""}",openjlpt|waller|wordmaster,community-independent|waller-derived,2,N1,runtime-core,exact
表情,ひょうじょう,N3,"{""N3"": 2}","{""community-independent"": ""N3"", ""waller-derived"": ""N3""}",openjlpt|waller|wordmaster,community-independent|waller-derived,2,N2,runtime-core,exact
評判,ひょうばん,N3,"{""N3"": 2}","{""community-independent"": ""N3"", ""waller-derived"": ""N3""}",openjlpt|waller|wordmaster,community-independent|waller-derived,2,N2,runtime-core,exact
費用,ひよう,N3,"{""N3"": 2}","{""community-independent"": ""N3"", ""waller-derived"": ""N3""}",openjlpt|waller|wordmaster,community-independent|waller-derived,2,N2,runtime-core,exact
開く,ひらく,N4,"{""N4"": 2}","{""community-independent"": ""N4"", ""waller-derived"": ""N4""}",openjlpt|waller|wordmaster,community-independent|waller-derived,2,N5,runtime-core,exact
昼寝,ひるね,N2,"{""N2"": 2}","{""community-independent"": ""N2"", ""waller-derived"": ""N2""}",openjlpt|waller|wordmaster,community-independent|waller-derived,2,N4,runtime-core,exact
昼間,ひるま,N4,"{""N4"": 2}","{""community-independent"": ""N4"", ""waller-derived"": ""N4""}",openjlpt|waller|wordmaster,community-independent|waller-derived,2,N3,runtime-core,exact
昼休み,ひるやすみ,N4,"{""N4"": 2}","{""community-independent"": ""N4"", ""waller-derived"": ""N4""}",openjlpt|waller|wordmaster,community-independent|waller-derived,2,N5,runtime-core,exact
比例,ひれい,N1,"{""N1"": 2}","{""community-independent"": ""N1"", ""waller-derived"": ""N1""}",openjlpt|waller|wordmaster,community-independent|waller-derived,2,N2,runtime-core,exact
疲労,ひろう,N1,"{""N1"": 2}","{""community-independent"": ""N1"", ""waller-derived"": ""N1""}",openjlpt|waller|wordmaster,community-independent|waller-derived,2,N2,runtime-core,exact
広さ,ひろさ,N2,"{""N2"": 2}","{""community-independent"": ""N2"", ""waller-derived"": ""N2""}",openjlpt|waller|wordmaster,community-independent|waller-derived,2,N3,runtime-core,exact
広場,ひろば,N2,"{""N2"": 2}","{""community-independent"": ""N2"", ""waller-derived"": ""N2""}",openjlpt|waller|wordmaster,community-independent|waller-derived,2,N3,runtime-core,exact
広まる,ひろまる,N3,"{""N1"": 1, ""N3"": 1}","{""community-independent"": ""N3"", ""waller-derived"": ""N1""}",openjlpt|waller|wordmaster,community-independent|waller-derived,2,N2,runtime-core,exact
広める,ひろめる,N3,"{""N2"": 1, ""N3"": 1}","{""community-independent"": ""N3"", ""waller-derived"": ""N2""}",openjlpt|waller|wordmaster,community-independent|waller-derived,2,N1,runtime-core,exact
品,ひん,N3,"{""N3"": 1}","{""waller-derived"": ""N3""}",waller,waller-derived,1,N4,runtime-core,exact
品質,ひんしつ,N1,"{""N1"": 2}","{""community-independent"": ""N1"", ""waller-derived"": ""N1""}",openjlpt|waller|wordmaster,community-independent|waller-derived,2,N2,runtime-core,exact
ヒント,ヒント,N1,"{""N1"": 2}","{""community-independent"": ""N1"", ""waller-derived"": ""N1""}",waller|wordmaster,community-independent|waller-derived,2,N3,runtime-core,exact
ビジネス,ビジネス,N1,"{""N1"": 2}","{""community-independent"": ""N1"", ""waller-derived"": ""N1""}",waller|wordmaster,community-independent|waller-derived,2,N3,runtime-core,exact
美術,びじゅつ,N1,"{""N1"": 2}","{""community-independent"": ""N1"", ""waller-derived"": ""N1""}",openjlpt|waller|wordmaster,community-independent|waller-derived,2,N3,runtime-core,exact
ビタミン,ビタミン,N2,"{""N2"": 2}","{""community-independent"": ""N2"", ""waller-derived"": ""N2""}",waller|wordmaster,community-independent|waller-derived,2,N3,runtime-core,exact
びっしょり,びっしょり,N1,"{""N1"": 2}","{""community-independent"": ""N1"", ""waller-derived"": ""N1""}",waller|wordmaster,community-independent|waller-derived,2,N2,runtime-core,exact
ビデオ,ビデオ,N3,"{""N3"": 2}","{""community-independent"": ""N3"", ""waller-derived"": ""N3""}",waller|wordmaster,community-independent|waller-derived,2,N4,runtime-core,exact
病気,びょうき,N5,"{""N5"": 2}","{""community-independent"": ""N5"", ""waller-derived"": ""N5""}",openjlpt|waller|wordmaster,community-independent|waller-derived,2,N4,runtime-core,exact
美容,びよう,N2,"{""N2"": 2}","{""community-independent"": ""N2"", ""waller-derived"": ""N2""}",openjlpt|waller|wordmaster,community-independent|waller-derived,2,N3,runtime-core,exact
ビル,ビル,N4,"{""N4"": 2}","{""community-independent"": ""N4"", ""waller-derived"": ""N4""}",waller|wordmaster,community-independent|waller-derived,2,N5,runtime-core,exact
便,びん,N3,"{""N3"": 2}","{""community-independent"": ""N3"", ""waller-derived"": ""N3""}",openjlpt|waller|wordmaster,community-independent|waller-derived,2,N1,runtime-core,exact
瓶,びん,N3,"{""N3"": 2}","{""community-independent"": ""N3"", ""waller-derived"": ""N3""}",openjlpt|waller|wordmaster,community-independent|waller-derived,2,N4,runtime-core,exact
敏感,びんかん,N1,"{""N1"": 2}","{""community-independent"": ""N1"", ""waller-derived"": ""N1""}",openjlpt|waller|wordmaster,community-independent|waller-derived,2,N2,runtime-core,exact
貧乏,びんぼう,N1,"{""N1"": 2}","{""community-independent"": ""N1"", ""waller-derived"": ""N1""}",openjlpt|waller|wordmaster,community-independent|waller-derived,2,N3,runtime-core,exact
ビール,ビール,N3,"{""N3"": 2}","{""community-independent"": ""N3"", ""waller-derived"": ""N3""}",waller|wordmaster,community-independent|waller-derived,2,N2,runtime-core,exact
ぴたり,ぴたり,N2,"{""N2"": 2}","{""community-independent"": ""N2"", ""waller-derived"": ""N2""}",waller|wordmaster,community-independent|waller-derived,2,N1,runtime-core,exact
ピンク,ピンク,N2,"{""N2"": 2}","{""community-independent"": ""N2"", ""waller-derived"": ""N2""}",waller|wordmaster,community-independent|waller-derived,2,N3,runtime-core,exact
ファイル,ファイル,N1,"{""N1"": 2}","{""community-independent"": ""N1"", ""waller-derived"": ""N1""}",waller|wordmaster,community-independent|waller-derived,2,N2|N4,curated-supplement|runtime-core,exact
ファスナー,ファスナー,N2,"{""N2"": 2}","{""community-independent"": ""N2"", ""waller-derived"": ""N2""}",waller|wordmaster,community-independent|waller-derived,2,N3,runtime-core,exact
ファックス,ファックス,N4,"{""N4"": 2}","{""community-independent"": ""N4"", ""waller-derived"": ""N4""}",waller|wordmaster,community-independent|waller-derived,2,N1,advanced-bundle,exact
ファン,ファン,N1,"{""N1"": 2}","{""community-independent"": ""N1"", ""waller-derived"": ""N1""}",waller|wordmaster,community-independent|waller-derived,2,N3,runtime-core,exact
不安,ふあん,N3,"{""N3"": 2}","{""community-independent"": ""N3"", ""waller-derived"": ""N3""}",openjlpt|waller|wordmaster,community-independent|waller-derived,2,N4,runtime-core,exact
不意,ふい,N1,"{""N1"": 2}","{""community-independent"": ""N1"", ""waller-derived"": ""N1""}",openjlpt|waller|wordmaster,community-independent|waller-derived,2,N2,runtime-core,exact
封,ふう,N1,"{""N1"": 2}","{""community-independent"": ""N1"", ""waller-derived"": ""N1""}",openjlpt|waller|wordmaster,community-independent|waller-derived,2,N2,runtime-core,exact
風景,ふうけい,N3,"{""N3"": 2}","{""community-independent"": ""N3"", ""waller-derived"": ""N3""}",openjlpt|waller|wordmaster,community-independent|waller-derived,2,N2,runtime-core,exact
封筒,ふうとう,N5,"{""N5"": 2}","{""community-independent"": ""N5"", ""waller-derived"": ""N5""}",openjlpt|waller|wordmaster,community-independent|waller-derived,2,N4,runtime-core,exact
フォーク,フォーク,N5,"{""N5"": 2}","{""community-independent"": ""N5"", ""waller-derived"": ""N5""}",waller|wordmaster,community-independent|waller-derived,2,N3,runtime-core,exact
フォーム,フォーム,N1,"{""N1"": 2}","{""community-independent"": ""N1"", ""waller-derived"": ""N1""}",waller|wordmaster,community-independent|waller-derived,2,N2,runtime-core,exact
不可,ふか,N3,"{""N3"": 2}","{""community-independent"": ""N3"", ""waller-derived"": ""N3""}",openjlpt|waller|wordmaster,community-independent|waller-derived,2,N2,runtime-core,exact
不可欠,ふかけつ,N1,"{""N1"": 2}","{""community-independent"": ""N1"", ""waller-derived"": ""N1""}",openjlpt|waller|wordmaster,community-independent|waller-derived,2,N2,runtime-core,exact
深まる,ふかまる,N3,"{""N2"": 1, ""N3"": 1}","{""community-independent"": ""N3"", ""waller-derived"": ""N2""}",openjlpt|waller|wordmaster,community-independent|waller-derived,2,N2,runtime-core,exact
深める,ふかめる,N3,"{""N1"": 1, ""N3"": 1}","{""community-independent"": ""N3"", ""waller-derived"": ""N1""}",openjlpt|waller|wordmaster,community-independent|waller-derived,2,N2,runtime-core,exact
不規則,ふきそく,N2,"{""N2"": 2}","{""community-independent"": ""N2"", ""waller-derived"": ""N2""}",openjlpt|waller|wordmaster,community-independent|waller-derived,2,N3,runtime-core,exact
吹く,ふく,N5,"{""N5"": 2}","{""community-independent"": ""N5"", ""waller-derived"": ""N5""}",openjlpt|waller|wordmaster,community-independent|waller-derived,2,N4,runtime-core,exact
福,ふく,N3,"{""N1"": 1, ""N3"": 1}","{""community-independent"": ""N3"", ""waller-derived"": ""N1""}",openjlpt|waller|wordmaster,community-independent|waller-derived,2,N1,advanced-bundle,exact
福祉,ふくし,N1,"{""N1"": 2}","{""community-independent"": ""N1"", ""waller-derived"": ""N1""}",openjlpt|waller|wordmaster,community-independent|waller-derived,2,N2,runtime-core,exact
複写,ふくしゃ,N2,"{""N2"": 2}","{""community-independent"": ""N2"", ""waller-derived"": ""N2""}",openjlpt|waller|wordmaster,community-independent|waller-derived,2,N1,runtime-core,exact
復習,ふくしゅう,N4,"{""N4"": 2}","{""community-independent"": ""N4"", ""waller-derived"": ""N4""}",openjlpt|waller|wordmaster,community-independent|waller-derived,2,N3,runtime-core,exact
複数,ふくすう,N2,"{""N2"": 2}","{""community-independent"": ""N2"", ""waller-derived"": ""N2""}",openjlpt|waller|wordmaster,community-independent|waller-derived,2,N3,runtime-core,exact
含む,ふくむ,N3,"{""N3"": 2}","{""community-independent"": ""N3"", ""waller-derived"": ""N3""}",openjlpt|waller|wordmaster,community-independent|waller-derived,2,N2,runtime-core,exact
含める,ふくめる,N3,"{""N2"": 1, ""N3"": 1}","{""community-independent"": ""N3"", ""waller-derived"": ""N2""}",openjlpt|waller|wordmaster,community-independent|waller-derived,2,N2,runtime-core,exact
袋,ふくろ,N3,"{""N3"": 2}","{""community-independent"": ""N3"", ""waller-derived"": ""N3""}",openjlpt|waller|wordmaster,community-independent|waller-derived,2,N4,runtime-core,exact
不幸,ふこう,N3,"{""N3"": 2}","{""community-independent"": ""N3"", ""waller-derived"": ""N3""}",openjlpt|waller|wordmaster,community-independent|waller-derived,2,N1,runtime-core,exact
ふさわしい,ふさわしい,N1,"{""N1"": 1}","{""community-independent"": ""N1""}",wordmaster,community-independent,1,N2,runtime-core,exact
ふざける,ふざける,N2,"{""N2"": 2}","{""community-independent"": ""N2"", ""waller-derived"": ""N2""}",waller|wordmaster,community-independent|waller-derived,2,N1,runtime-core,exact
節,ふし,N3,"{""N3"": 2}","{""community-independent"": ""N3"", ""waller-derived"": ""N3""}",openjlpt|waller|wordmaster,community-independent|waller-derived,2,N2,runtime-core,exact
不思議,ふしぎ,N3,"{""N3"": 2}","{""community-independent"": ""N3"", ""waller-derived"": ""N3""}",openjlpt|waller|wordmaster,community-independent|waller-derived,2,N4,runtime-core,exact
不順,ふじゅん,N1,"{""N1"": 2}","{""community-independent"": ""N1"", ""waller-derived"": ""N1""}",openjlpt|waller|wordmaster,community-independent|waller-derived,2,N2,runtime-core,exact
不自由,ふじゆう,N3,"{""N3"": 2}","{""community-independent"": ""N3"", ""waller-derived"": ""N3""}",openjlpt|waller|wordmaster,community-independent|waller-derived,2,N2,runtime-core,exact
婦人,ふじん,N3,"{""N3"": 2}","{""community-independent"": ""N3"", ""waller-derived"": ""N3""}",openjlpt|waller|wordmaster,community-independent|waller-derived,2,N1,runtime-core,exact
不正,ふせい,N3,"{""N3"": 2}","{""community-independent"": ""N3"", ""waller-derived"": ""N3""}",openjlpt|waller|wordmaster,community-independent|waller-derived,2,N1,runtime-core,exact
付属,ふぞく,N1,"{""N1"": 1}","{""waller-derived"": ""N1""}",openjlpt|waller,waller-derived,1,N2,runtime-core,exact
蓋,ふた,N2,"{""N2"": 2}","{""community-independent"": ""N2"", ""waller-derived"": ""N2""}",openjlpt|waller|wordmaster,community-independent|waller-derived,2,N3,runtime-core,exact
再び,ふたたび,N3,"{""N3"": 2}","{""community-independent"": ""N3"", ""waller-derived"": ""N3""}",openjlpt|waller|wordmaster,community-independent|waller-derived,2,N2,runtime-core,exact
負担,ふたん,N1,"{""N1"": 2}","{""community-independent"": ""N1"", ""waller-derived"": ""N1""}",openjlpt|waller|wordmaster,community-independent|waller-derived,2,N2,runtime-core,exact
縁,ふち,N3,"{""N2"": 1, ""N3"": 1}","{""community-independent"": ""N2"", ""waller-derived"": ""N3""}",openjlpt|waller|wordmaster,community-independent|waller-derived,2,N1,runtime-core,exact
不調,ふちょう,N1,"{""N1"": 2}","{""community-independent"": ""N1"", ""waller-derived"": ""N1""}",openjlpt|waller|wordmaster,community-independent|waller-derived,2,N3,runtime-core,exact
沸騰,ふっとう,N1,"{""N1"": 2}","{""community-independent"": ""N1"", ""waller-derived"": ""N1""}",openjlpt|waller|wordmaster,community-independent|waller-derived,2,N3,runtime-core,exact
筆,ふで,N3,"{""N3"": 2}","{""community-independent"": ""N3"", ""waller-derived"": ""N3""}",openjlpt|waller|wordmaster,community-independent|waller-derived,2,N1,runtime-core,exact
太る,ふとる,N4,"{""N4"": 2}","{""community-independent"": ""N4"", ""waller-derived"": ""N4""}",openjlpt|waller|wordmaster,community-independent|waller-derived,2,N3,runtime-core,exact
布団,ふとん,N4,"{""N4"": 2}","{""community-independent"": ""N4"", ""waller-derived"": ""N4""}",openjlpt|waller|wordmaster,community-independent|waller-derived,2,N3,runtime-core,exact
不動産,ふどうさん,N1,"{""N1"": 2}","{""community-independent"": ""N1"", ""waller-derived"": ""N1""}",openjlpt|waller|wordmaster,community-independent|waller-derived,2,N3,runtime-core,exact
船,ふね,N3,"{""N3"": 1}","{""waller-derived"": ""N3""}",openjlpt|waller,waller-derived,1,N5,runtime-core,exact
不平,ふへい,N3,"{""N3"": 2}","{""community-independent"": ""N3"", ""waller-derived"": ""N3""}",openjlpt|waller|wordmaster,community-independent|waller-derived,2,N2,runtime-core,exact
父母,ふぼ,N2,"{""N2"": 2}","{""community-independent"": ""N2"", ""waller-derived"": ""N2""}",openjlpt|waller|wordmaster,community-independent|waller-derived,2,N3,runtime-core,exact
不満,ふまん,N3,"{""N3"": 2}","{""community-independent"": ""N3"", ""waller-derived"": ""N3""}",openjlpt|waller|wordmaster,community-independent|waller-derived,2,N4,runtime-core,exact
踏む,ふむ,N4,"{""N4"": 2}","{""community-independent"": ""N4"", ""waller-derived"": ""N4""}",openjlpt|waller|wordmaster,community-independent|waller-derived,2,N3,runtime-core,exact
不明,ふめい,N1,"{""N1"": 2}","{""community-independent"": ""N1"", ""waller-derived"": ""N1""}",openjlpt|waller|wordmaster,community-independent|waller-derived,2,N2,runtime-core,exact
フライパン,フライパン,N2,"{""N2"": 2}","{""community-independent"": ""N2"", ""waller-derived"": ""N2""}",waller|wordmaster,community-independent|waller-derived,2,N3,runtime-core,exact
ふらふら,ふらふら,N1,"{""N1"": 1}","{""community-independent"": ""N1""}",wordmaster,community-independent,1,N3,runtime-core,exact
不利,ふり,N3,"{""N3"": 2}","{""community-independent"": ""N3"", ""waller-derived"": ""N3""}",openjlpt|waller|wordmaster,community-independent|waller-derived,2,N1,runtime-core,exact
振り返る,ふりかえる,N1,"{""N1"": 1}","{""community-independent"": ""N1""}",wordmaster,community-independent,1,N2,runtime-core,exact
降り出す,ふりだす,N4,"{""N4"": 1}","{""waller-derived"": ""N4""}",openjlpt|waller,waller-derived,1,N3,runtime-core,exact
不良,ふりょう,N1,"{""N1"": 2}","{""community-independent"": ""N1"", ""waller-derived"": ""N1""}",openjlpt|waller|wordmaster,community-independent|waller-derived,2,N2,runtime-core,exact
震える,ふるえる,N3,"{""N3"": 2}","{""community-independent"": ""N3"", ""waller-derived"": ""N3""}",openjlpt|waller|wordmaster,community-independent|waller-derived,2,N2,runtime-core,exact
故郷,ふるさと,N2,"{""N2"": 1}","{""community-independent"": ""N2""}",wordmaster,community-independent,1,N1,advanced-bundle,exact
風呂敷,ふろしき,N2,"{""N2"": 2}","{""community-independent"": ""N2"", ""waller-derived"": ""N2""}",openjlpt|waller|wordmaster,community-independent|waller-derived,2,N1,runtime-core,exact
フロント,フロント,N1,"{""N1"": 2}","{""community-independent"": ""N1"", ""waller-derived"": ""N1""}",waller|wordmaster,community-independent|waller-derived,2,N3,runtime-core,exact
分,ふん,N1,"{""N1"": 1}","{""waller-derived"": ""N1""}",openjlpt|waller,waller-derived,1,N5,runtime-core,exact
雰囲気,ふんいき,N3,"{""N3"": 2}","{""community-independent"": ""N3"", ""waller-derived"": ""N3""}",openjlpt|waller|wordmaster,community-independent|waller-derived,2,N2,runtime-core,exact
噴火,ふんか,N2,"{""N2"": 2}","{""community-independent"": ""N2"", ""waller-derived"": ""N2""}",openjlpt|waller|wordmaster,community-independent|waller-derived,2,N1,runtime-core,exact
憤慨,ふんがい,N1,"{""N1"": 2}","{""community-independent"": ""N1"", ""waller-derived"": ""N1""}",openjlpt|waller|wordmaster,community-independent|waller-derived,2,N2,runtime-core,exact
分,ぶ,N3,"{""N3"": 2}","{""community-independent"": ""N3"", ""waller-derived"": ""N3""}",openjlpt|waller|wordmaster,community-independent|waller-derived,2,N2,runtime-core,exact
部,ぶ,N1,"{""N1"": 1}","{""waller-derived"": ""N1""}",openjlpt|waller,waller-derived,1,N4,runtime-core,exact
部下,ぶか,N1,"{""N1"": 2}","{""community-independent"": ""N1"", ""waller-derived"": ""N1""}",openjlpt|waller|wordmaster,community-independent|waller-derived,2,N2,runtime-core,exact
ぶかぶか,ぶかぶか,N1,"{""N1"": 2}","{""community-independent"": ""N1"", ""waller-derived"": ""N1""}",waller|wordmaster,community-independent|waller-derived,2,N2,runtime-core,exact
武器,ぶき,N3,"{""N3"": 2}","{""community-independent"": ""N3"", ""waller-derived"": ""N3""}",openjlpt|waller|wordmaster,community-independent|waller-derived,2,N2,runtime-core,exact
武士,ぶし,N2,"{""N2"": 2}","{""community-independent"": ""N2"", ""waller-derived"": ""N2""}",openjlpt|waller|wordmaster,community-independent|waller-derived,2,N1,runtime-core,exact
無事,ぶじ,N3,"{""N3"": 2}","{""community-independent"": ""N3"", ""waller-derived"": ""N3""}",openjlpt|waller|wordmaster,community-independent|waller-derived,2,N4,runtime-core,exact
舞台,ぶたい,N3,"{""N3"": 2}","{""community-independent"": ""N3"", ""waller-derived"": ""N3""}",openjlpt|waller|wordmaster,community-independent|waller-derived,2,N2,runtime-core,exact
豚肉,ぶたにく,N5,"{""N5"": 2}","{""community-independent"": ""N5"", ""waller-derived"": ""N5""}",openjlpt|waller|wordmaster,community-independent|waller-derived,2,N3,runtime-core,exact
物資,ぶっし,N1,"{""N1"": 2}","{""community-independent"": ""N1"", ""waller-derived"": ""N1""}",openjlpt|waller|wordmaster,community-independent|waller-derived,2,N2,runtime-core,exact
物質,ぶっしつ,N3,"{""N3"": 2}","{""community-independent"": ""N3"", ""waller-derived"": ""N3""}",openjlpt|waller|wordmaster,community-independent|waller-derived,2,N2,runtime-core,exact
物体,ぶったい,N1,"{""N1"": 2}","{""community-independent"": ""N1"", ""waller-derived"": ""N1""}",openjlpt|waller|wordmaster,community-independent|waller-derived,2,N2,runtime-core,exact
物理,ぶつり,N3,"{""N3"": 2}","{""community-independent"": ""N3"", ""waller-derived"": ""N3""}",openjlpt|waller|wordmaster,community-independent|waller-derived,2,N2,runtime-core,exact
ぶどう,ぶどう,N4,"{""N4"": 1}","{""community-independent"": ""N4""}",wordmaster,community-independent,1,N2,runtime-core,exact
部品,ぶひん,N2,"{""N2"": 2}","{""community-independent"": ""N2"", ""waller-derived"": ""N2""}",openjlpt|waller|wordmaster,community-independent|waller-derived,2,N3,runtime-core,exact
部門,ぶもん,N1,"{""N1"": 2}","{""community-independent"": ""N1"", ""waller-derived"": ""N1""}",openjlpt|waller|wordmaster,community-independent|waller-derived,2,N2,runtime-core,exact
ブラウス,ブラウス,N2,"{""N2"": 2}","{""community-independent"": ""N2"", ""waller-derived"": ""N2""}",waller|wordmaster,community-independent|waller-derived,2,N1,runtime-core,exact
ぶら下げる,ぶらさげる,N1,"{""N1"": 1}","{""waller-derived"": ""N1""}",openjlpt|waller,waller-derived,1,N2,runtime-core,exact
ブラシ,ブラシ,N2,"{""N2"": 2}","{""community-independent"": ""N2"", ""waller-derived"": ""N2""}",waller|wordmaster,community-independent|waller-derived,2,N3,runtime-core,exact
ぶらぶら,ぶらぶら,N1,"{""N1"": 2}","{""community-independent"": ""N1"", ""waller-derived"": ""N1""}",waller|wordmaster,community-independent|waller-derived,2,N3,runtime-core,exact
文,ぶん,N3,"{""N3"": 2}","{""community-independent"": ""N3"", ""waller-derived"": ""N3""}",openjlpt|waller|wordmaster,community-independent|waller-derived,2,N4,runtime-core,exact
文学,ぶんがく,N4,"{""N4"": 2}","{""community-independent"": ""N4"", ""waller-derived"": ""N4""}",openjlpt|waller|wordmaster,community-independent|waller-derived,2,N3,runtime-core,exact
文芸,ぶんげい,N2,"{""N2"": 2}","{""community-independent"": ""N2"", ""waller-derived"": ""N2""}",openjlpt|waller|wordmaster,community-independent|waller-derived,2,N1,runtime-core,exact
文書,ぶんしょ,N1,"{""N1"": 2}","{""community-independent"": ""N1"", ""waller-derived"": ""N1""}",openjlpt|waller|wordmaster,community-independent|waller-derived,2,N3,runtime-core,exact
文章,ぶんしょう,N5,"{""N5"": 2}","{""community-independent"": ""N5"", ""waller-derived"": ""N5""}",openjlpt|waller|wordmaster,community-independent|waller-derived,2,N4,runtime-core,exact
分析,ぶんせき,N3,"{""N3"": 2}","{""community-independent"": ""N3"", ""waller-derived"": ""N3""}",openjlpt|waller|wordmaster,community-independent|waller-derived,2,N2,runtime-core,exact
分担,ぶんたん,N1,"{""N1"": 2}","{""community-independent"": ""N1"", ""waller-derived"": ""N1""}",openjlpt|waller|wordmaster,community-independent|waller-derived,2,N2,runtime-core,exact
分配,ぶんぱい,N1,"{""N1"": 2}","{""community-independent"": ""N1"", ""waller-derived"": ""N1""}",openjlpt|waller|wordmaster,community-independent|waller-derived,2,N2,runtime-core,exact
文房具,ぶんぼうぐ,N2,"{""N2"": 2}","{""community-independent"": ""N2"", ""waller-derived"": ""N2""}",openjlpt|waller|wordmaster,community-independent|waller-derived,2,N3,runtime-core,exact
文法,ぶんぽう,N4,"{""N4"": 2}","{""community-independent"": ""N4"", ""waller-derived"": ""N4""}",openjlpt|waller|wordmaster,community-independent|waller-derived,2,N3,runtime-core,exact
文脈,ぶんみゃく,N2,"{""N2"": 2}","{""community-independent"": ""N2"", ""waller-derived"": ""N2""}",openjlpt|waller|wordmaster,community-independent|waller-derived,2,N1,runtime-core,exact
文明,ぶんめい,N3,"{""N3"": 2}","{""community-independent"": ""N3"", ""waller-derived"": ""N3""}",openjlpt|waller|wordmaster,community-independent|waller-derived,2,N1,runtime-core,exact
分野,ぶんや,N3,"{""N3"": 2}","{""community-independent"": ""N3"", ""waller-derived"": ""N3""}",openjlpt|waller|wordmaster,community-independent|waller-derived,2,N2,runtime-core,exact
分類,ぶんるい,N2,"{""N2"": 2}","{""community-independent"": ""N2"", ""waller-derived"": ""N2""}",openjlpt|waller|wordmaster,community-independent|waller-derived,2,N3,runtime-core,exact
分裂,ぶんれつ,N1,"{""N1"": 2}","{""community-independent"": ""N1"", ""waller-derived"": ""N1""}",openjlpt|waller|wordmaster,community-independent|waller-derived,2,N2,runtime-core,exact
ブーツ,ブーツ,N1,"{""N1"": 2}","{""community-independent"": ""N1"", ""waller-derived"": ""N1""}",waller|wordmaster,community-independent|waller-derived,2,N3,runtime-core,exact
ブーム,ブーム,N1,"{""N1"": 2}","{""community-independent"": ""N1"", ""waller-derived"": ""N1""}",waller|wordmaster,community-independent|waller-derived,2,N2,runtime-core,exact
プラン,プラン,N3,"{""N3"": 2}","{""community-independent"": ""N3"", ""waller-derived"": ""N3""}",waller|wordmaster,community-independent|waller-derived,2,N2,runtime-core,exact
プリント,プリント,N2,"{""N2"": 2}","{""community-independent"": ""N2"", ""waller-derived"": ""N2""}",waller|wordmaster,community-independent|waller-derived,2,N3|N4,curated-supplement|runtime-core,exact
プレゼント,プレゼント,N4,"{""N4"": 2}","{""community-independent"": ""N4"", ""waller-derived"": ""N4""}",waller|wordmaster,community-independent|waller-derived,2,N5,runtime-core,exact
プログラム,プログラム,N2,"{""N2"": 2}","{""community-independent"": ""N2"", ""waller-derived"": ""N2""}",waller|wordmaster,community-independent|waller-derived,2,N3,runtime-core,exact
平気,へいき,N2,"{""N2"": 2}","{""community-independent"": ""N2"", ""waller-derived"": ""N2""}",openjlpt|waller|wordmaster,community-independent|waller-derived,2,N3,runtime-core,exact
並行,へいこう,N2,"{""N2"": 2}","{""community-independent"": ""N2"", ""waller-derived"": ""N2""}",openjlpt|waller|wordmaster,community-independent|waller-derived,2,N1,runtime-core,exact
平日,へいじつ,N2,"{""N2"": 2}","{""community-independent"": ""N2"", ""waller-derived"": ""N2""}",openjlpt|waller|wordmaster,community-independent|waller-derived,2,N4,runtime-core,exact
平常,へいじょう,N1,"{""N1"": 2}","{""community-independent"": ""N1"", ""waller-derived"": ""N1""}",openjlpt|waller|wordmaster,community-independent|waller-derived,2,N2,runtime-core,exact
下手,へた,N5,"{""N5"": 2}","{""community-independent"": ""N5"", ""waller-derived"": ""N5""}",openjlpt|waller|wordmaster,community-independent|waller-derived,2,N4,runtime-core,exact
減る,へる,N3,"{""N3"": 2}","{""community-independent"": ""N3"", ""waller-derived"": ""N3""}",openjlpt|waller|wordmaster,community-independent|waller-derived,2,N4,runtime-core,exact
編,へん,N1,"{""N1"": 1}","{""waller-derived"": ""N1""}",openjlpt|waller,waller-derived,1,N2,runtime-core,exact
変更,へんこう,N3,"{""N3"": 2}","{""community-independent"": ""N3"", ""waller-derived"": ""N3""}",openjlpt|waller|wordmaster,community-independent|waller-derived,2,N2,runtime-core,exact
返事,へんじ,N4,"{""N4"": 2}","{""community-independent"": ""N4"", ""waller-derived"": ""N4""}",openjlpt|waller|wordmaster,community-independent|waller-derived,2,N5,runtime-core,exact
返答,へんとう,N1,"{""N1"": 2}","{""community-independent"": ""N1"", ""waller-derived"": ""N1""}",openjlpt|waller|wordmaster,community-independent|waller-derived,2,N2,runtime-core,exact
ベスト,ベスト,N1,"{""N1"": 2}","{""community-independent"": ""N1"", ""waller-derived"": ""N1""}",waller|wordmaster,community-independent|waller-derived,2,N3,runtime-core,exact
ベストセラー,ベストセラー,N1,"{""N1"": 2}","{""community-independent"": ""N1"", ""waller-derived"": ""N1""}",waller|wordmaster,community-independent|waller-derived,2,N2,runtime-core,exact
別に,べつに,N3,"{""N3"": 2}","{""community-independent"": ""N3"", ""waller-derived"": ""N3""}",openjlpt|waller|wordmaster,community-independent|waller-derived,2,N4,runtime-core,exact
別々,べつべつ,N2,"{""N2"": 2}","{""community-independent"": ""N2"", ""waller-derived"": ""N2""}",openjlpt|waller|wordmaster,community-independent|waller-derived,2,N3,runtime-core,exact
弁当,べんとう,N3,"{""N3"": 2}","{""community-independent"": ""N3"", ""waller-derived"": ""N3""}",openjlpt|waller|wordmaster,community-independent|waller-derived,2,N5,runtime-core,exact
ぺこぺこ,ぺこぺこ,N1,"{""N1"": 2}","{""community-independent"": ""N1"", ""waller-derived"": ""N1""}",waller|wordmaster,community-independent|waller-derived,2,N3,runtime-core,exact
ペット,ペット,N5,"{""N5"": 2}","{""community-independent"": ""N5"", ""waller-derived"": ""N5""}",waller|wordmaster,community-independent|waller-derived,2,N4,runtime-core,exact
保育,ほいく,N1,"{""N1"": 2}","{""community-independent"": ""N1"", ""waller-derived"": ""N1""}",openjlpt|waller|wordmaster,community-independent|waller-derived,2,N3,runtime-core,exact
方,ほう,N5,"{""N3"": 1, ""N5"": 1}","{""community-independent"": ""N3"", ""waller-derived"": ""N5""}",openjlpt|waller|wordmaster,community-independent|waller-derived,2,N4,runtime-core,exact
方角,ほうがく,N2,"{""N2"": 2}","{""community-independent"": ""N2"", ""waller-derived"": ""N2""}",openjlpt|waller|wordmaster,community-independent|waller-derived,2,N3,runtime-core,exact
法学,ほうがく,N1,"{""N1"": 2}","{""community-independent"": ""N1"", ""waller-derived"": ""N1""}",openjlpt|waller|wordmaster,community-independent|waller-derived,2,N2,runtime-core,exact
放棄,ほうき,N1,"{""N1"": 1}","{""waller-derived"": ""N1""}",openjlpt|waller,waller-derived,1,N2,runtime-core,exact
方言,ほうげん,N2,"{""N2"": 2}","{""community-independent"": ""N2"", ""waller-derived"": ""N2""}",openjlpt|waller|wordmaster,community-independent|waller-derived,2,N1,runtime-core,exact
方向,ほうこう,N3,"{""N3"": 2}","{""community-independent"": ""N3"", ""waller-derived"": ""N3""}",openjlpt|waller|wordmaster,community-independent|waller-derived,2,N4,runtime-core,exact
方式,ほうしき,N1,"{""N1"": 2}","{""community-independent"": ""N1"", ""waller-derived"": ""N1""}",openjlpt|waller|wordmaster,community-independent|waller-derived,2,N2,runtime-core,exact
宝石,ほうせき,N3,"{""N3"": 2}","{""community-independent"": ""N3"", ""waller-derived"": ""N3""}",openjlpt|waller|wordmaster,community-independent|waller-derived,2,N1,runtime-core,exact
包装,ほうそう,N3,"{""N2"": 1, ""N3"": 1}","{""community-independent"": ""N3"", ""waller-derived"": ""N2""}",openjlpt|waller|wordmaster,community-independent|waller-derived,2,N2,runtime-core,exact
放送,ほうそう,N4,"{""N4"": 1}","{""waller-derived"": ""N4""}",openjlpt|waller,waller-derived,1,N3,runtime-core,exact
包丁,ほうちょう,N2,"{""N2"": 1}","{""community-independent"": ""N2""}",wordmaster,community-independent,1,N3,runtime-core,exact
報道,ほうどう,N1,"{""N1"": 2}","{""community-independent"": ""N1"", ""waller-derived"": ""N1""}",openjlpt|waller|wordmaster,community-independent|waller-derived,2,N2,runtime-core,exact
豊富,ほうふ,N3,"{""N3"": 2}","{""community-independent"": ""N3"", ""waller-derived"": ""N3""}",openjlpt|waller|wordmaster,community-independent|waller-derived,2,N2,runtime-core,exact
方法,ほうほう,N3,"{""N3"": 2}","{""community-independent"": ""N3"", ""waller-derived"": ""N3""}",openjlpt|waller|wordmaster,community-independent|waller-derived,2,N4,runtime-core,exact
放り出す,ほうりだす,N1,"{""N1"": 2}","{""community-independent"": ""N1"", ""waller-derived"": ""N1""}",openjlpt|waller|wordmaster,community-independent|waller-derived,2,N2,runtime-core,exact
法律,ほうりつ,N4,"{""N4"": 2}","{""community-independent"": ""N4"", ""waller-derived"": ""N4""}",openjlpt|waller|wordmaster,community-independent|waller-derived,2,N3,runtime-core,exact
放る,ほうる,N2,"{""N2"": 2}","{""community-independent"": ""N2"", ""waller-derived"": ""N2""}",openjlpt|waller|wordmaster,community-independent|waller-derived,2,N3,runtime-core,exact
頬,ほお,N3,"{""N3"": 1}","{""waller-derived"": ""N3""}",waller,waller-derived,1,N4,runtime-core,exact
他,ほか,N3,"{""N3"": 1}","{""waller-derived"": ""N3""}",waller,waller-derived,1,N5,advanced-bundle,exact
朗らか,ほがらか,N2,"{""N2"": 2}","{""community-independent"": ""N2"", ""waller-derived"": ""N2""}",openjlpt|waller|wordmaster,community-independent|waller-derived,2,N1,runtime-core,exact
保険,ほけん,N1,"{""N1"": 2}","{""community-independent"": ""N1"", ""waller-derived"": ""N1""}",openjlpt|waller|wordmaster,community-independent|waller-derived,2,N2,runtime-core,exact
誇り,ほこり,N3,"{""N3"": 2}","{""community-independent"": ""N3"", ""waller-derived"": ""N3""}",openjlpt|waller|wordmaster,community-independent|waller-derived,2,N2,runtime-core,exact
保護,ほご,N3,"{""N1"": 1, ""N3"": 1}","{""community-independent"": ""N3"", ""waller-derived"": ""N1""}",openjlpt|waller|wordmaster,community-independent|waller-derived,2,N2,runtime-core,exact
保証,ほしょう,N3,"{""N3"": 2}","{""community-independent"": ""N3"", ""waller-derived"": ""N3""}",openjlpt|waller|wordmaster,community-independent|waller-derived,2,N2,runtime-core,exact
保障,ほしょう,N3,"{""N1"": 1, ""N3"": 1}","{""community-independent"": ""N3"", ""waller-derived"": ""N1""}",openjlpt|waller|wordmaster,community-independent|waller-derived,2,N2,runtime-core,exact
補償,ほしょう,N3,"{""N1"": 1, ""N3"": 1}","{""community-independent"": ""N3"", ""waller-derived"": ""N1""}",openjlpt|waller|wordmaster,community-independent|waller-derived,2,N1,advanced-bundle,exact
補助,ほじょ,N1,"{""N1"": 2}","{""community-independent"": ""N1"", ""waller-derived"": ""N1""}",openjlpt|waller|wordmaster,community-independent|waller-derived,2,N2,runtime-core,exact
干す,ほす,N2,"{""N2"": 2}","{""community-independent"": ""N2"", ""waller-derived"": ""N2""}",openjlpt|waller|wordmaster,community-independent|waller-derived,2,N3,runtime-core,exact
補足,ほそく,N1,"{""N1"": 2}","{""community-independent"": ""N1"", ""waller-derived"": ""N1""}",openjlpt|waller|wordmaster,community-independent|waller-derived,2,N2,runtime-core,exact
保存,ほぞん,N3,"{""N3"": 2}","{""community-independent"": ""N3"", ""waller-derived"": ""N3""}",openjlpt|waller|wordmaster,community-independent|waller-derived,2,N2,runtime-core,exact
ほっと,ほっと,N3,"{""N1"": 1, ""N3"": 1}","{""community-independent"": ""N3"", ""waller-derived"": ""N1""}",waller|wordmaster,community-independent|waller-derived,2,N2,runtime-core,exact
殆ど,ほとんど,N1,"{""N1"": 1}","{""waller-derived"": ""N1""}",openjlpt|waller,waller-derived,1,N4,advanced-bundle,exact
程,ほど,N4,"{""N4"": 2}","{""community-independent"": ""N4"", ""waller-derived"": ""N4""}",openjlpt|waller|wordmaster,community-independent|waller-derived,2,N3,runtime-core,exact
施す,ほどこす,N1,"{""N1"": 2}","{""community-independent"": ""N1"", ""waller-derived"": ""N1""}",openjlpt|waller|wordmaster,community-independent|waller-derived,2,N2,runtime-core,exact
ほぼ,ほぼ,N3,"{""N3"": 1}","{""community-independent"": ""N3""}",wordmaster,community-independent,1,N2,runtime-core,exact
褒める,ほめる,N4,"{""N3"": 1, ""N4"": 1}","{""community-independent"": ""N4"", ""waller-derived"": ""N3""}",openjlpt|waller|wordmaster,community-independent|waller-derived,2,N3,runtime-core,exact
彫る,ほる,N2,"{""N2"": 2}","{""community-independent"": ""N2"", ""waller-derived"": ""N2""}",openjlpt|waller|wordmaster,community-independent|waller-derived,2,N1,runtime-core,exact
掘る,ほる,N2,"{""N2"": 2}","{""community-independent"": ""N2"", ""waller-derived"": ""N2""}",openjlpt|waller|wordmaster,community-independent|waller-derived,2,N3,runtime-core,exact
本気,ほんき,N1,"{""N1"": 2}","{""community-independent"": ""N1"", ""waller-derived"": ""N1""}",openjlpt|waller|wordmaster,community-independent|waller-derived,2,N2,runtime-core,exact
本国,ほんごく,N1,"{""N1"": 1}","{""community-independent"": ""N1""}",wordmaster,community-independent,1,N3,advanced-bundle,exact
本質,ほんしつ,N1,"{""N1"": 2}","{""community-independent"": ""N1"", ""waller-derived"": ""N1""}",openjlpt|waller|wordmaster,community-independent|waller-derived,2,N2,runtime-core,exact
本音,ほんね,N1,"{""N1"": 2}","{""community-independent"": ""N1"", ""waller-derived"": ""N1""}",openjlpt|waller|wordmaster,community-independent|waller-derived,2,N2,runtime-core,exact
本能,ほんのう,N1,"{""N1"": 2}","{""community-independent"": ""N1"", ""waller-derived"": ""N1""}",openjlpt|waller|wordmaster,community-independent|waller-derived,2,N2,runtime-core,exact
本文,ほんぶん,N1,"{""N1"": 2}","{""community-independent"": ""N1"", ""waller-derived"": ""N1""}",openjlpt|waller|wordmaster,community-independent|waller-derived,2,N3,runtime-core,exact
本物,ほんもの,N3,"{""N3"": 2}","{""community-independent"": ""N3"", ""waller-derived"": ""N3""}",openjlpt|waller|wordmaster,community-independent|waller-derived,2,N4,runtime-core,exact
翻訳,ほんやく,N4,"{""N4"": 2}","{""community-independent"": ""N4"", ""waller-derived"": ""N4""}",openjlpt|waller|wordmaster,community-independent|waller-derived,2,N3,runtime-core,exact
本来,ほんらい,N2,"{""N2"": 2}","{""community-independent"": ""N2"", ""waller-derived"": ""N2""}",openjlpt|waller|wordmaster,community-independent|waller-derived,2,N3,runtime-core,exact
ホーム,ホーム,N3,"{""N3"": 2}","{""community-independent"": ""N3"", ""waller-derived"": ""N3""}",waller|wordmaster,community-independent|waller-derived,2,N4,runtime-core,exact
ホール,ホール,N1,"{""N1"": 2}","{""community-independent"": ""N1"", ""waller-derived"": ""N1""}",waller|wordmaster,community-independent|waller-derived,2,N2,runtime-core,exact
望遠鏡,ぼうえんきょう,N2,"{""N2"": 2}","{""community-independent"": ""N2"", ""waller-derived"": ""N2""}",openjlpt|waller|wordmaster,community-independent|waller-derived,2,N1,runtime-core,exact
冒険,ぼうけん,N3,"{""N3"": 2}","{""community-independent"": ""N3"", ""waller-derived"": ""N3""}",openjlpt|waller|wordmaster,community-independent|waller-derived,2,N1,runtime-core,exact
防止,ぼうし,N2,"{""N2"": 2}","{""community-independent"": ""N2"", ""waller-derived"": ""N2""}",openjlpt|waller|wordmaster,community-independent|waller-derived,2,N1,runtime-core,exact
坊や,ぼうや,N2,"{""N2"": 2}","{""community-independent"": ""N2"", ""waller-derived"": ""N2""}",openjlpt|waller|wordmaster,community-independent|waller-derived,2,N1,runtime-core,exact
暴力,ぼうりょく,N1,"{""N1"": 2}","{""community-independent"": ""N1"", ""waller-derived"": ""N1""}",openjlpt|waller|wordmaster,community-independent|waller-derived,2,N2,runtime-core,exact
募金,ぼきん,N1,"{""N1"": 2}","{""community-independent"": ""N1"", ""waller-derived"": ""N1""}",openjlpt|waller|wordmaster,community-independent|waller-derived,2,N2,runtime-core,exact
僕,ぼく,N4,"{""N4"": 2}","{""community-independent"": ""N4"", ""waller-derived"": ""N4""}",openjlpt|waller|wordmaster,community-independent|waller-derived,2,N5,runtime-core,exact
牧畜,ぼくちく,N2,"{""N2"": 2}","{""community-independent"": ""N2"", ""waller-derived"": ""N2""}",openjlpt|waller|wordmaster,community-independent|waller-derived,2,N1,runtime-core,exact
募集,ぼしゅう,N2,"{""N2"": 2}","{""community-independent"": ""N2"", ""waller-derived"": ""N2""}",openjlpt|waller|wordmaster,community-independent|waller-derived,2,N3,runtime-core,exact
ボタン,ボタン,N5,"{""N5"": 2}","{""community-independent"": ""N5"", ""waller-derived"": ""N5""}",waller|wordmaster,community-independent|waller-derived,2,N4,runtime-core,exact
盆,ぼん,N2,"{""N2"": 2}","{""community-independent"": ""N2"", ""waller-derived"": ""N2""}",openjlpt|waller|wordmaster,community-independent|waller-derived,2,N1,runtime-core,exact
ぼんやり,ぼんやり,N3,"{""N3"": 2}","{""community-independent"": ""N3"", ""waller-derived"": ""N3""}",waller|wordmaster,community-independent|waller-derived,2,N2,runtime-core,exact
ボーナス,ボーナス,N2,"{""N2"": 2}","{""community-independent"": ""N2"", ""waller-derived"": ""N2""}",waller|wordmaster,community-independent|waller-derived,2,N1,runtime-core,exact
ボール,ボール,N3,"{""N3"": 2}","{""community-independent"": ""N3"", ""waller-derived"": ""N3""}",waller|wordmaster,community-independent|waller-derived,2,N5,runtime-core,exact
ポイント,ポイント,N1,"{""N1"": 2}","{""community-independent"": ""N1"", ""waller-derived"": ""N1""}",waller|wordmaster,community-independent|waller-derived,2,N2|N4,curated-supplement|runtime-core,exact
ポケット,ポケット,N5,"{""N5"": 2}","{""community-independent"": ""N5"", ""waller-derived"": ""N5""}",waller|wordmaster,community-independent|waller-derived,2,N3,runtime-core,exact
ポスター,ポスター,N2,"{""N2"": 2}","{""community-independent"": ""N2"", ""waller-derived"": ""N2""}",waller|wordmaster,community-independent|waller-derived,2,N4,runtime-core,exact
ポスト,ポスト,N5,"{""N5"": 2}","{""community-independent"": ""N5"", ""waller-derived"": ""N5""}",waller|wordmaster,community-independent|waller-derived,2,N4,runtime-core,exact
ポット,ポット,N1,"{""N1"": 2}","{""community-independent"": ""N1"", ""waller-derived"": ""N1""}",waller|wordmaster,community-independent|waller-derived,2,N2,runtime-core,exact
まあまあ,まあまあ,N2,"{""N2"": 2}","{""community-independent"": ""N2"", ""waller-derived"": ""N2""}",waller|wordmaster,community-independent|waller-derived,2,N3,runtime-core,exact
マイナス,マイナス,N3,"{""N2"": 1, ""N3"": 1}","{""community-independent"": ""N3"", ""waller-derived"": ""N2""}",waller|wordmaster,community-independent|waller-derived,2,N2,runtime-core,exact
参る,まいる,N4,"{""N4"": 2}","{""community-independent"": ""N4"", ""waller-derived"": ""N4""}",openjlpt|waller|wordmaster,community-independent|waller-derived,2,N3,runtime-core,exact
前売り,まえうり,N1,"{""N1"": 1}","{""waller-derived"": ""N1""}",openjlpt|waller,waller-derived,1,N2,runtime-core,exact
前もって,まえもって,N3,"{""N1"": 1, ""N3"": 1}","{""community-independent"": ""N3"", ""waller-derived"": ""N1""}",openjlpt|waller|wordmaster,community-independent|waller-derived,2,N2,runtime-core,exact
任す,まかす,N1,"{""N1"": 2}","{""community-independent"": ""N1"", ""waller-derived"": ""N1""}",openjlpt|waller|wordmaster,community-independent|waller-derived,2,N2,runtime-core,exact
負かす,まかす,N1,"{""N1"": 2}","{""community-independent"": ""N1"", ""waller-derived"": ""N1""}",openjlpt|waller|wordmaster,community-independent|waller-derived,2,N2,runtime-core,exact
任せる,まかせる,N3,"{""N3"": 2}","{""community-independent"": ""N3"", ""waller-derived"": ""N3""}",openjlpt|waller|wordmaster,community-independent|waller-derived,2,N2,runtime-core,exact
曲がる,まがる,N1,"{""N1"": 1}","{""waller-derived"": ""N1""}",openjlpt|waller,waller-derived,1,N5,runtime-core,exact
巻く,まく,N3,"{""N2"": 1, ""N3"": 1}","{""community-independent"": ""N3"", ""waller-derived"": ""N2""}",openjlpt|waller|wordmaster,community-independent|waller-derived,2,N2,runtime-core,exact
幕,まく,N3,"{""N3"": 2}","{""community-independent"": ""N3"", ""waller-derived"": ""N3""}",openjlpt|waller|wordmaster,community-independent|waller-derived,2,N2,runtime-core,exact
撒く,まく,N3,"{""N2"": 1, ""N3"": 1}","{""community-independent"": ""N3"", ""waller-derived"": ""N2""}",openjlpt|waller|wordmaster,community-independent|waller-derived,2,N2,advanced-bundle,exact
膜,まく,N3,"{""N1"": 1, ""N3"": 1}","{""community-independent"": ""N3"", ""waller-derived"": ""N1""}",openjlpt|waller|wordmaster,community-independent|waller-derived,2,N1,advanced-bundle,exact
蒔く,まく,N3,"{""N2"": 1, ""N3"": 1}","{""community-independent"": ""N3"", ""waller-derived"": ""N2""}",openjlpt|waller|wordmaster,community-independent|waller-derived,2,N2,advanced-bundle,exact
枕,まくら,N2,"{""N2"": 2}","{""community-independent"": ""N2"", ""waller-derived"": ""N2""}",openjlpt|waller|wordmaster,community-independent|waller-derived,2,N3,runtime-core,exact
曲げる,まげる,N2,"{""N2"": 2}","{""community-independent"": ""N2"", ""waller-derived"": ""N2""}",openjlpt|waller|wordmaster,community-independent|waller-derived,2,N3,runtime-core,exact
誠に,まことに,N1,"{""N1"": 1}","{""community-independent"": ""N1""}",wordmaster,community-independent,1,N2,runtime-core,exact
まさか,まさか,N3,"{""N3"": 2}","{""community-independent"": ""N3"", ""waller-derived"": ""N3""}",waller|wordmaster,community-independent|waller-derived,2,N2,runtime-core,exact
まさに,まさに,N3,"{""N3"": 2}","{""community-independent"": ""N3"", ""waller-derived"": ""N3""}",waller|wordmaster,community-independent|waller-derived,2,N1,advanced-bundle,exact
正に,まさに,N1,"{""N1"": 1}","{""waller-derived"": ""N1""}",openjlpt|waller,waller-derived,1,N2,runtime-core,exact
混ざる,まざる,N3,"{""N2"": 1, ""N3"": 1}","{""community-independent"": ""N3"", ""waller-derived"": ""N2""}",openjlpt|waller|wordmaster,community-independent|waller-derived,2,N2,runtime-core,exact
まして,まして,N1,"{""N1"": 1}","{""community-independent"": ""N1""}",wordmaster,community-independent,1,N3,runtime-core,exact
混じる,まじる,N3,"{""N2"": 1, ""N3"": 1}","{""community-independent"": ""N3"", ""waller-derived"": ""N2""}",openjlpt|waller|wordmaster,community-independent|waller-derived,2,N2,runtime-core,exact
増す,ます,N3,"{""N3"": 2}","{""community-independent"": ""N3"", ""waller-derived"": ""N3""}",openjlpt|waller|wordmaster,community-independent|waller-derived,2,N2,runtime-core,exact
マスコミ,マスコミ,N3,"{""N1"": 1, ""N3"": 1}","{""community-independent"": ""N3"", ""waller-derived"": ""N1""}",waller|wordmaster,community-independent|waller-derived,2,N2,runtime-core,exact
マスター,マスター,N3,"{""N3"": 2}","{""community-independent"": ""N3"", ""waller-derived"": ""N3""}",waller|wordmaster,community-independent|waller-derived,2,N1,runtime-core,exact
ますます,ますます,N3,"{""N3"": 2}","{""community-independent"": ""N3"", ""waller-derived"": ""N3""}",waller|wordmaster,community-independent|waller-derived,2,N2,runtime-core,exact
益々,ますます,N1,"{""N1"": 1}","{""waller-derived"": ""N1""}",openjlpt|waller,waller-derived,1,N3,advanced-bundle,exact
まず,まず,N4,"{""N4"": 1}","{""community-independent"": ""N4""}",wordmaster,community-independent,1,N5,runtime-core,exact
股,また,N3,"{""N1"": 1, ""N3"": 1}","{""community-independent"": ""N3"", ""waller-derived"": ""N1""}",openjlpt|waller|wordmaster,community-independent|waller-derived,2,N1,advanced-bundle,exact
跨ぐ,またぐ,N1,"{""N1"": 1}","{""waller-derived"": ""N1""}",openjlpt|waller,waller-derived,1,N2,advanced-bundle,exact
または,または,N4,"{""N4"": 2}","{""community-independent"": ""N4"", ""waller-derived"": ""N4""}",waller|wordmaster,community-independent|waller-derived,2,N3,runtime-core,exact
又は,または,N2,"{""N2"": 1}","{""waller-derived"": ""N2""}",openjlpt|waller,waller-derived,1,N4,advanced-bundle,exact
未だ,まだ,N3,"{""N3"": 1}","{""waller-derived"": ""N3""}",openjlpt|waller,waller-derived,1,N5,advanced-bundle,exact
街,まち,N3,"{""N3"": 2}","{""community-independent"": ""N3"", ""waller-derived"": ""N3""}",openjlpt|waller|wordmaster,community-independent|waller-derived,2,N4,runtime-core,exact
待合室,まちあいしつ,N2,"{""N2"": 2}","{""community-independent"": ""N2"", ""waller-derived"": ""N2""}",openjlpt|waller|wordmaster,community-independent|waller-derived,2,N1,runtime-core,exact
待ち合わせ,まちあわせ,N1,"{""N1"": 2}","{""community-independent"": ""N1"", ""waller-derived"": ""N1""}",openjlpt|waller|wordmaster,community-independent|waller-derived,2,N3,runtime-core,exact
待ち合わせる,まちあわせる,N2,"{""N2"": 2}","{""community-independent"": ""N2"", ""waller-derived"": ""N2""}",openjlpt|waller|wordmaster,community-independent|waller-derived,2,N3,runtime-core,exact
街角,まちかど,N2,"{""N2"": 2}","{""community-independent"": ""N2"", ""waller-derived"": ""N2""}",openjlpt|waller|wordmaster,community-independent|waller-derived,2,N1,runtime-core,exact
間違い,まちがい,N3,"{""N3"": 2}","{""community-independent"": ""N3"", ""waller-derived"": ""N3""}",openjlpt|waller|wordmaster,community-independent|waller-derived,2,N4,runtime-core,exact
間違う,まちがう,N1,"{""N1"": 1}","{""waller-derived"": ""N1""}",openjlpt|waller,waller-derived,1,N4,runtime-core,exact
間違える,まちがえる,N4,"{""N4"": 2}","{""community-independent"": ""N4"", ""waller-derived"": ""N4""}",openjlpt|waller|wordmaster,community-independent|waller-derived,2,N5,runtime-core,exact
真っ赤,まっか,N3,"{""N3"": 2}","{""community-independent"": ""N3"", ""waller-derived"": ""N3""}",openjlpt|waller|wordmaster,community-independent|waller-derived,2,N1,runtime-core,exact
マッサージ,マッサージ,N3,"{""N1"": 1, ""N3"": 1}","{""community-independent"": ""N3"", ""waller-derived"": ""N1""}",waller|wordmaster,community-independent|waller-derived,2,N1,runtime-core,exact
真っ直ぐ,まっすぐ,N3,"{""N3"": 1}","{""waller-derived"": ""N3""}",openjlpt|waller,waller-derived,1,N5,advanced-bundle,exact
全く,まったく,N3,"{""N3"": 2}","{""community-independent"": ""N3"", ""waller-derived"": ""N3""}",openjlpt|waller|wordmaster,community-independent|waller-derived,2,N4,runtime-core,exact
マッチ,マッチ,N5,"{""N5"": 2}","{""community-independent"": ""N5"", ""waller-derived"": ""N5""}",waller|wordmaster,community-independent|waller-derived,2,N1,runtime-core,exact
まとまる,まとまる,N3,"{""N3"": 1}","{""community-independent"": ""N3""}",wordmaster,community-independent,1,N1,runtime-core,exact
纏める,まとめる,N2,"{""N2"": 1}","{""waller-derived"": ""N2""}",openjlpt|waller,waller-derived,1,N1,advanced-bundle,exact
窓口,まどぐち,N2,"{""N2"": 2}","{""community-independent"": ""N2"", ""waller-derived"": ""N2""}",openjlpt|waller|wordmaster,community-independent|waller-derived,2,N3,runtime-core,exact
真似,まね,N3,"{""N3"": 2}","{""community-independent"": ""N3"", ""waller-derived"": ""N3""}",openjlpt|waller|wordmaster,community-independent|waller-derived,2,N2,runtime-core,exact
招く,まねく,N3,"{""N3"": 2}","{""community-independent"": ""N3"", ""waller-derived"": ""N3""}",openjlpt|waller|wordmaster,community-independent|waller-derived,2,N2,runtime-core,exact
マフラー,マフラー,N2,"{""N2"": 2}","{""community-independent"": ""N2"", ""waller-derived"": ""N2""}",waller|wordmaster,community-independent|waller-derived,2,N3,runtime-core,exact
眩しい,まぶしい,N1,"{""N1"": 1}","{""waller-derived"": ""N1""}",openjlpt|waller,waller-derived,1,N2,advanced-bundle,exact
間もなく,まもなく,N1,"{""N1"": 1}","{""waller-derived"": ""N1""}",openjlpt|waller,waller-derived,1,N2,advanced-bundle,exact
守る,まもる,N3,"{""N3"": 2}","{""community-independent"": ""N3"", ""waller-derived"": ""N3""}",openjlpt|waller|wordmaster,community-independent|waller-derived,2,N4,runtime-core,exact
迷う,まよう,N3,"{""N3"": 1}","{""community-independent"": ""N3""}",wordmaster,community-independent,1,N4,runtime-core,exact
マラソン,マラソン,N2,"{""N2"": 2}","{""community-independent"": ""N2"", ""waller-derived"": ""N2""}",waller|wordmaster,community-independent|waller-derived,2,N3,runtime-core,exact
丸,まる,N3,"{""N3"": 2}","{""community-independent"": ""N3"", ""waller-derived"": ""N3""}",openjlpt|waller|wordmaster,community-independent|waller-derived,2,N2,runtime-core,exact
丸める,まるめる,N1,"{""N1"": 2}","{""community-independent"": ""N1"", ""waller-derived"": ""N1""}",openjlpt|waller|wordmaster,community-independent|waller-derived,2,N2,runtime-core,exact
満員,まんいん,N2,"{""N2"": 2}","{""community-independent"": ""N2"", ""waller-derived"": ""N2""}",openjlpt|waller|wordmaster,community-independent|waller-derived,2,N3,runtime-core,exact
マンション,マンション,N2,"{""N2"": 2}","{""community-independent"": ""N2"", ""waller-derived"": ""N2""}",waller|wordmaster,community-independent|waller-derived,2,N3,runtime-core,exact
満点,まんてん,N2,"{""N2"": 2}","{""community-independent"": ""N2"", ""waller-derived"": ""N2""}",openjlpt|waller|wordmaster,community-independent|waller-derived,2,N3,runtime-core,exact
真ん中,まんなか,N4,"{""N4"": 1}","{""waller-derived"": ""N4""}",openjlpt|waller,waller-derived,1,N3,runtime-core,exact
マーク,マーク,N1,"{""N1"": 2}","{""community-independent"": ""N1"", ""waller-derived"": ""N1""}",waller|wordmaster,community-independent|waller-derived,2,N3,runtime-core,exact
マーケット,マーケット,N3,"{""N3"": 2}","{""community-independent"": ""N3"", ""waller-derived"": ""N3""}",waller|wordmaster,community-independent|waller-derived,2,N4,runtime-core,exact
身,み,N3,"{""N3"": 2}","{""community-independent"": ""N3"", ""waller-derived"": ""N3""}",openjlpt|waller|wordmaster,community-independent|waller-derived,2,N4,runtime-core,exact
見送る,みおくる,N2,"{""N2"": 2}","{""community-independent"": ""N2"", ""waller-derived"": ""N2""}",openjlpt|waller|wordmaster,community-independent|waller-derived,2,N3,runtime-core,exact
見掛け,みかけ,N2,"{""N2"": 2}","{""community-independent"": ""N2"", ""waller-derived"": ""N2""}",openjlpt|waller|wordmaster,community-independent|waller-derived,2,N1,advanced-bundle,exact
見掛ける,みかける,N3,"{""N1"": 1, ""N3"": 1}","{""community-independent"": ""N3"", ""waller-derived"": ""N1""}",openjlpt|waller|wordmaster,community-independent|waller-derived,2,N1,advanced-bundle,exact
見方,みかた,N1,"{""N1"": 1}","{""waller-derived"": ""N1""}",openjlpt|waller,waller-derived,1,N3,runtime-core,exact
三日月,みかづき,N2,"{""N2"": 2}","{""community-independent"": ""N2"", ""waller-derived"": ""N2""}",openjlpt|waller|wordmaster,community-independent|waller-derived,2,N1,runtime-core,exact
幹,みき,N1,"{""N1"": 1}","{""community-independent"": ""N1""}",wordmaster,community-independent,1,N2,runtime-core,exact
見込み,みこみ,N1,"{""N1"": 2}","{""community-independent"": ""N1"", ""waller-derived"": ""N1""}",openjlpt|waller|wordmaster,community-independent|waller-derived,2,N2,runtime-core,exact
見事,みごと,N3,"{""N3"": 2}","{""community-independent"": ""N3"", ""waller-derived"": ""N3""}",openjlpt|waller|wordmaster,community-independent|waller-derived,2,N2,runtime-core,exact
ミス,ミス,N3,"{""N3"": 2}","{""community-independent"": ""N3"", ""waller-derived"": ""N3""}",waller|wordmaster,community-independent|waller-derived,2,N2,runtime-core,exact
水着,みずぎ,N2,"{""N2"": 1}","{""community-independent"": ""N2""}",wordmaster,community-independent,1,N1,runtime-core,exact
満たす,みたす,N1,"{""N1"": 2}","{""community-independent"": ""N1"", ""waller-derived"": ""N1""}",openjlpt|waller|wordmaster,community-independent|waller-derived,2,N2,runtime-core,exact
乱れる,みだれる,N1,"{""N1"": 2}","{""community-independent"": ""N1"", ""waller-derived"": ""N1""}",openjlpt|waller|wordmaster,community-independent|waller-derived,2,N2,runtime-core,exact
道順,みちじゅん,N2,"{""N2"": 2}","{""community-independent"": ""N2"", ""waller-derived"": ""N2""}",openjlpt|waller|wordmaster,community-independent|waller-derived,2,N3,runtime-core,exact
導く,みちびく,N1,"{""N1"": 2}","{""community-independent"": ""N1"", ""waller-derived"": ""N1""}",openjlpt|waller|wordmaster,community-independent|waller-derived,2,N2,runtime-core,exact
満ちる,みちる,N3,"{""N3"": 2}","{""community-independent"": ""N3"", ""waller-derived"": ""N3""}",openjlpt|waller|wordmaster,community-independent|waller-derived,2,N2,runtime-core,exact
身近,みぢか,N1,"{""N1"": 2}","{""community-independent"": ""N1"", ""waller-derived"": ""N1""}",openjlpt|waller|wordmaster,community-independent|waller-derived,2,N3,runtime-core,exact
密接,みっせつ,N1,"{""N1"": 2}","{""community-independent"": ""N1"", ""waller-derived"": ""N1""}",openjlpt|waller|wordmaster,community-independent|waller-derived,2,N2,runtime-core,exact
みっともない,みっともない,N2,"{""N2"": 2}","{""community-independent"": ""N2"", ""waller-derived"": ""N2""}",waller|wordmaster,community-independent|waller-derived,2,N1,runtime-core,exact
見付ける,みつける,N2,"{""N2"": 1}","{""waller-derived"": ""N2""}",openjlpt|waller,waller-derived,1,N1,advanced-bundle,exact
見積もり,みつもり,N1,"{""N1"": 1}","{""community-independent"": ""N1""}",wordmaster,community-independent,1,N2,runtime-core,exact
見通し,みとおし,N1,"{""N1"": 2}","{""community-independent"": ""N1"", ""waller-derived"": ""N1""}",openjlpt|waller|wordmaster,community-independent|waller-derived,2,N2,runtime-core,exact
認める,みとめる,N3,"{""N3"": 2}","{""community-independent"": ""N3"", ""waller-derived"": ""N3""}",openjlpt|waller|wordmaster,community-independent|waller-derived,2,N2,runtime-core,exact
皆,みな,N4,"{""N4"": 2}","{""community-independent"": ""N4"", ""waller-derived"": ""N4""}",openjlpt|waller|wordmaster,community-independent|waller-derived,2,N5,runtime-core,exact
見なす,みなす,N1,"{""N1"": 1}","{""community-independent"": ""N1""}",wordmaster,community-independent,1,N2,runtime-core,exact
見逃す,みのがす,N1,"{""N1"": 2}","{""community-independent"": ""N1"", ""waller-derived"": ""N1""}",openjlpt|waller|wordmaster,community-independent|waller-derived,2,N2,runtime-core,exact
身の回り,みのまわり,N1,"{""N1"": 1}","{""community-independent"": ""N1""}",wordmaster,community-independent,1,N2,runtime-core,exact
身振り,みぶり,N1,"{""N1"": 2}","{""community-independent"": ""N1"", ""waller-derived"": ""N1""}",openjlpt|waller|wordmaster,community-independent|waller-derived,2,N2,runtime-core,exact
見本,みほん,N2,"{""N2"": 2}","{""community-independent"": ""N2"", ""waller-derived"": ""N2""}",openjlpt|waller|wordmaster,community-independent|waller-derived,2,N3,runtime-core,exact
見舞い,みまい,N3,"{""N3"": 2}","{""community-independent"": ""N3"", ""waller-derived"": ""N3""}",openjlpt|waller|wordmaster,community-independent|waller-derived,2,N4,runtime-core,exact
脈,みゃく,N1,"{""N1"": 2}","{""community-independent"": ""N1"", ""waller-derived"": ""N1""}",openjlpt|waller|wordmaster,community-independent|waller-derived,2,N2,runtime-core,exact
土産,みやげ,N3,"{""N3"": 2}","{""community-independent"": ""N3"", ""waller-derived"": ""N3""}",openjlpt|waller|wordmaster,community-independent|waller-derived,2,N4,runtime-core,exact
名字,みょうじ,N2,"{""N2"": 2}","{""community-independent"": ""N2"", ""waller-derived"": ""N2""}",openjlpt|waller|wordmaster,community-independent|waller-derived,2,N3,runtime-core,exact
ミリ,ミリ,N2,"{""N2"": 1}","{""waller-derived"": ""N2""}",waller,waller-derived,1,N3,runtime-core,exact
魅力,みりょく,N3,"{""N3"": 2}","{""community-independent"": ""N3"", ""waller-derived"": ""N3""}",openjlpt|waller|wordmaster,community-independent|waller-derived,2,N2,runtime-core,exact
診る,みる,N3,"{""N2"": 1, ""N3"": 1}","{""community-independent"": ""N3"", ""waller-derived"": ""N2""}",openjlpt|waller|wordmaster,community-independent|waller-derived,2,N1,runtime-core,exact
ミルク,ミルク,N3,"{""N3"": 2}","{""community-independent"": ""N3"", ""waller-derived"": ""N3""}",waller|wordmaster,community-independent|waller-derived,2,N4,runtime-core,exact
見渡す,みわたす,N1,"{""N1"": 2}","{""community-independent"": ""N1"", ""waller-derived"": ""N1""}",openjlpt|waller|wordmaster,community-independent|waller-derived,2,N2,runtime-core,exact
民間,みんかん,N2,"{""N2"": 2}","{""community-independent"": ""N2"", ""waller-derived"": ""N2""}",openjlpt|waller|wordmaster,community-independent|waller-derived,2,N1,runtime-core,exact
民主,みんしゅ,N1,"{""N1"": 1}","{""waller-derived"": ""N1""}",openjlpt|waller,waller-derived,1,N2,runtime-core,exact
民族,みんぞく,N1,"{""N1"": 2}","{""community-independent"": ""N1"", ""waller-derived"": ""N1""}",openjlpt|waller|wordmaster,community-independent|waller-derived,2,N2,runtime-core,exact
皆,みんな,N3,"{""N3"": 1}","{""waller-derived"": ""N3""}",openjlpt|waller,waller-derived,1,N1,advanced-bundle,exact
無,む,N3,"{""N3"": 2}","{""community-independent"": ""N3"", ""waller-derived"": ""N3""}",waller|wordmaster,community-independent|waller-derived,2,N4,runtime-core,exact
向かう,むかう,N4,"{""N4"": 2}","{""community-independent"": ""N4"", ""waller-derived"": ""N4""}",openjlpt|waller|wordmaster,community-independent|waller-derived,2,N3,runtime-core,exact
向き,むき,N1,"{""N1"": 1}","{""waller-derived"": ""N1""}",openjlpt|waller,waller-derived,1,N3,runtime-core,exact
剥く,むく,N3,"{""N2"": 1, ""N3"": 1}","{""community-independent"": ""N3"", ""waller-derived"": ""N2""}",openjlpt|waller|wordmaster,community-independent|waller-derived,2,N2,advanced-bundle,exact
無口,むくち,N1,"{""N1"": 2}","{""community-independent"": ""N1"", ""waller-derived"": ""N1""}",openjlpt|waller|wordmaster,community-independent|waller-derived,2,N2,runtime-core,exact
無効,むこう,N1,"{""N1"": 2}","{""community-independent"": ""N1"", ""waller-derived"": ""N1""}",openjlpt|waller|wordmaster,community-independent|waller-derived,2,N3,runtime-core,exact
無視,むし,N3,"{""N3"": 2}","{""community-independent"": ""N3"", ""waller-derived"": ""N3""}",openjlpt|waller|wordmaster,community-independent|waller-derived,2,N2,runtime-core,exact
蒸し暑い,むしあつい,N3,"{""N2"": 1, ""N3"": 1}","{""community-independent"": ""N3"", ""waller-derived"": ""N2""}",openjlpt|waller|wordmaster,community-independent|waller-derived,2,N2,runtime-core,exact
蒸す,むす,N3,"{""N2"": 1, ""N3"": 1}","{""community-independent"": ""N3"", ""waller-derived"": ""N2""}",openjlpt|waller|wordmaster,community-independent|waller-derived,2,N2,advanced-bundle,exact
結び,むすび,N1,"{""N1"": 2}","{""community-independent"": ""N1"", ""waller-derived"": ""N1""}",openjlpt|waller|wordmaster,community-independent|waller-derived,2,N3,runtime-core,exact
無断,むだん,N1,"{""N1"": 2}","{""community-independent"": ""N1"", ""waller-derived"": ""N1""}",openjlpt|waller|wordmaster,community-independent|waller-derived,2,N2,runtime-core,exact
胸,むね,N3,"{""N3"": 2}","{""community-independent"": ""N3"", ""waller-derived"": ""N3""}",openjlpt|waller|wordmaster,community-independent|waller-derived,2,N4,runtime-core,exact
無用,むよう,N1,"{""N1"": 2}","{""community-independent"": ""N1"", ""waller-derived"": ""N1""}",openjlpt|waller|wordmaster,community-independent|waller-derived,2,N2,runtime-core,exact
村,むら,N5,"{""N5"": 2}","{""community-independent"": ""N5"", ""waller-derived"": ""N5""}",openjlpt|waller|wordmaster,community-independent|waller-derived,2,N4,runtime-core,exact
芽,め,N3,"{""N3"": 2}","{""community-independent"": ""N3"", ""waller-derived"": ""N3""}",openjlpt|waller|wordmaster,community-independent|waller-derived,2,N2,runtime-core,exact
明確,めいかく,N3,"{""N3"": 2}","{""community-independent"": ""N3"", ""waller-derived"": ""N3""}",openjlpt|waller|wordmaster,community-independent|waller-derived,2,N2,runtime-core,exact
名産,めいさん,N1,"{""N1"": 2}","{""community-independent"": ""N1"", ""waller-derived"": ""N1""}",openjlpt|waller|wordmaster,community-independent|waller-derived,2,N2,runtime-core,exact
名詞,めいし,N3,"{""N2"": 1, ""N3"": 1}","{""community-independent"": ""N3"", ""waller-derived"": ""N2""}",openjlpt|waller|wordmaster,community-independent|waller-derived,2,N1,runtime-core,exact
命じる,めいじる,N3,"{""N3"": 2}","{""community-independent"": ""N3"", ""waller-derived"": ""N3""}",openjlpt|waller|wordmaster,community-independent|waller-derived,2,N2,runtime-core,exact
名人,めいじん,N3,"{""N3"": 2}","{""community-independent"": ""N3"", ""waller-derived"": ""N3""}",openjlpt|waller|wordmaster,community-independent|waller-derived,2,N2,runtime-core,exact
名簿,めいぼ,N1,"{""N1"": 2}","{""community-independent"": ""N1"", ""waller-derived"": ""N1""}",openjlpt|waller|wordmaster,community-independent|waller-derived,2,N2,runtime-core,exact
明瞭,めいりょう,N1,"{""N1"": 2}","{""community-independent"": ""N1"", ""waller-derived"": ""N1""}",openjlpt|waller|wordmaster,community-independent|waller-derived,2,N2,runtime-core,exact
命令,めいれい,N3,"{""N3"": 2}","{""community-independent"": ""N3"", ""waller-derived"": ""N3""}",openjlpt|waller|wordmaster,community-independent|waller-derived,2,N4,runtime-core,exact
目上,めうえ,N3,"{""N2"": 1, ""N3"": 1}","{""community-independent"": ""N3"", ""waller-derived"": ""N2""}",openjlpt|waller|wordmaster,community-independent|waller-derived,2,N2,runtime-core,exact
捲る,めくる,N3,"{""N3"": 1}","{""community-independent"": ""N3""}",wordmaster,community-independent,1,N1,advanced-bundle,exact
恵み,めぐみ,N1,"{""N1"": 2}","{""community-independent"": ""N1"", ""waller-derived"": ""N1""}",openjlpt|waller|wordmaster,community-independent|waller-derived,2,N2,runtime-core,exact
目覚める,めざめる,N1,"{""N1"": 2}","{""community-independent"": ""N1"", ""waller-derived"": ""N1""}",openjlpt|waller|wordmaster,community-independent|waller-derived,2,N3,runtime-core,exact
召し上がる,めしあがる,N4,"{""N4"": 2}","{""community-independent"": ""N4"", ""waller-derived"": ""N4""}",openjlpt|waller|wordmaster,community-independent|waller-derived,2,N3,runtime-core,exact
めちゃくちゃ,めちゃくちゃ,N2,"{""N2"": 2}","{""community-independent"": ""N2"", ""waller-derived"": ""N2""}",waller|wordmaster,community-independent|waller-derived,2,N1,advanced-bundle,exact
滅茶苦茶,めちゃくちゃ,N1,"{""N1"": 1}","{""waller-derived"": ""N1""}",openjlpt|waller,waller-derived,1,N2,advanced-bundle,exact
めっきり,めっきり,N2,"{""N2"": 2}","{""community-independent"": ""N2"", ""waller-derived"": ""N2""}",waller|wordmaster,community-independent|waller-derived,2,N1,runtime-core,exact
メディア,メディア,N1,"{""N1"": 2}","{""community-independent"": ""N1"", ""waller-derived"": ""N1""}",waller|wordmaster,community-independent|waller-derived,2,N2,runtime-core,exact
めでたい,めでたい,N2,"{""N2"": 2}","{""community-independent"": ""N2"", ""waller-derived"": ""N2""}",waller|wordmaster,community-independent|waller-derived,2,N3,runtime-core,exact
メニュー,メニュー,N2,"{""N2"": 2}","{""community-independent"": ""N2"", ""waller-derived"": ""N2""}",waller|wordmaster,community-independent|waller-derived,2,N4,runtime-core,exact
メモ,メモ,N3,"{""N3"": 2}","{""community-independent"": ""N3"", ""waller-derived"": ""N3""}",waller|wordmaster,community-independent|waller-derived,2,N5,runtime-core,exact
目安,めやす,N2,"{""N2"": 2}","{""community-independent"": ""N2"", ""waller-derived"": ""N2""}",openjlpt|waller|wordmaster,community-independent|waller-derived,2,N1,runtime-core,exact
面,めん,N3,"{""N3"": 2}","{""community-independent"": ""N3"", ""waller-derived"": ""N3""}",openjlpt|waller|wordmaster,community-independent|waller-derived,2,N2,runtime-core,exact
面倒臭い,めんどうくさい,N2,"{""N2"": 2}","{""community-independent"": ""N2"", ""waller-derived"": ""N2""}",openjlpt|waller|wordmaster,community-independent|waller-derived,2,N1,runtime-core,exact
メーカー,メーカー,N1,"{""N1"": 2}","{""community-independent"": ""N1"", ""waller-derived"": ""N1""}",waller|wordmaster,community-independent|waller-derived,2,N2,runtime-core,exact
設ける,もうける,N1,"{""N1"": 2}","{""community-independent"": ""N1"", ""waller-derived"": ""N1""}",openjlpt|waller|wordmaster,community-independent|waller-derived,2,N2,runtime-core,exact
申し上げる,もうしあげる,N4,"{""N4"": 2}","{""community-independent"": ""N4"", ""waller-derived"": ""N4""}",openjlpt|waller|wordmaster,community-independent|waller-derived,2,N3,runtime-core,exact
申し込み,もうしこみ,N1,"{""N1"": 1}","{""waller-derived"": ""N1""}",openjlpt|waller,waller-derived,1,N3,runtime-core,exact
申し出る,もうしでる,N1,"{""N1"": 2}","{""community-independent"": ""N1"", ""waller-derived"": ""N1""}",openjlpt|waller|wordmaster,community-independent|waller-derived,2,N2,runtime-core,exact
申し訳ない,もうしわけない,N2,"{""N2"": 2}","{""community-independent"": ""N2"", ""waller-derived"": ""N2""}",openjlpt|waller|wordmaster,community-independent|waller-derived,2,N3,runtime-core,exact
もうすぐ,もうすぐ,N4,"{""N4"": 2}","{""community-independent"": ""N4"", ""waller-derived"": ""N4""}",waller|wordmaster,community-independent|waller-derived,2,N5,runtime-core,exact
目次,もくじ,N2,"{""N2"": 2}","{""community-independent"": ""N2"", ""waller-derived"": ""N2""}",openjlpt|waller|wordmaster,community-independent|waller-derived,2,N1,runtime-core,exact
模型,もけい,N1,"{""N1"": 2}","{""community-independent"": ""N1"", ""waller-derived"": ""N1""}",openjlpt|waller|wordmaster,community-independent|waller-derived,2,N2,runtime-core,exact
模索,もさく,N1,"{""N1"": 2}","{""community-independent"": ""N1"", ""waller-derived"": ""N1""}",openjlpt|waller|wordmaster,community-independent|waller-derived,2,N2,runtime-core,exact
もしかしたら,もしかしたら,N2,"{""N2"": 2}","{""community-independent"": ""N2"", ""waller-derived"": ""N2""}",waller|wordmaster,community-independent|waller-derived,2,N3,runtime-core,exact
若しかしたら,もしかしたら,N1,"{""N1"": 1}","{""waller-derived"": ""N1""}",openjlpt|waller,waller-derived,1,N2,advanced-bundle,exact
もしかして,もしかして,N1,"{""N1"": 1}","{""community-independent"": ""N1""}",wordmaster,community-independent,1,N3,runtime-core,exact
若しかすると,もしかすると,N1,"{""N1"": 1}","{""waller-derived"": ""N1""}",openjlpt|waller,waller-derived,1,N2,advanced-bundle,exact
もしくは,もしくは,N1,"{""N1"": 1}","{""community-independent"": ""N1""}",wordmaster,community-independent,1,N2,runtime-core,exact
もしも,もしも,N3,"{""N3"": 2}","{""community-independent"": ""N3"", ""waller-derived"": ""N3""}",waller|wordmaster,community-independent|waller-derived,2,N5,runtime-core,exact
若しも,もしも,N1,"{""N1"": 1}","{""waller-derived"": ""N1""}",openjlpt|waller,waller-derived,1,N3,advanced-bundle,exact
もたらす,もたらす,N1,"{""N1"": 1}","{""community-independent"": ""N1""}",wordmaster,community-independent,1,N2,runtime-core,exact
モダン,モダン,N2,"{""N2"": 2}","{""community-independent"": ""N2"", ""waller-derived"": ""N2""}",waller|wordmaster,community-independent|waller-derived,2,N1,runtime-core,exact
持ち,もち,N1,"{""N1"": 1}","{""waller-derived"": ""N1""}",openjlpt|waller,waller-derived,1,N3,runtime-core,exact
餅,もち,N2,"{""N2"": 2}","{""community-independent"": ""N2"", ""waller-derived"": ""N2""}",openjlpt|waller|wordmaster,community-independent|waller-derived,2,N1,runtime-core,exact
持ち上げる,もちあげる,N3,"{""N3"": 2}","{""community-independent"": ""N3"", ""waller-derived"": ""N3""}",openjlpt|waller|wordmaster,community-independent|waller-derived,2,N1,runtime-core,exact
用いる,もちいる,N3,"{""N3"": 2}","{""community-independent"": ""N3"", ""waller-derived"": ""N3""}",openjlpt|waller|wordmaster,community-independent|waller-derived,2,N2,runtime-core,exact
勿論,もちろん,N3,"{""N3"": 1}","{""waller-derived"": ""N3""}",openjlpt|waller,waller-derived,1,N4,advanced-bundle,exact
尤も,もっとも,N3,"{""N3"": 2}","{""community-independent"": ""N3"", ""waller-derived"": ""N3""}",openjlpt|waller|wordmaster,community-independent|waller-derived,2,N1,advanced-bundle,exact
最も,もっとも,N4,"{""N4"": 2}","{""community-independent"": ""N4"", ""waller-derived"": ""N4""}",openjlpt|waller|wordmaster,community-independent|waller-derived,2,N5,runtime-core,exact
持て成す,もてなす,N1,"{""N1"": 1}","{""waller-derived"": ""N1""}",openjlpt|waller,waller-derived,1,N2,runtime-core,exact
もてる,もてる,N1,"{""N1"": 1}","{""community-independent"": ""N1""}",wordmaster,community-independent,1,N2,runtime-core,exact
元,もと,N3,"{""N3"": 2}","{""community-independent"": ""N3"", ""waller-derived"": ""N3""}",openjlpt|waller|wordmaster,community-independent|waller-derived,2,N2,runtime-core,exact
求める,もとめる,N3,"{""N3"": 2}","{""community-independent"": ""N3"", ""waller-derived"": ""N3""}",openjlpt|waller|wordmaster,community-independent|waller-derived,2,N2,runtime-core,exact
戻す,もどす,N3,"{""N3"": 2}","{""community-independent"": ""N3"", ""waller-derived"": ""N3""}",openjlpt|waller|wordmaster,community-independent|waller-derived,2,N4,runtime-core,exact
者,もの,N3,"{""N3"": 2}","{""community-independent"": ""N3"", ""waller-derived"": ""N3""}",openjlpt|waller|wordmaster,community-independent|waller-derived,2,N2,runtime-core,exact
物置,ものおき,N2,"{""N2"": 2}","{""community-independent"": ""N2"", ""waller-derived"": ""N2""}",openjlpt|waller|wordmaster,community-independent|waller-derived,2,N1,runtime-core,exact
物音,ものおと,N3,"{""N3"": 2}","{""community-independent"": ""N3"", ""waller-derived"": ""N3""}",openjlpt|waller|wordmaster,community-independent|waller-derived,2,N1,runtime-core,exact
物語る,ものがたる,N2,"{""N2"": 2}","{""community-independent"": ""N2"", ""waller-derived"": ""N2""}",openjlpt|waller|wordmaster,community-independent|waller-derived,2,N1,runtime-core,exact
物事,ものごと,N3,"{""N3"": 2}","{""community-independent"": ""N3"", ""waller-derived"": ""N3""}",openjlpt|waller|wordmaster,community-independent|waller-derived,2,N2,runtime-core,exact
物足りない,ものたりない,N1,"{""N1"": 2}","{""community-independent"": ""N1"", ""waller-derived"": ""N1""}",openjlpt|waller|wordmaster,community-independent|waller-derived,2,N2,runtime-core,exact
もはや,もはや,N1,"{""N1"": 1}","{""community-independent"": ""N1""}",wordmaster,community-independent,1,N2,runtime-core,exact
模範,もはん,N1,"{""N1"": 2}","{""community-independent"": ""N1"", ""waller-derived"": ""N1""}",openjlpt|waller|wordmaster,community-independent|waller-derived,2,N2,runtime-core,exact
燃やす,もやす,N3,"{""N2"": 1, ""N3"": 1}","{""community-independent"": ""N3"", ""waller-derived"": ""N2""}",openjlpt|waller|wordmaster,community-independent|waller-derived,2,N1,runtime-core,exact
模様,もよう,N3,"{""N3"": 2}","{""community-independent"": ""N3"", ""waller-derived"": ""N3""}",openjlpt|waller|wordmaster,community-independent|waller-derived,2,N1,runtime-core,exact
催す,もよおす,N1,"{""N1"": 2}","{""community-independent"": ""N1"", ""waller-derived"": ""N1""}",openjlpt|waller|wordmaster,community-independent|waller-derived,2,N2,runtime-core,exact
もらう,もらう,N4,"{""N4"": 2}","{""community-independent"": ""N4"", ""waller-derived"": ""N4""}",waller|wordmaster,community-independent|waller-derived,2,N5,runtime-core,exact
貰う,もらう,N3,"{""N3"": 1}","{""waller-derived"": ""N3""}",openjlpt|waller,waller-derived,1,N4,advanced-bundle,exact
森,もり,N4,"{""N4"": 2}","{""community-independent"": ""N4"", ""waller-derived"": ""N4""}",openjlpt|waller|wordmaster,community-independent|waller-derived,2,N5,runtime-core,exact
盛り上がる,もりあがる,N1,"{""N1"": 2}","{""community-independent"": ""N1"", ""waller-derived"": ""N1""}",openjlpt|waller|wordmaster,community-independent|waller-derived,2,N2,runtime-core,exact
漏れる,もれる,N1,"{""N1"": 2}","{""community-independent"": ""N1"", ""waller-derived"": ""N1""}",openjlpt|waller|wordmaster,community-independent|waller-derived,2,N2,runtime-core,exact
門,もん,N5,"{""N5"": 2}","{""community-independent"": ""N5"", ""waller-derived"": ""N5""}",openjlpt|waller|wordmaster,community-independent|waller-derived,2,N4,runtime-core,exact
モーター,モーター,N2,"{""N2"": 2}","{""community-independent"": ""N2"", ""waller-derived"": ""N2""}",waller|wordmaster,community-independent|waller-derived,2,N1,runtime-core,exact
喧しい,やかましい,N1,"{""N1"": 1}","{""waller-derived"": ""N1""}",openjlpt|waller,waller-derived,1,N2,advanced-bundle,exact
野外,やがい,N1,"{""N1"": 2}","{""community-independent"": ""N1"", ""waller-derived"": ""N1""}",openjlpt|waller|wordmaster,community-independent|waller-derived,2,N2,runtime-core,exact
やがて,やがて,N3,"{""N3"": 2}","{""community-independent"": ""N3"", ""waller-derived"": ""N3""}",waller|wordmaster,community-independent|waller-derived,2,N2,runtime-core,exact
役,やく,N3,"{""N3"": 2}","{""community-independent"": ""N3"", ""waller-derived"": ""N3""}",openjlpt|waller|wordmaster,community-independent|waller-derived,2,N2,runtime-core,exact
役者,やくしゃ,N2,"{""N2"": 2}","{""community-independent"": ""N2"", ""waller-derived"": ""N2""}",openjlpt|waller|wordmaster,community-independent|waller-derived,2,N1,runtime-core,exact
役所,やくしょ,N2,"{""N2"": 2}","{""community-independent"": ""N2"", ""waller-derived"": ""N2""}",openjlpt|waller|wordmaster,community-independent|waller-derived,2,N3,runtime-core,exact
訳す,やくす,N3,"{""N2"": 1, ""N3"": 1}","{""community-independent"": ""N3"", ""waller-derived"": ""N2""}",openjlpt|waller|wordmaster,community-independent|waller-derived,2,N2,advanced-bundle,exact
役立つ,やくだつ,N1,"{""N1"": 1}","{""waller-derived"": ""N1""}",openjlpt|waller,waller-derived,1,N2,runtime-core,exact
役割,やくわり,N3,"{""N3"": 2}","{""community-independent"": ""N3"", ""waller-derived"": ""N3""}",openjlpt|waller|wordmaster,community-independent|waller-derived,2,N2,runtime-core,exact
焼ける,やける,N4,"{""N4"": 2}","{""community-independent"": ""N4"", ""waller-derived"": ""N4""}",openjlpt|waller|wordmaster,community-independent|waller-derived,2,N3,runtime-core,exact
優しい,やさしい,N4,"{""N4"": 2}","{""community-independent"": ""N4"", ""waller-derived"": ""N4""}",openjlpt|waller|wordmaster,community-independent|waller-derived,2,N5,runtime-core,exact
易しい,やさしい,N5,"{""N5"": 2}","{""community-independent"": ""N5"", ""waller-derived"": ""N5""}",openjlpt|waller|wordmaster,community-independent|waller-derived,2,N4,runtime-core,exact
養う,やしなう,N1,"{""N1"": 2}","{""community-independent"": ""N1"", ""waller-derived"": ""N1""}",openjlpt|waller|wordmaster,community-independent|waller-derived,2,N2,runtime-core,exact
矢印,やじるし,N2,"{""N2"": 2}","{""community-independent"": ""N2"", ""waller-derived"": ""N2""}",openjlpt|waller|wordmaster,community-independent|waller-derived,2,N1,runtime-core,exact
休める,やすめる,N1,"{""N1"": 2}","{""community-independent"": ""N1"", ""waller-derived"": ""N1""}",openjlpt|waller|wordmaster,community-independent|waller-derived,2,N3,runtime-core,exact
野生,やせい,N1,"{""N1"": 2}","{""community-independent"": ""N1"", ""waller-derived"": ""N1""}",openjlpt|waller|wordmaster,community-independent|waller-derived,2,N2,runtime-core,exact
痩せる,やせる,N4,"{""N4"": 2}","{""community-independent"": ""N4"", ""waller-derived"": ""N4""}",openjlpt|waller|wordmaster,community-independent|waller-derived,2,N3,runtime-core,exact
やたら,やたら,N2,"{""N2"": 1}","{""waller-derived"": ""N2""}",waller,waller-derived,1,N1,runtime-core,exact
厄介,やっかい,N3,"{""N3"": 2}","{""community-independent"": ""N3"", ""waller-derived"": ""N3""}",openjlpt|waller|wordmaster,community-independent|waller-derived,2,N2,runtime-core,exact
薬局,やっきょく,N2,"{""N2"": 2}","{""community-independent"": ""N2"", ""waller-derived"": ""N2""}",openjlpt|waller|wordmaster,community-independent|waller-derived,2,N3,runtime-core,exact
やっつける,やっつける,N2,"{""N2"": 2}","{""community-independent"": ""N2"", ""waller-derived"": ""N2""}",waller|wordmaster,community-independent|waller-derived,2,N1,advanced-bundle,exact
やっと,やっと,N4,"{""N4"": 2}","{""community-independent"": ""N4"", ""waller-derived"": ""N4""}",waller|wordmaster,community-independent|waller-derived,2,N5,runtime-core,exact
野党,やとう,N3,"{""N1"": 1, ""N3"": 1}","{""community-independent"": ""N3"", ""waller-derived"": ""N1""}",openjlpt|waller|wordmaster,community-independent|waller-derived,2,N2,runtime-core,exact
雇う,やとう,N3,"{""N3"": 2}","{""community-independent"": ""N3"", ""waller-derived"": ""N3""}",openjlpt|waller|wordmaster,community-independent|waller-derived,2,N2,runtime-core,exact
宿,やど,N3,"{""N3"": 2}","{""community-independent"": ""N3"", ""waller-derived"": ""N3""}",openjlpt|waller|wordmaster,community-independent|waller-derived,2,N1,runtime-core,exact
闇,やみ,N1,"{""N1"": 2}","{""community-independent"": ""N1"", ""waller-derived"": ""N1""}",openjlpt|waller|wordmaster,community-independent|waller-derived,2,N2,runtime-core,exact
止む,やむ,N4,"{""N4"": 2}","{""community-independent"": ""N4"", ""waller-derived"": ""N4""}",openjlpt|waller|wordmaster,community-independent|waller-derived,2,N3,runtime-core,exact
辞める,やめる,N3,"{""N3"": 2}","{""community-independent"": ""N3"", ""waller-derived"": ""N3""}",openjlpt|waller|wordmaster,community-independent|waller-derived,2,N4,runtime-core,exact
やや,やや,N3,"{""N3"": 2}","{""community-independent"": ""N3"", ""waller-derived"": ""N3""}",waller|wordmaster,community-independent|waller-derived,2,N2,runtime-core,exact
柔らかい,やわらかい,N4,"{""N4"": 2}","{""community-independent"": ""N4"", ""waller-derived"": ""N4""}",openjlpt|waller|wordmaster,community-independent|waller-derived,2,N3,runtime-core,exact
唯一,ゆいいつ,N3,"{""N3"": 2}","{""community-independent"": ""N3"", ""waller-derived"": ""N3""}",openjlpt|waller|wordmaster,community-independent|waller-derived,2,N2,runtime-core,exact
憂鬱,ゆううつ,N1,"{""N1"": 2}","{""community-independent"": ""N1"", ""waller-derived"": ""N1""}",openjlpt|waller|wordmaster,community-independent|waller-derived,2,N2,runtime-core,exact
遊園地,ゆうえんち,N2,"{""N2"": 2}","{""community-independent"": ""N2"", ""waller-derived"": ""N2""}",openjlpt|waller|wordmaster,community-independent|waller-derived,2,N3,runtime-core,exact
勇気,ゆうき,N3,"{""N3"": 2}","{""community-independent"": ""N3"", ""waller-derived"": ""N3""}",openjlpt|waller|wordmaster,community-independent|waller-derived,2,N2,runtime-core,exact
友好,ゆうこう,N3,"{""N2"": 1, ""N3"": 1}","{""community-independent"": ""N3"", ""waller-derived"": ""N2""}",openjlpt|waller|wordmaster,community-independent|waller-derived,2,N2,advanced-bundle,exact
有効,ゆうこう,N3,"{""N3"": 2}","{""community-independent"": ""N3"", ""waller-derived"": ""N3""}",openjlpt|waller|wordmaster,community-independent|waller-derived,2,N2,runtime-core,exact
優秀,ゆうしゅう,N3,"{""N3"": 2}","{""community-independent"": ""N3"", ""waller-derived"": ""N3""}",openjlpt|waller|wordmaster,community-independent|waller-derived,2,N2,runtime-core,exact
友人,ゆうじん,N3,"{""N3"": 2}","{""community-independent"": ""N3"", ""waller-derived"": ""N3""}",openjlpt|waller|wordmaster,community-independent|waller-derived,2,N4,runtime-core,exact
優先,ゆうせん,N1,"{""N1"": 2}","{""community-independent"": ""N1"", ""waller-derived"": ""N1""}",openjlpt|waller|wordmaster,community-independent|waller-derived,2,N2,runtime-core,exact
郵送,ゆうそう,N2,"{""N2"": 2}","{""community-independent"": ""N2"", ""waller-derived"": ""N2""}",openjlpt|waller|wordmaster,community-independent|waller-derived,2,N3,runtime-core,exact
有能,ゆうのう,N3,"{""N3"": 2}","{""community-independent"": ""N3"", ""waller-derived"": ""N3""}",openjlpt|waller|wordmaster,community-independent|waller-derived,2,N1,runtime-core,exact
夕飯,ゆうはん,N5,"{""N5"": 2}","{""community-independent"": ""N5"", ""waller-derived"": ""N5""}",openjlpt|waller|wordmaster,community-independent|waller-derived,2,N3,runtime-core,exact
夕日,ゆうひ,N2,"{""N2"": 2}","{""community-independent"": ""N2"", ""waller-derived"": ""N2""}",openjlpt|waller|wordmaster,community-independent|waller-derived,2,N3,runtime-core,exact
郵便,ゆうびん,N3,"{""N3"": 2}","{""community-independent"": ""N3"", ""waller-derived"": ""N3""}",openjlpt|waller|wordmaster,community-independent|waller-derived,2,N5,runtime-core,exact
夕焼け,ゆうやけ,N1,"{""N1"": 2}","{""community-independent"": ""N1"", ""waller-derived"": ""N1""}",openjlpt|waller|wordmaster,community-independent|waller-derived,2,N3,runtime-core,exact
有利,ゆうり,N3,"{""N3"": 2}","{""community-independent"": ""N3"", ""waller-derived"": ""N3""}",openjlpt|waller|wordmaster,community-independent|waller-derived,2,N2,runtime-core,exact
有料,ゆうりょう,N2,"{""N2"": 2}","{""community-independent"": ""N2"", ""waller-derived"": ""N2""}",openjlpt|waller|wordmaster,community-independent|waller-derived,2,N3,runtime-core,exact
有力,ゆうりょく,N1,"{""N1"": 2}","{""community-independent"": ""N1"", ""waller-derived"": ""N1""}",openjlpt|waller|wordmaster,community-independent|waller-derived,2,N2,runtime-core,exact
床,ゆか,N3,"{""N3"": 2}","{""community-independent"": ""N3"", ""waller-derived"": ""N3""}",openjlpt|waller|wordmaster,community-independent|waller-derived,2,N4,runtime-core,exact
愉快,ゆかい,N3,"{""N3"": 2}","{""community-independent"": ""N3"", ""waller-derived"": ""N3""}",openjlpt|waller|wordmaster,community-independent|waller-derived,2,N2,runtime-core,exact
浴衣,ゆかた,N2,"{""N2"": 2}","{""community-independent"": ""N2"", ""waller-derived"": ""N2""}",openjlpt|waller|wordmaster,community-independent|waller-derived,2,N3,runtime-core,exact
譲る,ゆずる,N3,"{""N3"": 2}","{""community-independent"": ""N3"", ""waller-derived"": ""N3""}",openjlpt|waller|wordmaster,community-independent|waller-derived,2,N2,runtime-core,exact
豊か,ゆたか,N3,"{""N3"": 2}","{""community-independent"": ""N3"", ""waller-derived"": ""N3""}",openjlpt|waller|wordmaster,community-independent|waller-derived,2,N2,runtime-core,exact
ゆでる,ゆでる,N2,"{""N2"": 1}","{""waller-derived"": ""N2""}",waller,waller-derived,1,N3,runtime-core,exact
茹でる,ゆでる,N3,"{""N1"": 1, ""N3"": 1}","{""community-independent"": ""N3"", ""waller-derived"": ""N1""}",openjlpt|waller|wordmaster,community-independent|waller-derived,2,N2,advanced-bundle,exact
ユニーク,ユニーク,N1,"{""N1"": 2}","{""community-independent"": ""N1"", ""waller-derived"": ""N1""}",waller|wordmaster,community-independent|waller-derived,2,N2,runtime-core,exact
湯飲み,ゆのみ,N2,"{""N2"": 2}","{""community-independent"": ""N2"", ""waller-derived"": ""N2""}",openjlpt|waller|wordmaster,community-independent|waller-derived,2,N1,advanced-bundle,exact
指差す,ゆびさす,N1,"{""N1"": 2}","{""community-independent"": ""N1"", ""waller-derived"": ""N1""}",openjlpt|waller|wordmaster,community-independent|waller-derived,2,N2,runtime-core,exact
指輪,ゆびわ,N4,"{""N4"": 2}","{""community-independent"": ""N4"", ""waller-derived"": ""N4""}",openjlpt|waller|wordmaster,community-independent|waller-derived,2,N3,runtime-core,exact
緩い,ゆるい,N2,"{""N2"": 2}","{""community-independent"": ""N2"", ""waller-derived"": ""N2""}",openjlpt|waller|wordmaster,community-independent|waller-derived,2,N3,runtime-core,exact
緩やか,ゆるやか,N1,"{""N1"": 2}","{""community-independent"": ""N1"", ""waller-derived"": ""N1""}",openjlpt|waller|wordmaster,community-independent|waller-derived,2,N2,runtime-core,exact
揺れる,ゆれる,N4,"{""N4"": 2}","{""community-independent"": ""N4"", ""waller-derived"": ""N4""}",openjlpt|waller|wordmaster,community-independent|waller-derived,2,N3,runtime-core,exact
世,よ,N3,"{""N1"": 1, ""N3"": 1}","{""community-independent"": ""N3"", ""waller-derived"": ""N1""}",openjlpt|waller|wordmaster,community-independent|waller-derived,2,N1,advanced-bundle,exact
様,よう,N4,"{""N3"": 1, ""N4"": 1}","{""community-independent"": ""N4"", ""waller-derived"": ""N3""}",openjlpt|waller|wordmaster,community-independent|waller-derived,2,N3,advanced-bundle,exact
容易,ようい,N3,"{""N3"": 2}","{""community-independent"": ""N3"", ""waller-derived"": ""N3""}",openjlpt|waller|wordmaster,community-independent|waller-derived,2,N2,runtime-core,exact
要因,よういん,N1,"{""N1"": 2}","{""community-independent"": ""N1"", ""waller-derived"": ""N1""}",openjlpt|waller|wordmaster,community-independent|waller-derived,2,N2,runtime-core,exact
要求,ようきゅう,N3,"{""N3"": 2}","{""community-independent"": ""N3"", ""waller-derived"": ""N3""}",openjlpt|waller|wordmaster,community-independent|waller-derived,2,N2,runtime-core,exact
用件,ようけん,N1,"{""N1"": 2}","{""community-independent"": ""N1"", ""waller-derived"": ""N1""}",openjlpt|waller|wordmaster,community-independent|waller-derived,2,N2,runtime-core,exact
用紙,ようし,N1,"{""N1"": 2}","{""community-independent"": ""N1"", ""waller-derived"": ""N1""}",openjlpt|waller|wordmaster,community-independent|waller-derived,2,N3,runtime-core,exact
用心,ようじん,N3,"{""N3"": 2}","{""community-independent"": ""N3"", ""waller-derived"": ""N3""}",openjlpt|waller|wordmaster,community-independent|waller-derived,2,N2,runtime-core,exact
要する,ようする,N1,"{""N1"": 2}","{""community-independent"": ""N1"", ""waller-derived"": ""N1""}",openjlpt|waller|wordmaster,community-independent|waller-derived,2,N2,runtime-core,exact
要するに,ようするに,N3,"{""N3"": 2}","{""community-independent"": ""N3"", ""waller-derived"": ""N3""}",openjlpt|waller|wordmaster,community-independent|waller-derived,2,N2,runtime-core,exact
養成,ようせい,N1,"{""N1"": 1}","{""waller-derived"": ""N1""}",openjlpt|waller,waller-derived,1,N2,runtime-core,exact
要素,ようそ,N3,"{""N3"": 2}","{""community-independent"": ""N3"", ""waller-derived"": ""N3""}",openjlpt|waller|wordmaster,community-independent|waller-derived,2,N2,runtime-core,exact
幼稚園,ようちえん,N2,"{""N2"": 2}","{""community-independent"": ""N2"", ""waller-derived"": ""N2""}",openjlpt|waller|wordmaster,community-independent|waller-derived,2,N3,runtime-core,exact
要点,ようてん,N3,"{""N3"": 2}","{""community-independent"": ""N3"", ""waller-derived"": ""N3""}",openjlpt|waller|wordmaster,community-independent|waller-derived,2,N2,runtime-core,exact
用品,ようひん,N1,"{""N1"": 2}","{""community-independent"": ""N1"", ""waller-derived"": ""N1""}",openjlpt|waller|wordmaster,community-independent|waller-derived,2,N3,runtime-core,exact
曜日,ようび,N3,"{""N3"": 2}","{""community-independent"": ""N3"", ""waller-derived"": ""N3""}",openjlpt|waller|wordmaster,community-independent|waller-derived,2,N5,runtime-core,exact
要領,ようりょう,N2,"{""N2"": 2}","{""community-independent"": ""N2"", ""waller-derived"": ""N2""}",openjlpt|waller|wordmaster,community-independent|waller-derived,2,N1,runtime-core,exact
予感,よかん,N1,"{""N1"": 2}","{""community-independent"": ""N1"", ""waller-derived"": ""N1""}",openjlpt|waller|wordmaster,community-independent|waller-derived,2,N2,runtime-core,exact
予期,よき,N3,"{""N3"": 2}","{""community-independent"": ""N3"", ""waller-derived"": ""N3""}",openjlpt|waller|wordmaster,community-independent|waller-derived,2,N2,runtime-core,exact
欲,よく,N1,"{""N1"": 1}","{""community-independent"": ""N1""}",wordmaster,community-independent,1,N2,runtime-core,exact
よこす,よこす,N2,"{""N2"": 2}","{""community-independent"": ""N2"", ""waller-derived"": ""N2""}",waller|wordmaster,community-independent|waller-derived,2,N1,runtime-core,exact
寄越す,よこす,N1,"{""N1"": 1}","{""waller-derived"": ""N1""}",waller,waller-derived,1,N2,advanced-bundle,exact
汚れ,よごれ,N1,"{""N1"": 1}","{""community-independent"": ""N1""}",wordmaster,community-independent,1,N3,runtime-core,exact
予算,よさん,N3,"{""N3"": 2}","{""community-independent"": ""N3"", ""waller-derived"": ""N3""}",openjlpt|waller|wordmaster,community-independent|waller-derived,2,N2,runtime-core,exact
予習,よしゅう,N4,"{""N4"": 2}","{""community-independent"": ""N4"", ""waller-derived"": ""N4""}",openjlpt|waller|wordmaster,community-independent|waller-derived,2,N3,runtime-core,exact
寄せる,よせる,N3,"{""N2"": 1, ""N3"": 1}","{""community-independent"": ""N3"", ""waller-derived"": ""N2""}",openjlpt|waller|wordmaster,community-independent|waller-derived,2,N2,runtime-core,exact
予測,よそく,N3,"{""N3"": 2}","{""community-independent"": ""N3"", ""waller-derived"": ""N3""}",openjlpt|waller|wordmaster,community-independent|waller-derived,2,N2,runtime-core,exact
余所見,よそみ,N1,"{""N1"": 2}","{""community-independent"": ""N1"", ""waller-derived"": ""N1""}",openjlpt|waller|wordmaster,community-independent|waller-derived,2,N2,advanced-bundle,exact
ヨット,ヨット,N3,"{""N3"": 2}","{""community-independent"": ""N3"", ""waller-derived"": ""N3""}",waller|wordmaster,community-independent|waller-derived,2,N1,runtime-core,exact
世の中,よのなか,N3,"{""N3"": 2}","{""community-independent"": ""N3"", ""waller-derived"": ""N3""}",openjlpt|waller|wordmaster,community-independent|waller-derived,2,N2,runtime-core,exact
呼び掛ける,よびかける,N2,"{""N2"": 2}","{""community-independent"": ""N2"", ""waller-derived"": ""N2""}",openjlpt|waller|wordmaster,community-independent|waller-derived,2,N1,advanced-bundle,exact
呼び止める,よびとめる,N1,"{""N1"": 2}","{""community-independent"": ""N1"", ""waller-derived"": ""N1""}",openjlpt|waller|wordmaster,community-independent|waller-derived,2,N2,runtime-core,exact
余分,よぶん,N3,"{""N3"": 2}","{""community-independent"": ""N3"", ""waller-derived"": ""N3""}",openjlpt|waller|wordmaster,community-independent|waller-derived,2,N1,runtime-core,exact
予防,よぼう,N3,"{""N3"": 2}","{""community-independent"": ""N3"", ""waller-derived"": ""N3""}",openjlpt|waller|wordmaster,community-independent|waller-derived,2,N2,runtime-core,exact
読み上げる,よみあげる,N1,"{""N1"": 2}","{""community-independent"": ""N1"", ""waller-derived"": ""N1""}",openjlpt|waller|wordmaster,community-independent|waller-derived,2,N2,runtime-core,exact
余裕,よゆう,N3,"{""N3"": 2}","{""community-independent"": ""N3"", ""waller-derived"": ""N3""}",openjlpt|waller|wordmaster,community-independent|waller-derived,2,N2,runtime-core,exact
寄り掛かる,よりかかる,N1,"{""N1"": 2}","{""community-independent"": ""N1"", ""waller-derived"": ""N1""}",openjlpt|waller|wordmaster,community-independent|waller-derived,2,N2,runtime-core,exact
喜び,よろこび,N3,"{""N3"": 2}","{""community-independent"": ""N3"", ""waller-derived"": ""N3""}",openjlpt|waller|wordmaster,community-independent|waller-derived,2,N2,runtime-core,exact
宜しい,よろしい,N3,"{""N3"": 1}","{""waller-derived"": ""N3""}",openjlpt|waller,waller-derived,1,N4,advanced-bundle,exact
弱い,よわい,N5,"{""N5"": 2}","{""community-independent"": ""N5"", ""waller-derived"": ""N5""}",openjlpt|waller|wordmaster,community-independent|waller-derived,2,N4,runtime-core,exact
弱まる,よわまる,N3,"{""N1"": 1, ""N3"": 1}","{""community-independent"": ""N3"", ""waller-derived"": ""N1""}",openjlpt|waller|wordmaster,community-independent|waller-derived,2,N2,runtime-core,exact
弱める,よわめる,N3,"{""N1"": 1, ""N3"": 1}","{""community-independent"": ""N3"", ""waller-derived"": ""N1""}",openjlpt|waller|wordmaster,community-independent|waller-derived,2,N1,runtime-core,exact
弱る,よわる,N1,"{""N1"": 2}","{""community-independent"": ""N1"", ""waller-derived"": ""N1""}",openjlpt|waller|wordmaster,community-independent|waller-derived,2,N2,runtime-core,exact
ヨーロッパ,ヨーロッパ,N3,"{""N3"": 2}","{""community-independent"": ""N3"", ""waller-derived"": ""N3""}",waller|wordmaster,community-independent|waller-derived,2,N4,runtime-core,exact
来場,らいじょう,N1,"{""N1"": 2}","{""community-independent"": ""N1"", ""waller-derived"": ""N1""}",openjlpt|waller|wordmaster,community-independent|waller-derived,2,N2,runtime-core,exact
ライス,ライス,N1,"{""N1"": 2}","{""community-independent"": ""N1"", ""waller-derived"": ""N1""}",waller|wordmaster,community-independent|waller-derived,2,N2,runtime-core,exact
来日,らいにち,N2,"{""N2"": 2}","{""community-independent"": ""N2"", ""waller-derived"": ""N2""}",openjlpt|waller|wordmaster,community-independent|waller-derived,2,N3,runtime-core,exact
楽,らく,N3,"{""N3"": 2}","{""community-independent"": ""N3"", ""waller-derived"": ""N3""}",openjlpt|waller|wordmaster,community-independent|waller-derived,2,N4,runtime-core,exact
ラジカセ,ラジカセ,N5,"{""N5"": 1}","{""waller-derived"": ""N5""}",waller,waller-derived,1,N3,runtime-core,exact
ラッシュアワー,ラッシュアワー,N2,"{""N2"": 2}","{""community-independent"": ""N2"", ""waller-derived"": ""N2""}",waller|wordmaster,community-independent|waller-derived,2,N3,runtime-core,exact
ラベル,ラベル,N3,"{""N1"": 1, ""N3"": 1}","{""community-independent"": ""N3"", ""waller-derived"": ""N1""}",waller|wordmaster,community-independent|waller-derived,2,N2,runtime-core,exact
ランチ,ランチ,N2,"{""N2"": 2}","{""community-independent"": ""N2"", ""waller-derived"": ""N2""}",waller|wordmaster,community-independent|waller-derived,2,N3,runtime-core,exact
利益,りえき,N3,"{""N3"": 2}","{""community-independent"": ""N3"", ""waller-derived"": ""N3""}",openjlpt|waller|wordmaster,community-independent|waller-derived,2,N2,runtime-core,exact
理科,りか,N2,"{""N2"": 2}","{""community-independent"": ""N2"", ""waller-derived"": ""N2""}",openjlpt|waller|wordmaster,community-independent|waller-derived,2,N3,runtime-core,exact
理解,りかい,N3,"{""N3"": 2}","{""community-independent"": ""N3"", ""waller-derived"": ""N3""}",openjlpt|waller|wordmaster,community-independent|waller-derived,2,N2,runtime-core,exact
利害,りがい,N2,"{""N2"": 2}","{""community-independent"": ""N2"", ""waller-derived"": ""N2""}",openjlpt|waller|wordmaster,community-independent|waller-derived,2,N1,runtime-core,exact
陸,りく,N3,"{""N3"": 2}","{""community-independent"": ""N3"", ""waller-derived"": ""N3""}",openjlpt|waller|wordmaster,community-independent|waller-derived,2,N1,runtime-core,exact
理屈,りくつ,N1,"{""N1"": 2}","{""community-independent"": ""N1"", ""waller-derived"": ""N1""}",openjlpt|waller|wordmaster,community-independent|waller-derived,2,N2,runtime-core,exact
利口,りこう,N3,"{""N3"": 2}","{""community-independent"": ""N3"", ""waller-derived"": ""N3""}",openjlpt|waller|wordmaster,community-independent|waller-derived,2,N2,runtime-core,exact
離婚,りこん,N3,"{""N3"": 2}","{""community-independent"": ""N3"", ""waller-derived"": ""N3""}",openjlpt|waller|wordmaster,community-independent|waller-derived,2,N1,runtime-core,exact
理性,りせい,N1,"{""N1"": 2}","{""community-independent"": ""N1"", ""waller-derived"": ""N1""}",openjlpt|waller|wordmaster,community-independent|waller-derived,2,N2,runtime-core,exact
立派,りっぱ,N5,"{""N5"": 1}","{""waller-derived"": ""N5""}",openjlpt|waller,waller-derived,1,N4,runtime-core,exact
率,りつ,N3,"{""N3"": 2}","{""community-independent"": ""N3"", ""waller-derived"": ""N3""}",openjlpt|waller|wordmaster,community-independent|waller-derived,2,N2,runtime-core,exact
利点,りてん,N1,"{""N1"": 2}","{""community-independent"": ""N1"", ""waller-derived"": ""N1""}",openjlpt|waller|wordmaster,community-independent|waller-derived,2,N2,runtime-core,exact
リボン,リボン,N2,"{""N2"": 2}","{""community-independent"": ""N2"", ""waller-derived"": ""N2""}",waller|wordmaster,community-independent|waller-derived,2,N5,runtime-core,exact
留学,りゅうがく,N3,"{""N3"": 2}","{""community-independent"": ""N3"", ""waller-derived"": ""N3""}",openjlpt|waller|wordmaster,community-independent|waller-derived,2,N5,runtime-core,exact
寮,りょう,N3,"{""N2"": 1, ""N3"": 1}","{""community-independent"": ""N3"", ""waller-derived"": ""N2""}",openjlpt|waller|wordmaster,community-independent|waller-derived,2,N2,runtime-core,exact
領域,りょういき,N1,"{""N1"": 2}","{""community-independent"": ""N1"", ""waller-derived"": ""N1""}",openjlpt|waller|wordmaster,community-independent|waller-derived,2,N2,runtime-core,exact
了解,りょうかい,N1,"{""N1"": 2}","{""community-independent"": ""N1"", ""waller-derived"": ""N1""}",openjlpt|waller|wordmaster,community-independent|waller-derived,2,N2,runtime-core,exact
料金,りょうきん,N3,"{""N3"": 2}","{""community-independent"": ""N3"", ""waller-derived"": ""N3""}",openjlpt|waller|wordmaster,community-independent|waller-derived,2,N4,runtime-core,exact
良好,りょうこう,N1,"{""N1"": 2}","{""community-independent"": ""N1"", ""waller-derived"": ""N1""}",openjlpt|waller|wordmaster,community-independent|waller-derived,2,N2,runtime-core,exact
漁師,りょうし,N2,"{""N2"": 2}","{""community-independent"": ""N2"", ""waller-derived"": ""N2""}",openjlpt|waller|wordmaster,community-independent|waller-derived,2,N3,runtime-core,exact
了承,りょうしょう,N1,"{""N1"": 2}","{""community-independent"": ""N1"", ""waller-derived"": ""N1""}",openjlpt|waller|wordmaster,community-independent|waller-derived,2,N2,runtime-core,exact
両立,りょうりつ,N1,"{""N1"": 2}","{""community-independent"": ""N1"", ""waller-derived"": ""N1""}",openjlpt|waller|wordmaster,community-independent|waller-derived,2,N2,runtime-core,exact
履歴,りれき,N1,"{""N1"": 2}","{""community-independent"": ""N1"", ""waller-derived"": ""N1""}",openjlpt|waller|wordmaster,community-independent|waller-derived,2,N2,runtime-core,exact
理論,りろん,N1,"{""N1"": 2}","{""community-independent"": ""N1"", ""waller-derived"": ""N1""}",openjlpt|waller|wordmaster,community-independent|waller-derived,2,N2,runtime-core,exact
林業,りんぎょう,N1,"{""N1"": 2}","{""community-independent"": ""N1"", ""waller-derived"": ""N1""}",openjlpt|waller|wordmaster,community-independent|waller-derived,2,N2,runtime-core,exact
類推,るいすい,N1,"{""N1"": 2}","{""community-independent"": ""N1"", ""waller-derived"": ""N1""}",openjlpt|waller|wordmaster,community-independent|waller-derived,2,N2,runtime-core,exact
留守番,るすばん,N2,"{""N2"": 2}","{""community-independent"": ""N2"", ""waller-derived"": ""N2""}",openjlpt|waller|wordmaster,community-independent|waller-derived,2,N3,runtime-core,exact
ルール,ルール,N3,"{""N1"": 1, ""N3"": 1}","{""community-independent"": ""N3"", ""waller-derived"": ""N1""}",waller|wordmaster,community-independent|waller-derived,2,N4,runtime-core,exact
例,れい,N3,"{""N3"": 2}","{""community-independent"": ""N3"", ""waller-derived"": ""N3""}",openjlpt|waller|wordmaster,community-independent|waller-derived,2,N4,runtime-core,exact
礼,れい,N3,"{""N3"": 2}","{""community-independent"": ""N3"", ""waller-derived"": ""N3""}",openjlpt|waller|wordmaster,community-independent|waller-derived,2,N4,runtime-core,exact
零,れい,N5,"{""N5"": 2}","{""community-independent"": ""N5"", ""waller-derived"": ""N5""}",openjlpt|waller|wordmaster,community-independent|waller-derived,2,N3,runtime-core,exact
例外,れいがい,N3,"{""N2"": 1, ""N3"": 1}","{""community-independent"": ""N3"", ""waller-derived"": ""N2""}",openjlpt|waller|wordmaster,community-independent|waller-derived,2,N2,runtime-core,exact
礼儀,れいぎ,N3,"{""N3"": 2}","{""community-independent"": ""N3"", ""waller-derived"": ""N3""}",openjlpt|waller|wordmaster,community-independent|waller-derived,2,N2,runtime-core,exact
冷静,れいせい,N3,"{""N3"": 2}","{""community-independent"": ""N3"", ""waller-derived"": ""N3""}",openjlpt|waller|wordmaster,community-independent|waller-derived,2,N2,runtime-core,exact
冷蔵,れいぞう,N1,"{""N1"": 2}","{""community-independent"": ""N1"", ""waller-derived"": ""N1""}",openjlpt|waller|wordmaster,community-independent|waller-derived,2,N4,runtime-core,exact
冷凍,れいとう,N2,"{""N2"": 2}","{""community-independent"": ""N2"", ""waller-derived"": ""N2""}",openjlpt|waller|wordmaster,community-independent|waller-derived,2,N3,runtime-core,exact
冷房,れいぼう,N4,"{""N4"": 2}","{""community-independent"": ""N4"", ""waller-derived"": ""N4""}",openjlpt|waller|wordmaster,community-independent|waller-derived,2,N2,runtime-core,exact
レインコート,レインコート,N2,"{""N2"": 2}","{""community-independent"": ""N2"", ""waller-derived"": ""N2""}",waller|wordmaster,community-independent|waller-derived,2,N4,runtime-core,exact
レクリエーション,レクリエーション,N1,"{""N1"": 1}","{""waller-derived"": ""N1""}",waller,waller-derived,1,N2,runtime-core,exact
レコード,レコード,N5,"{""N5"": 2}","{""community-independent"": ""N5"", ""waller-derived"": ""N5""}",waller|wordmaster,community-independent|waller-derived,2,N1,runtime-core,exact
レジャー,レジャー,N2,"{""N2"": 2}","{""community-independent"": ""N2"", ""waller-derived"": ""N2""}",waller|wordmaster,community-independent|waller-derived,2,N1,runtime-core,exact
レッスン,レッスン,N1,"{""N1"": 2}","{""community-independent"": ""N1"", ""waller-derived"": ""N1""}",waller|wordmaster,community-independent|waller-derived,2,N3,runtime-core,exact
列島,れっとう,N2,"{""N2"": 2}","{""community-independent"": ""N2"", ""waller-derived"": ""N2""}",openjlpt|waller|wordmaster,community-independent|waller-derived,2,N1,runtime-core,exact
レベル,レベル,N3,"{""N2"": 1, ""N3"": 1}","{""community-independent"": ""N3"", ""waller-derived"": ""N2""}",waller|wordmaster,community-independent|waller-derived,2,N4,runtime-core,exact
レポート,レポート,N4,"{""N4"": 1}","{""waller-derived"": ""N4""}",waller,waller-derived,1,N3,runtime-core,exact
恋愛,れんあい,N1,"{""N1"": 2}","{""community-independent"": ""N1"", ""waller-derived"": ""N1""}",openjlpt|waller|wordmaster,community-independent|waller-derived,2,N2,runtime-core,exact
連休,れんきゅう,N1,"{""N1"": 2}","{""community-independent"": ""N1"", ""waller-derived"": ""N1""}",openjlpt|waller|wordmaster,community-independent|waller-derived,2,N3,runtime-core,exact
レンジ,レンジ,N1,"{""N1"": 2}","{""community-independent"": ""N1"", ""waller-derived"": ""N1""}",waller|wordmaster,community-independent|waller-derived,2,N3,runtime-core,exact
レンズ,レンズ,N2,"{""N2"": 2}","{""community-independent"": ""N2"", ""waller-derived"": ""N2""}",waller|wordmaster,community-independent|waller-derived,2,N3,runtime-core,exact
連想,れんそう,N3,"{""N3"": 2}","{""community-independent"": ""N3"", ""waller-derived"": ""N3""}",openjlpt|waller|wordmaster,community-independent|waller-derived,2,N1,runtime-core,exact
連続,れんぞく,N3,"{""N3"": 2}","{""community-independent"": ""N3"", ""waller-derived"": ""N3""}",openjlpt|waller|wordmaster,community-independent|waller-derived,2,N2,runtime-core,exact
レース,レース,N1,"{""N1"": 2}","{""community-independent"": ""N1"", ""waller-derived"": ""N1""}",waller|wordmaster,community-independent|waller-derived,2,N2,runtime-core,exact
廊下,ろうか,N5,"{""N5"": 2}","{""community-independent"": ""N5"", ""waller-derived"": ""N5""}",openjlpt|waller|wordmaster,community-independent|waller-derived,2,N4,runtime-core,exact
老人,ろうじん,N3,"{""N3"": 2}","{""community-independent"": ""N3"", ""waller-derived"": ""N3""}",openjlpt|waller|wordmaster,community-independent|waller-derived,2,N2,runtime-core,exact
ろうそく,ろうそく,N2,"{""N2"": 1}","{""community-independent"": ""N2""}",wordmaster,community-independent,1,N3,runtime-core,exact
労働,ろうどう,N3,"{""N3"": 2}","{""community-independent"": ""N3"", ""waller-derived"": ""N3""}",openjlpt|waller|wordmaster,community-independent|waller-derived,2,N2,runtime-core,exact
録音,ろくおん,N2,"{""N2"": 2}","{""community-independent"": ""N2"", ""waller-derived"": ""N2""}",openjlpt|waller|wordmaster,community-independent|waller-derived,2,N3,runtime-core,exact
ロッカー,ロッカー,N2,"{""N2"": 2}","{""community-independent"": ""N2"", ""waller-derived"": ""N2""}",waller|wordmaster,community-independent|waller-derived,2,N3,runtime-core,exact
ロビー,ロビー,N2,"{""N2"": 2}","{""community-independent"": ""N2"", ""waller-derived"": ""N2""}",waller|wordmaster,community-independent|waller-derived,2,N3,runtime-core,exact
論じる,ろんじる,N3,"{""N3"": 2}","{""community-independent"": ""N3"", ""waller-derived"": ""N3""}",openjlpt|waller|wordmaster,community-independent|waller-derived,2,N1,runtime-core,exact
論争,ろんそう,N3,"{""N3"": 2}","{""community-independent"": ""N3"", ""waller-derived"": ""N3""}",openjlpt|waller|wordmaster,community-independent|waller-derived,2,N2,runtime-core,exact
論理,ろんり,N1,"{""N1"": 2}","{""community-independent"": ""N1"", ""waller-derived"": ""N1""}",openjlpt|waller|wordmaster,community-independent|waller-derived,2,N2,runtime-core,exact
ロープ,ロープ,N1,"{""N1"": 2}","{""community-independent"": ""N1"", ""waller-derived"": ""N1""}",waller|wordmaster,community-independent|waller-derived,2,N3,runtime-core,exact
和,わ,N1,"{""N1"": 1}","{""waller-derived"": ""N1""}",openjlpt|waller,waller-derived,1,N4,runtime-core,exact
輪,わ,N3,"{""N3"": 2}","{""community-independent"": ""N3"", ""waller-derived"": ""N3""}",openjlpt|waller|wordmaster,community-independent|waller-derived,2,N1,runtime-core,exact
沸かす,わかす,N4,"{""N4"": 2}","{""community-independent"": ""N4"", ""waller-derived"": ""N4""}",openjlpt|waller|wordmaster,community-independent|waller-derived,2,N1,runtime-core,exact
わがまま,わがまま,N3,"{""N3"": 2}","{""community-independent"": ""N3"", ""waller-derived"": ""N3""}",waller|wordmaster,community-independent|waller-derived,2,N2,runtime-core,exact
脇,わき,N3,"{""N3"": 2}","{""community-independent"": ""N3"", ""waller-derived"": ""N3""}",openjlpt|waller|wordmaster,community-independent|waller-derived,2,N2,runtime-core,exact
枠,わく,N3,"{""N1"": 1, ""N3"": 1}","{""community-independent"": ""N3"", ""waller-derived"": ""N1""}",openjlpt|waller|wordmaster,community-independent|waller-derived,2,N2,runtime-core,exact
沸く,わく,N4,"{""N4"": 2}","{""community-independent"": ""N4"", ""waller-derived"": ""N4""}",openjlpt|waller|wordmaster,community-independent|waller-derived,2,N3,runtime-core,exact
湧く,わく,N3,"{""N2"": 1, ""N3"": 1}","{""community-independent"": ""N3"", ""waller-derived"": ""N2""}",openjlpt|waller|wordmaster,community-independent|waller-derived,2,N2,runtime-core,exact
訳,わけ,N4,"{""N4"": 2}","{""community-independent"": ""N4"", ""waller-derived"": ""N4""}",openjlpt|waller|wordmaster,community-independent|waller-derived,2,N3,runtime-core,exact
分ける,わける,N3,"{""N3"": 2}","{""community-independent"": ""N3"", ""waller-derived"": ""N3""}",openjlpt|waller|wordmaster,community-independent|waller-derived,2,N4,runtime-core,exact
わざと,わざと,N3,"{""N3"": 2}","{""community-independent"": ""N3"", ""waller-derived"": ""N3""}",waller|wordmaster,community-independent|waller-derived,2,N2,runtime-core,exact
わざわざ,わざわざ,N1,"{""N1"": 1}","{""community-independent"": ""N1""}",wordmaster,community-independent,1,N2,runtime-core,exact
私,わたくし,N5,"{""N2"": 1, ""N5"": 1}","{""community-independent"": ""N2"", ""waller-derived"": ""N5""}",openjlpt|waller|wordmaster,community-independent|waller-derived,2,N3,runtime-core,exact
話題,わだい,N3,"{""N3"": 2}","{""community-independent"": ""N3"", ""waller-derived"": ""N3""}",openjlpt|waller|wordmaster,community-independent|waller-derived,2,N2,runtime-core,exact
笑う,わらう,N4,"{""N4"": 2}","{""community-independent"": ""N4"", ""waller-derived"": ""N4""}",openjlpt|waller|wordmaster,community-independent|waller-derived,2,N5,runtime-core,exact
割合,わりあい,N4,"{""N4"": 2}","{""community-independent"": ""N4"", ""waller-derived"": ""N4""}",openjlpt|waller|wordmaster,community-independent|waller-derived,2,N3,runtime-core,exact
割り込む,わりこむ,N1,"{""N1"": 1}","{""waller-derived"": ""N1""}",openjlpt|waller,waller-derived,1,N2,runtime-core,exact
割り算,わりざん,N1,"{""N1"": 1}","{""waller-derived"": ""N1""}",openjlpt|waller,waller-derived,1,N2,advanced-bundle,exact
割引,わりびき,N2,"{""N2"": 2}","{""community-independent"": ""N2"", ""waller-derived"": ""N2""}",openjlpt|waller|wordmaster,community-independent|waller-derived,2,N3,runtime-core,exact
悪い,わるい,N5,"{""N5"": 2}","{""community-independent"": ""N5"", ""waller-derived"": ""N5""}",openjlpt|waller|wordmaster,community-independent|waller-derived,2,N4,runtime-core,exact
悪口,わるくち,N3,"{""N3"": 2}","{""community-independent"": ""N3"", ""waller-derived"": ""N3""}",openjlpt|waller|wordmaster,community-independent|waller-derived,2,N2,runtime-core,exact
割れる,われる,N4,"{""N4"": 2}","{""community-independent"": ""N4"", ""waller-derived"": ""N4""}",openjlpt|waller|wordmaster,community-independent|waller-derived,2,N3,runtime-core,exact
我々,われわれ,N3,"{""N3"": 2}","{""community-independent"": ""N3"", ""waller-derived"": ""N3""}",openjlpt|waller|wordmaster,community-independent|waller-derived,2,N2,runtime-core,exact
椀,わん,N3,"{""N2"": 1, ""N3"": 1}","{""community-independent"": ""N3"", ""waller-derived"": ""N2""}",openjlpt|waller|wordmaster,community-independent|waller-derived,2,N2,advanced-bundle,exact
碗,わん,N3,"{""N2"": 1, ""N3"": 1}","{""community-independent"": ""N3"", ""waller-derived"": ""N2""}",openjlpt|waller|wordmaster,community-independent|waller-derived,2,N2,advanced-bundle,exact
ワンピース,ワンピース,N2,"{""N2"": 2}","{""community-independent"": ""N2"", ""waller-derived"": ""N2""}",waller|wordmaster,community-independent|waller-derived,2,N3,runtime-core,exact
