word,reading,consensus_level,level_votes,family_level_votes,reference_sources,reference_families,support_count,candidate_type,example_meaning,relation_type,same_reading_current_forms,same_word_current_readings,jmdict_current_forms,jmdict_current_readings,jmdict_current_levels,jmdict_all_forms,jmdict_resolved
敢えて,あえて,N1,"{""N1"": 2}","{""community-independent"": ""N1"", ""waller-derived"": ""N1""}",openjlpt|waller|wordmaster,community-independent|waller-derived,2,lexical,dare (to do); challenge (to do),same-reading-different-writing|same-jmdict-entry,あえて,,あえて,あえて,N2,あえて|敢えて|敢て,yes
飽くまで,あくまで,N2,"{""N2"": 2}","{""community-independent"": ""N2"", ""waller-derived"": ""N2""}",openjlpt|waller|wordmaster,community-independent|waller-derived,2,lexical,to the end; to the last; stubbornly,same-reading-different-writing|same-jmdict-entry,あくまで,,あくまで,あくまで,N2,あくまで|飽くまで|飽く迄,yes
朝御飯,あさごはん,N5,"{""N5"": 2}","{""community-independent"": ""N5"", ""waller-derived"": ""N5""}",openjlpt|waller|wordmaster,community-independent|waller-derived,2,lexical,breakfast,same-reading-different-writing|same-jmdict-entry,朝ごはん|朝ご飯,,朝ごはん|朝ご飯,あさごはん,N5,あさごはん|朝ごはん|朝ご飯|朝御飯,yes
暖まる,あたたまる,N3,"{""N2"": 1, ""N3"": 1}","{""community-independent"": ""N3"", ""waller-derived"": ""N2""}",openjlpt|waller|wordmaster,community-independent|waller-derived,2,lexical,to warm up; to get warm,same-reading-different-writing|same-jmdict-entry,温まる,,温まる,あたたまる,N2,あたたまる|あったまる|ぬくまる|暖まる|温まる,yes
あぶる,あぶる,N2,"{""N2"": 2}","{""community-independent"": ""N2"", ""waller-derived"": ""N2""}",waller|wordmaster,community-independent|waller-derived,2,kana/loanword,to scorch,same-reading-different-writing|same-jmdict-entry,炙る,,炙る,あぶる,N2,あぶる|炙る|烘る|焙る,yes
在る,ある,N5,"{""N2"": 1, ""N5"": 1}","{""community-independent"": ""N5"", ""waller-derived"": ""N2""}",openjlpt|waller|wordmaster,community-independent|waller-derived,2,lexical,to live; to be,same-reading-different-writing|same-jmdict-entry,ある|或|或る|有る,,ある|有る,ある,N5,ある|在る|有る,yes
アワー,アワー,N1,"{""N1"": 2}","{""community-independent"": ""N1"", ""waller-derived"": ""N1""}",waller|wordmaster,community-independent|waller-derived,2,kana/loanword,hour,fully-absent,,,,,,,yes
案内,あんないする,N4,"{""N4"": 2}","{""community-independent"": ""N4"", ""waller-derived"": ""N4""}",openjlpt|wordmaster,community-independent|waller-derived,2,lexical,to guide,same-writing-different-reading,,あんない,,,,,no
行き,いき,N3,"{""N3"": 2}","{""community-independent"": ""N3"", ""waller-derived"": ""N3""}",openjlpt|waller|wordmaster,community-independent|waller-derived,2,lexical,going,same-reading-different-writing|same-writing-different-reading|same-jmdict-entry,域|息|意気|生き|粋|遺棄,ゆき,行き,ゆき,N3,いき|ゆき|往き|行き,yes
いけない,いけない,N3,"{""N3"": 2}","{""community-independent"": ""N3"", ""waller-derived"": ""N3""}",waller|wordmaster,community-independent|waller-derived,2,kana/loanword,"must not do,bad,wrong,not good",fully-absent,,,,,,,yes
いただきます,いただきます,N3,"{""N3"": 2}","{""community-independent"": ""N3"", ""waller-derived"": ""N3""}",waller|wordmaster,community-independent|waller-derived,2,fixed-expression/conjugated,expression of gratitude before meals,fully-absent,,,,,,,yes
一斉,いっせい,N2,"{""N2"": 2}","{""community-independent"": ""N2"", ""waller-derived"": ""N2""}",openjlpt|waller|wordmaster,community-independent|waller-derived,2,lexical,simultaneous; all at once,fully-absent,,,,,,,yes
いってまいります,いってまいります,N2,"{""N2"": 2}","{""community-independent"": ""N2"", ""waller-derived"": ""N2""}",waller|wordmaster,community-independent|waller-derived,2,fixed-expression/conjugated,"(Lit.) I'll go and come back, 'I'm going, see you later'",fully-absent,,,,,,,yes
いつのまにか,いつのまにか,N3,"{""N2"": 1, ""N3"": 1}","{""community-independent"": ""N3"", ""waller-derived"": ""N2""}",waller|wordmaster,community-independent|waller-derived,2,kana/loanword,"before one knows,unnoticed,unawares",same-reading-different-writing|same-jmdict-entry,いつの間にか,,いつの間にか,いつのまにか,N3,いつのまにか|いつの間にか|何時の間にか,yes
いらっしゃい,いらっしゃい,N3,"{""N3"": 2}","{""community-independent"": ""N3"", ""waller-derived"": ""N3""}",waller|wordmaster,community-independent|waller-derived,2,kana/loanword,welcome,fully-absent,,,,,,,yes
入口,いりぐち,N5,"{""N5"": 2}","{""community-independent"": ""N5"", ""waller-derived"": ""N5""}",openjlpt|waller|wordmaster,community-independent|waller-derived,2,lexical,entrance,same-reading-different-writing|same-jmdict-entry,入り口,,入り口,いりぐち,N4,いりくち|いりぐち|はいりくち|はいりぐち|入り口|入口|這入口,yes
居る,いる,N5,"{""N5"": 2}","{""community-independent"": ""N5"", ""waller-derived"": ""N5""}",openjlpt|waller|wordmaster,community-independent|waller-derived,2,lexical,to be; to have (used for people and animals),same-reading-different-writing|same-jmdict-entry,いる|入る|射る|炒る|要る|鋳る,,いる,いる,N5,いる|居る,yes
煎る,いる,N2,"{""N2"": 2}","{""community-independent"": ""N2"", ""waller-derived"": ""N2""}",openjlpt|waller|wordmaster,community-independent|waller-derived,2,lexical,to parch; to fry,same-reading-different-writing|same-jmdict-entry,いる|入る|射る|炒る|要る|鋳る,,いる|炒る,いる,N2|N5,いる|炒る|煎る|熬る,yes
ウエートレス,ウエートレス,N2,"{""N2"": 2}","{""community-independent"": ""N2"", ""waller-derived"": ""N2""}",waller|wordmaster,community-independent|waller-derived,2,kana/loanword,waitress,same-jmdict-entry,,,ウェートレス,ウェートレス,N1,ウェイトレス|ウェートレス|ウエイトレス|ウエートレス,yes
魚,うお,N3,"{""N3"": 2}","{""community-independent"": ""N3"", ""waller-derived"": ""N3""}",openjlpt|waller|wordmaster,community-independent|waller-derived,2,lexical,fish,same-writing-different-reading|same-jmdict-entry,,さかな,魚,さかな,N5,うお|さかな|魚,yes
浮ぶ,うかぶ,N2,"{""N2"": 2}","{""community-independent"": ""N2"", ""waller-derived"": ""N2""}",openjlpt|waller|wordmaster,community-independent|waller-derived,2,lexical,to float; to rise to surface; to come to mind,same-reading-different-writing|same-jmdict-entry,浮かぶ,,浮かぶ,うかぶ,N2,うかぶ|泛かぶ|泛ぶ|浮かぶ|浮ぶ,yes
受取,うけとり,N2,"{""N2"": 2}","{""community-independent"": ""N2"", ""waller-derived"": ""N2""}",openjlpt|waller|wordmaster,community-independent|waller-derived,2,lexical,receipt,same-reading-different-writing|same-jmdict-entry,受け取り,,受け取り,うけとり,N3,うけとり|受け取|受け取り|受取|受取り|請け取り|請取|請取り,yes
打合せ,うちあわせ,N2,"{""N2"": 2}","{""community-independent"": ""N2"", ""waller-derived"": ""N2""}",openjlpt|waller|wordmaster,community-independent|waller-derived,2,lexical,business meeting; previous arrangement; appointment,same-reading-different-writing|same-jmdict-entry,打ち合わせ,,打ち合わせ,うちあわせ,N2,うちあわせ|うち合わせ|打ちあわせ|打ち合せ|打ち合わせ|打合せ|打合わせ,yes
空ろ,うつろ,N1,"{""N1"": 2}","{""community-independent"": ""N1"", ""waller-derived"": ""N1""}",openjlpt|waller|wordmaster,community-independent|waller-derived,2,lexical,blank; cavity; hollow,same-reading-different-writing|same-jmdict-entry,うつろ|虚ろ,,うつろ|虚ろ,うつろ,N1|N3,うつろ|洞|洞ろ|空ろ|虚ろ,yes
うなる,うなる,N3,"{""N3"": 2}","{""community-independent"": ""N3"", ""waller-derived"": ""N3""}",waller|wordmaster,community-independent|waller-derived,2,kana/loanword,"to groan,to moan",same-reading-different-writing|same-jmdict-entry,唸る,,唸る,うなる,N3,うなる|呻る|唸る,yes
産む,うむ,N3,"{""N1"": 1, ""N3"": 1}","{""community-independent"": ""N3"", ""waller-derived"": ""N1""}",openjlpt|waller|wordmaster,community-independent|waller-derived,2,lexical,to give birth; to deliver; to produce,same-reading-different-writing|same-jmdict-entry,有無|生む,,生む,うむ,N4,うむ|生む|産む,yes
売上,うりあげ,N2,"{""N2"": 2}","{""community-independent"": ""N2"", ""waller-derived"": ""N2""}",openjlpt|waller|wordmaster,community-independent|waller-derived,2,lexical,amount sold; proceeds,same-reading-different-writing|same-jmdict-entry,売り上げ,,売り上げ,うりあげ,N3,うりあげ|売り上|売り上げ|売上|売上げ,yes
売り出し,うりだし,N1,"{""N1"": 2}","{""community-independent"": ""N1"", ""waller-derived"": ""N1""}",openjlpt|waller|wordmaster,community-independent|waller-derived,2,lexical,(bargain) sale,fully-absent,,,,,,,yes
売行き,うれゆき,N2,"{""N2"": 2}","{""community-independent"": ""N2"", ""waller-derived"": ""N2""}",openjlpt|waller|wordmaster,community-independent|waller-derived,2,lexical,sales,same-reading-different-writing|same-jmdict-entry,売れ行き,,売れ行き,うれゆき,N2,うれゆき|売れゆき|売れ行き|売行|売行き,yes
運転,うんてんする,N4,"{""N4"": 2}","{""community-independent"": ""N4"", ""waller-derived"": ""N4""}",openjlpt|wordmaster,community-independent|waller-derived,2,lexical,to drive,same-writing-different-reading,,うんてん,,,,,no
うんと,うんと,N2,"{""N2"": 2}","{""community-independent"": ""N2"", ""waller-derived"": ""N2""}",waller|wordmaster,community-independent|waller-derived,2,kana/loanword,"a great deal,very much",fully-absent,,,,,,,yes
運動,うんどうする,N4,"{""N4"": 2}","{""community-independent"": ""N4"", ""waller-derived"": ""N4""}",openjlpt|wordmaster,community-independent|waller-derived,2,lexical,to exercise,same-writing-different-reading,,うんどう,,,,,no
運輸,うんゆ,N1,"{""N1"": 2}","{""community-independent"": ""N1"", ""waller-derived"": ""N1""}",openjlpt|waller|wordmaster,community-independent|waller-derived,2,lexical,transportation,fully-absent,,,,,,,yes
英和,えいわ,N2,"{""N2"": 2}","{""community-independent"": ""N2"", ""waller-derived"": ""N2""}",openjlpt|waller|wordmaster,community-independent|waller-derived,2,lexical,English-Japanese (e.g. dictionary),fully-absent,,,,,,,yes
演ずる,えんずる,N1,"{""N1"": 2}","{""community-independent"": ""N1"", ""waller-derived"": ""N1""}",openjlpt|waller|wordmaster,community-independent|waller-derived,2,lexical,to perform; to play,fully-absent,,,,,,,yes
遠慮,えんりょする,N4,"{""N4"": 2}","{""community-independent"": ""N4"", ""waller-derived"": ""N4""}",openjlpt|wordmaster,community-independent|waller-derived,2,lexical,to be reserved; to be restrained,same-writing-different-reading,,えんりょ,,,,,no
於いて,おいて,N1,"{""N1"": 2}","{""community-independent"": ""N1"", ""waller-derived"": ""N1""}",openjlpt|waller|wordmaster,community-independent|waller-derived,2,lexical,at; in; on,same-reading-different-writing|same-jmdict-entry,おいて,,おいて,おいて,N3,おいて|於|於いて|於て,yes
王女,おうじょ,N2,"{""N2"": 2}","{""community-independent"": ""N2"", ""waller-derived"": ""N2""}",openjlpt|waller|wordmaster,community-independent|waller-derived,2,lexical,princess,fully-absent,,,,,,,yes
応ずる,おうずる,N2,"{""N2"": 2}","{""community-independent"": ""N2"", ""waller-derived"": ""N2""}",openjlpt|waller|wordmaster,community-independent|waller-derived,2,lexical,to answer; to respond; to meet,fully-absent,,,,,,,yes
大凡,おおよそ,N2,"{""N2"": 2}","{""community-independent"": ""N2"", ""waller-derived"": ""N2""}",openjlpt|waller|wordmaster,community-independent|waller-derived,2,lexical,about; roughly; as a rule,same-reading-different-writing|same-jmdict-entry,おおよそ,,おおよそ,おおよそ,N2,おおよそ|凡|凡そ|大よそ|大凡,yes
おかけください,おかけください,N2,"{""N2"": 2}","{""community-independent"": ""N2"", ""waller-derived"": ""N2""}",waller|wordmaster,community-independent|waller-derived,2,fixed-expression/conjugated,请坐,fully-absent,,,,,,,yes
押える,おさえる,N3,"{""N2"": 1, ""N3"": 1}","{""community-independent"": ""N3"", ""waller-derived"": ""N2""}",openjlpt|waller|wordmaster,community-independent|waller-derived,2,lexical,to stop; to restrain; to seize,same-reading-different-writing|same-jmdict-entry,抑える|押さえる,,押さえる,おさえる,N3,おさえる|圧さえる|押える|押さえる,yes
お先に,おさきに,N2,"{""N1"": 1, ""N2"": 1}","{""community-independent"": ""N2"", ""waller-derived"": ""N1""}",openjlpt|waller|wordmaster,community-independent|waller-derived,2,lexical,before; ahead; previously,fully-absent,,,,,,,yes
治める,おさめる,N3,"{""N2"": 1, ""N3"": 1}","{""community-independent"": ""N3"", ""waller-derived"": ""N2""}",openjlpt|waller|wordmaster,community-independent|waller-derived,2,lexical,(1) to govern; to manage; (2) to subdue,same-reading-different-writing,修める|収める|納める,,,,,,yes
お産,おさん,N1,"{""N1"": 2}","{""community-independent"": ""N1"", ""waller-derived"": ""N1""}",openjlpt|waller|wordmaster,community-independent|waller-derived,2,lexical,(giving) birth,fully-absent,,,,,,,yes
叔父さん,おじさん,N2,"{""N2"": 2}","{""community-independent"": ""N2"", ""waller-derived"": ""N2""}",openjlpt|waller|wordmaster,community-independent|waller-derived,2,lexical,middle-aged gentleman; uncle,same-reading-different-writing|same-jmdict-entry,おじさん|伯父さん,,おじさん|伯父さん,おじさん,N5,おじさん|オジさん|オジサン|伯父さん|叔父さん|小父さん,yes
小父さん,おじさん,N2,"{""N2"": 2}","{""community-independent"": ""N2"", ""waller-derived"": ""N2""}",openjlpt|waller|wordmaster,community-independent|waller-derived,2,lexical,middle-aged gentleman; uncle,same-reading-different-writing|same-jmdict-entry,おじさん|伯父さん,,おじさん|伯父さん,おじさん,N5,おじさん|オジさん|オジサン|伯父さん|叔父さん|小父さん,yes
お互い,おたがい,N3,"{""N3"": 2}","{""community-independent"": ""N3"", ""waller-derived"": ""N3""}",openjlpt|waller|wordmaster,community-independent|waller-derived,2,lexical,mutual; reciprocal; each other,fully-absent,,,,,,,yes
落着く,おちつく,N2,"{""N2"": 2}","{""community-independent"": ""N2"", ""waller-derived"": ""N2""}",openjlpt|waller|wordmaster,community-independent|waller-derived,2,lexical,to calm down; to settle down,same-reading-different-writing|same-jmdict-entry,落ち着く,,落ち着く,おちつく,N3,おちつく|落ちつく|落ち付く|落ち着く|落付く|落着く,yes
落る,おちる,N4,"{""N4"": 2}","{""community-independent"": ""N4"", ""waller-derived"": ""N4""}",openjlpt|waller|wordmaster,community-independent|waller-derived,2,lexical,to fall or drop,same-reading-different-writing|same-jmdict-entry,落ちる,,落ちる,おちる,N4,おちる|墜ちる|落ちる|落る,yes
おつり,おつり,N4,"{""N4"": 2}","{""community-independent"": ""N4"", ""waller-derived"": ""N4""}",waller|wordmaster,community-independent|waller-derived,2,kana/loanword,"change from purchase, balance",same-reading-different-writing|same-jmdict-entry,お釣り,,お釣り,おつり,N3,おつり|お釣|お釣り|御釣|御釣り,yes
お出掛け,おでかけ,N2,"{""N2"": 2}","{""community-independent"": ""N2"", ""waller-derived"": ""N2""}",waller|wordmaster,community-independent|waller-derived,2,lexical,outing,same-reading-different-writing|same-jmdict-entry,お出かけ,,お出かけ,おでかけ,N2,おでかけ|お出かけ|お出掛け|御出掛け,yes
落す,おとす,N4,"{""N4"": 2}","{""community-independent"": ""N4"", ""waller-derived"": ""N4""}",openjlpt|waller|wordmaster,community-independent|waller-derived,2,lexical,to drop,same-reading-different-writing|same-jmdict-entry,落とす,,落とす,おとす,N4,おとす|堕とす|墜とす|落す|落とす,yes
おまちどおさま,おまちどおさま,N2,"{""N2"": 2}","{""community-independent"": ""N2"", ""waller-derived"": ""N2""}",waller|wordmaster,community-independent|waller-derived,2,kana/loanword,Sorry to have kept you waiting,fully-absent,,,,,,,yes
おまわりさん,おまわりさん,N5,"{""N5"": 2}","{""community-independent"": ""N5"", ""waller-derived"": ""N5""}",waller|wordmaster,community-independent|waller-derived,2,kana/loanword,friendly term for policeman,same-reading-different-writing|same-jmdict-entry,お巡りさん,,お巡りさん,おまわりさん,N5,おまわりさん|お巡りさん|御巡りさん,yes
お宮,おみや,N1,"{""N1"": 2}","{""community-independent"": ""N1"", ""waller-derived"": ""N1""}",openjlpt|waller|wordmaster,community-independent|waller-derived,2,lexical,Shinto shrine,fully-absent,,,,,,,yes
お目に掛かる,おめにかかる,N3,"{""N3"": 2}","{""community-independent"": ""N3"", ""waller-derived"": ""N3""}",waller|wordmaster,community-independent|waller-derived,2,lexical,拜见,same-reading-different-writing|same-jmdict-entry,お目にかかる,,お目にかかる,おめにかかる,N3,おめにかかる|お目にかかる|お目に掛かる|御目にかかる|御目に掛かる,yes
思い掛けない,おもいがけない,N2,"{""N2"": 2}","{""community-independent"": ""N2"", ""waller-derived"": ""N2""}",openjlpt|waller|wordmaster,community-independent|waller-derived,2,lexical,unexpected; casual,same-reading-different-writing|same-jmdict-entry,思いがけない,,思いがけない,おもいがけない,N2,おもいがけない|思いがけない|思い掛けない|思い掛け無い,yes
思いっ切り,おもいっきり,N2,"{""N2"": 2}","{""community-independent"": ""N2"", ""waller-derived"": ""N2""}",waller|wordmaster,community-independent|waller-derived,2,lexical,狠狠地,fully-absent,,,,,,,yes
お休み,おやすみ,N2,"{""N1"": 1, ""N2"": 1}","{""community-independent"": ""N2"", ""waller-derived"": ""N1""}",openjlpt|waller|wordmaster,community-independent|waller-derived,2,lexical,holiday; absence; rest,fully-absent,,,,,,,yes
泳ぎ,およぎ,N3,"{""N3"": 2}","{""community-independent"": ""N3"", ""waller-derived"": ""N3""}",openjlpt|waller|wordmaster,community-independent|waller-derived,2,lexical,swimming,fully-absent,,,,,,,yes
下す,おろす,N3,"{""N3"": 2}","{""community-independent"": ""N3"", ""waller-derived"": ""N3""}",openjlpt|waller|wordmaster,community-independent|waller-derived,2,lexical,to lower; to let go down,same-reading-different-writing|same-writing-different-reading|same-jmdict-entry,下ろす|卸す,くだす,下ろす,おろす,N3,おろす|下す|下ろす|降ろす,yes
降ろす,おろす,N3,"{""N3"": 2}","{""community-independent"": ""N3"", ""waller-derived"": ""N3""}",openjlpt|waller|wordmaster,community-independent|waller-derived,2,lexical,to take down; to launch; to drop,same-reading-different-writing|same-jmdict-entry,下ろす|卸す,,下ろす,おろす,N3,おろす|下す|下ろす|降ろす,yes
終る,おわる,N5,"{""N5"": 2}","{""community-independent"": ""N5"", ""waller-derived"": ""N5""}",openjlpt|waller|wordmaster,community-independent|waller-derived,2,lexical,to finish,same-reading-different-writing|same-jmdict-entry,終わる,,終わる,おわる,N5,おわる|了る|卒る|畢る|竟る|終る|終わる,yes
街道,かいどう,N1,"{""N1"": 2}","{""community-independent"": ""N1"", ""waller-derived"": ""N1""}",openjlpt|waller|wordmaster,community-independent|waller-derived,2,lexical,highway,fully-absent,,,,,,,yes
反る,かえる,N3,"{""N2"": 1, ""N3"": 1}","{""community-independent"": ""N3"", ""waller-derived"": ""N2""}",openjlpt|waller|wordmaster,community-independent|waller-derived,2,lexical,to warp; to be warped; to curve,same-reading-different-writing|same-writing-different-reading|same-jmdict-entry,代える|変える|孵[かえ]る|孵る|帰る|換える|替える|蛙|蛙[かえる]|返る,そる,返る,かえる,N3,かえる|反る|返る,yes
顔付き,かおつき,N1,"{""N1"": 2}","{""community-independent"": ""N1"", ""waller-derived"": ""N1""}",openjlpt|waller|wordmaster,community-independent|waller-derived,2,lexical,(outward) looks; features; face,same-reading-different-writing|same-jmdict-entry,顔つき,,顔つき,かおつき,N1,かおつき|顔つき|顔付|顔付き,yes
係わる,かかわる,N2,"{""N2"": 2}","{""community-independent"": ""N2"", ""waller-derived"": ""N2""}",openjlpt|waller|wordmaster,community-independent|waller-derived,2,lexical,to concern oneself in; to have to do with; to affect,same-reading-different-writing|same-jmdict-entry,関わる,,関わる,かかわる,N3,かかわる|係る|係わる|拘る|拘わる|関る|関わる,yes
書取,かきとり,N2,"{""N2"": 2}","{""community-independent"": ""N2"", ""waller-derived"": ""N2""}",openjlpt|waller|wordmaster,community-independent|waller-derived,2,lexical,dictation,fully-absent,,,,,,,yes
化合,かごう,N1,"{""N1"": 2}","{""community-independent"": ""N1"", ""waller-derived"": ""N1""}",openjlpt|waller|wordmaster,community-independent|waller-derived,2,lexical,chemical combination,fully-absent,,,,,,,yes
かしこまりました,かしこまりました,N2,"{""N2"": 2}","{""community-independent"": ""N2"", ""waller-derived"": ""N2""}",waller|wordmaster,community-independent|waller-derived,2,kana/loanword,certainly!,fully-absent,,,,,,,yes
擦る,かする,N1,"{""N1"": 2}","{""community-independent"": ""N1"", ""waller-derived"": ""N1""}",openjlpt|waller|wordmaster,community-independent|waller-derived,2,lexical,to touch lightly; to take a percentage (from),same-reading-different-writing|same-writing-different-reading|same-jmdict-entry,化する|掠る|科する|課する,こする|する,掠る,かする,N1,かする|掠る|擦る,yes
化繊,かせん,N1,"{""N1"": 2}","{""community-independent"": ""N1"", ""waller-derived"": ""N1""}",openjlpt|waller|wordmaster,community-independent|waller-derived,2,lexical,synthetic fibres,same-reading-different-writing,下線|寡占|河川,,,,,,yes
片寄る,かたよる,N2,"{""N2"": 2}","{""community-independent"": ""N2"", ""waller-derived"": ""N2""}",openjlpt|waller|wordmaster,community-independent|waller-derived,2,lexical,to be one-sided; to incline; to be partial,same-reading-different-writing|same-jmdict-entry,偏る,,偏る,かたよる,N2,かたよる|偏る|片寄る,yes
課程,かてい,N3,"{""N2"": 1, ""N3"": 1}","{""community-independent"": ""N3"", ""waller-derived"": ""N2""}",openjlpt|waller|wordmaster,community-independent|waller-derived,2,lexical,course; curriculum,same-reading-different-writing,仮定|家庭|過程,,,,,,yes
かもしれない,かもしれない,N3,"{""N3"": 2}","{""community-independent"": ""N3"", ""waller-derived"": ""N3""}",waller|wordmaster,community-independent|waller-derived,2,kana/loanword,"may,might,perhaps,may be,possibly",same-reading-different-writing|same-jmdict-entry,かも知れない,,かも知れない,かもしれない,N3,かもしれない|かも知れない,yes
かるた,かるた,N2,"{""N2"": 2}","{""community-independent"": ""N2"", ""waller-derived"": ""N2""}",waller|wordmaster,community-independent|waller-derived,2,kana/loanword,(n) playing cards (pt: carta),same-reading-different-writing|same-jmdict-entry,歌留多,,歌留多,カルタ,N2,かるた|かる多|カルタ|加留多|哥留多|嘉留太|歌留多|賀留多|軽多|軽板|骨牌,yes
河,かわ,N5,"{""N3"": 1, ""N5"": 1}","{""community-independent"": ""N3"", ""waller-derived"": ""N5""}",openjlpt|waller|wordmaster,community-independent|waller-derived,2,lexical,river; stream,same-reading-different-writing|same-jmdict-entry,川|皮|革,,川,かわ,N5,かわ|がわ|川|河,yes
代る,かわる,N3,"{""N2"": 1, ""N3"": 1}","{""community-independent"": ""N3"", ""waller-derived"": ""N2""}",openjlpt|waller|wordmaster,community-independent|waller-derived,2,lexical,(v5r; vi) to take the place of; to relieve,same-reading-different-writing|same-jmdict-entry,代わる|変わる|替わる,,代わる|替わる,かわる,N2|N4,かわる|代る|代わる|換る|換わる|替る|替わる,yes
観衆,かんしゅう,N1,"{""N1"": 2}","{""community-independent"": ""N1"", ""waller-derived"": ""N1""}",openjlpt|waller|wordmaster,community-independent|waller-derived,2,lexical,spectators; onlookers; members of the audience,same-reading-different-writing,慣習|監修,,,,,,yes
感ずる,かんずる,N2,"{""N2"": 2}","{""community-independent"": ""N2"", ""waller-derived"": ""N2""}",openjlpt|waller|wordmaster,community-independent|waller-derived,2,lexical,to feel; to sense,fully-absent,,,,,,,yes
間接,かんせつ,N2,"{""N2"": 2}","{""community-independent"": ""N2"", ""waller-derived"": ""N2""}",openjlpt|waller|wordmaster,community-independent|waller-derived,2,lexical,indirection; indirectness,same-reading-different-writing,関節,,,,,,yes
幹線,かんせん,N1,"{""N1"": 2}","{""community-independent"": ""N1"", ""waller-derived"": ""N1""}",openjlpt|waller|wordmaster,community-independent|waller-derived,2,lexical,main line; trunk line,same-reading-different-writing,感染|汗腺|観戦,,,,,,yes
カー,カー,N3,"{""N3"": 2}","{""community-independent"": ""N3"", ""waller-derived"": ""N3""}",waller|wordmaster,community-independent|waller-derived,2,kana/loanword,car,fully-absent,,,,,,,yes
ガレージ,ガレージ,N1,"{""N1"": 2}","{""community-independent"": ""N1"", ""waller-derived"": ""N1""}",waller|wordmaster,community-independent|waller-derived,2,kana/loanword,garage (at house),fully-absent,,,,,,,yes
眼科,がんか,N1,"{""N1"": 2}","{""community-independent"": ""N1"", ""waller-derived"": ""N1""}",openjlpt|waller|wordmaster,community-independent|waller-derived,2,lexical,ophthalmology,fully-absent,,,,,,,yes
眼球,がんきゅう,N1,"{""N1"": 2}","{""community-independent"": ""N1"", ""waller-derived"": ""N1""}",openjlpt|waller|wordmaster,community-independent|waller-derived,2,lexical,eyeball,fully-absent,,,,,,,yes
季刊,きかん,N3,"{""N1"": 1, ""N3"": 1}","{""community-independent"": ""N3"", ""waller-derived"": ""N1""}",openjlpt|waller|wordmaster,community-independent|waller-derived,2,lexical,quarterly (e.g. magazine),same-reading-different-writing,器官|帰還|期間|機関|気管,,,,,,yes
兆,きざし,N1,"{""N1"": 2}","{""community-independent"": ""N1"", ""waller-derived"": ""N1""}",openjlpt|wordmaster,community-independent|waller-derived,2,lexical,signs; omen; symptoms,same-reading-different-writing|same-writing-different-reading,兆し,ちょう,,,,,no
規準,きじゅん,N2,"{""N2"": 2}","{""community-independent"": ""N2"", ""waller-derived"": ""N2""}",openjlpt|waller|wordmaster,community-independent|waller-derived,2,lexical,standard; basis; criteria,same-reading-different-writing|same-jmdict-entry,基準,,基準,きじゅん,N2,きじゅん|基準|規準,yes
汽船,きせん,N1,"{""N1"": 2}","{""community-independent"": ""N1"", ""waller-derived"": ""N1""}",openjlpt|waller|wordmaster,community-independent|waller-derived,2,lexical,steamship,fully-absent,,,,,,,yes
気付く,きづく,N3,"{""N3"": 2}","{""community-independent"": ""N3"", ""waller-derived"": ""N3""}",openjlpt|waller|wordmaster,community-independent|waller-derived,2,lexical,to notice; to recognize; to become aware of,same-reading-different-writing|same-jmdict-entry,気づく,,気づく,きづく,N4,きずく|きづく|気ずく|気づく|気付く|気附く,yes
気風,きふう,N1,"{""N1"": 2}","{""community-independent"": ""N1"", ""waller-derived"": ""N1""}",openjlpt|waller|wordmaster,community-independent|waller-derived,2,lexical,character; traits; ethos,fully-absent,,,,,,,yes
客観,きゃっかん,N1,"{""N1"": 2}","{""community-independent"": ""N1"", ""waller-derived"": ""N1""}",openjlpt|waller|wordmaster,community-independent|waller-derived,2,lexical,objective,fully-absent,,,,,,,yes
休学,きゅうがく,N1,"{""N1"": 2}","{""community-independent"": ""N1"", ""waller-derived"": ""N1""}",openjlpt|waller|wordmaster,community-independent|waller-derived,2,lexical,temporary absence from school; suspension,fully-absent,,,,,,,yes
休戦,きゅうせん,N1,"{""N1"": 2}","{""community-independent"": ""N1"", ""waller-derived"": ""N1""}",openjlpt|waller|wordmaster,community-independent|waller-derived,2,lexical,truce; armistice,fully-absent,,,,,,,yes
旧知,きゅうち,N1,"{""N1"": 2}","{""community-independent"": ""N1"", ""waller-derived"": ""N1""}",openjlpt|waller|wordmaster,community-independent|waller-derived,2,lexical,old friend; old friendship,same-reading-different-writing,窮地,,,,,,yes
共学,きょうがく,N1,"{""N1"": 2}","{""community-independent"": ""N1"", ""waller-derived"": ""N1""}",openjlpt|waller|wordmaster,community-independent|waller-derived,2,lexical,coeducation,same-reading-different-writing,驚愕,,,,,,yes
局,きょく,N3,"{""N3"": 2}","{""community-independent"": ""N3"", ""waller-derived"": ""N3""}",openjlpt|waller|wordmaster,community-independent|waller-derived,2,lexical,court lady; lady in waiting,same-reading-different-writing,曲,,,,,,yes
局限,きょくげん,N1,"{""N1"": 2}","{""community-independent"": ""N1"", ""waller-derived"": ""N1""}",openjlpt|waller|wordmaster,community-independent|waller-derived,2,lexical,limit; localize,same-reading-different-writing,極限,,,,,,yes
斬る,きる,N2,"{""N2"": 2}","{""community-independent"": ""N2"", ""waller-derived"": ""N2""}",openjlpt|waller|wordmaster,community-independent|waller-derived,2,lexical,(v5r) to behead; to murder,same-reading-different-writing|same-jmdict-entry,きる|切る|着る,,きる,きる,N2,きる|斬る,yes
議事堂,ぎじどう,N1,"{""N1"": 2}","{""community-independent"": ""N1"", ""waller-derived"": ""N1""}",openjlpt|waller|wordmaster,community-independent|waller-derived,2,lexical,Diet building,fully-absent,,,,,,,yes
組合せ,くみあわせ,N2,"{""N2"": 2}","{""community-independent"": ""N2"", ""waller-derived"": ""N2""}",openjlpt|waller|wordmaster,community-independent|waller-derived,2,lexical,combination,same-reading-different-writing|same-jmdict-entry,組み合わせ,,組み合わせ,くみあわせ,N2,くみあわせ|組み合せ|組み合わせ|組合せ|組合わせ,yes
咥える,くわえる,N3,"{""N2"": 1, ""N3"": 1}","{""community-independent"": ""N3"", ""waller-derived"": ""N2""}",waller|wordmaster,community-independent|waller-derived,2,lexical,叼，衔,same-reading-different-writing|same-jmdict-entry,くわえる|加える,,くわえる,くわえる,N3,くわえる|咥える|啣える|銜える,yes
訓,くん,N3,"{""N3"": 2}","{""community-independent"": ""N3"", ""waller-derived"": ""N3""}",openjlpt|waller|wordmaster,community-independent|waller-derived,2,lexical,native Japanese reading of a Chinese character,same-reading-different-writing,君,,,,,,yes
刑,けい,N3,"{""N1"": 1, ""N3"": 1}","{""community-independent"": ""N3"", ""waller-derived"": ""N1""}",openjlpt|waller|wordmaster,community-independent|waller-derived,2,lexical,penalty; sentence; punishment,same-reading-different-writing,系|計,,,,,,yes
計画,けいかくする,N4,"{""N4"": 2}","{""community-independent"": ""N4"", ""waller-derived"": ""N4""}",openjlpt|wordmaster,community-independent|waller-derived,2,lexical,to plan,same-writing-different-reading,,けいかく,,,,,no
経験,けいけんする,N4,"{""N4"": 2}","{""community-independent"": ""N4"", ""waller-derived"": ""N4""}",openjlpt|wordmaster,community-independent|waller-derived,2,lexical,to experience,same-writing-different-reading,,けいけん,,,,,no
形容詞,けいようし,N2,"{""N2"": 2}","{""community-independent"": ""N2"", ""waller-derived"": ""N2""}",openjlpt|waller|wordmaster,community-independent|waller-derived,2,lexical,true adjective,fully-absent,,,,,,,yes
獣,けだもの,N1,"{""N1"": 2}","{""community-independent"": ""N1"", ""waller-derived"": ""N1""}",openjlpt|waller|wordmaster,community-independent|waller-derived,2,lexical,beast; brute,same-writing-different-reading|same-jmdict-entry,,けもの,獣,けもの,N1,けだもの|けもの|じゅう|ケダモノ|ケモノ|獣,yes
原書,げんしょ,N1,"{""N1"": 2}","{""community-independent"": ""N1"", ""waller-derived"": ""N1""}",openjlpt|waller|wordmaster,community-independent|waller-derived,2,lexical,original document,same-reading-different-writing,原初,,,,,,yes
言論,げんろん,N1,"{""N1"": 2}","{""community-independent"": ""N1"", ""waller-derived"": ""N1""}",openjlpt|waller|wordmaster,community-independent|waller-derived,2,lexical,discussion,fully-absent,,,,,,,yes
航海,こうかい,N3,"{""N1"": 1, ""N3"": 1}","{""community-independent"": ""N3"", ""waller-derived"": ""N1""}",openjlpt|waller|wordmaster,community-independent|waller-derived,2,lexical,sail; voyage,same-reading-different-writing,公開|後悔,,,,,,yes
煌々と,こうこうと,N1,"{""N1"": 2}","{""community-independent"": ""N1"", ""waller-derived"": ""N1""}",openjlpt|wordmaster,community-independent|waller-derived,2,lexical,brilliantly; brightly,fully-absent,,,,,,,no
高尚,こうしょう,N1,"{""N1"": 2}","{""community-independent"": ""N1"", ""waller-derived"": ""N1""}",openjlpt|waller|wordmaster,community-independent|waller-derived,2,lexical,high; noble; refined,same-reading-different-writing,交渉,,,,,,yes
行進,こうしん,N1,"{""N1"": 2}","{""community-independent"": ""N1"", ""waller-derived"": ""N1""}",openjlpt|waller|wordmaster,community-independent|waller-derived,2,lexical,march; parade,same-reading-different-writing,交信|更新,,,,,,yes
公然,こうぜん,N1,"{""N1"": 2}","{""community-independent"": ""N1"", ""waller-derived"": ""N1""}",openjlpt|waller|wordmaster,community-independent|waller-derived,2,lexical,open (e.g. secret); public; official,fully-absent,,,,,,,yes
抗争,こうそう,N1,"{""N1"": 2}","{""community-independent"": ""N1"", ""waller-derived"": ""N1""}",openjlpt|waller|wordmaster,community-independent|waller-derived,2,lexical,dispute; resistance,same-reading-different-writing,構想|高層,,,,,,yes
交替,こうたい,N2,"{""N2"": 2}","{""community-independent"": ""N2"", ""waller-derived"": ""N2""}",openjlpt|waller|wordmaster,community-independent|waller-derived,2,lexical,alternation; change; relief,same-reading-different-writing|same-jmdict-entry,交代|抗体,,交代,こうたい,N2,こうたい|こうだい|交代|交替,yes
後退,こうたい,N1,"{""N1"": 2}","{""community-independent"": ""N1"", ""waller-derived"": ""N1""}",openjlpt|waller|wordmaster,community-independent|waller-derived,2,lexical,retreat; backspace (BS),same-reading-different-writing,交代|抗体,,,,,,yes
耕地,こうち,N2,"{""N2"": 2}","{""community-independent"": ""N2"", ""waller-derived"": ""N2""}",openjlpt|waller|wordmaster,community-independent|waller-derived,2,lexical,arable land,same-reading-different-writing,高地,,,,,,yes
購読,こうどく,N1,"{""N1"": 2}","{""community-independent"": ""N1"", ""waller-derived"": ""N1""}",openjlpt|waller|wordmaster,community-independent|waller-derived,2,lexical,subscription (e.g. magazine),same-reading-different-writing,講読,,,,,,yes
公用,こうよう,N1,"{""N1"": 2}","{""community-independent"": ""N1"", ""waller-derived"": ""N1""}",openjlpt|waller|wordmaster,community-independent|waller-derived,2,lexical,government business; public use; public expense,same-reading-different-writing,効用|紅葉|高揚|黄葉,,,,,,yes
国防,こくぼう,N1,"{""N1"": 2}","{""community-independent"": ""N1"", ""waller-derived"": ""N1""}",openjlpt|waller|wordmaster,community-independent|waller-derived,2,lexical,national defence,same-reading-different-writing,国貿,,,,,,yes
故障,こしょうする,N4,"{""N4"": 2}","{""community-independent"": ""N4"", ""waller-derived"": ""N4""}",openjlpt|wordmaster,community-independent|waller-derived,2,lexical,to break-down,same-writing-different-reading,,こしょう,,,,,no
こしらえる,こしらえる,N2,"{""N2"": 2}","{""community-independent"": ""N2"", ""waller-derived"": ""N2""}",waller|wordmaster,community-independent|waller-derived,2,kana/loanword,"to make,to manufacture",same-reading-different-writing|same-jmdict-entry,拵える,,拵える,こしらえる,N2,こしらえる|拵える,yes
故人,こじん,N3,"{""N1"": 1, ""N3"": 1}","{""community-independent"": ""N3"", ""waller-derived"": ""N1""}",openjlpt|waller|wordmaster,community-independent|waller-derived,2,lexical,the deceased; old friend,same-reading-different-writing,個人,,,,,,yes
答,こたえ,N4,"{""N4"": 2}","{""community-independent"": ""N4"", ""waller-derived"": ""N4""}",openjlpt|waller|wordmaster,community-independent|waller-derived,2,lexical,response,same-reading-different-writing|same-jmdict-entry,応え|答え,,応え|答え,こたえ,N2|N5,こたえ|報え|応え|答|答え,yes
こちらこそ,こちらこそ,N2,"{""N2"": 2}","{""community-independent"": ""N2"", ""waller-derived"": ""N2""}",waller|wordmaster,community-independent|waller-derived,2,kana/loanword,it is I who should say so,fully-absent,,,,,,,yes
こないだ,こないだ,N2,"{""N2"": 2}","{""community-independent"": ""N2"", ""waller-derived"": ""N2""}",waller|wordmaster,community-independent|waller-derived,2,kana/loanword,"the other day,lately,recently",fully-absent,,,,,,,yes
今日,こんにち,N3,"{""N3"": 2}","{""community-independent"": ""N3"", ""waller-derived"": ""N3""}",openjlpt|waller|wordmaster,community-independent|waller-derived,2,lexical,today; this day,same-writing-different-reading|same-jmdict-entry,,きょう,きょう|今日,きょう,N1|N5,きょう|こんじつ|こんち|こんにち|今日,yes
合議,ごうぎ,N1,"{""N1"": 2}","{""community-independent"": ""N1"", ""waller-derived"": ""N1""}",openjlpt|waller|wordmaster,community-independent|waller-derived,2,lexical,consultation; conference,same-reading-different-writing,豪儀,,,,,,yes
ご苦労様,ごくろうさま,N2,"{""N1"": 1, ""N2"": 1}","{""community-independent"": ""N2"", ""waller-derived"": ""N1""}",openjlpt|waller|wordmaster,community-independent|waller-derived,2,lexical,Thank you very much for your....,fully-absent,,,,,,,yes
ごちそうさま,ごちそうさま,N2,"{""N2"": 2}","{""community-independent"": ""N2"", ""waller-derived"": ""N2""}",waller|wordmaster,community-independent|waller-derived,2,kana/loanword,feast,same-reading-different-writing|same-jmdict-entry,ご馳走様,,ご馳走様,ごちそうさま,N2,ごちそうさま|ご馳走さま|ご馳走様|御馳走様,yes
御飯,ごはん,N5,"{""N5"": 2}","{""community-independent"": ""N5"", ""waller-derived"": ""N5""}",openjlpt|waller|wordmaster,community-independent|waller-derived,2,lexical,cooked rice; meal,same-reading-different-writing|same-jmdict-entry,ごはん|ご飯,,ごはん|ご飯,ごはん,N1|N5,ごはん|ご飯|御飯,yes
下る,さがる,N4,"{""N4"": 2}","{""community-independent"": ""N4"", ""waller-derived"": ""N4""}",openjlpt|waller|wordmaster,community-independent|waller-derived,2,lexical,to get down; to descend,same-reading-different-writing|same-writing-different-reading|same-jmdict-entry,下がる,くだる,下がる,さがる,N4,さがる|サガる|下がる|下る|退がる,yes
一昨昨日,さきおととい,N2,"{""N1"": 1, ""N2"": 1}","{""community-independent"": ""N2"", ""waller-derived"": ""N1""}",openjlpt|waller|wordmaster,community-independent|waller-derived,2,lexical,two days before yesterday,same-reading-different-writing|same-writing-different-reading|same-jmdict-entry,さきおととい,いっさくさくじつ,さきおととい|一昨昨日,いっさくさくじつ|さきおととい,N1|N2,いっさくさくじつ|さきおとつい|さきおととい|一昨々日|一昨昨日,yes
作,さく,N3,"{""N1"": 1, ""N3"": 1}","{""community-independent"": ""N3"", ""waller-derived"": ""N1""}",openjlpt|waller|wordmaster,community-independent|waller-derived,2,lexical,a work; a harvest,same-reading-different-writing,咲く|柵|策|裂く,,,,,,yes
昨,さく,N3,"{""N3"": 2}","{""community-independent"": ""N3"", ""waller-derived"": ""N3""}",openjlpt|waller|wordmaster,community-independent|waller-derived,2,lexical,last (year); yesterday,same-reading-different-writing,咲く|柵|策|裂く,,,,,,yes
射す,さす,N3,"{""N2"": 1, ""N3"": 1}","{""community-independent"": ""N3"", ""waller-derived"": ""N2""}",openjlpt|waller|wordmaster,community-independent|waller-derived,2,lexical,to shine; to strike,same-reading-different-writing,刺す|差す|指す|挿す,,,,,,yes
注す,さす,N3,"{""N2"": 1, ""N3"": 1}","{""community-independent"": ""N3"", ""waller-derived"": ""N2""}",openjlpt|waller|wordmaster,community-independent|waller-derived,2,lexical,to pour (drink); to serve (drinks),same-reading-different-writing,刺す|差す|指す|挿す,,,,,,yes
さ来年,さらいねん,N5,"{""N5"": 2}","{""community-independent"": ""N5"", ""waller-derived"": ""N5""}",openjlpt|waller|wordmaster,community-independent|waller-derived,2,lexical,year after next,same-reading-different-writing|same-jmdict-entry,再来年,,再来年,さらいねん,N2,さらいねん|さ来年|再来年,yes
さわやか,さわやか,N2,"{""N2"": 2}","{""community-independent"": ""N2"", ""waller-derived"": ""N2""}",waller|wordmaster,community-independent|waller-derived,2,kana/loanword,"fresh,refreshing,invigorating",same-reading-different-writing|same-jmdict-entry,爽やか,,爽やか,さわやか,N2,さわやか|爽やか,yes
産休,さんきゅう,N1,"{""N1"": 2}","{""community-independent"": ""N1"", ""waller-derived"": ""N1""}",openjlpt|waller|wordmaster,community-independent|waller-derived,2,lexical,maternity leave,fully-absent,,,,,,,yes
サンキュー,サンキュー,N1,"{""N1"": 2}","{""community-independent"": ""N1"", ""waller-derived"": ""N1""}",waller|wordmaster,community-independent|waller-derived,2,kana/loanword,thank you,fully-absent,,,,,,,yes
産後,さんご,N1,"{""N1"": 2}","{""community-independent"": ""N1"", ""waller-derived"": ""N1""}",openjlpt|waller|wordmaster,community-independent|waller-derived,2,lexical,postpartum; after childbirth,same-reading-different-writing,珊瑚|珊瑚[さんご],,,,,,yes
産婦人科,さんふじんか,N1,"{""N1"": 2}","{""community-independent"": ""N1"", ""waller-derived"": ""N1""}",openjlpt|waller|wordmaster,community-independent|waller-derived,2,lexical,maternity and gynecology department,fully-absent,,,,,,,yes
財源,ざいげん,N1,"{""N1"": 2}","{""community-independent"": ""N1"", ""waller-derived"": ""N1""}",openjlpt|waller|wordmaster,community-independent|waller-derived,2,lexical,source of funds; resources; finances,fully-absent,,,,,,,yes
雫,しずく,N1,"{""N1"": 2}","{""community-independent"": ""N1"", ""waller-derived"": ""N1""}",openjlpt|waller|wordmaster,community-independent|waller-derived,2,lexical,drop (of water),same-reading-different-writing|same-jmdict-entry,滴,,滴,しずく,N1,しずく|滴|雫,yes
子息,しそく,N1,"{""N1"": 2}","{""community-independent"": ""N1"", ""waller-derived"": ""N1""}",openjlpt|waller|wordmaster,community-independent|waller-derived,2,lexical,son,fully-absent,,,,,,,yes
支度,したくする,N4,"{""N4"": 2}","{""community-independent"": ""N4"", ""waller-derived"": ""N4""}",openjlpt|wordmaster,community-independent|waller-derived,2,lexical,to prepare,same-writing-different-reading,,したく,,,,,no
七,しち,N5,"{""N5"": 2}","{""community-independent"": ""N5"", ""waller-derived"": ""N5""}",openjlpt|waller|wordmaster,community-independent|waller-derived,2,lexical,seven,same-reading-different-writing|same-writing-different-reading|same-jmdict-entry,質,なな,な|七,な|なな,N5,しち|な|なあ|なな|ひち|七|柒|漆|７,yes
湿気,しっき,N2,"{""N2"": 2}","{""community-independent"": ""N2"", ""waller-derived"": ""N2""}",waller|wordmaster,community-independent|waller-derived,2,lexical,"moisture,humidity,dampness",same-reading-different-writing|same-writing-different-reading|same-jmdict-entry,漆器,しっけ,湿気,しっけ,N3,しっき|しっけ|湿気,yes
しっぽ,しっぽ,N2,"{""N2"": 2}","{""community-independent"": ""N2"", ""waller-derived"": ""N2""}",waller|wordmaster,community-independent|waller-derived,2,kana/loanword,tail (animal),same-reading-different-writing|same-jmdict-entry,尻尾,,尻尾,しっぽ,N1,しっぽ|しりお|尻尾,yes
屎尿,しにょう,N1,"{""N1"": 2}","{""community-independent"": ""N1"", ""waller-derived"": ""N1""}",openjlpt|waller|wordmaster,community-independent|waller-derived,2,lexical,excreta; raw sewage; human waste,same-reading-different-writing|same-jmdict-entry,し尿,,し尿,しにょう,N1,しにょう|し尿|屎尿,yes
支払,しはらい,N3,"{""N3"": 2}","{""community-independent"": ""N3"", ""waller-derived"": ""N3""}",openjlpt|waller|wordmaster,community-independent|waller-derived,2,lexical,payment,same-reading-different-writing|same-jmdict-entry,支払い,,支払い,しはらい,N3,しはらい|支払|支払い,yes
死亡,しぼう,N3,"{""N3"": 2}","{""community-independent"": ""N3"", ""waller-derived"": ""N3""}",openjlpt|waller|wordmaster,community-independent|waller-derived,2,lexical,death; mortality,same-reading-different-writing,志望|脂肪,,,,,,yes
しぼむ,しぼむ,N2,"{""N2"": 2}","{""community-independent"": ""N2"", ""waller-derived"": ""N2""}",waller|wordmaster,community-independent|waller-derived,2,kana/loanword,"to wither,to fade (away),to shrivel,to wilt",same-reading-different-writing|same-jmdict-entry,萎む,,萎む,しぼむ,N2,しぼむ|凋む|萎む,yes
締切,しめきり,N2,"{""N2"": 2}","{""community-independent"": ""N2"", ""waller-derived"": ""N2""}",openjlpt|waller|wordmaster,community-independent|waller-derived,2,lexical,closing; cut-off; end,same-reading-different-writing|same-jmdict-entry,締め切り,,締め切り,しめきり,N3,〆切|〆切り|しめきり|乄切り|締め切り|締切|締切り|閉め切り|閉切り,yes
しゃぶる,しゃぶる,N2,"{""N2"": 2}","{""community-independent"": ""N2"", ""waller-derived"": ""N2""}",waller|wordmaster,community-independent|waller-derived,2,kana/loanword,"to suck,to chew",fully-absent,,,,,,,yes
執着,しゅうじゃく,N1,"{""N1"": 2}","{""community-independent"": ""N1"", ""waller-derived"": ""N1""}",openjlpt|waller|wordmaster,community-independent|waller-derived,2,lexical,attachment; adhesion; tenacity,same-writing-different-reading|same-jmdict-entry,,しゅうちゃく,執着,しゅうちゃく,N1,しゅうじゃく|しゅうちゃく|執着|執著,yes
主体,しゅたい,N1,"{""N1"": 2}","{""community-independent"": ""N1"", ""waller-derived"": ""N1""}",openjlpt|waller|wordmaster,community-independent|waller-derived,2,lexical,subject; main constituent,fully-absent,,,,,,,yes
出席,しゅっせきする,N4,"{""N4"": 2}","{""community-independent"": ""N4"", ""waller-derived"": ""N4""}",openjlpt|wordmaster,community-independent|waller-derived,2,lexical,to attend,same-writing-different-reading,,しゅっせき,,,,,no
出発,しゅっぱつする,N4,"{""N4"": 2}","{""community-independent"": ""N4"", ""waller-derived"": ""N4""}",openjlpt|wordmaster,community-independent|waller-derived,2,lexical,to depart,same-writing-different-reading,,しゅっぱつ,,,,,no
守備,しゅび,N1,"{""N1"": 2}","{""community-independent"": ""N1"", ""waller-derived"": ""N1""}",openjlpt|waller|wordmaster,community-independent|waller-derived,2,lexical,defense,same-reading-different-writing,首尾,,,,,,yes
私有,しゆう,N1,"{""N1"": 2}","{""community-independent"": ""N1"", ""waller-derived"": ""N1""}",openjlpt|waller|wordmaster,community-independent|waller-derived,2,lexical,private ownership,fully-absent,,,,,,,yes
小,しょう,N3,"{""N3"": 2}","{""community-independent"": ""N3"", ""waller-derived"": ""N3""}",waller|wordmaster,community-independent|waller-derived,2,lexical,小,same-reading-different-writing,商|症|相|省|章|象|賞,,,,,,yes
生ずる,しょうずる,N2,"{""N2"": 2}","{""community-independent"": ""N2"", ""waller-derived"": ""N2""}",openjlpt|waller|wordmaster,community-independent|waller-derived,2,lexical,to cause; to arise; to be generated,fully-absent,,,,,,,yes
承知,しょうちする,N4,"{""N4"": 2}","{""community-independent"": ""N4"", ""waller-derived"": ""N4""}",openjlpt|wordmaster,community-independent|waller-derived,2,lexical,to consent,same-writing-different-reading,,しょうち,,,,,no
食事,しょくじする,N4,"{""N4"": 2}","{""community-independent"": ""N4"", ""waller-derived"": ""N4""}",openjlpt|wordmaster,community-independent|waller-derived,2,lexical,to have a meal,same-writing-different-reading,,しょくじ,,,,,no
庶務,しょむ,N1,"{""N1"": 2}","{""community-independent"": ""N1"", ""waller-derived"": ""N1""}",openjlpt|waller|wordmaster,community-independent|waller-derived,2,lexical,general affairs,fully-absent,,,,,,,yes
使用人,しようにん,N1,"{""N1"": 2}","{""community-independent"": ""N1"", ""waller-derived"": ""N1""}",openjlpt|waller|wordmaster,community-independent|waller-derived,2,lexical,employee; servant,fully-absent,,,,,,,yes
知合い,しりあい,N3,"{""N2"": 1, ""N3"": 1}","{""community-independent"": ""N3"", ""waller-derived"": ""N2""}",openjlpt|waller|wordmaster,community-independent|waller-derived,2,lexical,acquaintance,same-reading-different-writing|same-jmdict-entry,知り合い,,知り合い,しりあい,N3,しりあい|知りあい|知り合|知り合い|知合|知合い,yes
新婚,しんこん,N1,"{""N1"": 2}","{""community-independent"": ""N1"", ""waller-derived"": ""N1""}",openjlpt|waller|wordmaster,community-independent|waller-derived,2,lexical,newly-wed,fully-absent,,,,,,,yes
信ずる,しんずる,N2,"{""N2"": 2}","{""community-independent"": ""N2"", ""waller-derived"": ""N2""}",openjlpt|waller|wordmaster,community-independent|waller-derived,2,lexical,to believe; to believe in; to place trust in,fully-absent,,,,,,,yes
寝台,しんだい,N2,"{""N2"": 2}","{""community-independent"": ""N2"", ""waller-derived"": ""N2""}",openjlpt|waller|wordmaster,community-independent|waller-derived,2,lexical,bed; couch,fully-absent,,,,,,,yes
進度,しんど,N1,"{""N1"": 2}","{""community-independent"": ""N1"", ""waller-derived"": ""N1""}",openjlpt|waller|wordmaster,community-independent|waller-derived,2,lexical,progress,same-reading-different-writing,深度|震度,,,,,,yes
信任,しんにん,N1,"{""N1"": 2}","{""community-independent"": ""N1"", ""waller-derived"": ""N1""}",openjlpt|waller|wordmaster,community-independent|waller-derived,2,lexical,trust; confidence; credence,fully-absent,,,,,,,yes
心配,しんぱいする,N4,"{""N4"": 2}","{""community-independent"": ""N4"", ""waller-derived"": ""N4""}",openjlpt|wordmaster,community-independent|waller-derived,2,lexical,to worry,same-writing-different-reading,,しんぱい,,,,,no
針路,しんろ,N2,"{""N2"": 2}","{""community-independent"": ""N2"", ""waller-derived"": ""N2""}",openjlpt|waller|wordmaster,community-independent|waller-derived,2,lexical,course; direction; compass bearing,same-reading-different-writing,進路,,,,,,yes
自首,じしゅ,N1,"{""N1"": 2}","{""community-independent"": ""N1"", ""waller-derived"": ""N1""}",openjlpt|waller|wordmaster,community-independent|waller-derived,2,lexical,surrender; give oneself up,same-reading-different-writing,自主,,,,,,yes
辞職,じしょく,N1,"{""N1"": 2}","{""community-independent"": ""N1"", ""waller-derived"": ""N1""}",openjlpt|waller|wordmaster,community-independent|waller-derived,2,lexical,resignation,fully-absent,,,,,,,yes
住,じゅう,N3,"{""N1"": 1, ""N3"": 1}","{""community-independent"": ""N3"", ""waller-derived"": ""N1""}",openjlpt|waller|wordmaster,community-independent|waller-derived,2,lexical,dwelling; living,same-reading-different-writing,中|十|銃,,,,,,yes
十字路,じゅうじろ,N1,"{""N1"": 2}","{""community-independent"": ""N1"", ""waller-derived"": ""N1""}",openjlpt|waller|wordmaster,community-independent|waller-derived,2,lexical,crossroads,fully-absent,,,,,,,yes
準急,じゅんきゅう,N1,"{""N1"": 2}","{""community-independent"": ""N1"", ""waller-derived"": ""N1""}",openjlpt|waller|wordmaster,community-independent|waller-derived,2,lexical,local express (train  slower than an express),fully-absent,,,,,,,yes
準備,じゅんびする,N4,"{""N4"": 2}","{""community-independent"": ""N4"", ""waller-derived"": ""N4""}",openjlpt|wordmaster,community-independent|waller-derived,2,lexical,to prepare,same-writing-different-reading,,じゅんび,,,,,no
助教授,じょきょうじゅ,N2,"{""N2"": 2}","{""community-independent"": ""N2"", ""waller-derived"": ""N2""}",openjlpt|waller|wordmaster,community-independent|waller-derived,2,lexical,assistant professor,fully-absent,,,,,,,yes
女史,じょし,N3,"{""N1"": 1, ""N3"": 1}","{""community-independent"": ""N3"", ""waller-derived"": ""N1""}",openjlpt|waller|wordmaster,community-independent|waller-derived,2,lexical,Ms.,same-reading-different-writing,助詞|女子,,,,,,yes
水洗,すいせん,N3,"{""N1"": 1, ""N3"": 1}","{""community-independent"": ""N3"", ""waller-derived"": ""N1""}",openjlpt|waller|wordmaster,community-independent|waller-derived,2,lexical,flushing,same-reading-different-writing,推薦,,,,,,yes
水田,すいでん,N1,"{""N1"": 2}","{""community-independent"": ""N1"", ""waller-derived"": ""N1""}",openjlpt|waller|wordmaster,community-independent|waller-derived,2,lexical,(water-filled) paddy field,fully-absent,,,,,,,yes
崇拝,すうはい,N1,"{""N1"": 2}","{""community-independent"": ""N1"", ""waller-derived"": ""N1""}",openjlpt|waller|wordmaster,community-independent|waller-derived,2,lexical,worship; adoration; admiration,fully-absent,,,,,,,yes
すくなくとも,すくなくとも,N3,"{""N2"": 1, ""N3"": 1}","{""community-independent"": ""N3"", ""waller-derived"": ""N2""}",waller|wordmaster,community-independent|waller-derived,2,kana/loanword,at least,same-reading-different-writing|same-jmdict-entry,少なくとも,,少なくとも,すくなくとも,N2,すくなくとも|少くとも|少なくとも|尠くとも,yes
すぐに,すぐに,N5,"{""N5"": 2}","{""community-independent"": ""N5"", ""waller-derived"": ""N5""}",waller|wordmaster,community-independent|waller-derived,2,kana/loanword,Instantly,fully-absent,,,,,,,yes
すてき,すてき,N3,"{""N3"": 2}","{""community-independent"": ""N3"", ""waller-derived"": ""N3""}",waller|wordmaster,community-independent|waller-derived,2,kana/loanword,"lovely,dreamy,beautiful,great",same-reading-different-writing|same-jmdict-entry,素敵,,素敵,すてき,N3,すてき|ステキ|素敵|素的|素適,yes
角,すみ,N3,"{""N3"": 2}","{""community-independent"": ""N3"", ""waller-derived"": ""N3""}",openjlpt|waller|wordmaster,community-independent|waller-derived,2,lexical,horn,same-reading-different-writing|same-writing-different-reading|same-jmdict-entry,墨|済み|炭|隅,かく|かど|つの,隅,すみ,N1,すま|すみ|角|隅,yes
清む,すむ,N3,"{""N2"": 1, ""N3"": 1}","{""community-independent"": ""N3"", ""waller-derived"": ""N2""}",waller|wordmaster,community-independent|waller-derived,2,lexical,清澈,same-reading-different-writing|same-jmdict-entry,住む|済む|澄む,,澄む,すむ,N1,すむ|清む|澄む,yes
為る,する,N5,"{""N3"": 1, ""N5"": 1}","{""community-independent"": ""N3"", ""waller-derived"": ""N5""}",openjlpt|waller|wordmaster,community-independent|waller-derived,2,lexical,to change; to be of use; to reach to,same-reading-different-writing|same-jmdict-entry,する|刷る|掏る|擦る,,する,する,N5,する|為る,yes
ずうっと,ずうっと,N2,"{""N2"": 2}","{""community-independent"": ""N2"", ""waller-derived"": ""N2""}",waller|wordmaster,community-independent|waller-derived,2,kana/loanword,"all the time, all the way",same-jmdict-entry,,,ずっと,ずっと,N5,ずうっと|ずっと|ずーっと,yes
ずらっと,ずらっと,N1,"{""N1"": 2}","{""community-independent"": ""N1"", ""waller-derived"": ""N1""}",waller|wordmaster,community-independent|waller-derived,2,kana/loanword,"in a line, in a row",fully-absent,,,,,,,yes
狡い,ずるい,N2,"{""N2"": 2}","{""community-independent"": ""N2"", ""waller-derived"": ""N2""}",openjlpt|waller|wordmaster,community-independent|waller-derived,2,lexical,sly; cunning,same-reading-different-writing|same-jmdict-entry,ずるい,,ずるい,ずるい,N3,こすい|ずるい|ズルい|ズルイ|狡い,yes
所為,せい,N3,"{""N3"": 2}","{""community-independent"": ""N3"", ""waller-derived"": ""N3""}",openjlpt|waller|wordmaster,community-independent|waller-derived,2,lexical,cause; reason; fault,same-reading-different-writing|same-jmdict-entry,せい|姓|性|正|生|精|背,,せい,せい,N5,せい|せえ|所為,yes
生活,せいかつする,N4,"{""N4"": 2}","{""community-independent"": ""N4"", ""waller-derived"": ""N4""}",openjlpt|wordmaster,community-independent|waller-derived,2,lexical,to live,same-writing-different-reading,,せいかつ,,,,,no
生産,せいさんする,N4,"{""N4"": 2}","{""community-independent"": ""N4"", ""waller-derived"": ""N4""}",openjlpt|wordmaster,community-independent|waller-derived,2,lexical,to produce,same-writing-different-reading,,せいさん,,,,,no
生長,せいちょう,N3,"{""N2"": 1, ""N3"": 1}","{""community-independent"": ""N3"", ""waller-derived"": ""N2""}",openjlpt|waller|wordmaster,community-independent|waller-derived,2,lexical,growth; increment,same-reading-different-writing,成長|清澄|清聴,,,,,,yes
製鉄,せいてつ,N1,"{""N1"": 2}","{""community-independent"": ""N1"", ""waller-derived"": ""N1""}",openjlpt|waller|wordmaster,community-independent|waller-derived,2,lexical,iron manufacture,fully-absent,,,,,,,yes
伜,せがれ,N1,"{""N1"": 2}","{""community-independent"": ""N1"", ""waller-derived"": ""N1""}",openjlpt|waller|wordmaster,community-independent|waller-derived,2,lexical,son; my son,same-reading-different-writing|same-jmdict-entry,倅,,倅,せがれ,N1,せがれ|伜|倅|忰|悴,yes
世辞,せじ,N1,"{""N1"": 2}","{""community-independent"": ""N1"", ""waller-derived"": ""N1""}",openjlpt|waller|wordmaster,community-independent|waller-derived,2,lexical,flattery; compliment,fully-absent,,,,,,,yes
世論,せろん,N1,"{""N1"": 2}","{""community-independent"": ""N1"", ""waller-derived"": ""N1""}",openjlpt|waller|wordmaster,community-independent|waller-derived,2,lexical,public opinion,same-writing-different-reading|same-jmdict-entry,,よろん,世論,よろん,N1,せいろん|せろん|よろん|世論|輿論,yes
世話,せわする,N4,"{""N4"": 2}","{""community-independent"": ""N4"", ""waller-derived"": ""N4""}",openjlpt|wordmaster,community-independent|waller-derived,2,lexical,to look after,same-writing-different-reading,,せわ,,,,,no
宣教,せんきょう,N1,"{""N1"": 2}","{""community-independent"": ""N1"", ""waller-derived"": ""N1""}",openjlpt|waller|wordmaster,community-independent|waller-derived,2,lexical,religious mission,fully-absent,,,,,,,yes
戦災,せんさい,N1,"{""N1"": 2}","{""community-independent"": ""N1"", ""waller-derived"": ""N1""}",openjlpt|waller|wordmaster,community-independent|waller-derived,2,lexical,war damage,same-reading-different-writing,繊細,,,,,,yes
専制,せんせい,N2,"{""N2"": 2}","{""community-independent"": ""N2"", ""waller-derived"": ""N2""}",openjlpt|waller|wordmaster,community-independent|waller-derived,2,lexical,despotism; autocracy,same-reading-different-writing,先生|宣誓,,,,,,yes
船舶,せんぱく,N1,"{""N1"": 2}","{""community-independent"": ""N1"", ""waller-derived"": ""N1""}",openjlpt|waller|wordmaster,community-independent|waller-derived,2,lexical,ship,same-reading-different-writing,浅薄,,,,,,yes
税,ぜい,N3,"{""N3"": 2}","{""community-independent"": ""N3"", ""waller-derived"": ""N3""}",waller|wordmaster,community-independent|waller-derived,2,lexical,tax,fully-absent,,,,,,,yes
税務署,ぜいむしょ,N1,"{""N1"": 2}","{""community-independent"": ""N1"", ""waller-derived"": ""N1""}",openjlpt|waller|wordmaster,community-independent|waller-derived,2,lexical,tax office,fully-absent,,,,,,,yes
ゼミ,ゼミ,N2,"{""N2"": 2}","{""community-independent"": ""N2"", ""waller-derived"": ""N2""}",waller|wordmaster,community-independent|waller-derived,2,kana/loanword,(n) seminar,fully-absent,,,,,,,yes
膳,ぜん,N3,"{""N1"": 1, ""N3"": 1}","{""community-independent"": ""N3"", ""waller-derived"": ""N1""}",openjlpt|waller|wordmaster,community-independent|waller-derived,2,lexical,(small) table; tray; meal,same-reading-different-writing,全|前|善|禅,,,,,,yes
全集,ぜんしゅう,N2,"{""N2"": 2}","{""community-independent"": ""N2"", ""waller-derived"": ""N2""}",openjlpt|waller|wordmaster,community-independent|waller-derived,2,lexical,complete works,fully-absent,,,,,,,yes
相談,そうだんする,N4,"{""N4"": 2}","{""community-independent"": ""N4"", ""waller-derived"": ""N4""}",openjlpt|wordmaster,community-independent|waller-derived,2,lexical,to discuss,same-writing-different-reading,,そうだん,,,,,no
そうっと,そうっと,N2,"{""N2"": 2}","{""community-independent"": ""N2"", ""waller-derived"": ""N2""}",waller|wordmaster,community-independent|waller-derived,2,kana/loanword,"softly, cautiously, gently",same-jmdict-entry,,,そっと,そっと,N3,そうっと|そおっと|そっと|そーっと,yes
卒直,そっちょく,N2,"{""N2"": 2}","{""community-independent"": ""N2"", ""waller-derived"": ""N2""}",openjlpt|waller|wordmaster,community-independent|waller-derived,2,lexical,frankness; candour; openheartedness,same-reading-different-writing|same-jmdict-entry,率直,,率直,そっちょく,N2,そっちょく|卒直|率直,yes
外方,そっぽ,N1,"{""N1"": 2}","{""community-independent"": ""N1"", ""waller-derived"": ""N1""}",openjlpt|waller|wordmaster,community-independent|waller-derived,2,lexical,look (or turn) the other way,same-reading-different-writing|same-jmdict-entry,そっぽ,,そっぽ,そっぽ,N1,そっぽ|外方,yes
具える,そなえる,N3,"{""N2"": 1, ""N3"": 1}","{""community-independent"": ""N3"", ""waller-derived"": ""N2""}",openjlpt|waller|wordmaster,community-independent|waller-derived,2,lexical,to be furnished with,same-reading-different-writing|same-jmdict-entry,供える|備える,,備える,そなえる,N2,そなえる|備える|具える,yes
それと,それと,N3,"{""N3"": 2}","{""community-independent"": ""N3"", ""waller-derived"": ""N3""}",waller|wordmaster,community-independent|waller-derived,2,kana/loanword,还有,fully-absent,,,,,,,yes
蔵相,ぞうしょう,N1,"{""N1"": 2}","{""community-independent"": ""N1"", ""waller-derived"": ""N1""}",openjlpt|waller|wordmaster,community-independent|waller-derived,2,lexical,Minister of Finance,fully-absent,,,,,,,yes
草履,ぞうり,N2,"{""N2"": 2}","{""community-independent"": ""N2"", ""waller-derived"": ""N2""}",openjlpt|waller|wordmaster,community-independent|waller-derived,2,lexical,zoori (Japanese footwear); sandals,fully-absent,,,,,,,yes
存ずる,ぞんずる,N2,"{""N2"": 2}","{""community-independent"": ""N2"", ""waller-derived"": ""N2""}",waller|wordmaster,community-independent|waller-derived,2,lexical,(humble) to know,same-reading-different-writing,存,,,,,,yes
他,た,N3,"{""N3"": 2}","{""community-independent"": ""N3"", ""waller-derived"": ""N3""}",openjlpt|waller|wordmaster,community-independent|waller-derived,2,lexical,other (esp. places and things),same-reading-different-writing|same-writing-different-reading,田,ほか,,,,,yes
タイア,タイア,N2,"{""N2"": 2}","{""community-independent"": ""N2"", ""waller-derived"": ""N2""}",waller|wordmaster,community-independent|waller-derived,2,kana/loanword,"tire,tyre",same-jmdict-entry,,,タイヤ,タイヤ,N2,タイア|タイヤ,yes
退院,たいいんする,N4,"{""N4"": 2}","{""community-independent"": ""N4"", ""waller-derived"": ""N4""}",openjlpt|wordmaster,community-independent|waller-derived,2,lexical,to leave hospital,same-writing-different-reading,,たいいん,,,,,no
堪える,たえる,N1,"{""N1"": 2}","{""community-independent"": ""N1"", ""waller-derived"": ""N1""}",waller|wordmaster,community-independent|waller-derived,2,lexical,"to bear, to stand, to endure, to put up with, to support, to withstand, to resist, to brave, to be fit for, t",same-reading-different-writing|same-writing-different-reading|same-jmdict-entry,絶える|耐える,こらえる,耐える,たえる,N2,たえる|堪える|耐える,yes
焚火,たきび,N1,"{""N1"": 2}","{""community-independent"": ""N1"", ""waller-derived"": ""N1""}",openjlpt|waller|wordmaster,community-independent|waller-derived,2,lexical,(open) fire,same-reading-different-writing|same-jmdict-entry,焚き火,,焚き火,たきび,N1,たきび|たき火|焚き火|焚火,yes
宅,たく,N3,"{""N3"": 2}","{""community-independent"": ""N3"", ""waller-derived"": ""N3""}",openjlpt|waller|wordmaster,community-independent|waller-derived,2,lexical,house; home; husband,same-reading-different-writing,卓|炊く|焚く,,,,,,yes
唯,ただ,N3,"{""N3"": 2}","{""community-independent"": ""N3"", ""waller-derived"": ""N3""}",openjlpt|waller|wordmaster,community-independent|waller-derived,2,lexical,free of charge; mere; sole,same-reading-different-writing|same-jmdict-entry,ただ|只,,ただ|只,ただ,N3|N5,ただ|タダ|但|只|唯|常|徒,yes
楽む,たのしむ,N4,"{""N4"": 2}","{""community-independent"": ""N4"", ""waller-derived"": ""N4""}",openjlpt|waller|wordmaster,community-independent|waller-derived,2,lexical,to enjoy oneself,same-reading-different-writing|same-jmdict-entry,楽しむ,,楽しむ,たのしむ,N4,たのしむ|愉しむ|楽しむ|楽む,yes
たびたび,たびたび,N3,"{""N3"": 2}","{""community-independent"": ""N3"", ""waller-derived"": ""N3""}",waller|wordmaster,community-independent|waller-derived,2,kana/loanword,"often,repeatedly,frequently",same-reading-different-writing|same-jmdict-entry,度々,,度々,たびたび,N2,たびたび|度々|度度,yes
偶々,たまたま,N3,"{""N3"": 2}","{""community-independent"": ""N3"", ""waller-derived"": ""N3""}",openjlpt|waller|wordmaster,community-independent|waller-derived,2,lexical,casually; unexpectedly; accidentally,same-reading-different-writing|same-jmdict-entry,たまたま,,たまたま,たまたま,N2,たまたま|偶|偶々|偶偶|適,yes
溜息,ためいき,N2,"{""N2"": 2}","{""community-independent"": ""N2"", ""waller-derived"": ""N2""}",openjlpt|waller|wordmaster,community-independent|waller-derived,2,lexical,a sigh,same-reading-different-writing|same-jmdict-entry,ため息,,ため息,ためいき,N1,ためいき|ため息|溜め息|溜息,yes
田ぼ,たんぼ,N2,"{""N2"": 2}","{""community-independent"": ""N2"", ""waller-derived"": ""N2""}",openjlpt|waller|wordmaster,community-independent|waller-derived,2,lexical,paddy field; farm,same-reading-different-writing|same-jmdict-entry,田んぼ|田圃,,田んぼ|田圃,たんぼ,N1,たんぼ|でんぼ|でんぽ|田ぼ|田んぼ|田圃|田畝,yes
大分,だいぶん,N2,"{""N2"": 2}","{""community-independent"": ""N2"", ""waller-derived"": ""N2""}",openjlpt|waller|wordmaster,community-independent|waller-derived,2,lexical,considerably; greatly; a lot,same-writing-different-reading|same-jmdict-entry,,だいぶ,だいぶ|大分,だいぶ,N2|N4,だいぶ|だいぶん|大分,yes
ダイヤグラム,ダイヤグラム,N2,"{""N2"": 2}","{""community-independent"": ""N2"", ""waller-derived"": ""N2""}",waller|wordmaster,community-independent|waller-derived,2,kana/loanword,diagram,fully-absent,,,,,,,yes
近付ける,ちかづける,N2,"{""N2"": 2}","{""community-independent"": ""N2"", ""waller-derived"": ""N2""}",openjlpt|waller|wordmaster,community-independent|waller-derived,2,lexical,to bring near; to put close; to let come near,same-reading-different-writing|same-jmdict-entry,近づける,,近づける,ちかづける,N2,ちかづける|近づける|近付ける,yes
地点,ちてん,N2,"{""N2"": 2}","{""community-independent"": ""N2"", ""waller-derived"": ""N2""}",openjlpt|waller|wordmaster,community-independent|waller-derived,2,lexical,site; point on a map,fully-absent,,,,,,,yes
抽象,ちゅうしょう,N2,"{""N2"": 2}","{""community-independent"": ""N2"", ""waller-derived"": ""N2""}",openjlpt|waller|wordmaster,community-independent|waller-derived,2,lexical,abstract,same-reading-different-writing,中傷,,,,,,yes
長短,ちょうたん,N2,"{""N2"": 2}","{""community-independent"": ""N2"", ""waller-derived"": ""N2""}",openjlpt|waller|wordmaster,community-independent|waller-derived,2,lexical,length; long and short; +-,fully-absent,,,,,,,yes
塵紙,ちりがみ,N2,"{""N2"": 2}","{""community-independent"": ""N2"", ""waller-derived"": ""N2""}",openjlpt|waller|wordmaster,community-independent|waller-derived,2,lexical,tissue paper; toilet paper,same-reading-different-writing|same-jmdict-entry,ちり紙,,ちり紙,ちりがみ,N2,ちりがみ|ちりし|ちり紙|チリ紙|塵紙,yes
塵取り,ちりとり,N1,"{""N1"": 2}","{""community-independent"": ""N1"", ""waller-derived"": ""N1""}",openjlpt|waller|wordmaster,community-independent|waller-derived,2,lexical,dustpan,same-reading-different-writing|same-jmdict-entry,ちり取り,,ちり取り,ちりとり,N1,ちりとり|ちり取|ちり取り|チリトリ|チリ取り|塵取|塵取り,yes
沈没,ちんぼつ,N1,"{""N1"": 2}","{""community-independent"": ""N1"", ""waller-derived"": ""N1""}",openjlpt|waller|wordmaster,community-independent|waller-derived,2,lexical,sinking; foundering,fully-absent,,,,,,,yes
通ずる,つうずる,N2,"{""N2"": 2}","{""community-independent"": ""N2"", ""waller-derived"": ""N2""}",waller|wordmaster,community-independent|waller-derived,2,lexical,"to lead, to run, to open",fully-absent,,,,,,,yes
付合う,つきあう,N3,"{""N2"": 1, ""N3"": 1}","{""community-independent"": ""N3"", ""waller-derived"": ""N2""}",openjlpt|waller|wordmaster,community-independent|waller-derived,2,lexical,to associate with; to keep company with; to get on with,same-reading-different-writing|same-jmdict-entry,付き合う,,付き合う,つきあう,N3,つきあう|つき合う|付きあう|付き合う|付合う,yes
点く,つく,N4,"{""N2"": 1, ""N4"": 1}","{""community-independent"": ""N4"", ""waller-derived"": ""N2""}",openjlpt|waller|wordmaster,community-independent|waller-derived,2,lexical,to catch fire; (electricity) comes on,same-reading-different-writing,付く|吐く|就く|点[つ]く|着く|突く,,,,,,yes
造り,つくり,N1,"{""N1"": 2}","{""community-independent"": ""N1"", ""waller-derived"": ""N1""}",openjlpt|waller|wordmaster,community-independent|waller-derived,2,lexical,make up; structure; physique,same-reading-different-writing|same-jmdict-entry,作り,,作り,つくり,N3,つくり|作り|造り,yes
壷,つぼ,N1,"{""N1"": 2}","{""community-independent"": ""N1"", ""waller-derived"": ""N1""}",openjlpt|waller|wordmaster,community-independent|waller-derived,2,lexical,tsubo jar; pot; vase,same-reading-different-writing|same-jmdict-entry,つぼ|坪|壺,,つぼ|壺,つぼ,N1,つぼ|ツボ|壷|壺|壼,yes
釣,つり,N3,"{""N3"": 2}","{""community-independent"": ""N3"", ""waller-derived"": ""N3""}",waller|wordmaster,community-independent|waller-derived,2,lexical,fishing,same-reading-different-writing|same-jmdict-entry,釣り,,釣り,つり,N3,つり|釣|釣り,yes
吊り革,つりかわ,N1,"{""N1"": 2}","{""community-independent"": ""N1"", ""waller-derived"": ""N1""}",openjlpt|waller|wordmaster,community-independent|waller-derived,2,lexical,strap,same-reading-different-writing|same-jmdict-entry,つり革|吊革,,つり革|吊革,つりかわ,N1,つりかわ|つり革|吊り革|吊革|釣り革|釣革,yes
手数,てかず,N1,"{""N1"": 2}","{""community-independent"": ""N1"", ""waller-derived"": ""N1""}",openjlpt|waller|wordmaster,community-independent|waller-derived,2,lexical,number of moves; trouble,same-writing-different-reading|same-jmdict-entry,,てすう,手数,てすう,N2,てかず|てすう|手数,yes
手掛ける,てがける,N1,"{""N1"": 2}","{""community-independent"": ""N1"", ""waller-derived"": ""N1""}",openjlpt|waller|wordmaster,community-independent|waller-derived,2,lexical,to handle; to manage; to work with,same-reading-different-writing|same-jmdict-entry,手がける,,手がける,てがける,N1,てがける|手がける|手懸ける|手掛ける,yes
適確,てきかく,N2,"{""N2"": 2}","{""community-independent"": ""N2"", ""waller-derived"": ""N2""}",openjlpt|waller|wordmaster,community-independent|waller-derived,2,lexical,precise; accurate,same-reading-different-writing|same-jmdict-entry,的確|適格,,的確,てきかく,N2,てきかく|てっかく|的確|適確,yes
手拭い,てぬぐい,N2,"{""N2"": 2}","{""community-independent"": ""N2"", ""waller-derived"": ""N2""}",openjlpt|waller|wordmaster,community-independent|waller-derived,2,lexical,(hand) towel,same-reading-different-writing|same-jmdict-entry,手ぬぐい,,手ぬぐい,てぬぐい,N2,てぬぐい|手ぬぐい|手拭|手拭い,yes
天災,てんさい,N1,"{""N1"": 2}","{""community-independent"": ""N1"", ""waller-derived"": ""N1""}",openjlpt|waller|wordmaster,community-independent|waller-derived,2,lexical,natural calamity; disaster,same-reading-different-writing,天才,,,,,,yes
転任,てんにん,N1,"{""N1"": 2}","{""community-independent"": ""N1"", ""waller-derived"": ""N1""}",openjlpt|waller|wordmaster,community-independent|waller-derived,2,lexical,change of post,fully-absent,,,,,,,yes
出合い,であい,N3,"{""N2"": 1, ""N3"": 1}","{""community-independent"": ""N3"", ""waller-derived"": ""N2""}",openjlpt|waller|wordmaster,community-independent|waller-derived,2,lexical,an encounter,same-reading-different-writing|same-jmdict-entry,出会い,,出会い,であい,N2,であい|出会|出会い|出合|出合い|出逢い|出遭い,yes
出入口,でいりぐち,N2,"{""N2"": 2}","{""community-independent"": ""N2"", ""waller-derived"": ""N2""}",openjlpt|waller|wordmaster,community-independent|waller-derived,2,lexical,exit and entrance,same-reading-different-writing|same-jmdict-entry,出入り口,,出入り口,でいりぐち,N3,でいりぐち|出入り口|出入口,yes
棟,とう,N3,"{""N1"": 1, ""N3"": 1}","{""community-independent"": ""N3"", ""waller-derived"": ""N1""}",openjlpt|waller|wordmaster,community-independent|waller-derived,2,lexical,place; section; building,same-reading-different-writing|same-writing-different-reading,党|唐|問う|塔|島|当|頭,むね,,,,,yes
灯油,とうゆ,N2,"{""N2"": 2}","{""community-independent"": ""N2"", ""waller-derived"": ""N2""}",openjlpt|waller|wordmaster,community-independent|waller-derived,2,lexical,lamp oil; kerosene,fully-absent,,,,,,,yes
通り掛かる,とおりかかる,N2,"{""N2"": 2}","{""community-independent"": ""N2"", ""waller-derived"": ""N2""}",openjlpt|waller|wordmaster,community-independent|waller-derived,2,lexical,to happen to pass by,same-reading-different-writing|same-jmdict-entry,通りかかる,,通りかかる,とおりかかる,N3,とおりかかる|通りかかる|通りがかる|通り掛かる|通り掛る,yes
特派,とくは,N1,"{""N1"": 2}","{""community-independent"": ""N1"", ""waller-derived"": ""N1""}",openjlpt|waller|wordmaster,community-independent|waller-derived,2,lexical,send specially; special envoy,fully-absent,,,,,,,yes
年寄,としより,N3,"{""N3"": 2}","{""community-independent"": ""N3"", ""waller-derived"": ""N3""}",openjlpt|waller|wordmaster,community-independent|waller-derived,2,lexical,old people; the aged,same-reading-different-writing|same-jmdict-entry,年寄り,,年寄り,としより,N3,としより|年より|年寄|年寄り,yes
留まる,とどまる,N2,"{""N2"": 2}","{""community-independent"": ""N2"", ""waller-derived"": ""N2""}",openjlpt|waller|wordmaster,community-independent|waller-derived,2,lexical,(1) to be fixed; (2) to abide; to stay (in the one place),same-reading-different-writing|same-writing-different-reading|same-jmdict-entry,とどまる|止まる,とまる,とどまる|止まる,とどまる,N1|N2,とどまる|停まる|止まる|留まる|駐まる,yes
止める,とどめる,N1,"{""N1"": 2}","{""community-independent"": ""N1"", ""waller-derived"": ""N1""}",openjlpt|waller|wordmaster,community-independent|waller-derived,2,lexical,to stop; to cease; to put an end to,same-reading-different-writing|same-writing-different-reading|same-jmdict-entry,とどめる|留める,とめる|やめる,とどめる|留める,とどめる,N1|N2,とどめる|停める|止める|留める,yes
殿様,とのさま,N1,"{""N1"": 2}","{""community-independent"": ""N1"", ""waller-derived"": ""N1""}",openjlpt|waller|wordmaster,community-independent|waller-derived,2,lexical,feudal lord,fully-absent,,,,,,,yes
共稼ぎ,ともかせぎ,N1,"{""N1"": 2}","{""community-independent"": ""N1"", ""waller-derived"": ""N1""}",openjlpt|waller|wordmaster,community-independent|waller-derived,2,lexical,working together; (husband and wife) earning a living together,fully-absent,,,,,,,yes
捕える,とらえる,N2,"{""N2"": 2}","{""community-independent"": ""N2"", ""waller-derived"": ""N2""}",openjlpt|waller|wordmaster,community-independent|waller-derived,2,lexical,to seize; to grasp; to capture,same-reading-different-writing|same-jmdict-entry,捉える|捕らえる,,捉える|捕らえる,とらえる,N2,とらえる|捉える|捕える|捕らえる,yes
トランジスター,トランジスター,N1,"{""N1"": 2}","{""community-independent"": ""N1"", ""waller-derived"": ""N1""}",waller|wordmaster,community-independent|waller-derived,2,kana/loanword,transistor,same-jmdict-entry,,,トランジスタ,トランジスタ,N1,トランジスタ|トランジスター,yes
取り替え,とりかえ,N1,"{""N1"": 2}","{""community-independent"": ""N1"", ""waller-derived"": ""N1""}",openjlpt|waller|wordmaster,community-independent|waller-derived,2,lexical,swap; exchange,fully-absent,,,,,,,yes
副,とりわけ,N1,"{""N1"": 2}","{""community-independent"": ""N1"", ""waller-derived"": ""N1""}",openjlpt|wordmaster,community-independent|waller-derived,2,lexical,especially; above all,same-reading-different-writing|same-writing-different-reading,とりわけ|取り分け,ふく,,,,,no
捕る,とる,N2,"{""N2"": 2}","{""community-independent"": ""N2"", ""waller-derived"": ""N2""}",openjlpt|waller|wordmaster,community-independent|waller-derived,2,lexical,to take; to catch (fish); to capture,same-reading-different-writing,取る|執る|採る|撮る,,,,,,yes
どうぞよろしく,どうぞよろしく,N3,"{""N2"": 1, ""N3"": 1}","{""community-independent"": ""N3"", ""waller-derived"": ""N2""}",waller|wordmaster,community-independent|waller-derived,2,kana/loanword,pleased to meet you,fully-absent,,,,,,,yes
中々,なかなか,N4,"{""N4"": 2}","{""community-independent"": ""N4"", ""waller-derived"": ""N4""}",openjlpt|waller|wordmaster,community-independent|waller-derived,2,lexical,considerably,same-reading-different-writing|same-jmdict-entry,なかなか,,なかなか,なかなか,N4,なかなか|中々|中中|仲々|仲仲|却々|却却,yes
中程,なかほど,N1,"{""N1"": 2}","{""community-independent"": ""N1"", ""waller-derived"": ""N1""}",openjlpt|waller|wordmaster,community-independent|waller-derived,2,lexical,middle; midway,same-reading-different-writing|same-jmdict-entry,なかほど|中ほど,,なかほど|中ほど,なかほど,N1,なかほど|中ほど|中程,yes
中味,なかみ,N3,"{""N2"": 1, ""N3"": 1}","{""community-independent"": ""N3"", ""waller-derived"": ""N2""}",openjlpt|waller|wordmaster,community-independent|waller-derived,2,lexical,contents; interior; substance,same-reading-different-writing|same-jmdict-entry,中身,,中身,なかみ,N3,なかみ|中味|中身,yes
謎謎,なぞなぞ,N2,"{""N2"": 2}","{""community-independent"": ""N2"", ""waller-derived"": ""N2""}",openjlpt|waller|wordmaster,community-independent|waller-derived,2,lexical,riddle; puzzle; enigma,same-reading-different-writing|same-jmdict-entry,なぞなぞ|謎々,,なぞなぞ|謎々,なぞなぞ,N1|N2,なぞなぞ|謎々|謎謎,yes
なにしろ,なにしろ,N2,"{""N2"": 2}","{""community-independent"": ""N2"", ""waller-derived"": ""N2""}",waller|wordmaster,community-independent|waller-derived,2,kana/loanword,"at any rate,anyhow,anyway,in any case",same-reading-different-writing|same-jmdict-entry,何しろ,,何しろ,なにしろ,N2,なにしろ|何しろ,yes
何々,なになに,N2,"{""N2"": 2}","{""community-independent"": ""N2"", ""waller-derived"": ""N2""}",openjlpt|waller|wordmaster,community-independent|waller-derived,2,lexical,such and such; What?,fully-absent,,,,,,,yes
なにも,なにも,N3,"{""N3"": 2}","{""community-independent"": ""N3"", ""waller-derived"": ""N3""}",waller|wordmaster,community-independent|waller-derived,2,kana/loanword,nothing,same-reading-different-writing|same-jmdict-entry,何も,,何も,なにも,N5,なにも|なんも|何も,yes
嘗める,なめる,N1,"{""N1"": 2}","{""community-independent"": ""N1"", ""waller-derived"": ""N1""}",openjlpt|waller|wordmaster,community-independent|waller-derived,2,lexical,to lick; to taste; to experience,same-reading-different-writing|same-jmdict-entry,なめる|舐める,,なめる|舐める,なめる,N1|N3,なめる|ナメる|嘗める|無礼る|甞める|舐める,yes
なんとも,なんとも,N2,"{""N2"": 2}","{""community-independent"": ""N2"", ""waller-derived"": ""N2""}",waller|wordmaster,community-independent|waller-derived,2,kana/loanword,"nothing (with neg. verb),quite,not a bit",same-reading-different-writing|same-jmdict-entry,何とも,,何とも,なんとも,N1,なんとも|何とも,yes
南米,なんべい,N2,"{""N2"": 2}","{""community-independent"": ""N2"", ""waller-derived"": ""N2""}",openjlpt|waller|wordmaster,community-independent|waller-derived,2,lexical,South America,fully-absent,,,,,,,yes
日本,にっぽん,N3,"{""N3"": 2}","{""community-independent"": ""N3"", ""waller-derived"": ""N3""}",openjlpt|waller|wordmaster,community-independent|waller-derived,2,lexical,Japan,same-writing-different-reading|same-jmdict-entry,,にほん,日本,にほん,N5,にっぽん|にほん|日本,yes
入院,にゅういんする,N4,"{""N4"": 2}","{""community-independent"": ""N4"", ""waller-derived"": ""N4""}",openjlpt|wordmaster,community-independent|waller-derived,2,lexical,to hospitalise,same-writing-different-reading,,にゅういん,,,,,no
入学,にゅうがくする,N4,"{""N4"": 2}","{""community-independent"": ""N4"", ""waller-derived"": ""N4""}",openjlpt|wordmaster,community-independent|waller-derived,2,lexical,to enter school or university,same-writing-different-reading,,にゅうがく,,,,,no
ニュー,ニュー,N1,"{""N1"": 2}","{""community-independent"": ""N1"", ""waller-derived"": ""N1""}",waller|wordmaster,community-independent|waller-derived,2,kana/loanword,new,fully-absent,,,,,,,yes
ネガ,ネガ,N1,"{""N1"": 2}","{""community-independent"": ""N1"", ""waller-derived"": ""N1""}",waller|wordmaster,community-independent|waller-derived,2,kana/loanword,(photographic) negative,fully-absent,,,,,,,yes
寝巻,ねまき,N2,"{""N2"": 2}","{""community-independent"": ""N2"", ""waller-derived"": ""N2""}",openjlpt|waller|wordmaster,community-independent|waller-derived,2,lexical,sleep-wear; nightclothes; pyjamas,same-reading-different-writing|same-jmdict-entry,寝巻き,,寝巻き,ねまき,N2,ねまき|寝まき|寝巻|寝巻き|寝衣|寝間着,yes
寝間着,ねまき,N2,"{""N2"": 2}","{""community-independent"": ""N2"", ""waller-derived"": ""N2""}",openjlpt|waller|wordmaster,community-independent|waller-derived,2,lexical,sleep-wear; nightclothes; pyjamas,same-reading-different-writing|same-jmdict-entry,寝巻き,,寝巻き,ねまき,N2,ねまき|寝まき|寝巻|寝巻き|寝衣|寝間着,yes
乗換,のりかえ,N2,"{""N2"": 2}","{""community-independent"": ""N2"", ""waller-derived"": ""N2""}",openjlpt|waller|wordmaster,community-independent|waller-derived,2,lexical,(n) transfer (trains; buses; etc.),same-reading-different-writing|same-jmdict-entry,乗り換え,,乗り換え,のりかえ,N3,のりかえ|乗りかえ|乗り換え|乗り替え|乗換|乗換え|乗替え,yes
拝見,はいけんする,N4,"{""N4"": 2}","{""community-independent"": ""N4"", ""waller-derived"": ""N4""}",openjlpt|wordmaster,community-independent|waller-derived,2,lexical,(humble) to look at,same-writing-different-reading,,はいけん,,,,,no
剥す,はがす,N2,"{""N2"": 2}","{""community-independent"": ""N2"", ""waller-derived"": ""N2""}",openjlpt|waller|wordmaster,community-independent|waller-derived,2,lexical,(v5s) to tear off; to peel off; to rip off,same-reading-different-writing|same-jmdict-entry,剝がす|剥がす,,剝がす|剥がす,はがす,N1|N2,はがす|へがす|剝がす|剥がす|剥す,yes
初めに,はじめに,N2,"{""N2"": 2}","{""community-independent"": ""N2"", ""waller-derived"": ""N2""}",waller|wordmaster,community-independent|waller-derived,2,lexical,"to begin with, first of all",fully-absent,,,,,,,yes
始めに,はじめに,N2,"{""N2"": 2}","{""community-independent"": ""N2"", ""waller-derived"": ""N2""}",openjlpt|waller|wordmaster,community-independent|waller-derived,2,lexical,to begin with; first of all,fully-absent,,,,,,,yes
はじめまして,はじめまして,N2,"{""N2"": 2}","{""community-independent"": ""N2"", ""waller-derived"": ""N2""}",waller|wordmaster,community-independent|waller-derived,2,kana/loanword,"How do you do?,I am glad to meet you",same-reading-different-writing|same-jmdict-entry,初めまして,,初めまして,はじめまして,N5,はじめまして|初めまして|始めまして,yes
斜,はす,N2,"{""N2"": 2}","{""community-independent"": ""N2"", ""waller-derived"": ""N2""}",waller|wordmaster,community-independent|waller-derived,2,lexical,diagonal,same-reading-different-writing,蓮,,,,,,yes
果して,はたして,N2,"{""N2"": 2}","{""community-independent"": ""N2"", ""waller-derived"": ""N2""}",openjlpt|waller|wordmaster,community-independent|waller-derived,2,lexical,as was expected; really,same-reading-different-writing|same-jmdict-entry,果たして,,果たして,はたして,N2,はたして|果して|果たして,yes
話合い,はなしあい,N2,"{""N2"": 2}","{""community-independent"": ""N2"", ""waller-derived"": ""N2""}",openjlpt|waller|wordmaster,community-independent|waller-derived,2,lexical,discussion; conference,same-reading-different-writing|same-jmdict-entry,話し合い,,話し合い,はなしあい,N3,はなしあい|話し合い|話合い,yes
話中,はなしちゅう,N2,"{""N2"": 2}","{""community-independent"": ""N2"", ""waller-derived"": ""N2""}",openjlpt|waller|wordmaster,community-independent|waller-derived,2,lexical,while talking; the line is busy,fully-absent,,,,,,,yes
羽根,はね,N3,"{""N2"": 1, ""N3"": 1}","{""community-independent"": ""N3"", ""waller-derived"": ""N2""}",openjlpt|waller|wordmaster,community-independent|waller-derived,2,lexical,shuttlecock,same-reading-different-writing|same-jmdict-entry,羽,,は|羽,は|はね,N1|N2,は|はね|羽|羽根,yes
腹立ち,はらだち,N1,"{""N1"": 2}","{""community-independent"": ""N1"", ""waller-derived"": ""N1""}",openjlpt|waller|wordmaster,community-independent|waller-derived,2,lexical,anger,fully-absent,,,,,,,yes
原っぱ,はらっぱ,N1,"{""N1"": 2}","{""community-independent"": ""N1"", ""waller-derived"": ""N1""}",openjlpt|waller|wordmaster,community-independent|waller-derived,2,lexical,open field; empty lot; plain,fully-absent,,,,,,,yes
張り紙,はりがみ,N1,"{""N1"": 2}","{""community-independent"": ""N1"", ""waller-derived"": ""N1""}",openjlpt|waller|wordmaster,community-independent|waller-derived,2,lexical,paper patch; paper backing; poster,same-reading-different-writing|same-jmdict-entry,貼り紙,,貼り紙,はりがみ,N2,はりがみ|はり紙|張り紙|張紙|貼り紙|貼紙,yes
判事,はんじ,N2,"{""N2"": 2}","{""community-independent"": ""N2"", ""waller-derived"": ""N2""}",openjlpt|waller|wordmaster,community-independent|waller-derived,2,lexical,judge; judiciary,fully-absent,,,,,,,yes
倍率,ばいりつ,N1,"{""N1"": 2}","{""community-independent"": ""N1"", ""waller-derived"": ""N1""}",openjlpt|waller|wordmaster,community-independent|waller-derived,2,lexical,diameter; magnification,fully-absent,,,,,,,yes
控室,ひかえしつ,N1,"{""N1"": 2}","{""community-independent"": ""N1"", ""waller-derived"": ""N1""}",openjlpt|waller|wordmaster,community-independent|waller-derived,2,lexical,waiting room,same-reading-different-writing|same-jmdict-entry,控え室,,控え室,ひかえしつ,N1,ひかえしつ|控え室|控室,yes
引受る,ひきうける,N2,"{""N2"": 2}","{""community-independent"": ""N2"", ""waller-derived"": ""N2""}",openjlpt|waller|wordmaster,community-independent|waller-derived,2,lexical,to undertake; to take up; to take over,same-reading-different-writing|same-jmdict-entry,引き受ける,,引き受ける,ひきうける,N3,ひきうける|引きうける|引き受ける|引受ける|引受る,yes
引算,ひきざん,N2,"{""N2"": 2}","{""community-independent"": ""N2"", ""waller-derived"": ""N2""}",openjlpt|waller|wordmaster,community-independent|waller-derived,2,lexical,subtraction,same-reading-different-writing|same-jmdict-entry,引き算,,引き算,ひきざん,N2,ひきざん|ひき算|引き算|引算,yes
引分け,ひきわけ,N2,"{""N2"": 2}","{""community-independent"": ""N2"", ""waller-derived"": ""N2""}",openjlpt|waller|wordmaster,community-independent|waller-derived,2,lexical,a draw (in competition); tie game,same-reading-different-writing|same-jmdict-entry,引き分け,,引き分け,ひきわけ,N2,ひきわけ|引き分け|引分け,yes
陽射,ひざし,N2,"{""N2"": 2}","{""community-independent"": ""N2"", ""waller-derived"": ""N2""}",openjlpt|waller|wordmaster,community-independent|waller-derived,2,lexical,sunlight; rays of the sun,same-reading-different-writing|same-jmdict-entry,日差し,,日差し,ひざし,N2,ひざし|日ざし|日射し|日差|日差し|陽ざし|陽射|陽射し|陽差し,yes
引っ繰り返す,ひっくりかえす,N2,"{""N2"": 2}","{""community-independent"": ""N2"", ""waller-derived"": ""N2""}",openjlpt|waller|wordmaster,community-independent|waller-derived,2,lexical,to turn over; to overturn; to knock over,same-reading-different-writing|same-jmdict-entry,ひっくり返す,,ひっくり返す,ひっくりかえす,N2,ひっくりかえす|ひっくりがえす|ひっくり返す|ヒックリ返す|引っくり返す|引っ繰り返す|引繰り返す,yes
引越し,ひっこし,N3,"{""N2"": 1, ""N3"": 1}","{""community-independent"": ""N3"", ""waller-derived"": ""N2""}",openjlpt|waller|wordmaster,community-independent|waller-derived,2,lexical,moving (dwelling etc.); changing residence,same-reading-different-writing|same-jmdict-entry,引っ越し,,引っ越し,ひっこし,N4,ひっこし|ひっ越し|引っこし|引っ越し|引越|引越し,yes
人差指,ひとさしゆび,N2,"{""N2"": 2}","{""community-independent"": ""N2"", ""waller-derived"": ""N2""}",openjlpt|waller|wordmaster,community-independent|waller-derived,2,lexical,index finger,same-reading-different-writing|same-jmdict-entry,人差し指,,人差し指,ひとさしゆび,N3,ひとさしゆび|人さし指|人差し指|人差指|人指し指,yes
一月,ひとつき,N5,"{""N5"": 2}","{""community-independent"": ""N5"", ""waller-derived"": ""N5""}",openjlpt|waller|wordmaster,community-independent|waller-derived,2,lexical,one month,same-writing-different-reading,,いちがつ,,,,,yes
雛,ひな,N1,"{""N1"": 2}","{""community-independent"": ""N1"", ""waller-derived"": ""N1""}",openjlpt|waller|wordmaster,community-independent|waller-derived,2,lexical,young bird; chick; doll,same-reading-different-writing,雛[ひな],,,,,,yes
日日,ひにち,N2,"{""N2"": 2}","{""community-independent"": ""N2"", ""waller-derived"": ""N2""}",openjlpt|waller|wordmaster,community-independent|waller-derived,2,lexical,every day; daily; day after day,same-reading-different-writing|same-jmdict-entry,日にち,,日にち,ひにち,N2,ひにち|日にち|日日,yes
日の入り,ひのいり,N2,"{""N2"": 2}","{""community-independent"": ""N2"", ""waller-derived"": ""N2""}",openjlpt|waller|wordmaster,community-independent|waller-derived,2,lexical,sunset,fully-absent,,,,,,,yes
火花,ひばな,N1,"{""N1"": 2}","{""community-independent"": ""N1"", ""waller-derived"": ""N1""}",openjlpt|waller|wordmaster,community-independent|waller-derived,2,lexical,spark,fully-absent,,,,,,,yes
ひゃっかじてん,ひゃっかじてん,N2,"{""N2"": 2}","{""community-independent"": ""N2"", ""waller-derived"": ""N2""}",waller|wordmaster,community-independent|waller-derived,2,kana/loanword,encyclopedia,same-reading-different-writing|same-jmdict-entry,百科事典,,百科事典,ひゃっかじてん,N2,ひゃっかじてん|百科事典|百科辞典,yes
昼御飯,ひるごはん,N5,"{""N5"": 2}","{""community-independent"": ""N5"", ""waller-derived"": ""N5""}",openjlpt|waller|wordmaster,community-independent|waller-derived,2,lexical,midday meal,same-reading-different-writing|same-jmdict-entry,昼ごはん|昼ご飯,,昼ごはん|昼ご飯,ひるごはん,N1|N5,ひるごはん|昼ごはん|昼ご飯|昼御飯,yes
ビルディング,ビルディング,N2,"{""N2"": 2}","{""community-independent"": ""N2"", ""waller-derived"": ""N2""}",waller|wordmaster,community-independent|waller-derived,2,kana/loanword,building,fully-absent,,,,,,,yes
瓶詰,びんづめ,N2,"{""N2"": 2}","{""community-independent"": ""N2"", ""waller-derived"": ""N2""}",openjlpt|waller|wordmaster,community-independent|waller-derived,2,lexical,bottling; bottled,same-reading-different-writing|same-jmdict-entry,瓶詰め,,瓶詰め,びんづめ,N2,びんづめ|びん詰|びん詰め|ビン詰め|壜詰|壜詰め|瓶詰|瓶詰め,yes
不,ふ,N3,"{""N3"": 2}","{""community-independent"": ""N3"", ""waller-derived"": ""N3""}",openjlpt|waller|wordmaster,community-independent|waller-derived,2,lexical,un; non; negative prefix,same-reading-different-writing,府|負,,,,,,yes
副詞,ふくし,N2,"{""N2"": 2}","{""community-independent"": ""N2"", ""waller-derived"": ""N2""}",openjlpt|waller|wordmaster,community-independent|waller-derived,2,lexical,adverb,same-reading-different-writing,福祉,,,,,,yes
符号,ふごう,N2,"{""N2"": 2}","{""community-independent"": ""N2"", ""waller-derived"": ""N2""}",openjlpt|waller|wordmaster,community-independent|waller-derived,2,lexical,sign; mark; symbol,same-reading-different-writing,富豪|符合,,,,,,yes
不振,ふしん,N1,"{""N1"": 2}","{""community-independent"": ""N1"", ""waller-derived"": ""N1""}",openjlpt|waller|wordmaster,community-independent|waller-derived,2,lexical,dullness; depression; slump,same-reading-different-writing,不信|不審,,,,,,yes
襖,ふすま,N2,"{""N2"": 2}","{""community-independent"": ""N2"", ""waller-derived"": ""N2""}",openjlpt|waller|wordmaster,community-independent|waller-derived,2,lexical,sliding screen,fully-absent,,,,,,,yes
附属,ふぞく,N2,"{""N2"": 2}","{""community-independent"": ""N2"", ""waller-derived"": ""N2""}",openjlpt|waller|wordmaster,community-independent|waller-derived,2,lexical,attached; belonging; affiliated,same-reading-different-writing|same-jmdict-entry,付属,,付属,ふぞく,N2,ふぞく|付属|附属,yes
不通,ふつう,N3,"{""N2"": 1, ""N3"": 1}","{""community-independent"": ""N3"", ""waller-derived"": ""N2""}",openjlpt|waller|wordmaster,community-independent|waller-derived,2,lexical,suspension; interruption; stoppage,same-reading-different-writing,普通,,,,,,yes
舟,ふね,N4,"{""N4"": 2}","{""community-independent"": ""N4"", ""waller-derived"": ""N4""}",openjlpt|waller|wordmaster,community-independent|waller-derived,2,lexical,ship,same-reading-different-writing|same-jmdict-entry,船,,船,ふね,N5,ふね|槽|舟|船,yes
殖やす,ふやす,N3,"{""N2"": 1, ""N3"": 1}","{""community-independent"": ""N3"", ""waller-derived"": ""N2""}",openjlpt|waller|wordmaster,community-independent|waller-derived,2,lexical,to increase; to add to; to augment,same-reading-different-writing|same-jmdict-entry,増やす,,増やす,ふやす,N3,ふやす|増やす|殖やす,yes
振舞う,ふるまう,N2,"{""N2"": 2}","{""community-independent"": ""N2"", ""waller-derived"": ""N2""}",openjlpt|waller|wordmaster,community-independent|waller-derived,2,lexical,to behave; to conduct oneself; to entertain (vt),same-reading-different-writing|same-jmdict-entry,振る舞う,,振る舞う,ふるまう,N2,ふるまう|振る舞う|振舞う,yes
付録,ふろく,N1,"{""N1"": 2}","{""community-independent"": ""N1"", ""waller-derived"": ""N1""}",openjlpt|waller|wordmaster,community-independent|waller-derived,2,lexical,appendix; supplement,fully-absent,,,,,,,yes
噴出,ふんしゅつ,N1,"{""N1"": 2}","{""community-independent"": ""N1"", ""waller-derived"": ""N1""}",openjlpt|waller|wordmaster,community-independent|waller-derived,2,lexical,spewing; gushing; spouting,fully-absent,,,,,,,yes
無沙汰,ぶさた,N2,"{""N2"": 2}","{""community-independent"": ""N2"", ""waller-derived"": ""N2""}",openjlpt|waller|wordmaster,community-independent|waller-derived,2,lexical,neglecting to stay in contact,fully-absent,,,,,,,yes
ぶらさげる,ぶらさげる,N2,"{""N2"": 2}","{""community-independent"": ""N2"", ""waller-derived"": ""N2""}",waller|wordmaster,community-independent|waller-derived,2,kana/loanword,"to hang,to suspend,to dangle,to swing",same-reading-different-writing|same-jmdict-entry,ぶら下げる,,ぶら下げる,ぶらさげる,N2,ぶらさげる|ぶら下げる,yes
分母,ぶんぼ,N1,"{""N1"": 2}","{""community-independent"": ""N1"", ""waller-derived"": ""N1""}",openjlpt|waller|wordmaster,community-independent|waller-derived,2,lexical,denominator,fully-absent,,,,,,,yes
分離,ぶんり,N1,"{""N1"": 2}","{""community-independent"": ""N1"", ""waller-derived"": ""N1""}",openjlpt|waller|wordmaster,community-independent|waller-derived,2,lexical,separation; detachment; segregation,fully-absent,,,,,,,yes
平方,へいほう,N1,"{""N1"": 2}","{""community-independent"": ""N1"", ""waller-derived"": ""N1""}",openjlpt|waller|wordmaster,community-independent|waller-derived,2,lexical,square (e.g. metre); square,fully-absent,,,,,,,yes
穂,ほ,N1,"{""N1"": 2}","{""community-independent"": ""N1"", ""waller-derived"": ""N1""}",openjlpt|waller|wordmaster,community-independent|waller-derived,2,lexical,ear (of plant); head (of plant),same-reading-different-writing,帆|歩,,,,,,yes
放射能,ほうしゃのう,N1,"{""N1"": 2}","{""community-independent"": ""N1"", ""waller-derived"": ""N1""}",openjlpt|waller|wordmaster,community-independent|waller-derived,2,lexical,radioactivity,fully-absent,,,,,,,yes
放送,ほうそうする,N4,"{""N4"": 2}","{""community-independent"": ""N4"", ""waller-derived"": ""N4""}",openjlpt|wordmaster,community-independent|waller-derived,2,lexical,to broadcast,same-writing-different-reading,,ほうそう,,,,,no
外,ほか,N3,"{""N3"": 2}","{""community-independent"": ""N3"", ""waller-derived"": ""N3""}",openjlpt|waller|wordmaster,community-independent|waller-derived,2,lexical,other place; the rest,same-reading-different-writing|same-writing-different-reading|same-jmdict-entry,ほか|他,がい|そと,ほか|他,ほか,N5,ほか|他|外,yes
保健,ほけん,N2,"{""N2"": 2}","{""community-independent"": ""N2"", ""waller-derived"": ""N2""}",openjlpt|waller|wordmaster,community-independent|waller-derived,2,lexical,health preservation; hygiene; sanitation,same-reading-different-writing,保険,,,,,,yes
頬,ほほ,N3,"{""N3"": 2}","{""community-independent"": ""N3"", ""waller-derived"": ""N3""}",openjlpt|waller|wordmaster,community-independent|waller-derived,2,lexical,cheek (of face),same-writing-different-reading|same-jmdict-entry,,ほお,頬,ほお,N4,ほお|ほほ|頬|頰,yes
濠,ほり,N3,"{""N3"": 2}","{""community-independent"": ""N3"", ""waller-derived"": ""N3""}",openjlpt|waller|wordmaster,community-independent|waller-derived,2,lexical,moat,same-reading-different-writing|same-jmdict-entry,堀,,堀,ほり,N3,ほり|堀|壕|濠,yes
本当,ほんと,N3,"{""N3"": 2}","{""community-independent"": ""N3"", ""waller-derived"": ""N3""}",openjlpt|waller|wordmaster,community-independent|waller-derived,2,lexical,truth; reality,same-writing-different-reading|same-jmdict-entry,,ほんとう,本当,ほんとう,N5,ほんと|ほんとう|ホント|ホントウ|ホントー|本当|本當,yes
防火,ぼうか,N1,"{""N1"": 2}","{""community-independent"": ""N1"", ""waller-derived"": ""N1""}",openjlpt|waller|wordmaster,community-independent|waller-derived,2,lexical,fire prevention; fire fighting; fire proof,fully-absent,,,,,,,yes
母校,ぼこう,N1,"{""N1"": 2}","{""community-independent"": ""N1"", ""waller-derived"": ""N1""}",openjlpt|waller|wordmaster,community-independent|waller-derived,2,lexical,alma mater,fully-absent,,,,,,,yes
坊っちゃん,ぼっちゃん,N2,"{""N2"": 2}","{""community-independent"": ""N2"", ""waller-derived"": ""N2""}",openjlpt|waller|wordmaster,community-independent|waller-derived,2,lexical,son (of others),same-reading-different-writing|same-jmdict-entry,坊ちゃん,,坊ちゃん,ぼっちゃん,N1,ぼっちゃん|坊ちゃん|坊っちゃん,yes
ぼろ,ぼろ,N2,"{""N2"": 2}","{""community-independent"": ""N2"", ""waller-derived"": ""N2""}",waller|wordmaster,community-independent|waller-derived,2,kana/loanword,"rag,scrap,tattered clothes,fault (esp. in a pretense)",same-reading-different-writing|same-jmdict-entry,襤褸,,襤褸,ぼろ,N2,ぼろ|ボロ|襤褸,yes
曲る,まがる,N5,"{""N5"": 2}","{""community-independent"": ""N5"", ""waller-derived"": ""N5""}",openjlpt|waller|wordmaster,community-independent|waller-derived,2,lexical,to turn; to bend,same-reading-different-writing|same-jmdict-entry,曲がる,,曲がる,まがる,N5,まがる|曲がる|曲る,yes
交ざる,まざる,N3,"{""N2"": 1, ""N3"": 1}","{""community-independent"": ""N3"", ""waller-derived"": ""N2""}",openjlpt|waller|wordmaster,community-independent|waller-derived,2,lexical,to be mixed; to be blended with; to associate with,same-reading-different-writing|same-jmdict-entry,混ざる,,混ざる,まざる,N2,まざる|交ざる|混ざる|雑ざる,yes
交じる,まじる,N3,"{""N2"": 1, ""N3"": 1}","{""community-independent"": ""N3"", ""waller-derived"": ""N2""}",openjlpt|waller|wordmaster,community-independent|waller-derived,2,lexical,to be mixed; to be blended with; to associate with,same-reading-different-writing|same-jmdict-entry,混じる,,混じる,まじる,N2,まじる|交じる|交る|混じる|混る|雑じる,yes
交ぜる,まぜる,N3,"{""N2"": 1, ""N3"": 1}","{""community-independent"": ""N3"", ""waller-derived"": ""N2""}",openjlpt|waller|wordmaster,community-independent|waller-derived,2,lexical,to be mixed; to be blended with,same-reading-different-writing|same-jmdict-entry,混ぜる,,混ぜる,まぜる,N3,まぜる|交ぜる|混ぜる|雑ぜる,yes
またぐ,またぐ,N2,"{""N2"": 2}","{""community-independent"": ""N2"", ""waller-derived"": ""N2""}",waller|wordmaster,community-independent|waller-derived,2,kana/loanword,to straddle,same-reading-different-writing|same-jmdict-entry,跨ぐ,,跨ぐ,またぐ,N2,またぐ|跨ぐ,yes
祭,まつり,N3,"{""N3"": 2}","{""community-independent"": ""N3"", ""waller-derived"": ""N3""}",openjlpt|waller|wordmaster,community-independent|waller-derived,2,lexical,festival; feast,same-reading-different-writing|same-jmdict-entry,祭り,,祭り,まつり,N4,まつり|祭|祭り,yes
纏め,まとめ,N1,"{""N1"": 2}","{""community-independent"": ""N1"", ""waller-derived"": ""N1""}",openjlpt|waller|wordmaster,community-independent|waller-derived,2,lexical,settlement; conclusion,same-reading-different-writing|same-jmdict-entry,まとめ,,まとめ,まとめ,N1,まとめ|纏め,yes
まぶた,まぶた,N2,"{""N2"": 2}","{""community-independent"": ""N2"", ""waller-derived"": ""N2""}",waller|wordmaster,community-independent|waller-derived,2,kana/loanword,eyelids,same-reading-different-writing|same-jmdict-entry,瞼,,瞼,まぶた,N2,まぶた|目蓋|眼蓋|瞼,yes
間も無く,まもなく,N2,"{""N2"": 2}","{""community-independent"": ""N2"", ""waller-derived"": ""N2""}",openjlpt|waller|wordmaster,community-independent|waller-derived,2,lexical,soon; before long; in a short time,same-reading-different-writing|same-jmdict-entry,まもなく|間もなく,,まもなく|間もなく,まもなく,N2,まもなく|間もなく|間も無く,yes
真中,まんなか,N4,"{""N4"": 2}","{""community-independent"": ""N4"", ""waller-derived"": ""N4""}",openjlpt|wordmaster,community-independent|waller-derived,2,lexical,middle,same-reading-different-writing,真ん中,,,,,,no
真ん前,まんまえ,N1,"{""N1"": 2}","{""community-independent"": ""N1"", ""waller-derived"": ""N1""}",openjlpt|waller|wordmaster,community-independent|waller-derived,2,lexical,right in front; under the nose,fully-absent,,,,,,,yes
みじめ,みじめ,N2,"{""N2"": 2}","{""community-independent"": ""N2"", ""waller-derived"": ""N2""}",waller|wordmaster,community-independent|waller-derived,2,kana/loanword,"(arch) sad,pitiful,wretched",same-reading-different-writing|same-jmdict-entry,惨め,,惨め,みじめ,N1,みじめ|惨め,yes
微塵,みじん,N1,"{""N1"": 2}","{""community-independent"": ""N1"", ""waller-derived"": ""N1""}",openjlpt|waller|wordmaster,community-independent|waller-derived,2,lexical,particle; atom,fully-absent,,,,,,,yes
見せ物,みせもの,N1,"{""N1"": 2}","{""community-independent"": ""N1"", ""waller-derived"": ""N1""}",openjlpt|waller|wordmaster,community-independent|waller-derived,2,lexical,show; exhibition,same-reading-different-writing|same-jmdict-entry,見世物,,見世物,みせもの,N1,みせもの|見せ物|見世物,yes
店屋,みせや,N2,"{""N2"": 2}","{""community-independent"": ""N2"", ""waller-derived"": ""N2""}",openjlpt|waller|wordmaster,community-independent|waller-derived,2,lexical,store; shop,fully-absent,,,,,,,yes
民俗,みんぞく,N1,"{""N1"": 2}","{""community-independent"": ""N1"", ""waller-derived"": ""N1""}",openjlpt|waller|wordmaster,community-independent|waller-derived,2,lexical,people; race; nation,same-reading-different-writing,民族,,,,,,yes
婿,むこ,N1,"{""N1"": 2}","{""community-independent"": ""N1"", ""waller-derived"": ""N1""}",openjlpt|waller|wordmaster,community-independent|waller-derived,2,lexical,son-in-law,fully-absent,,,,,,,yes
無闇に,むやみに,N1,"{""N1"": 2}","{""community-independent"": ""N1"", ""waller-derived"": ""N1""}",openjlpt|waller|wordmaster,community-independent|waller-derived,2,lexical,unreasonably; absurdly; recklessly,fully-absent,,,,,,,yes
命ずる,めいずる,N2,"{""N2"": 2}","{""community-independent"": ""N2"", ""waller-derived"": ""N2""}",openjlpt|waller|wordmaster,community-independent|waller-derived,2,lexical,to command; to appoint,fully-absent,,,,,,,yes
目覚し,めざまし,N2,"{""N2"": 2}","{""community-independent"": ""N2"", ""waller-derived"": ""N2""}",openjlpt|waller|wordmaster,community-independent|waller-derived,2,lexical,(abbr) alarm-clock,same-reading-different-writing|same-jmdict-entry,目覚まし,,目覚まし,めざまし,N3,めざまし|目ざまし|目覚し|目覚まし,yes
目覚しい,めざましい,N1,"{""N1"": 2}","{""community-independent"": ""N1"", ""waller-derived"": ""N1""}",openjlpt|waller|wordmaster,community-independent|waller-derived,2,lexical,brilliant; splendid; striking,same-reading-different-writing|same-jmdict-entry,目覚ましい,,目覚ましい,めざましい,N1,めざましい|目ざましい|目覚しい|目覚ましい|目醒しい,yes
目付き,めつき,N1,"{""N1"": 2}","{""community-independent"": ""N1"", ""waller-derived"": ""N1""}",openjlpt|waller|wordmaster,community-independent|waller-derived,2,lexical,look; expression of the eyes; eyes,same-reading-different-writing|same-jmdict-entry,目つき,,目つき,めつき,N1,めつき|目つき|目付き|眼つき|眼付|眼付き,yes
めまい,めまい,N2,"{""N2"": 2}","{""community-independent"": ""N2"", ""waller-derived"": ""N2""}",waller|wordmaster,community-independent|waller-derived,2,kana/loanword,"dizziness,giddiness",same-reading-different-writing|same-jmdict-entry,眩暈,,眩暈,めまい,N2,めまい|目まい|目眩|目眩い|眩冒|眩暈,yes
目盛,めもり,N1,"{""N1"": 2}","{""community-independent"": ""N1"", ""waller-derived"": ""N1""}",openjlpt|waller|wordmaster,community-independent|waller-derived,2,lexical,scale; gradations,same-reading-different-writing|same-jmdict-entry,目盛り,,目盛り,めもり,N1,めもり|目盛|目盛り,yes
面目,めんぼく,N1,"{""N1"": 2}","{""community-independent"": ""N1"", ""waller-derived"": ""N1""}",openjlpt|waller|wordmaster,community-independent|waller-derived,2,lexical,face; honour; reputation,fully-absent,,,,,,,yes
申出,もうしで,N1,"{""N1"": 2}","{""community-independent"": ""N1"", ""waller-derived"": ""N1""}",openjlpt|waller|wordmaster,community-independent|waller-derived,2,lexical,proposal; request; claim,same-reading-different-writing|same-jmdict-entry,申し出,,申し出,もうしで,N1,もうしで|申し出|申出,yes
基,もと,N3,"{""N3"": 2}","{""community-independent"": ""N3"", ""waller-derived"": ""N3""}",openjlpt|waller|wordmaster,community-independent|waller-derived,2,lexical,basis,same-reading-different-writing|same-writing-different-reading|same-jmdict-entry,下|元,もとい,元,もと,N2,もと|元|因|基|本|素,yes
素,もと,N3,"{""N3"": 2}","{""community-independent"": ""N3"", ""waller-derived"": ""N3""}",openjlpt|waller|wordmaster,community-independent|waller-derived,2,lexical,prime,same-reading-different-writing|same-jmdict-entry,下|元,,元,もと,N2,もと|元|因|基|本|素,yes
腿,もも,N1,"{""N1"": 2}","{""community-independent"": ""N1"", ""waller-derived"": ""N1""}",openjlpt|waller|wordmaster,community-independent|waller-derived,2,lexical,thigh; femur,same-reading-different-writing|same-jmdict-entry,もも|桃,,もも,もも,N1,もも|股|腿,yes
夜行,やこう,N2,"{""N2"": 2}","{""community-independent"": ""N2"", ""waller-derived"": ""N2""}",openjlpt|waller|wordmaster,community-independent|waller-derived,2,lexical,walking around at night; night train; night travel,fully-absent,,,,,,,yes
家主,やぬし,N2,"{""N2"": 2}","{""community-independent"": ""N2"", ""waller-derived"": ""N2""}",openjlpt|waller|wordmaster,community-independent|waller-derived,2,lexical,landlord,fully-absent,,,,,,,yes
やむをえない,やむをえない,N2,"{""N2"": 2}","{""community-independent"": ""N2"", ""waller-derived"": ""N2""}",waller|wordmaster,community-independent|waller-derived,2,kana/loanword,"cannot be helped,unavoidable",same-reading-different-writing|same-jmdict-entry,やむを得ない,,やむを得ない,やむをえない,N2,やむをえない|やむを得ない|已むを得ない|止むをえない|止むを得ない,yes
軟らかい,やわらかい,N2,"{""N2"": 2}","{""community-independent"": ""N2"", ""waller-derived"": ""N2""}",openjlpt|waller|wordmaster,community-independent|waller-derived,2,lexical,soft; tender; limp,same-reading-different-writing|same-jmdict-entry,柔らかい,,柔らかい,やわらかい,N3,やわらかい|柔かい|柔らかい|軟らかい,yes
有機,ゆうき,N3,"{""N1"": 1, ""N3"": 1}","{""community-independent"": ""N3"", ""waller-derived"": ""N1""}",openjlpt|waller|wordmaster,community-independent|waller-derived,2,lexical,organic,same-reading-different-writing,勇気,,,,,,yes
昨夜,ゆうべ,N5,"{""N5"": 2}","{""community-independent"": ""N5"", ""waller-derived"": ""N5""}",openjlpt|waller|wordmaster,community-independent|waller-derived,2,lexical,last night,same-reading-different-writing|same-jmdict-entry,ゆうべ|夕べ,,ゆうべ,ゆうべ,N5,ゆうべ|ゆんべ|よべ|昨夕|昨夜,yes
輸出,ゆしゅつする,N4,"{""N4"": 2}","{""community-independent"": ""N4"", ""waller-derived"": ""N4""}",openjlpt|wordmaster,community-independent|waller-derived,2,lexical,to export,same-writing-different-reading,,ゆしゅつ,,,,,no
弓,ゆみ,N1,"{""N1"": 2}","{""community-independent"": ""N1"", ""waller-derived"": ""N1""}",openjlpt|waller|wordmaster,community-independent|waller-derived,2,lexical,bow (and arrow),fully-absent,,,,,,,yes
夜,よ,N3,"{""N3"": 2}","{""community-independent"": ""N3"", ""waller-derived"": ""N3""}",openjlpt|waller|wordmaster,community-independent|waller-derived,2,lexical,evening; night,same-reading-different-writing|same-writing-different-reading|same-jmdict-entry,世,よる,よる|夜,よる,N5,よ|よる|夜,yes
幼稚,ようち,N2,"{""N2"": 2}","{""community-independent"": ""N2"", ""waller-derived"": ""N2""}",openjlpt|waller|wordmaster,community-independent|waller-derived,2,lexical,infancy; childish; infantile,fully-absent,,,,,,,yes
洋品店,ようひんてん,N2,"{""N2"": 2}","{""community-independent"": ""N2"", ""waller-derived"": ""N2""}",openjlpt|waller|wordmaster,community-independent|waller-derived,2,lexical,shop which handles Western-style apparel and accessories,fully-absent,,,,,,,yes
羊毛,ようもう,N2,"{""N2"": 2}","{""community-independent"": ""N2"", ""waller-derived"": ""N2""}",openjlpt|waller|wordmaster,community-independent|waller-derived,2,lexical,wool,fully-absent,,,,,,,yes
漸く,ようやく,N2,"{""N2"": 2}","{""community-independent"": ""N2"", ""waller-derived"": ""N2""}",openjlpt|waller|wordmaster,community-independent|waller-derived,2,lexical,gradually; finally; hardly,same-reading-different-writing|same-jmdict-entry,ようやく|要約,,ようやく,ようやく,N3,ようやく|漸く,yes
欲深い,よくふかい,N1,"{""N1"": 2}","{""community-independent"": ""N1"", ""waller-derived"": ""N1""}",openjlpt|waller|wordmaster,community-independent|waller-derived,2,lexical,greedy,same-writing-different-reading|same-jmdict-entry,,よくぶかい,欲深い,よくぶかい,N1,よくふかい|よくぶかい|欲深い,yes
善し悪し,よしあし,N1,"{""N1"": 2}","{""community-independent"": ""N1"", ""waller-derived"": ""N1""}",openjlpt|waller|wordmaster,community-independent|waller-derived,2,lexical,good or bad; merits or demerits; quality,same-reading-different-writing|same-jmdict-entry,善し悪[あ]し|良し悪し,,良し悪し,よしあし,N1,よしあし|よしわるし|よし悪し|善しあし|善し悪し|良しあし|良し悪し,yes
酔っ払い,よっぱらい,N2,"{""N2"": 2}","{""community-independent"": ""N2"", ""waller-derived"": ""N2""}",openjlpt|waller|wordmaster,community-independent|waller-derived,2,lexical,drunkard,fully-absent,,,,,,,yes
因る,よる,N3,"{""N3"": 2}","{""community-independent"": ""N3"", ""waller-derived"": ""N3""}",openjlpt|waller|wordmaster,community-independent|waller-derived,2,lexical,to come from,same-reading-different-writing|same-jmdict-entry,よる|夜|寄る,,よる,よる,N5,よる|依る|因る|拠る|由る,yes
慶ぶ,よろこぶ,N2,"{""N2"": 2}","{""community-independent"": ""N2"", ""waller-derived"": ""N2""}",waller|wordmaster,community-independent|waller-derived,2,lexical,"to be delighted, to be glad",same-reading-different-writing|same-jmdict-entry,喜ぶ,,喜ぶ,よろこぶ,N4,よろこぶ|喜ぶ|悦ぶ|慶ぶ|欣ぶ|歓ぶ,yes
濫用,らんよう,N1,"{""N1"": 2}","{""community-independent"": ""N1"", ""waller-derived"": ""N1""}",openjlpt|waller|wordmaster,community-independent|waller-derived,2,lexical,abuse; misuse; misappropriation,same-reading-different-writing|same-jmdict-entry,乱用,,乱用,らんよう,N1,らんよう|らん用|乱用|濫用,yes
リポート,リポート,N4,"{""N2"": 1, ""N4"": 1}","{""community-independent"": ""N2"", ""waller-derived"": ""N4""}",waller|wordmaster,community-independent|waller-derived,2,kana/loanword,report,same-jmdict-entry,,,レポート,レポート,N3,リポート|レポート,yes
レクリェーション,レクリェーション,N2,"{""N2"": 2}","{""community-independent"": ""N2"", ""waller-derived"": ""N2""}",waller|wordmaster,community-independent|waller-derived,2,kana/loanword,recreation,same-jmdict-entry,,,レクリエーション,レクリエーション,N2,リクリェーション|リクリエーション|レクリェーション|レクリエーション|レクレーション,yes
論議,ろんぎ,N1,"{""N1"": 2}","{""community-independent"": ""N1"", ""waller-derived"": ""N1""}",openjlpt|waller|wordmaster,community-independent|waller-derived,2,lexical,discussion,fully-absent,,,,,,,yes
論ずる,ろんずる,N2,"{""N2"": 2}","{""community-independent"": ""N2"", ""waller-derived"": ""N2""}",openjlpt|waller|wordmaster,community-independent|waller-derived,2,lexical,to argue; to discuss; to debate,fully-absent,,,,,,,yes
和英,わえい,N2,"{""N2"": 2}","{""community-independent"": ""N2"", ""waller-derived"": ""N2""}",openjlpt|waller|wordmaster,community-independent|waller-derived,2,lexical,Japanese-English,fully-absent,,,,,,,yes
和文,わぶん,N1,"{""N1"": 2}","{""community-independent"": ""N1"", ""waller-derived"": ""N1""}",openjlpt|waller|wordmaster,community-independent|waller-derived,2,lexical,Japanese text; sentence in Japanese,fully-absent,,,,,,,yes
割合に,わりあいに,N2,"{""N1"": 1, ""N2"": 1}","{""community-independent"": ""N2"", ""waller-derived"": ""N1""}",openjlpt|waller|wordmaster,community-independent|waller-derived,2,lexical,comparatively,fully-absent,,,,,,,yes
割算,わりざん,N2,"{""N2"": 2}","{""community-independent"": ""N2"", ""waller-derived"": ""N2""}",openjlpt|waller|wordmaster,community-independent|waller-derived,2,lexical,division (math),same-reading-different-writing|same-jmdict-entry,割り算,,割り算,わりざん,N2,わりざん|わり算|割り算|割算,yes
