word,reading,consensus_level,level_votes,family_level_votes,reference_sources,reference_families,support_count,candidate_type,example_meaning,relation_type,same_reading_current_forms,same_word_current_readings,jmdict_current_forms,jmdict_current_readings,jmdict_current_levels,jmdict_all_forms,jmdict_resolved,evidence_confidence,jmdict_exact_form_reading,jmdict_writing_common,jmdict_reading_common,jmdict_waller_levels,level_conflict_with_jmdict_waller,jmdict_tags,jmdict_pos,jmdict_gloss,quality_decision,priority,quality_reason,source_check_decision,source_check_reason,pinned_tc_meaning,publish_level,level_status
あびる,あびる,N5,"{""N5"": 1}","{""waller-derived"": ""N5""}",waller,waller-derived,1,kana/loanword,"to bathe, to shower",same-reading-different-writing|same-jmdict-entry,浴びる,,浴びる,あびる,N5,あびる|浴びる,yes,SINGLE_SOURCE,yes,yes,yes,N5,no,,v1:Ichidan verb|vt:transitive verb,to dash over oneself (e.g. water); to take (e.g. shower); to bask in (e.g. the sun); to bathe in; to be flooded with (e.g. light); to be covered in,ADD_AFTER_SOURCE_CHECK,P2,"Only one external family supports the JLPT listing, but exact JMdict form is common; suitable after source/level check.",APPROVE_SOURCE_CHECK,exact JMdict form+reading verified; external JLPT family supports listing; level retained as estimated source-backed band,,N5,estimated-source-backed
いちばん,いちばん,N5,"{""N5"": 1}","{""waller-derived"": ""N5""}",waller,waller-derived,1,kana/loanword,"best, first",same-reading-different-writing|same-jmdict-entry,一番,,一番,いちばん,N5,いちばん|一番|１番,yes,SINGLE_SOURCE,yes,yes,yes,N5,no,,adj-no:nouns which may take the genitive case particle 'no'|adv:adverb (fukushi)|n:noun (common) (futsuumeishi),number one; first; first place; best; most; game,ADD_AFTER_SOURCE_CHECK,P2,"Only one external family supports the JLPT listing, but exact JMdict form is common; suitable after source/level check.",APPROVE_SOURCE_CHECK,exact JMdict form+reading verified; external JLPT family supports listing; level retained as estimated source-backed band,,N5,estimated-source-backed
かかる,かかる,N5,"{""N5"": 1}","{""community-independent"": ""N5""}",wordmaster,community-independent,1,kana/loanword,"it takes (amount of time, money) (v.i.)",same-reading-different-writing|same-jmdict-entry,掛かる|架かる|罹[かか]る|罹る,,掛かる|罹る,かかる,N3|N5,かかる|懸かる|懸る|掛かる|掛る|罹る,yes,SINGLE_SOURCE,yes,yes,yes,N3|N5,no,uk:word usually written using kana alone | usu. ～にかかる,aux-v:auxiliary verb|v5r:Godan verb with 'ru' ending|vi:intransitive verb,"to take (a resource, e.g. time or money); to hang; to come into view; to arrive; to come under (a contract, a tax); to start (engines, motors); to contract (a disease); to suffer from",ADD_AFTER_SOURCE_CHECK,P2,"Only one external family supports the JLPT listing, but exact JMdict form is common; suitable after source/level check.",APPROVE_SOURCE_CHECK,exact JMdict form+reading verified; external JLPT family supports listing; level retained as estimated source-backed band,,N5,estimated-source-backed
九,く,N5,"{""N5"": 1}","{""waller-derived"": ""N5""}",waller,waller-derived,1,lexical,Nine,same-reading-different-writing|same-writing-different-reading|same-jmdict-entry,区|句|苦,きゅう,ここ|この|九,きゅう|ここ|この,N5,きゅう|く|ここ|ここの|この|九|玖|９,yes,SINGLE_SOURCE,yes,yes,yes,N5,no,玖 is used in legal documents,num:numeric,nine; 9,ADD_AFTER_SOURCE_CHECK,P2,"Only one external family supports the JLPT listing, but exact JMdict form is common; suitable after source/level check.",APPROVE_SOURCE_CHECK,exact JMdict form+reading verified; external JLPT family supports listing; level retained as estimated source-backed band,,N5,estimated-source-backed
じゃあ,じゃあ,N5,"{""N5"": 1}","{""waller-derived"": ""N5""}",waller,waller-derived,1,kana/loanword,well then…,same-jmdict-entry,,,じゃ,じゃ,N5,じゃ|じゃあ,yes,SINGLE_SOURCE,yes,yes,yes,N5,no,from では,conj:conjunction,then; well; so; well then,ADD_AFTER_SOURCE_CHECK,P2,"Only one external family supports the JLPT listing, but exact JMdict form is common; suitable after source/level check.",APPROVE_SOURCE_CHECK,exact JMdict form+reading verified; external JLPT family supports listing; level retained as estimated source-backed band,,N5,estimated-source-backed
せっけん,せっけん,N5,"{""N5"": 1}","{""waller-derived"": ""N5""}",waller,waller-derived,1,kana/loanword,soap,same-reading-different-writing|same-jmdict-entry,席巻|接見|石けん|石鹸|石鹸[けん],,席巻|接見|石けん|石鹸,せっけん,N1|N3|N5,せっけん|席巻|席捲|接見|石けん|石鹸|石鹼,yes,SINGLE_SOURCE,yes,yes,yes,N5,no,,n:noun (common) (futsuumeishi)|vi:intransitive verb|vs:noun or participle which takes the aux. verb suru|vt:transitive verb,"soap; (official) audience; interview; reception; meeting with one's lawyer (while detained or imprisoned); sweeping (over, across); conquering; overwhelming",ADD_AFTER_SOURCE_CHECK,P2,"Only one external family supports the JLPT listing, but exact JMdict form is common; suitable after source/level check.",APPROVE_SOURCE_CHECK,exact JMdict form+reading verified; external JLPT family supports listing; level retained as estimated source-backed band; intended Traditional-Chinese learning sense explicitly pinned after source/JMdict comparison,肥皂,N5,estimated-source-backed
たて,たて,N5,"{""N5"": 1}","{""community-independent"": ""N5""}",wordmaster,community-independent,1,kana/loanword,长度; 高度,same-reading-different-writing|same-jmdict-entry,盾|縦,,盾|縦,たて,N1|N2,たて|タテ|楯|盾|竪|経|縦,yes,SINGLE_SOURCE,yes,yes,yes,N1|N5,no,,adj-no:nouns which may take the genitive case particle 'no'|n:noun (common) (futsuumeishi),the vertical; height; front-to-back; length; north-to-south; vertical (relationship); shield; buckler; escutcheon; pretext; excuse; grounds (for),ADD_AFTER_SOURCE_CHECK,P2,"Only one external family supports the JLPT listing, but exact JMdict form is common; suitable after source/level check.",APPROVE_SOURCE_CHECK,exact JMdict form+reading verified; external JLPT family supports listing; level retained as estimated source-backed band; intended Traditional-Chinese learning sense explicitly pinned after source/JMdict comparison,縱向；高度；長度,N5,estimated-source-backed
ちゃわん,ちゃわん,N5,"{""N5"": 1}","{""waller-derived"": ""N5""}",waller,waller-derived,1,kana/loanword,rice bowl,same-reading-different-writing|same-jmdict-entry,茶わん|茶碗|茶碗[わん],,茶わん|茶碗,ちゃわん,N1|N5,ちゃわん|茶わん|茶碗,yes,SINGLE_SOURCE,yes,yes,yes,N5,no,,n:noun (common) (futsuumeishi),rice bowl; tea cup; teacup,ADD_AFTER_SOURCE_CHECK,P2,"Only one external family supports the JLPT listing, but exact JMdict form is common; suitable after source/level check.",APPROVE_SOURCE_CHECK,exact JMdict form+reading verified; external JLPT family supports listing; level retained as estimated source-backed band,,N5,estimated-source-backed
つける,つける,N5,"{""N5"": 1}","{""community-independent"": ""N5""}",wordmaster,community-independent,1,kana/loanword,打开,same-reading-different-writing|same-jmdict-entry,付ける|就ける|漬ける|点[つ]ける|着ける,,付ける|漬ける|着ける,つける,N1|N2|N5,つける|ツケる|付ける|浸ける|漬ける|着ける|附ける,yes,SINGLE_SOURCE,yes,yes,yes,N2|N4|N5,no,after -masu stem of verb | uk:word usually written using kana alone | usu. ツケる,suf:suffix|v1:Ichidan verb|vt:transitive verb,"to soak (in); to steep; to dip; to dunk; to pickle; to preserve (in salt, vinegar, etc.); to attach; to join; to connect; to add; to append; to affix; to turn on; to switch on; to light up",ADD_AFTER_SOURCE_CHECK,P2,"Only one external family supports the JLPT listing, but exact JMdict form is common; suitable after source/level check.",APPROVE_SOURCE_CHECK,exact JMdict form+reading verified; external JLPT family supports listing; level retained as estimated source-backed band; intended Traditional-Chinese learning sense explicitly pinned after source/JMdict comparison,打開；開啟（燈、電器等）,N5,estimated-source-backed
毎月,まいげつ,N5,"{""N5"": 1}","{""waller-derived"": ""N5""}",waller,waller-derived,1,lexical,every month,same-writing-different-reading|same-jmdict-entry,,まいつき,毎月,まいつき,N5,まいげつ|まいつき|毎月,yes,SINGLE_SOURCE,yes,yes,yes,N5,no,,adv:adverb (fukushi)|n:noun (common) (futsuumeishi),every month; each month; monthly,ADD_AFTER_SOURCE_CHECK,P2,"Only one external family supports the JLPT listing, but exact JMdict form is common; suitable after source/level check.",APPROVE_SOURCE_CHECK,exact JMdict form+reading verified; external JLPT family supports listing; level retained as estimated source-backed band,,N5,estimated-source-backed
毎年,まいねん,N5,"{""N5"": 1}","{""waller-derived"": ""N5""}",waller,waller-derived,1,lexical,every year,same-writing-different-reading|same-jmdict-entry,,まいとし,毎年,まいとし,N5,まいとし|まいねん|毎年,yes,SINGLE_SOURCE,yes,yes,yes,N5,no,,adv:adverb (fukushi)|n:noun (common) (futsuumeishi),every year; yearly; annually,ADD_AFTER_SOURCE_CHECK,P2,"Only one external family supports the JLPT listing, but exact JMdict form is common; suitable after source/level check.",APPROVE_SOURCE_CHECK,exact JMdict form+reading verified; external JLPT family supports listing; level retained as estimated source-backed band,,N5,estimated-source-backed
円い,まるい,N5,"{""N5"": 1}","{""waller-derived"": ""N5""}",openjlpt|waller,waller-derived,1,lexical,round; circular; spherical,same-reading-different-writing|same-jmdict-entry,丸い,,丸い,まるい,N5,まるい|まろい|丸い|円い,yes,SINGLE_SOURCE,yes,yes,yes,N5,no,"丸い usu. refers to ball-shaped, and 円い to disc-shaped objects",adj-i:adjective (keiyoushi),round; circular; spherical; curved; smooth; harmonious,ADD_AFTER_SOURCE_CHECK,P2,"Only one external family supports the JLPT listing, but exact JMdict form is common; suitable after source/level check.",APPROVE_SOURCE_CHECK,exact JMdict form+reading verified; external JLPT family supports listing; level retained as estimated source-backed band,,N5,estimated-source-backed
観る,みる,N5,"{""N5"": 1}","{""waller-derived"": ""N5""}",waller,waller-derived,1,lexical,"to see, to watch",same-reading-different-writing|same-jmdict-entry,見る|診る,,見る,みる,N5,みる|見る|視る|覧る|観る,yes,SINGLE_SOURCE,yes,yes,yes,N5,no,"after the -te form of a verb | as 〜てみると, 〜てみたら, 〜てみれば, etc. | uk:word usually written using kana alone",aux-v:auxiliary verb|v1:Ichidan verb|vt:transitive verb,to see; to look; to watch; to view; to observe; to examine,ADD_AFTER_SOURCE_CHECK,P2,"Only one external family supports the JLPT listing, but exact JMdict form is common; suitable after source/level check.",APPROVE_SOURCE_CHECK,exact JMdict form+reading verified; external JLPT family supports listing; level retained as estimated source-backed band,,N5,estimated-source-backed
行く,ゆく,N5,"{""N5"": 1}","{""waller-derived"": ""N5""}",waller,waller-derived,1,lexical,to go,same-writing-different-reading|same-jmdict-entry,,いく,行く,いく,N5,いく|ゆく|イク|往く|行く,yes,SINGLE_SOURCE,yes,yes,yes,N5,no,after the -te form of a verb; い sometimes omitted in casual speech | col:colloquial | oft. as で〜 | oft. written as イク | sl:slang | uk:word usually written using kana alone | usu. written as 逝く,aux-v:auxiliary verb|v5k-s:Godan verb - Iku/Yuku special class|vi:intransitive verb,to go; to move (towards); to head (towards); to leave (for); to move through; to travel across,ADD_AFTER_SOURCE_CHECK,P2,"Only one external family supports the JLPT listing, but exact JMdict form is common; suitable after source/level check.",APPROVE_SOURCE_CHECK,exact JMdict form+reading verified; external JLPT family supports listing; level retained as estimated source-backed band,,N5,estimated-source-backed
りっぱ,りっぱ,N5,"{""N5"": 1}","{""community-independent"": ""N5""}",wordmaster,community-independent,1,kana/loanword,出色，优秀,same-reading-different-writing|same-jmdict-entry,立派,,立派,りっぱ,N4,りっぱ|立派,yes,SINGLE_SOURCE,yes,yes,yes,N5,no,,adj-na:adjectival nouns or quasi-adjectives (keiyodoshi),splendid; fine; handsome; elegant; imposing; prominent,ADD_AFTER_SOURCE_CHECK,P2,"Only one external family supports the JLPT listing, but exact JMdict form is common; suitable after source/level check.",APPROVE_SOURCE_CHECK,exact JMdict form+reading verified; external JLPT family supports listing; level retained as estimated source-backed band,,N5,estimated-source-backed
あかちゃん,あかちゃん,N4,"{""N4"": 1}","{""waller-derived"": ""N4""}",waller,waller-derived,1,kana/loanword,infant,same-reading-different-writing|same-jmdict-entry,赤ちゃん,,赤ちゃん,あかちゃん,N3,あかちゃん|赤ちゃん,yes,SINGLE_SOURCE,yes,yes,yes,N4,no,,n:noun (common) (futsuumeishi),baby; infant,ADD_AFTER_SOURCE_CHECK,P2,"Only one external family supports the JLPT listing, but exact JMdict form is common; suitable after source/level check.",APPROVE_SOURCE_CHECK,exact JMdict form+reading verified; external JLPT family supports listing; level retained as estimated source-backed band,,N4,estimated-source-backed
集る,あつまる,N4,"{""N4"": 1}","{""waller-derived"": ""N4""}",openjlpt|waller,waller-derived,1,lexical,to gather,same-reading-different-writing|same-writing-different-reading|same-jmdict-entry,集まる,たかる,集まる,あつまる,N4,あつまる|集まる|集る,yes,SINGLE_SOURCE,yes,no,yes,N4,no,io:irregular okurigana usage,v5r:Godan verb with 'ru' ending|vi:intransitive verb,to gather; to collect; to assemble,ADD_AFTER_SOURCE_CHECK,P2,"Only one external family supports the JLPT listing, but exact JMdict form is common; suitable after source/level check.",APPROVE_SOURCE_CHECK,exact JMdict form+reading verified; external JLPT family supports listing; level retained as estimated source-backed band,,N4,estimated-source-backed
うかがう,うかがう,N4,"{""N4"": 1}","{""community-independent"": ""N4""}",wordmaster,community-independent,1,kana/loanword,拜访；请教,same-reading-different-writing|same-jmdict-entry,伺う,,伺う,うかがう,N3,うかがう|伺う,yes,SINGLE_SOURCE,yes,yes,yes,N4,no,from 御機嫌を伺う | hum:humble (kenjougo) language,v5u:Godan verb with 'u' ending|vi:intransitive verb|vt:transitive verb,to call on someone; to call at a place; to pay a visit; to wait on someone; to ask; to inquire,ADD_AFTER_SOURCE_CHECK,P2,"Only one external family supports the JLPT listing, but exact JMdict form is common; suitable after source/level check.",APPROVE_SOURCE_CHECK,exact JMdict form+reading verified; external JLPT family supports listing; level retained as estimated source-backed band,,N4,estimated-source-backed
お金持ち,おかねもち,N4,"{""N4"": 1}","{""waller-derived"": ""N4""}",waller,waller-derived,1,lexical,rich man,fully-absent,,,,,,,yes,SINGLE_SOURCE,yes,yes,yes,N4,no,,n:noun (common) (futsuumeishi),rich person; wealthy person,ADD_AFTER_SOURCE_CHECK,P2,"Only one external family supports the JLPT listing, but exact JMdict form is common; suitable after source/level check.",APPROVE_SOURCE_CHECK,exact JMdict form+reading verified; external JLPT family supports listing; level retained as estimated source-backed band,,N4,estimated-source-backed
起す,おこす,N4,"{""N4"": 1}","{""waller-derived"": ""N4""}",openjlpt|waller,waller-derived,1,lexical,to wake,same-reading-different-writing|same-jmdict-entry,興す|起こす,,起こす,おこす,N4,おこす|起こす|起す,yes,SINGLE_SOURCE,yes,no,yes,N4,no,,v5s:Godan verb with 'su' ending|vt:transitive verb,to raise; to raise up; to set up; to pick up; to wake; to wake up,ADD_AFTER_SOURCE_CHECK,P2,"Only one external family supports the JLPT listing, but exact JMdict form is common; suitable after source/level check.",APPROVE_SOURCE_CHECK,exact JMdict form+reading verified; external JLPT family supports listing; level retained as estimated source-backed band,,N4,estimated-source-backed
このあいだ,このあいだ,N4,"{""N4"": 1}","{""waller-derived"": ""N4""}",waller,waller-derived,1,kana/loanword,"the other day,recently",same-reading-different-writing|same-jmdict-entry,この間,,この間,このあいだ,N3,このあいだ|このかん|この間|此の間,yes,SINGLE_SOURCE,yes,yes,yes,N4,no,,adv:adverb (fukushi)|n:noun (common) (futsuumeishi),the other day; lately; recently; during this period; meanwhile; in the meantime,ADD_AFTER_SOURCE_CHECK,P2,"Only one external family supports the JLPT listing, but exact JMdict form is common; suitable after source/level check.",APPROVE_SOURCE_CHECK,exact JMdict form+reading verified; external JLPT family supports listing; level retained as estimated source-backed band,,N4,estimated-source-backed
御主人,ごしゅじん,N4,"{""N4"": 1}","{""waller-derived"": ""N4""}",openjlpt|waller,waller-derived,1,lexical,(honorable) your husband,same-reading-different-writing|same-jmdict-entry,ご主人,,ご主人,ごしゅじん,N4,ごしゅじん|ご主人|御主人,yes,SINGLE_SOURCE,yes,no,yes,N4,no,hon:honorific or respectful (sonkeigo) language,n:noun (common) (futsuumeishi),your husband; her husband,ADD_AFTER_SOURCE_CHECK,P2,"Only one external family supports the JLPT listing, but exact JMdict form is common; suitable after source/level check.",APPROVE_SOURCE_CHECK,exact JMdict form+reading verified; external JLPT family supports listing; level retained as estimated source-backed band,,N4,estimated-source-backed
ごらんになる,ごらんになる,N4,"{""N4"": 1}","{""waller-derived"": ""N4""}",waller,waller-derived,1,kana/loanword,(respectful) to see,same-reading-different-writing|same-jmdict-entry,ご覧になる,,ご覧になる,ごらんになる,N3,ごらんになる|ご覧になる|御覧になる,yes,SINGLE_SOURCE,yes,yes,yes,N4,no,after the -te form of a verb | hon:honorific or respectful (sonkeigo) language,"aux-v:auxiliary verb|exp:expressions (phrases, clauses, etc.)|v5r:Godan verb with 'ru' ending",to see; to look; to watch; to try to ...,ADD_AFTER_SOURCE_CHECK,P2,"Only one external family supports the JLPT listing, but exact JMdict form is common; suitable after source/level check.",APPROVE_SOURCE_CHECK,exact JMdict form+reading verified; external JLPT family supports listing; level retained as estimated source-backed band,,N4,estimated-source-backed
じゃま,じゃま,N4,"{""N4"": 1}","{""waller-derived"": ""N4""}",waller,waller-derived,1,kana/loanword,"hindrance,intrusion",same-reading-different-writing|same-jmdict-entry,邪魔,,邪魔,じゃま,N3,じゃま|邪魔,yes,SINGLE_SOURCE,yes,yes,yes,N4,no,as お〜 | orig. meaning,adj-na:adjectival nouns or quasi-adjectives (keiyodoshi)|n:noun (common) (futsuumeishi)|vi:intransitive verb|vs:noun or participle which takes the aux. verb suru|vt:transitive verb,hindrance; obstacle; nuisance; disturbance; interruption; interference,ADD_AFTER_SOURCE_CHECK,P2,"Only one external family supports the JLPT listing, but exact JMdict form is common; suitable after source/level check.",APPROVE_SOURCE_CHECK,exact JMdict form+reading verified; external JLPT family supports listing; level retained as estimated source-backed band,,N4,estimated-source-backed
ずいぶん,ずいぶん,N4,"{""N4"": 1}","{""waller-derived"": ""N4""}",waller,waller-derived,1,kana/loanword,extremely,same-reading-different-writing|same-jmdict-entry,随分,,随分,ずいぶん,N3,ずいぶん|ずい分|随分|隨分,yes,SINGLE_SOURCE,yes,yes,yes,N4,no,uk:word usually written using kana alone,adj-na:adjectival nouns or quasi-adjectives (keiyodoshi)|adv-to:adverb taking the 'to' particle|adv:adverb (fukushi),very; extremely; surprisingly; fairly; quite; considerably,ADD_AFTER_SOURCE_CHECK,P2,"Only one external family supports the JLPT listing, but exact JMdict form is common; suitable after source/level check.",APPROVE_SOURCE_CHECK,exact JMdict form+reading verified; external JLPT family supports listing; level retained as estimated source-backed band,,N4,estimated-source-backed
とこや,とこや,N4,"{""N4"": 1}","{""waller-derived"": ""N4""}",waller,waller-derived,1,kana/loanword,barber,same-reading-different-writing|same-jmdict-entry,床屋,,床屋,とこや,N4,とこや|床屋,yes,SINGLE_SOURCE,yes,yes,yes,N4,no,,n:noun (common) (futsuumeishi),barbershop; barber shop; barber,ADD_AFTER_SOURCE_CHECK,P2,"Only one external family supports the JLPT listing, but exact JMdict form is common; suitable after source/level check.",APPROVE_SOURCE_CHECK,exact JMdict form+reading verified; external JLPT family supports listing; level retained as estimated source-backed band,,N4,estimated-source-backed
におい,におい,N4,"{""N4"": 1}","{""waller-derived"": ""N4""}",waller,waller-derived,1,kana/loanword,a smell,same-reading-different-writing|same-jmdict-entry,匂い,,匂い,におい,N4,におい|匂|匂い|臭い|香い,yes,SINGLE_SOURCE,yes,yes,yes,N4,no,臭い used for unpleasant smells,n:noun (common) (futsuumeishi),smell; scent; odour; odor; stench; aura,ADD_AFTER_SOURCE_CHECK,P2,"Only one external family supports the JLPT listing, but exact JMdict form is common; suitable after source/level check.",APPROVE_SOURCE_CHECK,exact JMdict form+reading verified; external JLPT family supports listing; level retained as estimated source-backed band,,N4,estimated-source-backed
二階建て,にかいだて,N4,"{""N4"": 1}","{""waller-derived"": ""N4""}",openjlpt|waller,waller-derived,1,lexical,two storied,fully-absent,,,,,,,yes,SINGLE_SOURCE,yes,yes,yes,N4,no,,n:noun (common) (futsuumeishi),two-storied building,ADD_AFTER_SOURCE_CHECK,P2,"Only one external family supports the JLPT listing, but exact JMdict form is common; suitable after source/level check.",APPROVE_SOURCE_CHECK,exact JMdict form+reading verified; external JLPT family supports listing; level retained as estimated source-backed band,,N4,estimated-source-backed
ぬれる,ぬれる,N4,"{""N4"": 1}","{""waller-derived"": ""N4""}",waller,waller-derived,1,kana/loanword,to get wet,same-reading-different-writing|same-jmdict-entry,濡[ぬ]れる|濡れる,,濡れる,ぬれる,N4,ぬれる|濡る|濡れる,yes,SINGLE_SOURCE,yes,yes,yes,N4,no,,v1:Ichidan verb|vi:intransitive verb,to get wet,ADD_AFTER_SOURCE_CHECK,P2,"Only one external family supports the JLPT listing, but exact JMdict form is common; suitable after source/level check.",APPROVE_SOURCE_CHECK,exact JMdict form+reading verified; external JLPT family supports listing; level retained as estimated source-backed band,,N4,estimated-source-backed
ねだん,ねだん,N4,"{""N4"": 1}","{""waller-derived"": ""N4""}",waller,waller-derived,1,kana/loanword,price,same-reading-different-writing|same-jmdict-entry,値段,,値段,ねだん,N4,ねだん|値段|直段,yes,SINGLE_SOURCE,yes,yes,yes,N4,no,,n:noun (common) (futsuumeishi),price; cost,ADD_AFTER_SOURCE_CHECK,P2,"Only one external family supports the JLPT listing, but exact JMdict form is common; suitable after source/level check.",APPROVE_SOURCE_CHECK,exact JMdict form+reading verified; external JLPT family supports listing; level retained as estimated source-backed band,,N4,estimated-source-backed
ねっしん,ねっしん,N4,"{""N4"": 1}","{""waller-derived"": ""N4""}",waller,waller-derived,1,kana/loanword,enthusiasm,same-reading-different-writing|same-jmdict-entry,熱心,,熱心,ねっしん,N4,ねっしん|熱心,yes,SINGLE_SOURCE,yes,yes,yes,N4,no,,adj-na:adjectival nouns or quasi-adjectives (keiyodoshi)|n:noun (common) (futsuumeishi),zealous; enthusiastic; ardent; fervent; keen; eager,ADD_AFTER_SOURCE_CHECK,P2,"Only one external family supports the JLPT listing, but exact JMdict form is common; suitable after source/level check.",APPROVE_SOURCE_CHECK,exact JMdict form+reading verified; external JLPT family supports listing; level retained as estimated source-backed band,,N4,estimated-source-backed
筈,はず,N4,"{""N4"": 1}","{""waller-derived"": ""N4""}",openjlpt|waller,waller-derived,1,lexical,it should be so,same-reading-different-writing|same-jmdict-entry,はず,,はず,はず,N3,はず|弭|筈,yes,SINGLE_SOURCE,yes,yes,yes,N4,no,uk:word usually written using kana alone,aux:auxiliary|n:noun (common) (futsuumeishi),should (be); bound (to be); expected (to be); must (be); nock (of a bow); nock (of an arrow),ADD_AFTER_SOURCE_CHECK,P2,"Only one external family supports the JLPT listing, but exact JMdict form is common; suitable after source/level check.",APPROVE_SOURCE_CHECK,exact JMdict form+reading verified; external JLPT family supports listing; level retained as estimated source-backed band,,N4,estimated-source-backed
ほめる,ほめる,N4,"{""N4"": 1}","{""waller-derived"": ""N4""}",waller,waller-derived,1,kana/loanword,to praise,same-reading-different-writing|same-jmdict-entry,褒める,,褒める,ほめる,N3,ほめる|称める|褒める|誉める|讃める|賞める,yes,SINGLE_SOURCE,yes,yes,yes,N4,no,,v1:Ichidan verb|vt:transitive verb,to praise; to commend; to compliment; to speak well of; to speak highly of,ADD_AFTER_SOURCE_CHECK,P2,"Only one external family supports the JLPT listing, but exact JMdict form is common; suitable after source/level check.",APPROVE_SOURCE_CHECK,exact JMdict form+reading verified; external JLPT family supports listing; level retained as estimated source-backed band,,N4,estimated-source-backed
まじめ,まじめ,N4,"{""N4"": 1}","{""waller-derived"": ""N4""}",waller,waller-derived,1,kana/loanword,serious,same-reading-different-writing|same-jmdict-entry,真面目,,真面目,まじめ,N4,まじめ|マジメ|眞面目|真面目,yes,SINGLE_SOURCE,yes,yes,yes,N4,no,,adj-na:adjectival nouns or quasi-adjectives (keiyodoshi)|n:noun (common) (futsuumeishi),serious; earnest; sober; grave; honest; sincere,ADD_AFTER_SOURCE_CHECK,P2,"Only one external family supports the JLPT listing, but exact JMdict form is common; suitable after source/level check.",APPROVE_SOURCE_CHECK,exact JMdict form+reading verified; external JLPT family supports listing; level retained as estimated source-backed band,,N4,estimated-source-backed
当り,あたり,N3,"{""N3"": 1}","{""community-independent"": ""N3""}",wordmaster,community-independent,1,lexical,命中,same-reading-different-writing|same-jmdict-entry,当たり|辺り,,当たり,あたり,N3,あたり|アタリ|中たり|中り|当たり|当り|魚信,yes,SINGLE_SOURCE,yes,yes,yes,N1,yes,also written as 魚信 | uk:word usually written using kana alone | usu. アタリ,n:noun (common) (futsuumeishi)|suf:suffix,hit; success; guess; prediction; affability; friendliness,ADD_AFTER_SOURCE_CHECK,P2,"Only one external family supports the JLPT listing, but exact JMdict form is common; suitable after source/level check. JLPT level conflicts with JMdict/Waller enrichment; add the form but review level before publishing.",APPROVE_SOURCE_CHECK,exact JMdict form+reading verified; external JLPT family supports listing; level retained as estimated source-backed band,,N3,estimated-conflict
後,うしろ,N3,"{""N3"": 1}","{""waller-derived"": ""N3""}",openjlpt|waller,waller-derived,1,lexical,afterwards; since then; in the future,same-reading-different-writing|same-writing-different-reading|same-jmdict-entry,うしろ|後ろ,あと|ご|のち,うしろ|後ろ,うしろ,N1|N5,うしろ|後|後ろ,yes,SINGLE_SOURCE,yes,no,yes,N5,yes,io:irregular okurigana usage,adj-no:nouns which may take the genitive case particle 'no'|n:noun (common) (futsuumeishi),back; behind; rear,ADD_AFTER_SOURCE_CHECK,P2,"Only one external family supports the JLPT listing, but exact JMdict form is common; suitable after source/level check. JLPT level conflicts with JMdict/Waller enrichment; add the form but review level before publishing.",APPROVE_SOURCE_CHECK,exact JMdict form+reading verified; external JLPT family supports listing; level retained as estimated source-backed band,,N3,estimated-conflict
御,お,N3,"{""N3"": 1}","{""waller-derived"": ""N3""}",openjlpt|waller,waller-derived,1,lexical,honourable,same-reading-different-writing,尾,,,,,,yes,SINGLE_SOURCE,yes,yes,yes,N3,no,hon:honorific or respectful (sonkeigo) language | hum:humble (kenjougo) language | pol:polite (teineigo) language | uk:word usually written using kana alone | usu. before a term with a kun-yomi reading; おん is more formal,pref:prefix,honorific/polite/humble prefix,ADD_AFTER_SOURCE_CHECK,P2,"Only one external family supports the JLPT listing, but exact JMdict form is common; suitable after source/level check.",APPROVE_SOURCE_CHECK,exact JMdict form+reading verified; external JLPT family supports listing; level retained as estimated source-backed band,,N3,estimated-source-backed
おそらく,おそらく,N3,"{""N3"": 1}","{""waller-derived"": ""N3""}",waller,waller-derived,1,kana/loanword,perhaps,same-reading-different-writing|same-jmdict-entry,恐らく,,恐らく,おそらく,N2,おそらく|恐らく,yes,SINGLE_SOURCE,yes,yes,yes,N3,no,oft. used when predicting a negative outcome | uk:word usually written using kana alone,adv:adverb (fukushi),probably; (most) likely; in all likelihood; I suspect; I dare say; I'm afraid,ADD_AFTER_SOURCE_CHECK,P2,"Only one external family supports the JLPT listing, but exact JMdict form is common; suitable after source/level check.",APPROVE_SOURCE_CHECK,exact JMdict form+reading verified; external JLPT family supports listing; level retained as estimated source-backed band,,N3,estimated-source-backed
居る,おる,N3,"{""N3"": 1}","{""waller-derived"": ""N3""}",openjlpt|waller,waller-derived,1,lexical,to be (animate); to be; to exist,same-reading-different-writing|same-jmdict-entry,おる|折る|織る,,おる,おる,N4,おる|居る,yes,SINGLE_SOURCE,yes,yes,yes,N3,no,after the -masu stem of a verb; indicates contempt or disdain for another's actions | after the -te form of a verb; indicates continuing action | after the -te form of a verb; indicates continuing state | hum:humble (kenjougo) language | uk:word usually written using kana alone,aux-v:auxiliary verb|suf:suffix|v5r:Godan verb with 'ru' ending|vi:intransitive verb,to be (animate); to be; to exist; to be ...-ing; to have ...-ed; to be ...-ed,ADD_AFTER_SOURCE_CHECK,P2,"Only one external family supports the JLPT listing, but exact JMdict form is common; suitable after source/level check.",APPROVE_SOURCE_CHECK,exact JMdict form+reading verified; external JLPT family supports listing; level retained as estimated source-backed band,,N3,estimated-source-backed
終,おわり,N3,"{""N3"": 1}","{""waller-derived"": ""N3""}",openjlpt|waller,waller-derived,1,lexical,the end,same-reading-different-writing|same-jmdict-entry,終わり,,終わり,おわり,N5,おわり|終|終り|終わり,yes,SINGLE_SOURCE,yes,no,yes,N4,yes,io:irregular okurigana usage,n:noun (common) (futsuumeishi),end; ending; close; conclusion; end of (one's) life; death,ADD_AFTER_SOURCE_CHECK,P2,"Only one external family supports the JLPT listing, but exact JMdict form is common; suitable after source/level check. JLPT level conflicts with JMdict/Waller enrichment; add the form but review level before publishing.",APPROVE_SOURCE_CHECK,exact JMdict form+reading verified; external JLPT family supports listing; level retained as estimated source-backed band,,N3,estimated-conflict
彼等,かれら,N3,"{""N3"": 1}","{""waller-derived"": ""N3""}",openjlpt|waller,waller-derived,1,lexical,they (usually male),same-reading-different-writing|same-jmdict-entry,彼ら,,彼ら,かれら,N2,かれら|彼ら|彼等,yes,SINGLE_SOURCE,yes,no,yes,N4,yes,usu. in ref. to males or a mixed-sex group,pn:pronoun,they; them,ADD_AFTER_SOURCE_CHECK,P2,"Only one external family supports the JLPT listing, but exact JMdict form is common; suitable after source/level check. JLPT level conflicts with JMdict/Waller enrichment; add the form but review level before publishing.",APPROVE_SOURCE_CHECK,exact JMdict form+reading verified; external JLPT family supports listing; level retained as estimated source-backed band,,N3,estimated-conflict
可愛そう,かわいそう,N3,"{""N3"": 1}","{""community-independent"": ""N3""}",wordmaster,community-independent,1,lexical,可怜,same-reading-different-writing|same-jmdict-entry,かわいそう|可哀想,,かわいそう|可哀想,かわいそう,N3,かわいそう|可哀そう|可哀想|可哀相|可愛そう,yes,SINGLE_SOURCE,yes,no,yes,N3,no,uk:word usually written using kana alone,adj-na:adjectival nouns or quasi-adjectives (keiyodoshi)|n:noun (common) (futsuumeishi),poor; pitiable; pathetic; pitiful,ADD_AFTER_SOURCE_CHECK,P2,"Only one external family supports the JLPT listing, but exact JMdict form is common; suitable after source/level check.",APPROVE_SOURCE_CHECK,exact JMdict form+reading verified; external JLPT family supports listing; level retained as estimated source-backed band,,N3,estimated-source-backed
金曜,きんよう,N3,"{""N3"": 1}","{""waller-derived"": ""N3""}",openjlpt|waller,waller-derived,1,lexical,(abbr) Friday,fully-absent,,,,,,,yes,SINGLE_SOURCE,yes,yes,yes,N3,no,,n:noun (common) (futsuumeishi),Friday,ADD_AFTER_SOURCE_CHECK,P2,"Only one external family supports the JLPT listing, but exact JMdict form is common; suitable after source/level check.",APPROVE_SOURCE_CHECK,exact JMdict form+reading verified; external JLPT family supports listing; level retained as estimated source-backed band,,N3,estimated-source-backed
曇,くもり,N3,"{""N3"": 1}","{""waller-derived"": ""N3""}",openjlpt|waller,waller-derived,1,lexical,cloudiness; cloudy weather; shadow,same-reading-different-writing|same-jmdict-entry,曇り,,曇り,くもり,N5,くもり|曇|曇り,yes,SINGLE_SOURCE,yes,no,yes,N5,yes,,n:noun (common) (futsuumeishi),"cloudiness; cloudy weather; fog (on a mirror, glasses, etc.); cloud (e.g. in marble); blur; mist",ADD_AFTER_SOURCE_CHECK,P2,"Only one external family supports the JLPT listing, but exact JMdict form is common; suitable after source/level check. JLPT level conflicts with JMdict/Waller enrichment; add the form but review level before publishing.",APPROVE_SOURCE_CHECK,exact JMdict form+reading verified; external JLPT family supports listing; level retained as estimated source-backed band,,N3,estimated-conflict
月曜,げつよう,N3,"{""N3"": 1}","{""waller-derived"": ""N3""}",openjlpt|waller,waller-derived,1,lexical,Monday,fully-absent,,,,,,,yes,SINGLE_SOURCE,yes,yes,yes,N3,no,,n:noun (common) (futsuumeishi),Monday,ADD_AFTER_SOURCE_CHECK,P2,"Only one external family supports the JLPT listing, but exact JMdict form is common; suitable after source/level check.",APPROVE_SOURCE_CHECK,exact JMdict form+reading verified; external JLPT family supports listing; level retained as estimated source-backed band,,N3,estimated-source-backed
たしか,たしか,N3,"{""N3"": 1}","{""community-independent"": ""N3""}",wordmaster,community-independent,1,kana/loanword,"certain, sure, if I remember correctly",same-reading-different-writing|same-jmdict-entry,確か,,確か,たしか,N4,たしか|慥か|確|確か,yes,SINGLE_SOURCE,yes,yes,yes,N4,yes,,adj-na:adjectival nouns or quasi-adjectives (keiyodoshi)|adv:adverb (fukushi),sure; certain; positive; definite; reliable; trustworthy,ADD_AFTER_SOURCE_CHECK,P2,"Only one external family supports the JLPT listing, but exact JMdict form is common; suitable after source/level check. JLPT level conflicts with JMdict/Waller enrichment; add the form but review level before publishing.",APPROVE_SOURCE_CHECK,exact JMdict form+reading verified; external JLPT family supports listing; level retained as estimated source-backed band,,N3,estimated-conflict
球,たま,N3,"{""N3"": 1}","{""waller-derived"": ""N3""}",waller,waller-derived,1,lexical,"globe,sphere,ball",same-reading-different-writing|same-writing-different-reading|same-jmdict-entry,偶|弾|玉,きゅう,弾|玉,たま,N1|N3,たま|弾|玉|珠|球|璧,yes,SINGLE_SOURCE,yes,no,yes,N3,no,"abbr:abbreviation | derog:derogatory | esp. 弾 | esp. 玉 | esp. 玉, 珠 | esp. 玉, 珠; also written as 璧 | esp. 球 | sl:slang | usu. だま","ctr:counter|n-suf:noun, used as a suffix|n:noun (common) (futsuumeishi)","ball; sphere; globe; orb; bead (of sweat, dew, etc.); drop",ADD_AFTER_SOURCE_CHECK,P2,"Only one external family supports the JLPT listing, but exact JMdict form is common; suitable after source/level check.",APPROVE_SOURCE_CHECK,exact JMdict form+reading verified; external JLPT family supports listing; level retained as estimated source-backed band,,N3,estimated-source-backed
ちょうだい,ちょうだい,N3,"{""N3"": 1}","{""community-independent"": ""N3""}",wordmaster,community-independent,1,kana/loanword,给我,same-reading-different-writing|same-jmdict-entry,頂戴,,頂戴,ちょうだい,N1,ちょうだい|ちょーだい|頂だい|頂戴|頂載,yes,SINGLE_SOURCE,yes,yes,yes,N1|N3,no,as 〜をちょうだい or after the -te form of a verb | fam:familiar language | fem:female term or language | hum:humble (kenjougo) language | uk:word usually written using kana alone,"adj-na:adjectival nouns or quasi-adjectives (keiyodoshi)|exp:expressions (phrases, clauses, etc.)|n:noun (common) (futsuumeishi)|vs:noun or participle which takes the aux. verb suru|vt:transitive verb",receiving; getting; accepting; being given; eating; drinking; long and large; tall and large; grand; huge,ADD_AFTER_SOURCE_CHECK,P2,"Only one external family supports the JLPT listing, but exact JMdict form is common; suitable after source/level check.",APPROVE_SOURCE_CHECK,exact JMdict form+reading verified; external JLPT family supports listing; level retained as estimated source-backed band; intended Traditional-Chinese learning sense explicitly pinned after source/JMdict comparison,給我；請給我,N3,estimated-source-backed
供,とも,N3,"{""N3"": 1}","{""community-independent"": ""N3""}",wordmaster,community-independent,1,lexical,陪伴,same-reading-different-writing,共|友,,,,,,yes,SINGLE_SOURCE,yes,yes,yes,,no,,n:noun (common) (futsuumeishi)|vs:noun or participle which takes the aux. verb suru|vt:transitive verb,companion; follower; attendant; retinue,ADD_AFTER_SOURCE_CHECK,P2,"Only one external family supports the JLPT listing, but exact JMdict form is common; suitable after source/level check.",APPROVE_SOURCE_CHECK,exact JMdict form+reading verified; external JLPT family supports listing; level retained as estimated source-backed band,,N3,estimated-source-backed
土曜,どよう,N3,"{""N3"": 1}","{""waller-derived"": ""N3""}",openjlpt|waller,waller-derived,1,lexical,Saturday,fully-absent,,,,,,,yes,SINGLE_SOURCE,yes,yes,yes,N3,no,,n:noun (common) (futsuumeishi),Saturday,ADD_AFTER_SOURCE_CHECK,P2,"Only one external family supports the JLPT listing, but exact JMdict form is common; suitable after source/level check.",APPROVE_SOURCE_CHECK,exact JMdict form+reading verified; external JLPT family supports listing; level retained as estimated source-backed band,,N3,estimated-source-backed
等,など,N3,"{""N3"": 1}","{""waller-derived"": ""N3""}",openjlpt|waller,waller-derived,1,lexical,et cetera; etc.; and the like,same-reading-different-writing|same-jmdict-entry,など,,など,など,N5,など|抔|等,yes,SINGLE_SOURCE,yes,yes,yes,N5,yes,after an approximate quote or vague suggestion | lessening the significance or value of the previous word | uk:word usually written using kana alone,prt:particle,et cetera; etc.; and the like; and so forth; or something; the likes of,ADD_AFTER_SOURCE_CHECK,P2,"Only one external family supports the JLPT listing, but exact JMdict form is common; suitable after source/level check. JLPT level conflicts with JMdict/Waller enrichment; add the form but review level before publishing.",APPROVE_SOURCE_CHECK,exact JMdict form+reading verified; external JLPT family supports listing; level retained as estimated source-backed band,,N3,estimated-conflict
日曜,にちよう,N3,"{""N3"": 1}","{""waller-derived"": ""N3""}",openjlpt|waller,waller-derived,1,lexical,Sunday,fully-absent,,,,,,,yes,SINGLE_SOURCE,yes,yes,yes,N3,no,,n:noun (common) (futsuumeishi),Sunday,ADD_AFTER_SOURCE_CHECK,P2,"Only one external family supports the JLPT listing, but exact JMdict form is common; suitable after source/level check.",APPROVE_SOURCE_CHECK,exact JMdict form+reading verified; external JLPT family supports listing; level retained as estimated source-backed band,,N3,estimated-source-backed
梅雨,ばいう,N3,"{""N3"": 1}","{""waller-derived"": ""N3""}",waller,waller-derived,1,lexical,"rainy season,rain during the rainy season",same-writing-different-reading|same-jmdict-entry,,つゆ,梅雨,つゆ,N3,つゆ|ばいう|梅雨|黴雨,yes,SINGLE_SOURCE,yes,yes,yes,N3,no,,n:noun (common) (futsuumeishi),"(East Asian) rainy season (in Japan, usu. from early June to mid-July); rain during the rainy season",ADD_AFTER_SOURCE_CHECK,P2,"Only one external family supports the JLPT listing, but exact JMdict form is common; suitable after source/level check.",APPROVE_SOURCE_CHECK,exact JMdict form+reading verified; external JLPT family supports listing; level retained as estimated source-backed band,,N3,estimated-source-backed
碑,ひ,N3,"{""N3"": 1}","{""community-independent"": ""N3""}",wordmaster,community-independent,1,lexical,stone monument bearing an inscription,same-reading-different-writing,妃|日|比|火|灯|費|非,,,,,,yes,SINGLE_SOURCE,yes,yes,no,N1,yes,,n:noun (common) (futsuumeishi),stone monument bearing an inscription (esp. memorial for future generations); stele; stela,ADD_AFTER_SOURCE_CHECK,P2,"Only one external family supports the JLPT listing, but exact JMdict form is common; suitable after source/level check. JLPT level conflicts with JMdict/Waller enrichment; add the form but review level before publishing.",APPROVE_SOURCE_CHECK,exact JMdict form+reading verified; external JLPT family supports listing; level retained as estimated source-backed band,,N3,estimated-conflict
木曜,もくよう,N3,"{""N3"": 1}","{""waller-derived"": ""N3""}",openjlpt|waller,waller-derived,1,lexical,Thursday,fully-absent,,,,,,,yes,SINGLE_SOURCE,yes,yes,yes,N3,no,,n:noun (common) (futsuumeishi),Thursday,ADD_AFTER_SOURCE_CHECK,P2,"Only one external family supports the JLPT listing, but exact JMdict form is common; suitable after source/level check.",APPROVE_SOURCE_CHECK,exact JMdict form+reading verified; external JLPT family supports listing; level retained as estimated source-backed band,,N3,estimated-source-backed
文字,もんじ,N3,"{""N3"": 1}","{""waller-derived"": ""N3""}",waller,waller-derived,1,lexical,"letter (of alphabet),character",same-writing-different-reading|same-jmdict-entry,,もじ,文字,もじ,N3,もじ|もんじ|文字,yes,SINGLE_SOURCE,yes,yes,no,N3,no,,n:noun (common) (futsuumeishi),letter (of an alphabet); character; writing,ADD_AFTER_SOURCE_CHECK,P2,"Only one external family supports the JLPT listing, but exact JMdict form is common; suitable after source/level check.",APPROVE_SOURCE_CHECK,exact JMdict form+reading verified; external JLPT family supports listing; level retained as estimated source-backed band,,N3,estimated-source-backed
言う,ゆう,N3,"{""N3"": 1}","{""waller-derived"": ""N3""}",openjlpt|waller,waller-derived,1,lexical,to say,same-reading-different-writing|same-writing-different-reading|same-jmdict-entry,夕|有|結う,いう,言う,いう,N5,いう|ゆう|云う|言う|謂う,yes,SINGLE_SOURCE,yes,yes,yes,N5,yes,,v5u:Godan verb with 'u' ending|vi:intransitive verb|vt:transitive verb,"to say; to utter; to declare; to name; to call; to go (e.g. ""the alarm went ping"")",ADD_AFTER_SOURCE_CHECK,P2,"Only one external family supports the JLPT listing, but exact JMdict form is common; suitable after source/level check. JLPT level conflicts with JMdict/Waller enrichment; add the form but review level before publishing.",APPROVE_SOURCE_CHECK,exact JMdict form+reading verified; external JLPT family supports listing; level retained as estimated source-backed band,,N3,estimated-conflict
宜しく,よろしく,N3,"{""N3"": 1}","{""waller-derived"": ""N3""}",openjlpt|waller,waller-derived,1,lexical,well; properly; suitably,same-reading-different-writing|same-jmdict-entry,よろしく,,よろしく,よろしく,N5,よろしく|宜しく|宜敷く|宣しく,yes,SINGLE_SOURCE,yes,yes,yes,N3,no,as ...よろしく | as よろしく…べし | uk:word usually written using kana alone,"adv:adverb (fukushi)|exp:expressions (phrases, clauses, etc.)",well; properly; suitably; best regards; please remember me; please treat me favorably (favourably),ADD_AFTER_SOURCE_CHECK,P2,"Only one external family supports the JLPT listing, but exact JMdict form is common; suitable after source/level check.",APPROVE_SOURCE_CHECK,exact JMdict form+reading verified; external JLPT family supports listing; level retained as estimated source-backed band,,N3,estimated-source-backed
来,らい,N3,"{""N3"": 1}","{""waller-derived"": ""N3""}",openjlpt|waller,waller-derived,1,lexical,for (10 days); next (year),fully-absent,,,,,,,yes,SINGLE_SOURCE,yes,yes,yes,N3,no,,pref:prefix|suf:suffix,"next (year, spring, etc.); coming; since (e.g. last month); for (e.g. 20 years)",ADD_AFTER_SOURCE_CHECK,P2,"Only one external family supports the JLPT listing, but exact JMdict form is common; suitable after source/level check.",APPROVE_SOURCE_CHECK,exact JMdict form+reading verified; external JLPT family supports listing; level retained as estimated source-backed band,,N3,estimated-source-backed
あいかわらず,あいかわらず,N2,"{""N2"": 1}","{""waller-derived"": ""N2""}",waller,waller-derived,1,kana/loanword,"as ever,as usual,the same",same-reading-different-writing|same-jmdict-entry,相変わらず,,相変わらず,あいかわらず,N3,あいかわらず|あい変らず|あい変わらず|相かわらず|相不変|相変らず|相変わらず,yes,SINGLE_SOURCE,yes,yes,yes,N2,no,,adj-no:nouns which may take the genitive case particle 'no'|adv:adverb (fukushi),as usual; as always; as before; as ever; still,ADD_AFTER_SOURCE_CHECK,P2,"Only one external family supports the JLPT listing, but exact JMdict form is common; suitable after source/level check.",APPROVE_SOURCE_CHECK,exact JMdict form+reading verified; external JLPT family supports listing; level retained as estimated source-backed band,,N2,estimated-source-backed
アイディア,アイディア,N2,"{""N2"": 1}","{""waller-derived"": ""N2""}",waller,waller-derived,1,kana/loanword,idea,same-jmdict-entry,,,アイデア,アイデア,N4,アィディア|アイデア|アイディア,yes,SINGLE_SOURCE,yes,yes,yes,N2,no,,n:noun (common) (futsuumeishi),idea,ADD_AFTER_SOURCE_CHECK,P2,"Only one external family supports the JLPT listing, but exact JMdict form is common; suitable after source/level check.",APPROVE_SOURCE_CHECK,exact JMdict form+reading verified; external JLPT family supports listing; level retained as estimated source-backed band,,N2,estimated-source-backed
あいまい,あいまい,N2,"{""N2"": 1}","{""community-independent"": ""N2""}",wordmaster,community-independent,1,kana/loanword,"vague, ambiguous",same-reading-different-writing|same-jmdict-entry,曖昧,,曖昧,あいまい,N2,あいまい|あい昧|曖昧,yes,SINGLE_SOURCE,yes,yes,yes,N2,no,,adj-na:adjectival nouns or quasi-adjectives (keiyodoshi)|n:noun (common) (futsuumeishi),vague; ambiguous; unclear; shady; disreputable; fuzzy,ADD_AFTER_SOURCE_CHECK,P2,"Only one external family supports the JLPT listing, but exact JMdict form is common; suitable after source/level check.",APPROVE_SOURCE_CHECK,exact JMdict form+reading verified; external JLPT family supports listing; level retained as estimated source-backed band,,N2,estimated-source-backed
明き,あき,N2,"{""N2"": 1}","{""waller-derived"": ""N2""}",openjlpt|waller,waller-derived,1,lexical,room; time to spare; emptiness,same-reading-different-writing|same-jmdict-entry,安芸|秋|空き|飽き,,空き,あき,N3,あき|明き|空き,yes,SINGLE_SOURCE,yes,no,yes,N3,yes,,adj-no:nouns which may take the genitive case particle 'no'|n:noun (common) (futsuumeishi),space; room; gap; emptiness; vacancy; opening,ADD_AFTER_SOURCE_CHECK,P2,"Only one external family supports the JLPT listing, but exact JMdict form is common; suitable after source/level check. JLPT level conflicts with JMdict/Waller enrichment; add the form but review level before publishing.",APPROVE_SOURCE_CHECK,exact JMdict form+reading verified; external JLPT family supports listing; level retained as estimated source-backed band,,N2,estimated-conflict
あたりまえ,あたりまえ,N2,"{""N2"": 1}","{""waller-derived"": ""N2""}",waller,waller-derived,1,kana/loanword,"usual,common,ordinary",same-reading-different-writing|same-jmdict-entry,当たり前,,当たり前,あたりまえ,N4,あたりまえ|あたりめえ|あたりめー|あたり前|あったりめー|当たりめー|当たり前|当りまえ|当り前,yes,SINGLE_SOURCE,yes,yes,yes,N2,no,,adj-na:adjectival nouns or quasi-adjectives (keiyodoshi)|adj-no:nouns which may take the genitive case particle 'no'|n:noun (common) (futsuumeishi),natural; reasonable; obvious; usual; common; ordinary,ADD_AFTER_SOURCE_CHECK,P2,"Only one external family supports the JLPT listing, but exact JMdict form is common; suitable after source/level check.",APPROVE_SOURCE_CHECK,exact JMdict form+reading verified; external JLPT family supports listing; level retained as estimated source-backed band,,N2,estimated-source-backed
あてはまる,あてはまる,N2,"{""N2"": 1}","{""waller-derived"": ""N2""}",waller,waller-derived,1,kana/loanword,"to be applicable,to come under (a category),to fulfill",same-reading-different-writing|same-jmdict-entry,当てはまる|当て嵌まる,,当てはまる|当て嵌まる,あてはまる,N1|N2,あてはまる|当てはまる|当て嵌まる,yes,SINGLE_SOURCE,yes,yes,yes,N2,no,uk:word usually written using kana alone,v5r:Godan verb with 'ru' ending|vi:intransitive verb,"to apply (of a rule); to be applicable (of standards, lessons, ideas, etc.); to hold true (e.g. of a description); to fit; to be suitable (e.g. of a word); to meet (requirements)",ADD_AFTER_SOURCE_CHECK,P2,"Only one external family supports the JLPT listing, but exact JMdict form is common; suitable after source/level check.",APPROVE_SOURCE_CHECK,exact JMdict form+reading verified; external JLPT family supports listing; level retained as estimated source-backed band,,N2,estimated-source-backed
あてはめる,あてはめる,N2,"{""N2"": 1}","{""waller-derived"": ""N2""}",waller,waller-derived,1,kana/loanword,"to apply,to adapt",same-reading-different-writing|same-jmdict-entry,当てはめる,,当てはめる,あてはめる,N1,あてはめる|当てはめる|当て嵌める,yes,SINGLE_SOURCE,yes,yes,yes,N2,no,,v1:Ichidan verb|vt:transitive verb,to apply; to adapt,ADD_AFTER_SOURCE_CHECK,P2,"Only one external family supports the JLPT listing, but exact JMdict form is common; suitable after source/level check.",APPROVE_SOURCE_CHECK,exact JMdict form+reading verified; external JLPT family supports listing; level retained as estimated source-backed band,,N2,estimated-source-backed
編物,あみもの,N2,"{""N2"": 1}","{""waller-derived"": ""N2""}",openjlpt|waller,waller-derived,1,lexical,knitting; web,same-reading-different-writing|same-jmdict-entry,編み物,,編み物,あみもの,N1,あみもの|編みもの|編み物|編もの|編物,yes,SINGLE_SOURCE,yes,yes,yes,N2,no,,adj-no:nouns which may take the genitive case particle 'no'|n:noun (common) (futsuumeishi),knitting; knitted material; crochet,ADD_AFTER_SOURCE_CHECK,P2,"Only one external family supports the JLPT listing, but exact JMdict form is common; suitable after source/level check.",APPROVE_SOURCE_CHECK,exact JMdict form+reading verified; external JLPT family supports listing; level retained as estimated source-backed band,,N2,estimated-source-backed
あわてる,あわてる,N2,"{""N2"": 1}","{""waller-derived"": ""N2""}",waller,waller-derived,1,kana/loanword,to become confused,same-reading-different-writing|same-jmdict-entry,慌てる,,慌てる,あわてる,N3,あわてる|周章てる|慌てる,yes,SINGLE_SOURCE,yes,yes,yes,N2,no,usu. 慌てて,v1:Ichidan verb|vi:intransitive verb,"to become confused (disconcerted, disorganized, disorganised); to be flustered; to panic; to hurry; to rush; to hasten",ADD_AFTER_SOURCE_CHECK,P2,"Only one external family supports the JLPT listing, but exact JMdict form is common; suitable after source/level check.",APPROVE_SOURCE_CHECK,exact JMdict form+reading verified; external JLPT family supports listing; level retained as estimated source-backed band,,N2,estimated-source-backed
いってらっしゃい,いってらっしゃい,N2,"{""N2"": 1}","{""waller-derived"": ""N2""}",waller,waller-derived,1,kana/loanword,,fully-absent,,,,,,,yes,SINGLE_SOURCE,yes,yes,yes,N2,no,often in response to いってきます | uk:word usually written using kana alone,int:interjection (kandoushi),have a good day; take care; see you,ADD_AFTER_SOURCE_CHECK,P2,"Only one external family supports the JLPT listing, but exact JMdict form is common; suitable after source/level check.",APPROVE_SOURCE_CHECK,exact JMdict form+reading verified; external JLPT family supports listing; level retained as estimated source-backed band,,N2,estimated-source-backed
行ってらっしゃい,いってらっしゃい,N2,"{""N2"": 1}","{""community-independent"": ""N2""}",wordmaster,community-independent,1,lexical,"have a nice day, see you",fully-absent,,,,,,,yes,SINGLE_SOURCE,yes,yes,yes,N2,no,often in response to いってきます | uk:word usually written using kana alone,int:interjection (kandoushi),have a good day; take care; see you,ADD_AFTER_SOURCE_CHECK,P2,"Only one external family supports the JLPT listing, but exact JMdict form is common; suitable after source/level check.",APPROVE_SOURCE_CHECK,exact JMdict form+reading verified; external JLPT family supports listing; level retained as estimated source-backed band,,N2,estimated-source-backed
追い掛ける,おいかける,N2,"{""N2"": 1}","{""waller-derived"": ""N2""}",openjlpt|waller,waller-derived,1,lexical,to chase or run after someone; to run down; to pursue,same-reading-different-writing|same-jmdict-entry,追いかける,,追いかける,おいかける,N2,おいかける|追いかける|追い掛ける|追い駆ける|追掛ける,yes,SINGLE_SOURCE,yes,no,yes,N2,no,as 追いかけて or 追いかけるように,v1:Ichidan verb|vt:transitive verb,to chase; to run after; to pursue; subsequently; following that; (and) then,ADD_AFTER_SOURCE_CHECK,P2,"Only one external family supports the JLPT listing, but exact JMdict form is common; suitable after source/level check.",APPROVE_SOURCE_CHECK,exact JMdict form+reading verified; external JLPT family supports listing; level retained as estimated source-backed band,,N2,estimated-source-backed
おくさん,おくさん,N2,"{""N2"": 1}","{""waller-derived"": ""N2""}",waller,waller-derived,1,kana/loanword,"(hon) wife,your wife,madam",same-reading-different-writing|same-jmdict-entry,奥さん,,奥さん,おくさん,N5,おくさん|奥さん,yes,SINGLE_SOURCE,yes,yes,yes,N5,yes,hon:honorific or respectful (sonkeigo) language,n:noun (common) (futsuumeishi),wife; your wife; his wife; married lady; madam,ADD_AFTER_SOURCE_CHECK,P2,"Only one external family supports the JLPT listing, but exact JMdict form is common; suitable after source/level check. JLPT level conflicts with JMdict/Waller enrichment; add the form but review level before publishing.",APPROVE_SOURCE_CHECK,exact JMdict form+reading verified; external JLPT family supports listing; level retained as estimated source-backed band,,N2,estimated-conflict
おさきに,おさきに,N2,"{""N2"": 1}","{""waller-derived"": ""N2""}",waller,waller-derived,1,kana/loanword,"before,ahead,previously",fully-absent,,,,,,,yes,SINGLE_SOURCE,yes,yes,yes,N2,no,abbr:abbreviation | pol:polite (teineigo) language,"adv:adverb (fukushi)|exp:expressions (phrases, clauses, etc.)",before; previously; ahead; pardon me for leaving (before you),ADD_AFTER_SOURCE_CHECK,P2,"Only one external family supports the JLPT listing, but exact JMdict form is common; suitable after source/level check.",APPROVE_SOURCE_CHECK,exact JMdict form+reading verified; external JLPT family supports listing; level retained as estimated source-backed band,,N2,estimated-source-backed
おしゃれ,おしゃれ,N2,"{""N2"": 1}","{""waller-derived"": ""N2""}",waller,waller-derived,1,kana/loanword,"smartly dressed,someone smartly dressed,fashion-conscious",same-reading-different-writing|same-jmdict-entry,お洒落,,お洒落,おしゃれ,N2,おしゃれ|お洒落|オシャレ|御洒落,yes,SINGLE_SOURCE,yes,yes,yes,N2,no,uk:word usually written using kana alone,adj-na:adjectival nouns or quasi-adjectives (keiyodoshi)|n:noun (common) (futsuumeishi)|vi:intransitive verb|vs:noun or participle which takes the aux. verb suru,stylish; fashionable; trendy; chic; smartly dressed; careful about one's appearance,ADD_AFTER_SOURCE_CHECK,P2,"Only one external family supports the JLPT listing, but exact JMdict form is common; suitable after source/level check.",APPROVE_SOURCE_CHECK,exact JMdict form+reading verified; external JLPT family supports listing; level retained as estimated source-backed band,,N2,estimated-source-backed
伯父,おじ,N2,"{""N2"": 1}","{""community-independent"": ""N2""}",wordmaster,community-independent,1,lexical,伯父,same-reading-different-writing|same-jmdict-entry,おじ|叔父,,おじ|叔父,おじ,N1|N5,おじ|しゅくふ|はくふ|伯父|叔父,yes,SINGLE_SOURCE,yes,yes,yes,,no,伯父 or 叔父 respectively can mean older or younger than one's parent,n:noun (common) (futsuumeishi),uncle,ADD_AFTER_SOURCE_CHECK,P2,"Only one external family supports the JLPT listing, but exact JMdict form is common; suitable after source/level check.",APPROVE_SOURCE_CHECK,exact JMdict form+reading verified; external JLPT family supports listing; level retained as estimated source-backed band,,N2,estimated-source-backed
御辞儀,おじぎ,N2,"{""N2"": 1}","{""waller-derived"": ""N2""}",openjlpt|waller,waller-derived,1,lexical,bow,same-reading-different-writing|same-jmdict-entry,お辞儀,,お辞儀,おじぎ,N3,おじぎ|お辞儀|御辞儀,yes,SINGLE_SOURCE,yes,no,yes,N2,no,pol:polite (teineigo) language,n:noun (common) (futsuumeishi)|vi:intransitive verb|vs:noun or participle which takes the aux. verb suru,bow; bowing,ADD_AFTER_SOURCE_CHECK,P2,"Only one external family supports the JLPT listing, but exact JMdict form is common; suitable after source/level check.",APPROVE_SOURCE_CHECK,exact JMdict form+reading verified; external JLPT family supports listing; level retained as estimated source-backed band,,N2,estimated-source-backed
おだいじに,おだいじに,N2,"{""N2"": 1}","{""waller-derived"": ""N2""}",waller,waller-derived,1,kana/loanword,Take care of yourself,same-reading-different-writing|same-jmdict-entry,お大事に,,お大事に,おだいじに,N2,おだいじに|お大事に,yes,SINGLE_SOURCE,yes,yes,yes,N2,no,,"exp:expressions (phrases, clauses, etc.)",take care of yourself; get well soon,ADD_AFTER_SOURCE_CHECK,P2,"Only one external family supports the JLPT listing, but exact JMdict form is common; suitable after source/level check.",APPROVE_SOURCE_CHECK,exact JMdict form+reading verified; external JLPT family supports listing; level retained as estimated source-backed band,,N2,estimated-source-backed
御手洗,おてあらい,N2,"{""N2"": 1}","{""waller-derived"": ""N2""}",openjlpt,waller-derived,1,lexical,font of purifying water placed at entrance of shrine,same-reading-different-writing|same-jmdict-entry,お手洗い,,お手洗い,おてあらい,N5,おてあらい|お手洗い|御手洗|御手洗い,yes,SINGLE_SOURCE,yes,no,yes,N5,yes,,n:noun (common) (futsuumeishi),toilet; restroom; lavatory; bathroom,ADD_AFTER_SOURCE_CHECK,P2,"Only one external family supports the JLPT listing, but exact JMdict form is common; suitable after source/level check. JLPT level conflicts with JMdict/Waller enrichment; add the form but review level before publishing.",APPROVE_SOURCE_CHECK,exact JMdict form+reading verified; external JLPT family supports listing; level retained as estimated source-backed band; intended Traditional-Chinese learning sense explicitly pinned after source/JMdict comparison,洗手間；廁所,N2,estimated-conflict
おとなしい,おとなしい,N2,"{""N2"": 1}","{""waller-derived"": ""N2""}",waller,waller-derived,1,kana/loanword,"obedient,docile,quiet",same-reading-different-writing|same-jmdict-entry,大人しい,,大人しい,おとなしい,N4,おとなしい|大人しい|温和しい|温柔しい,yes,SINGLE_SOURCE,yes,yes,yes,N2,no,uk:word usually written using kana alone,adj-i:adjective (keiyoushi),gentle; quiet; mild; meek; obedient; docile,ADD_AFTER_SOURCE_CHECK,P2,"Only one external family supports the JLPT listing, but exact JMdict form is common; suitable after source/level check.",APPROVE_SOURCE_CHECK,exact JMdict form+reading verified; external JLPT family supports listing; level retained as estimated source-backed band,,N2,estimated-source-backed
おどかす,おどかす,N2,"{""N2"": 1}","{""waller-derived"": ""N2""}",waller,waller-derived,1,kana/loanword,"to threaten,to coerce",same-reading-different-writing|same-jmdict-entry,脅かす,,脅かす,おどかす,N1,おどかす|嚇かす|威かす|脅かす,yes,SINGLE_SOURCE,yes,yes,yes,N2,no,,v5s:Godan verb with 'su' ending|vt:transitive verb,to threaten; to menace; to intimidate; to startle; to frighten; to scare,ADD_AFTER_SOURCE_CHECK,P2,"Only one external family supports the JLPT listing, but exact JMdict form is common; suitable after source/level check.",APPROVE_SOURCE_CHECK,exact JMdict form+reading verified; external JLPT family supports listing; level retained as estimated source-backed band,,N2,estimated-source-backed
伯母,おば,N2,"{""N2"": 1}","{""community-independent"": ""N2""}",wordmaster,community-independent,1,lexical,(humble) aunt (older than one's parent),same-reading-different-writing|same-jmdict-entry,おば|叔母,,おば|叔母,おば,N5,おば|しゅくぼ|はくぼ|伯母|叔母,yes,SINGLE_SOURCE,yes,yes,yes,,no,伯母 can mean older and 叔母 can mean younger than one's parent,n:noun (common) (futsuumeishi),aunt,ADD_AFTER_SOURCE_CHECK,P2,"Only one external family supports the JLPT listing, but exact JMdict form is common; suitable after source/level check.",APPROVE_SOURCE_CHECK,exact JMdict form+reading verified; external JLPT family supports listing; level retained as estimated source-backed band,,N2,estimated-source-backed
おまたせしました,おまたせしました,N2,"{""N2"": 1}","{""waller-derived"": ""N2""}",waller,waller-derived,1,kana/loanword,Sorry to have kept you waiting,same-reading-different-writing|same-jmdict-entry,お待たせしました,,お待たせしました,おまたせしました,N2,おまたせしました|お待たせしました,yes,SINGLE_SOURCE,yes,yes,yes,N2,no,pol:polite (teineigo) language,"exp:expressions (phrases, clauses, etc.)",thank you for waiting; sorry to have kept you waiting,ADD_AFTER_SOURCE_CHECK,P2,"Only one external family supports the JLPT listing, but exact JMdict form is common; suitable after source/level check.",APPROVE_SOURCE_CHECK,exact JMdict form+reading verified; external JLPT family supports listing; level retained as estimated source-backed band,,N2,estimated-source-backed
おやすみ,おやすみ,N2,"{""N2"": 1}","{""waller-derived"": ""N2""}",waller,waller-derived,1,kana/loanword,"(1) holiday,absence,rest,(2) (exp) Good night",fully-absent,,,,,,,yes,SINGLE_SOURCE,yes,yes,yes,N2,no,abbr:abbreviation | hon:honorific or respectful (sonkeigo) language | pol:polite (teineigo) language | uk:word usually written using kana alone,int:interjection (kandoushi)|n:noun (common) (futsuumeishi),holiday; day off; absence; sleep; rest; good night,ADD_AFTER_SOURCE_CHECK,P2,"Only one external family supports the JLPT listing, but exact JMdict form is common; suitable after source/level check.",APPROVE_SOURCE_CHECK,exact JMdict form+reading verified; external JLPT family supports listing; level retained as estimated source-backed band,,N2,estimated-source-backed
個所,かしょ,N2,"{""N2"": 1}","{""waller-derived"": ""N2""}",openjlpt|waller,waller-derived,1,lexical,passage; place; point,same-reading-different-writing|same-jmdict-entry,箇所,,箇所,かしょ,N3,かしょ|か所|カ所|ケ所|ヵ所|ヶ所|個所|箇所,yes,SINGLE_SOURCE,yes,yes,yes,N2,no,,ctr:counter|n:noun (common) (futsuumeishi),place; point; part; spot; area; passage,ADD_AFTER_SOURCE_CHECK,P2,"Only one external family supports the JLPT listing, but exact JMdict form is common; suitable after source/level check.",APPROVE_SOURCE_CHECK,exact JMdict form+reading verified; external JLPT family supports listing; level retained as estimated source-backed band,,N2,estimated-source-backed
請う,こう,N2,"{""N2"": 1}","{""waller-derived"": ""N2""}",openjlpt|waller,waller-derived,1,lexical,to ask; to request,same-reading-different-writing|same-jmdict-entry,こう|乞う|侯|校|甲|稿|高|黄,,こう|乞う,こう,N2|N5,こう|乞う|請う,yes,SINGLE_SOURCE,yes,no,yes,N2,no,,v5u-s:Godan verb with 'u' ending (special class)|vt:transitive verb,to beg; to ask; to request; to invite; to pray; to wish,ADD_AFTER_SOURCE_CHECK,P2,"Only one external family supports the JLPT listing, but exact JMdict form is common; suitable after source/level check.",APPROVE_SOURCE_CHECK,exact JMdict form+reading verified; external JLPT family supports listing; level retained as estimated source-backed band,,N2,estimated-source-backed
ごくろうさま,ごくろうさま,N2,"{""N2"": 1}","{""waller-derived"": ""N2""}",waller,waller-derived,1,kana/loanword,Thank you very much for your....,fully-absent,,,,,,,yes,SINGLE_SOURCE,yes,yes,yes,N2,no,pol:polite (teineigo) language | usu. to one's subordinate,"adj-na:adjectival nouns or quasi-adjectives (keiyodoshi)|exp:expressions (phrases, clauses, etc.)",thank you (for your hard work); I appreciate your efforts,ADD_AFTER_SOURCE_CHECK,P2,"Only one external family supports the JLPT listing, but exact JMdict form is common; suitable after source/level check.",APPROVE_SOURCE_CHECK,exact JMdict form+reading verified; external JLPT family supports listing; level retained as estimated source-backed band,,N2,estimated-source-backed
御馳走,ごちそう,N2,"{""N2"": 1}","{""waller-derived"": ""N2""}",openjlpt|waller,waller-derived,1,lexical,feast; treating (someone),same-reading-different-writing|same-jmdict-entry,ごちそう|ご馳走,,ごちそう|ご馳走,ごちそう,N3|N4,ごちそう|ご馳走|御馳走,yes,SINGLE_SOURCE,yes,no,yes,N4,yes,pol:polite (teineigo) language,n:noun (common) (futsuumeishi)|vs:noun or participle which takes the aux. verb suru|vt:transitive verb,treat (esp. food and drink); entertainment; treating someone (to a meal); taking someone to dinner; gorgeous dinner; feast,ADD_AFTER_SOURCE_CHECK,P2,"Only one external family supports the JLPT listing, but exact JMdict form is common; suitable after source/level check. JLPT level conflicts with JMdict/Waller enrichment; add the form but review level before publishing.",APPROVE_SOURCE_CHECK,exact JMdict form+reading verified; external JLPT family supports listing; level retained as estimated source-backed band,,N2,estimated-conflict
明明後日,しあさって,N2,"{""N2"": 1}","{""community-independent"": ""N2""}",wordmaster,community-independent,1,lexical,two days after tomorrow,same-reading-different-writing|same-jmdict-entry,しあさって|明々後日,,しあさって|明々後日,しあさって,N1|N2,しあさって|みょうみょうごにち|明々後日|明明後日,yes,SINGLE_SOURCE,yes,no,yes,N2,no,,adv:adverb (fukushi)|n:noun (common) (futsuumeishi),in three days' time; two days after tomorrow,ADD_AFTER_SOURCE_CHECK,P2,"Only one external family supports the JLPT listing, but exact JMdict form is common; suitable after source/level check.",APPROVE_SOURCE_CHECK,exact JMdict form+reading verified; external JLPT family supports listing; level retained as estimated source-backed band,,N2,estimated-source-backed
しいん,しいん,N2,"{""N2"": 1}","{""waller-derived"": ""N2""}",waller,waller-derived,1,kana/loanword,"silent (as the grave),(deathly) quiet",same-jmdict-entry,,,しーん|シーン,しーん|シーン,N2,しいん|しーん|シーン,yes,SINGLE_SOURCE,yes,yes,yes,N2,no,on-mim:onomatopoeic or mimetic word,adv-to:adverb taking the 'to' particle|adv:adverb (fukushi)|n:noun (common) (futsuumeishi)|vs:noun or participle which takes the aux. verb suru,cause of death; silently (as the grave); quietly (as in death),ADD_AFTER_SOURCE_CHECK,P2,"Only one external family supports the JLPT listing, but exact JMdict form is common; suitable after source/level check.",APPROVE_SOURCE_CHECK,exact JMdict form+reading verified; external JLPT family supports listing; level retained as estimated source-backed band; intended Traditional-Chinese learning sense explicitly pinned after source/JMdict comparison,寂靜無聲；鴉雀無聲,N2,estimated-source-backed
水曜,すいよう,N2,"{""N2"": 1}","{""waller-derived"": ""N2""}",openjlpt|waller,waller-derived,1,lexical,Wednesday,fully-absent,,,,,,,yes,SINGLE_SOURCE,yes,yes,yes,N2,no,,n:noun (common) (futsuumeishi),Wednesday,ADD_AFTER_SOURCE_CHECK,P2,"Only one external family supports the JLPT listing, but exact JMdict form is common; suitable after source/level check.",APPROVE_SOURCE_CHECK,exact JMdict form+reading verified; external JLPT family supports listing; level retained as estimated source-backed band,,N2,estimated-source-backed
ただいま,ただいま,N2,"{""N2"": 1}","{""community-independent"": ""N2""}",wordmaster,community-independent,1,kana/loanword,我回来了,same-reading-different-writing|same-jmdict-entry,ただ今|只今,,ただ今|只今,ただいま,N1|N5,ただいま|ただ今|只今|唯今,yes,SINGLE_SOURCE,yes,yes,yes,,no,abbr:abbreviation | uk:word usually written using kana alone,adv:adverb (fukushi)|int:interjection (kandoushi)|n:noun (common) (futsuumeishi),I'm home!; I'm back!; it's me!; now; at present; at the moment,ADD_AFTER_SOURCE_CHECK,P2,"Only one external family supports the JLPT listing, but exact JMdict form is common; suitable after source/level check.",APPROVE_SOURCE_CHECK,exact JMdict form+reading verified; external JLPT family supports listing; level retained as estimated source-backed band,,N2,estimated-source-backed
浸ける,つける,N2,"{""N2"": 1}","{""waller-derived"": ""N2""}",openjlpt|waller,waller-derived,1,lexical,to dip in; to soak,same-reading-different-writing|same-jmdict-entry,付ける|就ける|漬ける|点[つ]ける|着ける,,漬ける,つける,N2,つける|浸ける|漬ける,yes,SINGLE_SOURCE,yes,no,yes,N4,yes,,v1:Ichidan verb|vt:transitive verb,"to soak (in); to steep; to dip; to dunk; to pickle; to preserve (in salt, vinegar, etc.)",ADD_AFTER_SOURCE_CHECK,P2,"Only one external family supports the JLPT listing, but exact JMdict form is common; suitable after source/level check. JLPT level conflicts with JMdict/Waller enrichment; add the form but review level before publishing.",APPROVE_SOURCE_CHECK,exact JMdict form+reading verified; external JLPT family supports listing; level retained as estimated source-backed band,,N2,estimated-conflict
点ける,つける,N2,"{""N2"": 1}","{""waller-derived"": ""N2""}",openjlpt|waller,waller-derived,1,lexical,to turn on; to switch on; to light up,same-reading-different-writing,付ける|就ける|漬ける|点[つ]ける|着ける,,,,,,yes,SINGLE_SOURCE,yes,yes,yes,N2,no,uk:word usually written using kana alone,v1:Ichidan verb|vt:transitive verb,to turn on; to switch on; to light up,ADD_AFTER_SOURCE_CHECK,P2,"Only one external family supports the JLPT listing, but exact JMdict form is common; suitable after source/level check.",APPROVE_SOURCE_CHECK,exact JMdict form+reading verified; external JLPT family supports listing; level retained as estimated source-backed band,,N2,estimated-source-backed
出掛ける,でかける,N2,"{""N2"": 1}","{""waller-derived"": ""N2""}",openjlpt|waller,waller-derived,1,lexical,to depart; to set out; to start,same-reading-different-writing|same-jmdict-entry,出かける,,出かける,でかける,N4,でかける|出かける|出掛ける,yes,SINGLE_SOURCE,yes,yes,yes,N5,yes,,v1:Ichidan verb|vi:intransitive verb,to go out (e.g. on an excursion or outing); to leave; to depart; to start; to set out; to be about to leave,ADD_AFTER_SOURCE_CHECK,P2,"Only one external family supports the JLPT listing, but exact JMdict form is common; suitable after source/level check. JLPT level conflicts with JMdict/Waller enrichment; add the form but review level before publishing.",APPROVE_SOURCE_CHECK,exact JMdict form+reading verified; external JLPT family supports listing; level retained as estimated source-backed band,,N2,estimated-conflict
どなる,どなる,N2,"{""N2"": 1}","{""waller-derived"": ""N2""}",waller,waller-derived,1,kana/loanword,"to shout,to yell",same-reading-different-writing|same-jmdict-entry,怒鳴る,,怒鳴る,どなる,N3,どなる|呶鳴る|怒鳴る,yes,SINGLE_SOURCE,yes,yes,yes,N2,no,,v5r:Godan verb with 'ru' ending|vi:intransitive verb,to shout (in anger); to yell,ADD_AFTER_SOURCE_CHECK,P2,"Only one external family supports the JLPT listing, but exact JMdict form is common; suitable after source/level check.",APPROVE_SOURCE_CHECK,exact JMdict form+reading verified; external JLPT family supports listing; level retained as estimated source-backed band,,N2,estimated-source-backed
永い,ながい,N2,"{""N2"": 1}","{""waller-derived"": ""N2""}",openjlpt|waller,waller-derived,1,lexical,long; lengthy,same-reading-different-writing|same-jmdict-entry,長い|長居,,長い,ながい,N5,ながい|ながーい|なげー|なっがい|永い|長い,yes,SINGLE_SOURCE,yes,no,yes,N5,yes,,adj-i:adjective (keiyoushi),"long (distance, length); long (time); protracted; prolonged",ADD_AFTER_SOURCE_CHECK,P2,"Only one external family supports the JLPT listing, but exact JMdict form is common; suitable after source/level check. JLPT level conflicts with JMdict/Waller enrichment; add the form but review level before publishing.",APPROVE_SOURCE_CHECK,exact JMdict form+reading verified; external JLPT family supports listing; level retained as estimated source-backed band,,N2,estimated-conflict
なぐる,なぐる,N2,"{""N2"": 1}","{""waller-derived"": ""N2""}",waller,waller-derived,1,kana/loanword,"to strike,to hit",same-reading-different-writing|same-jmdict-entry,殴る,,殴る,なぐる,N3,なぐる|撲る|擲る|殴る,yes,SINGLE_SOURCE,yes,yes,yes,N2,no,,v5r:Godan verb with 'ru' ending|vt:transitive verb,to strike; to hit; to beat; to punch,ADD_AFTER_SOURCE_CHECK,P2,"Only one external family supports the JLPT listing, but exact JMdict form is common; suitable after source/level check.",APPROVE_SOURCE_CHECK,exact JMdict form+reading verified; external JLPT family supports listing; level retained as estimated source-backed band,,N2,estimated-source-backed
乗り越し,のりこし,N2,"{""N2"": 1}","{""community-independent"": ""N2""}",wordmaster,community-independent,1,lexical,riding past (one's station),fully-absent,,,,,,,yes,SINGLE_SOURCE,yes,yes,yes,,no,,n:noun (common) (futsuumeishi),riding past (one's station),ADD_AFTER_SOURCE_CHECK,P2,"Only one external family supports the JLPT listing, but exact JMdict form is common; suitable after source/level check.",APPROVE_SOURCE_CHECK,exact JMdict form+reading verified; external JLPT family supports listing; level retained as estimated source-backed band,,N2,estimated-source-backed
引出す,ひきだす,N2,"{""N2"": 1}","{""waller-derived"": ""N2""}",openjlpt|waller,waller-derived,1,lexical,to pull out; to take out; to draw out,same-reading-different-writing|same-jmdict-entry,引き出す,,引き出す,ひきだす,N3,ひきだす|引きだす|引き出す|引出す,yes,SINGLE_SOURCE,yes,yes,yes,N4,yes,,v5s:Godan verb with 'su' ending|vt:transitive verb,to pull out; to take out; to draw out; to lead out (e.g. a horse from a stable); to summon (e.g. to court); to bring (e.g. someone to the negotiating table),ADD_AFTER_SOURCE_CHECK,P2,"Only one external family supports the JLPT listing, but exact JMdict form is common; suitable after source/level check. JLPT level conflicts with JMdict/Waller enrichment; add the form but review level before publishing.",APPROVE_SOURCE_CHECK,exact JMdict form+reading verified; external JLPT family supports listing; level retained as estimated source-backed band,,N2,estimated-conflict
殖える,ふえる,N2,"{""N2"": 1}","{""waller-derived"": ""N2""}",openjlpt|waller,waller-derived,1,lexical,to increase; to multiply,same-reading-different-writing|same-jmdict-entry,増える,,増える,ふえる,N4,ふえる|増える|殖える,yes,SINGLE_SOURCE,yes,yes,yes,N4,yes,殖える usu. refers to population growth or capital appreciation,v1:Ichidan verb|vi:intransitive verb,to increase; to multiply,ADD_AFTER_SOURCE_CHECK,P2,"Only one external family supports the JLPT listing, but exact JMdict form is common; suitable after source/level check. JLPT level conflicts with JMdict/Waller enrichment; add the form but review level before publishing.",APPROVE_SOURCE_CHECK,exact JMdict form+reading verified; external JLPT family supports listing; level retained as estimated source-backed band,,N2,estimated-conflict
へそ,へそ,N2,"{""N2"": 1}","{""community-independent"": ""N2""}",wordmaster,community-independent,1,kana/loanword,"navel, belly-button",same-reading-different-writing|same-jmdict-entry,臍,,臍,へそ,N2,へそ|ほぞ|ヘソ|臍|𦜝,yes,SINGLE_SOURCE,yes,yes,yes,N2,no,uk:word usually written using kana alone,n:noun (common) (futsuumeishi),navel; belly button; protrusion or depression in the middle of an object; center; centre; most important part,ADD_AFTER_SOURCE_CHECK,P2,"Only one external family supports the JLPT listing, but exact JMdict form is common; suitable after source/level check.",APPROVE_SOURCE_CHECK,exact JMdict form+reading verified; external JLPT family supports listing; level retained as estimated source-backed band,,N2,estimated-source-backed
ほどく,ほどく,N2,"{""N2"": 1}","{""waller-derived"": ""N2""}",waller,waller-derived,1,kana/loanword,to unfasten,same-reading-different-writing|same-jmdict-entry,解く,,解く,ほどく,N2,ほどく|解く,yes,SINGLE_SOURCE,yes,yes,yes,N2,no,uk:word usually written using kana alone,v5k:Godan verb with 'ku' ending|vt:transitive verb,to undo; to untie; to unfasten; to unlace; to unravel; to loosen,ADD_AFTER_SOURCE_CHECK,P2,"Only one external family supports the JLPT listing, but exact JMdict form is common; suitable after source/level check.",APPROVE_SOURCE_CHECK,exact JMdict form+reading verified; external JLPT family supports listing; level retained as estimated source-backed band,,N2,estimated-source-backed
向う,むかう,N2,"{""N2"": 1}","{""waller-derived"": ""N2""}",openjlpt|waller,waller-derived,1,lexical,(v5u) to face; to go towards,same-reading-different-writing|same-jmdict-entry,向かう,,向かう,むかう,N3,むかう|向う|向かう|対う,yes,SINGLE_SOURCE,yes,no,yes,N4,yes,,v5u:Godan verb with 'u' ending|vi:intransitive verb,to face; to go towards; to head towards,ADD_AFTER_SOURCE_CHECK,P2,"Only one external family supports the JLPT listing, but exact JMdict form is common; suitable after source/level check. JLPT level conflicts with JMdict/Waller enrichment; add the form but review level before publishing.",APPROVE_SOURCE_CHECK,exact JMdict form+reading verified; external JLPT family supports listing; level retained as estimated source-backed band,,N2,estimated-conflict
やかん,やかん,N2,"{""N2"": 1}","{""community-independent"": ""N2""}",wordmaster,community-independent,1,kana/loanword,kettle,same-reading-different-writing|same-jmdict-entry,夜間|薬缶,,夜間|薬缶,やかん,N2,やかん|夜間|薬缶|薬罐|薬鑵,yes,SINGLE_SOURCE,yes,yes,yes,N2,no,abbr:abbreviation | col:colloquial | uk:word usually written using kana alone,adv:adverb (fukushi)|n:noun (common) (futsuumeishi),night; nighttime; kettle; bald head,ADD_AFTER_SOURCE_CHECK,P2,"Only one external family supports the JLPT listing, but exact JMdict form is common; suitable after source/level check.",APPROVE_SOURCE_CHECK,exact JMdict form+reading verified; external JLPT family supports listing; level retained as estimated source-backed band; intended Traditional-Chinese learning sense explicitly pinned after source/JMdict comparison,水壺；燒水壺,N2,estimated-source-backed
ローマじ,ローマじ,N2,"{""N2"": 1}","{""waller-derived"": ""N2""}",waller,waller-derived,1,kana/loanword,"romanization,Roman letters",same-reading-different-writing|same-jmdict-entry,ローマ字,,ローマ字,ローマじ,N2,ローマじ|ローマ字|羅馬字,yes,SINGLE_SOURCE,yes,yes,yes,N2,no,,n:noun (common) (futsuumeishi),Latin alphabet; Roman alphabet; romaji; romanized Japanese; system of transliterating Japanese into the Latin alphabet,ADD_AFTER_SOURCE_CHECK,P2,"Only one external family supports the JLPT listing, but exact JMdict form is common; suitable after source/level check.",APPROVE_SOURCE_CHECK,exact JMdict form+reading verified; external JLPT family supports listing; level retained as estimated source-backed band,,N2,estimated-source-backed
分る,わかる,N2,"{""N2"": 1}","{""waller-derived"": ""N2""}",openjlpt|waller,waller-derived,1,lexical,to be understood,same-reading-different-writing|same-jmdict-entry,分かる,,分かる,わかる,N5,わかる|分かる|分る|判る|理解る|解る,yes,SINGLE_SOURCE,yes,no,yes,N5,yes,uk:word usually written using kana alone,int:interjection (kandoushi)|v5r:Godan verb with 'ru' ending|vi:intransitive verb,to understand; to comprehend; to grasp; to see; to get; to follow,ADD_AFTER_SOURCE_CHECK,P2,"Only one external family supports the JLPT listing, but exact JMdict form is common; suitable after source/level check. JLPT level conflicts with JMdict/Waller enrichment; add the form but review level before publishing.",APPROVE_SOURCE_CHECK,exact JMdict form+reading verified; external JLPT family supports listing; level retained as estimated source-backed band,,N2,estimated-conflict
わりあいに,わりあいに,N2,"{""N2"": 1}","{""waller-derived"": ""N2""}",waller,waller-derived,1,kana/loanword,comparatively,fully-absent,,,,,,,yes,SINGLE_SOURCE,yes,yes,yes,N2,no,,adv:adverb (fukushi),comparatively,ADD_AFTER_SOURCE_CHECK,P2,"Only one external family supports the JLPT listing, but exact JMdict form is common; suitable after source/level check.",APPROVE_SOURCE_CHECK,exact JMdict form+reading verified; external JLPT family supports listing; level retained as estimated source-backed band,,N2,estimated-source-backed
愛想,あいそう,N1,"{""N1"": 1}","{""community-independent"": ""N1""}",wordmaster,community-independent,1,lexical,和蔼,same-writing-different-reading|same-jmdict-entry,,あいそ,愛想,あいそ,N1,あいそ|あいそう|愛想,yes,SINGLE_SOURCE,yes,yes,yes,N1,no,,n:noun (common) (futsuumeishi),amiability; friendliness; affability; sociability; fondness (of someone); affection,ADD_AFTER_SOURCE_CHECK,P2,"Only one external family supports the JLPT listing, but exact JMdict form is common; suitable after source/level check.",APPROVE_SOURCE_CHECK,exact JMdict form+reading verified; external JLPT family supports listing; level retained as estimated source-backed band,,N1,estimated-source-backed
銅,あかがね,N1,"{""N1"": 1}","{""waller-derived"": ""N1""}",openjlpt|waller,waller-derived,1,lexical,copper,same-writing-different-reading|same-jmdict-entry,,どう,どう|銅,どう,N1|N5,あか|あかがね|どう|赤金|銅,yes,SINGLE_SOURCE,yes,yes,no,N2,yes,abbr:abbreviation,n:noun (common) (futsuumeishi),copper (Cu); bronze (medal),ADD_AFTER_SOURCE_CHECK,P2,"Only one external family supports the JLPT listing, but exact JMdict form is common; suitable after source/level check. JLPT level conflicts with JMdict/Waller enrichment; add the form but review level before publishing.",APPROVE_SOURCE_CHECK,exact JMdict form+reading verified; external JLPT family supports listing; level retained as estimated source-backed band,,N1,estimated-conflict
あざ,あざ,N1,"{""N1"": 1}","{""community-independent"": ""N1""}",wordmaster,community-independent,1,kana/loanword,"痣, 瘀伤",same-reading-different-writing|same-jmdict-entry,字|痣,,字|痣,あざ,N1|N4,あざ|アザ|字|痣|黶,yes,SINGLE_SOURCE,yes,yes,yes,N1,no,uk:word usually written using kana alone,n:noun (common) (futsuumeishi)|suf:suffix,section of village; birthmark; nevus; bruise,ADD_AFTER_SOURCE_CHECK,P2,"Only one external family supports the JLPT listing, but exact JMdict form is common; suitable after source/level check.",APPROVE_SOURCE_CHECK,exact JMdict form+reading verified; external JLPT family supports listing; level retained as estimated source-backed band; intended Traditional-Chinese learning sense explicitly pinned after source/JMdict comparison,痣；胎記；瘀傷,N1,estimated-source-backed
貴女,あなた,N1,"{""N1"": 1}","{""waller-derived"": ""N1""}",openjlpt|waller,waller-derived,1,lexical,you; lady,same-reading-different-writing|same-jmdict-entry,あなた|貴方,,あなた|貴方,あなた,N5,あなた|貴女|貴方|貴男,yes,SINGLE_SOURCE,yes,no,yes,N5,yes,"fam:familiar language | gikun:gikun (meaning as reading) or jukujikun (special kanji reading) | trad. polite in ref. to someone of equal or lower status, now oft. regarded as rude or distant | uk:word usually written using kana alone | used by wives addressing their husbands",pn:pronoun,you; dear; honey,ADD_AFTER_SOURCE_CHECK,P2,"Only one external family supports the JLPT listing, but exact JMdict form is common; suitable after source/level check. JLPT level conflicts with JMdict/Waller enrichment; add the form but review level before publishing.",APPROVE_SOURCE_CHECK,exact JMdict form+reading verified; external JLPT family supports listing; level retained as estimated source-backed band,,N1,estimated-conflict
天地,あめつち,N1,"{""N1"": 1}","{""waller-derived"": ""N1""}",openjlpt|waller,waller-derived,1,lexical,heaven and earth; the universe; nature,same-writing-different-reading|same-jmdict-entry,,てんち,天地,てんち,N1,あめつち|てんち|天地,yes,SINGLE_SOURCE,yes,yes,no,N1,no,,n:noun (common) (futsuumeishi),heaven and earth; the universe; the world; nature; land; world,ADD_AFTER_SOURCE_CHECK,P2,"Only one external family supports the JLPT listing, but exact JMdict form is common; suitable after source/level check.",APPROVE_SOURCE_CHECK,exact JMdict form+reading verified; external JLPT family supports listing; level retained as estimated source-backed band,,N1,estimated-source-backed
現われ,あらわれ,N1,"{""N1"": 1}","{""waller-derived"": ""N1""}",openjlpt|waller,waller-derived,1,lexical,embodiment; materialization,same-reading-different-writing|same-jmdict-entry,現れ,,現れ,あらわれ,N3,あらわれ|現れ|現われ|表れ|表われ|顕れ,yes,SINGLE_SOURCE,yes,yes,yes,N3,yes,,n:noun (common) (futsuumeishi),embodiment; manifestation; materialization; materialisation; expression; indication,ADD_AFTER_SOURCE_CHECK,P2,"Only one external family supports the JLPT listing, but exact JMdict form is common; suitable after source/level check. JLPT level conflicts with JMdict/Waller enrichment; add the form but review level before publishing.",APPROVE_SOURCE_CHECK,exact JMdict form+reading verified; external JLPT family supports listing; level retained as estimated source-backed band,,N1,estimated-conflict
現われる,あらわれる,N1,"{""N1"": 1}","{""waller-derived"": ""N1""}",openjlpt|waller,waller-derived,1,lexical,to appear; to come in sight; to become visible,same-reading-different-writing|same-jmdict-entry,現れる|表れる,,現れる|表れる,あらわれる,N2|N3,あらわれる|現れる|現われる|表れる|表われる|顕れる|顕われる,yes,SINGLE_SOURCE,yes,yes,yes,N3,yes,,v1:Ichidan verb|vi:intransitive verb,to appear; to come in sight; to become visible; to come out; to embody; to materialize,ADD_AFTER_SOURCE_CHECK,P2,"Only one external family supports the JLPT listing, but exact JMdict form is common; suitable after source/level check. JLPT level conflicts with JMdict/Waller enrichment; add the form but review level before publishing.",APPROVE_SOURCE_CHECK,exact JMdict form+reading verified; external JLPT family supports listing; level retained as estimated source-backed band,,N1,estimated-conflict
有り様,ありさま,N1,"{""N1"": 1}","{""community-independent"": ""N1""}",wordmaster,community-independent,1,lexical,"state, condition",same-reading-different-writing|same-jmdict-entry,有様,,ありよう|有様,ありさま|ありよう,N1,ありさま|ありよう|あり様|有りさま|有り様|有様,yes,SINGLE_SOURCE,yes,yes,yes,N1,no,,n:noun (common) (futsuumeishi),state; condition; circumstances; sight; spectacle; the way things should be,ADD_AFTER_SOURCE_CHECK,P2,"Only one external family supports the JLPT listing, but exact JMdict form is common; suitable after source/level check.",APPROVE_SOURCE_CHECK,exact JMdict form+reading verified; external JLPT family supports listing; level retained as estimated source-backed band,,N1,estimated-source-backed
余り,あんまり,N1,"{""N1"": 1}","{""waller-derived"": ""N1""}",openjlpt|waller,waller-derived,1,lexical,not very (this form only used as adverb); not much; remainder,same-reading-different-writing|same-writing-different-reading|same-jmdict-entry,あんまり,あまり,あまり|あんまり|余り,あまり|あんまり,N3|N5,あまり|あんまり|余り|剰り|餘り,yes,SINGLE_SOURCE,yes,yes,yes,N5,yes,col:colloquial | esp. as あまりに(も) | sometimes as あまり… | uk:word usually written using kana alone | with neg. sentence,"adj-na:adjectival nouns or quasi-adjectives (keiyodoshi)|adj-no:nouns which may take the genitive case particle 'no'|adv:adverb (fukushi)|n-suf:noun, used as a suffix|n:noun (common) (futsuumeishi)",remainder; remnant; rest; balance; surplus; remains (of a meal),ADD_AFTER_SOURCE_CHECK,P2,"Only one external family supports the JLPT listing, but exact JMdict form is common; suitable after source/level check. JLPT level conflicts with JMdict/Waller enrichment; add the form but review level before publishing.",APPROVE_SOURCE_CHECK,exact JMdict form+reading verified; external JLPT family supports listing; level retained as estimated source-backed band; intended Traditional-Chinese learning sense explicitly pinned after source/JMdict comparison,不太；不怎麼；不多,N1,estimated-conflict
家主,いえぬし,N1,"{""N1"": 1}","{""waller-derived"": ""N1""}",openjlpt|waller,waller-derived,1,lexical,landlord,fully-absent,,,,,,,yes,SINGLE_SOURCE,yes,yes,no,N2,yes,,n:noun (common) (futsuumeishi),landlord; landlady; house owner; home owner; head of the household,ADD_AFTER_SOURCE_CHECK,P2,"Only one external family supports the JLPT listing, but exact JMdict form is common; suitable after source/level check. JLPT level conflicts with JMdict/Waller enrichment; add the form but review level before publishing.",APPROVE_SOURCE_CHECK,exact JMdict form+reading verified; external JLPT family supports listing; level retained as estimated source-backed band,,N1,estimated-conflict
歪む,いがむ,N1,"{""N1"": 1}","{""waller-derived"": ""N1""}",openjlpt|waller,waller-derived,1,lexical,to warp; to swerve; to deflect,same-writing-different-reading|same-jmdict-entry,,ひずむ|ゆがむ,ゆがむ|歪む,ゆがむ,N1,いがむ|ゆがむ|歪む,yes,SINGLE_SOURCE,yes,yes,no,N1,no,,v5m:Godan verb with 'mu' ending|vi:intransitive verb,"to warp; to bend; to contort; to be perverted; to be warped (of a view, mind, etc.); to be distorted",ADD_AFTER_SOURCE_CHECK,P2,"Only one external family supports the JLPT listing, but exact JMdict form is common; suitable after source/level check.",APPROVE_SOURCE_CHECK,exact JMdict form+reading verified; external JLPT family supports listing; level retained as estimated source-backed band,,N1,estimated-source-backed
域外,いきがい,N1,"{""N1"": 1}","{""waller-derived"": ""N1""}",openjlpt|waller,waller-derived,1,lexical,outside the area,same-reading-different-writing,生きがい,,,,,,yes,SINGLE_SOURCE,yes,yes,yes,N1,no,,adj-no:nouns which may take the genitive case particle 'no'|n:noun (common) (futsuumeishi),outside the area,ADD_AFTER_SOURCE_CHECK,P2,"Only one external family supports the JLPT listing, but exact JMdict form is common; suitable after source/level check.",APPROVE_SOURCE_CHECK,exact JMdict form+reading verified; external JLPT family supports listing; level retained as estimated source-backed band,,N1,estimated-source-backed
生き甲斐,いきがい,N1,"{""N1"": 1}","{""community-independent"": ""N1""}",wordmaster,community-independent,1,lexical,"something one lives for, very important",same-reading-different-writing|same-jmdict-entry,生きがい,,生きがい,いきがい,N2,いきがい|生きがい|生き甲斐|生甲斐,yes,SINGLE_SOURCE,yes,yes,yes,,no,,n:noun (common) (futsuumeishi),reason for living; something one lives for; purpose in life; raison d'être; ikigai,ADD_AFTER_SOURCE_CHECK,P2,"Only one external family supports the JLPT listing, but exact JMdict form is common; suitable after source/level check.",APPROVE_SOURCE_CHECK,exact JMdict form+reading verified; external JLPT family supports listing; level retained as estimated source-backed band,,N1,estimated-source-backed
活ける,いける,N1,"{""N1"": 1}","{""waller-derived"": ""N1""}",openjlpt|waller,waller-derived,1,lexical,to arrange (flowers),same-reading-different-writing|same-jmdict-entry,生ける|行ける,,生ける,いける,N1,いける|活ける|生ける,yes,SINGLE_SOURCE,yes,no,yes,N1,no,,adj-f:noun or verb acting prenominally|v1:Ichidan verb|vt:transitive verb,to arrange (flowers); to plant; living; live,ADD_AFTER_SOURCE_CHECK,P2,"Only one external family supports the JLPT listing, but exact JMdict form is common; suitable after source/level check.",APPROVE_SOURCE_CHECK,exact JMdict form+reading verified; external JLPT family supports listing; level retained as estimated source-backed band,,N1,estimated-source-backed
碑,いしぶみ,N1,"{""N1"": 1}","{""waller-derived"": ""N1""}",openjlpt|waller,waller-derived,1,lexical,stone monument bearing an inscription,fully-absent,,,,,,,yes,SINGLE_SOURCE,yes,yes,yes,N1,no,,n:noun (common) (futsuumeishi),stone monument bearing an inscription (esp. memorial for future generations); stele; stela,ADD_AFTER_SOURCE_CHECK,P2,"Only one external family supports the JLPT listing, but exact JMdict form is common; suitable after source/level check.",APPROVE_SOURCE_CHECK,exact JMdict form+reading verified; external JLPT family supports listing; level retained as estimated source-backed band,,N1,estimated-source-backed
いたって,いたって,N1,"{""N1"": 1}","{""community-independent"": ""N1""}",wordmaster,community-independent,1,kana/loanword,"very much, exceedingly, extremely",same-reading-different-writing|same-jmdict-entry,至って,,至って,いたって,N2,いたって|至って,yes,SINGLE_SOURCE,yes,yes,yes,N1,no,,adv:adverb (fukushi),very much; exceedingly; extremely,ADD_AFTER_SOURCE_CHECK,P2,"Only one external family supports the JLPT listing, but exact JMdict form is common; suitable after source/level check.",APPROVE_SOURCE_CHECK,exact JMdict form+reading verified; external JLPT family supports listing; level retained as estimated source-backed band,,N1,estimated-source-backed
一言,いちげん,N1,"{""N1"": 1}","{""waller-derived"": ""N1""}",openjlpt|waller,waller-derived,1,lexical,single word,same-reading-different-writing|same-writing-different-reading|same-jmdict-entry,一見,ひとこと,ひと言|一言,ひとこと,N1|N2,いちげん|いちごん|ひとこと|ひと言|一言,yes,SINGLE_SOURCE,yes,yes,no,N3,yes,,n:noun (common) (futsuumeishi)|vi:intransitive verb|vs:noun or participle which takes the aux. verb suru|vt:transitive verb,single word; a few words; brief comment,ADD_AFTER_SOURCE_CHECK,P2,"Only one external family supports the JLPT listing, but exact JMdict form is common; suitable after source/level check. JLPT level conflicts with JMdict/Waller enrichment; add the form but review level before publishing.",APPROVE_SOURCE_CHECK,exact JMdict form+reading verified; external JLPT family supports listing; level retained as estimated source-backed band,,N1,estimated-conflict
一日,いちじつ,N1,"{""N1"": 1}","{""waller-derived"": ""N1""}",openjlpt|waller,waller-derived,1,lexical,(1) one day; (2) first of month,same-writing-different-reading|same-jmdict-entry,,いちにち|ついたち,一日,いちにち,N5,いちじつ|いちにち|一日|１日,yes,SINGLE_SOURCE,yes,yes,no,N5,yes,,adv:adverb (fukushi)|n:noun (common) (futsuumeishi),one day; all day (long); the whole day; from morning till night; first day of the month,ADD_AFTER_SOURCE_CHECK,P2,"Only one external family supports the JLPT listing, but exact JMdict form is common; suitable after source/level check. JLPT level conflicts with JMdict/Waller enrichment; add the form but review level before publishing.",APPROVE_SOURCE_CHECK,exact JMdict form+reading verified; external JLPT family supports listing; level retained as estimated source-backed band,,N1,estimated-conflict
一人,いちにん,N1,"{""N1"": 1}","{""waller-derived"": ""N1""}",openjlpt|waller,waller-derived,1,lexical,one person,same-reading-different-writing|same-writing-different-reading|same-jmdict-entry,一任,ひとり,一人|独り,ひとり,N1|N5,いちにん|ひとり|一人|独り|１人,yes,SINGLE_SOURCE,yes,yes,no,N5,yes,"esp. 一人, １人 | esp. 独り | uk:word usually written using kana alone | with neg. sentence",adv:adverb (fukushi)|n:noun (common) (futsuumeishi),one person; being alone; being by oneself; being single; being unmarried; by oneself,ADD_AFTER_SOURCE_CHECK,P2,"Only one external family supports the JLPT listing, but exact JMdict form is common; suitable after source/level check. JLPT level conflicts with JMdict/Waller enrichment; add the form but review level before publishing.",APPROVE_SOURCE_CHECK,exact JMdict form+reading verified; external JLPT family supports listing; level retained as estimated source-backed band,,N1,estimated-conflict
何時の間にか,いつのまにか,N1,"{""N1"": 1}","{""waller-derived"": ""N1""}",openjlpt|waller,waller-derived,1,lexical,before one knows; unnoticed; unawares,same-reading-different-writing|same-jmdict-entry,いつの間にか,,いつの間にか,いつのまにか,N3,いつのまにか|いつの間にか|何時の間にか,yes,SINGLE_SOURCE,yes,yes,yes,N2,yes,,adv:adverb (fukushi),before one knows; before one becomes aware of; unnoticed; unawares,ADD_AFTER_SOURCE_CHECK,P2,"Only one external family supports the JLPT listing, but exact JMdict form is common; suitable after source/level check. JLPT level conflicts with JMdict/Waller enrichment; add the form but review level before publishing.",APPROVE_SOURCE_CHECK,exact JMdict form+reading verified; external JLPT family supports listing; level retained as estimated source-backed band,,N1,estimated-conflict
いやらしい,いやらしい,N1,"{""N1"": 1}","{""community-independent"": ""N1""}",wordmaster,community-independent,1,kana/loanword,"unpleasant, disgusting, indecent",same-reading-different-writing|same-jmdict-entry,嫌らしい,,嫌らしい,いやらしい,N1,いやらしい|やらしい|厭らしい|嫌らしい,yes,SINGLE_SOURCE,yes,yes,yes,N1,no,uk:word usually written using kana alone,adj-i:adjective (keiyoushi),unpleasant; disagreeable; nasty; lewd; lascivious; obscene,ADD_AFTER_SOURCE_CHECK,P2,"Only one external family supports the JLPT listing, but exact JMdict form is common; suitable after source/level check.",APPROVE_SOURCE_CHECK,exact JMdict form+reading verified; external JLPT family supports listing; level retained as estimated source-backed band,,N1,estimated-source-backed
厭らしい,いやらしい,N1,"{""N1"": 1}","{""waller-derived"": ""N1""}",waller,waller-derived,1,lexical,"detestable, disagreeable",same-reading-different-writing|same-jmdict-entry,嫌らしい,,嫌らしい,いやらしい,N1,いやらしい|やらしい|厭らしい|嫌らしい,yes,SINGLE_SOURCE,yes,yes,yes,N1,no,uk:word usually written using kana alone,adj-i:adjective (keiyoushi),unpleasant; disagreeable; nasty; lewd; lascivious; obscene,ADD_AFTER_SOURCE_CHECK,P2,"Only one external family supports the JLPT listing, but exact JMdict form is common; suitable after source/level check.",APPROVE_SOURCE_CHECK,exact JMdict form+reading verified; external JLPT family supports listing; level retained as estimated source-backed band,,N1,estimated-source-backed
入口,いりくち,N1,"{""N1"": 1}","{""waller-derived"": ""N1""}",openjlpt|waller,waller-derived,1,lexical,entrance; gate; approach,same-jmdict-entry,,,入り口,いりぐち,N4,いりくち|いりぐち|はいりくち|はいりぐち|入り口|入口|這入口,yes,SINGLE_SOURCE,yes,yes,no,N5,yes,,n:noun (common) (futsuumeishi),entrance; entry; gate; approach; mouth,ADD_AFTER_SOURCE_CHECK,P2,"Only one external family supports the JLPT listing, but exact JMdict form is common; suitable after source/level check. JLPT level conflicts with JMdict/Waller enrichment; add the form but review level before publishing.",APPROVE_SOURCE_CHECK,exact JMdict form+reading verified; external JLPT family supports listing; level retained as estimated source-backed band,,N1,estimated-conflict
員,いん,N1,"{""N1"": 1}","{""waller-derived"": ""N1""}",openjlpt|waller,waller-derived,1,lexical,member,same-reading-different-writing,印|韻,,,,,,yes,SINGLE_SOURCE,yes,yes,yes,N1,no,,"n-suf:noun, used as a suffix|n:noun (common) (futsuumeishi)",member,ADD_AFTER_SOURCE_CHECK,P2,"Only one external family supports the JLPT listing, but exact JMdict form is common; suitable after source/level check.",APPROVE_SOURCE_CHECK,exact JMdict form+reading verified; external JLPT family supports listing; level retained as estimated source-backed band,,N1,estimated-source-backed
受持ち,うけもち,N1,"{""N1"": 1}","{""community-independent"": ""N1""}",wordmaster,community-independent,1,lexical,负责,same-reading-different-writing|same-jmdict-entry,受け持ち,,受け持ち,うけもち,N2,うけもち|受け持ち|受持|受持ち,yes,SINGLE_SOURCE,yes,no,yes,,no,,adj-no:nouns which may take the genitive case particle 'no'|n:noun (common) (futsuumeishi),charge (of something); matter in one's charge; (one's) assignment; (one's) job,ADD_AFTER_SOURCE_CHECK,P2,"Only one external family supports the JLPT listing, but exact JMdict form is common; suitable after source/level check.",APPROVE_SOURCE_CHECK,exact JMdict form+reading verified; external JLPT family supports listing; level retained as estimated source-backed band,,N1,estimated-source-backed
埋まる,うずまる,N1,"{""N1"": 1}","{""waller-derived"": ""N1""}",openjlpt|waller,waller-derived,1,lexical,to be buried; to be surrounded; to overflow,same-writing-different-reading|same-jmdict-entry,,うまる,埋まる,うまる,N2,うずまる|うまる|埋まる,yes,SINGLE_SOURCE,yes,yes,yes,N1,no,,v5r:Godan verb with 'ru' ending|vi:intransitive verb,to be buried; to be covered; to be surrounded; to overflow; to be crowded; to be filled,ADD_AFTER_SOURCE_CHECK,P2,"Only one external family supports the JLPT listing, but exact JMdict form is common; suitable after source/level check.",APPROVE_SOURCE_CHECK,exact JMdict form+reading verified; external JLPT family supports listing; level retained as estimated source-backed band,,N1,estimated-source-backed
うぬぼれ,うぬぼれ,N1,"{""N1"": 1}","{""community-independent"": ""N1""}",wordmaster,community-independent,1,kana/loanword,"pretension, conceit, hubris",fully-absent,,,,,,,yes,SINGLE_SOURCE,yes,yes,yes,N1,no,,n:noun (common) (futsuumeishi),conceit; vanity; pride; self-importance; egotism,ADD_AFTER_SOURCE_CHECK,P2,"Only one external family supports the JLPT listing, but exact JMdict form is common; suitable after source/level check.",APPROVE_SOURCE_CHECK,exact JMdict form+reading verified; external JLPT family supports listing; level retained as estimated source-backed band,,N1,estimated-source-backed
自惚れ,うぬぼれ,N1,"{""N1"": 1}","{""waller-derived"": ""N1""}",openjlpt|waller,waller-derived,1,lexical,pretension; conceit; hubris,fully-absent,,,,,,,yes,SINGLE_SOURCE,yes,yes,yes,N1,no,,n:noun (common) (futsuumeishi),conceit; vanity; pride; self-importance; egotism,ADD_AFTER_SOURCE_CHECK,P2,"Only one external family supports the JLPT listing, but exact JMdict form is common; suitable after source/level check.",APPROVE_SOURCE_CHECK,exact JMdict form+reading verified; external JLPT family supports listing; level retained as estimated source-backed band,,N1,estimated-source-backed
甘い,うまい,N1,"{""N1"": 1}","{""waller-derived"": ""N1""}",openjlpt|waller,waller-derived,1,lexical,delicious,same-reading-different-writing|same-writing-different-reading|same-jmdict-entry,うまい|上手い,あまい,うまい|上手い,うまい,N4,うまい|上手い|巧い|旨い|甘い|美い|美味い,yes,SINGLE_SOURCE,yes,no,yes,N4,yes,"esp. 上手い, 巧い | esp. 旨い | esp. 旨い, 美味い, 甘い | uk:word usually written using kana alone",adj-i:adjective (keiyoushi),"skillful; skilful; skilled; good; expert; clever (expression, trick, etc.)",ADD_AFTER_SOURCE_CHECK,P2,"Only one external family supports the JLPT listing, but exact JMdict form is common; suitable after source/level check. JLPT level conflicts with JMdict/Waller enrichment; add the form but review level before publishing.",APPROVE_SOURCE_CHECK,exact JMdict form+reading verified; external JLPT family supports listing; level retained as estimated source-backed band; intended Traditional-Chinese learning sense explicitly pinned after source/JMdict comparison,好吃；美味,N1,estimated-conflict
海路,うみじ,N1,"{""N1"": 1}","{""waller-derived"": ""N1""}",openjlpt|waller,waller-derived,1,lexical,sea route,same-writing-different-reading|same-jmdict-entry,,かいろ,海路,かいろ,N1,うなじ|うみじ|かいろ|海路,yes,SINGLE_SOURCE,yes,yes,no,N1,no,,adv:adverb (fukushi)|n:noun (common) (futsuumeishi),sea route,ADD_AFTER_SOURCE_CHECK,P2,"Only one external family supports the JLPT listing, but exact JMdict form is common; suitable after source/level check.",APPROVE_SOURCE_CHECK,exact JMdict form+reading verified; external JLPT family supports listing; level retained as estimated source-backed band,,N1,estimated-source-backed
梅干,うめぼし,N1,"{""N1"": 1}","{""waller-derived"": ""N1""}",openjlpt|waller,waller-derived,1,lexical,dried plum,same-reading-different-writing|same-jmdict-entry,梅干し,,梅干し,うめぼし,N1,うめぼし|梅干|梅干し,yes,SINGLE_SOURCE,yes,yes,yes,N1,no,,n:noun (common) (futsuumeishi),umeboshi; pickled dried ume; pickled dried plum,ADD_AFTER_SOURCE_CHECK,P2,"Only one external family supports the JLPT listing, but exact JMdict form is common; suitable after source/level check.",APPROVE_SOURCE_CHECK,exact JMdict form+reading verified; external JLPT family supports listing; level retained as estimated source-backed band,,N1,estimated-source-backed
園,えん,N1,"{""N1"": 1}","{""waller-derived"": ""N1""}",openjlpt|waller,waller-derived,1,lexical,garden (esp. man-made),same-reading-different-writing|same-writing-different-reading,円|塩|燕|縁|艶,その,,,,,yes,SINGLE_SOURCE,yes,yes,yes,N1,no,abbr:abbreviation,"n-suf:noun, used as a suffix|n:noun (common) (futsuumeishi)",garden; orchard; park; plantation; kindergarten; nursery school,ADD_AFTER_SOURCE_CHECK,P2,"Only one external family supports the JLPT listing, but exact JMdict form is common; suitable after source/level check.",APPROVE_SOURCE_CHECK,exact JMdict form+reading verified; external JLPT family supports listing; level retained as estimated source-backed band,,N1,estimated-source-backed
黄色,おうしょく,N1,"{""N1"": 1}","{""waller-derived"": ""N1""}",openjlpt|waller,waller-derived,1,lexical,yellow,same-writing-different-reading|same-jmdict-entry,,きいろ,黄色,きいろ,N5,おうしょく|きいろ|こうしょく|黄色,yes,SINGLE_SOURCE,yes,yes,no,N5,yes,,adj-na:adjectival nouns or quasi-adjectives (keiyodoshi)|adj-no:nouns which may take the genitive case particle 'no'|n:noun (common) (futsuumeishi),yellow; amber,ADD_AFTER_SOURCE_CHECK,P2,"Only one external family supports the JLPT listing, but exact JMdict form is common; suitable after source/level check. JLPT level conflicts with JMdict/Waller enrichment; add the form but review level before publishing.",APPROVE_SOURCE_CHECK,exact JMdict form+reading verified; external JLPT family supports listing; level retained as estimated source-backed band,,N1,estimated-conflict
おおい,おおい,N1,"{""N1"": 1}","{""waller-derived"": ""N1""}",waller,waller-derived,1,kana/loanword,hey!,same-reading-different-writing|same-jmdict-entry,多い|覆い,,多い,おおい,N5,おおい|多い,yes,SINGLE_SOURCE,yes,yes,yes,N1|N5,no,from a distance,adj-i:adjective (keiyoushi)|int:interjection (kandoushi),many; numerous; a lot; large amount of; large quantity of; hey!; oi!; ahoy!,ADD_AFTER_SOURCE_CHECK,P2,"Only one external family supports the JLPT listing, but exact JMdict form is common; suitable after source/level check.",APPROVE_SOURCE_CHECK,exact JMdict form+reading verified; external JLPT family supports listing; level retained as estimated source-backed band; intended Traditional-Chinese learning sense explicitly pinned after source/JMdict comparison,喂！；喂喂！（呼喊用）,N1,estimated-source-backed
おおげさ,おおげさ,N1,"{""N1"": 1}","{""community-independent"": ""N1""}",wordmaster,community-independent,1,kana/loanword,"grandiose, exaggerated",same-reading-different-writing|same-jmdict-entry,大げさ,,大げさ,おおげさ,N2,おおげさ|大げさ|大袈裟,yes,SINGLE_SOURCE,yes,yes,yes,N1,no,,adj-na:adjectival nouns or quasi-adjectives (keiyodoshi),exaggerated; overdone; overblown; hyperbolic; bombastic; grandiose,ADD_AFTER_SOURCE_CHECK,P2,"Only one external family supports the JLPT listing, but exact JMdict form is common; suitable after source/level check.",APPROVE_SOURCE_CHECK,exact JMdict form+reading verified; external JLPT family supports listing; level retained as estimated source-backed band,,N1,estimated-source-backed
お蔭様で,おかげさまで,N1,"{""N1"": 1}","{""waller-derived"": ""N1""}",openjlpt|waller,waller-derived,1,lexical,Thanks to god; thanks to you,same-reading-different-writing|same-jmdict-entry,おかげさまで|お陰様で,,おかげさまで|お陰様で,おかげさまで,N1|N2,おかげさまで|おかげ様で|お蔭様で|お陰さまで|お陰様で|御蔭様で|御陰様で,yes,SINGLE_SOURCE,yes,yes,yes,N2,yes,pol:polite (teineigo) language | uk:word usually written using kana alone,"exp:expressions (phrases, clauses, etc.)","thankfully; fortunately; luckily; by God's grace; under the gods' shadow; thanks to your (his, their, everyone's, etc.) kindness",ADD_AFTER_SOURCE_CHECK,P2,"Only one external family supports the JLPT listing, but exact JMdict form is common; suitable after source/level check. JLPT level conflicts with JMdict/Waller enrichment; add the form but review level before publishing.",APPROVE_SOURCE_CHECK,exact JMdict form+reading verified; external JLPT family supports listing; level retained as estimated source-backed band,,N1,estimated-conflict
落葉,おちば,N1,"{""N1"": 1}","{""community-independent"": ""N1""}",wordmaster,community-independent,1,lexical,fallen leaves,same-reading-different-writing|same-writing-different-reading|same-jmdict-entry,落ち葉,らくよう,落ち葉|落葉,おちば|らくよう,N1|N2,おちば|らくよう|落ち葉|落葉,yes,SINGLE_SOURCE,yes,no,yes,N1,no,,adj-no:nouns which may take the genitive case particle 'no'|n:noun (common) (futsuumeishi)|vi:intransitive verb|vs:noun or participle which takes the aux. verb suru,fallen leaves; leaf litter; falling leaves; leaf fall; dropping leaves; defoliation,ADD_AFTER_SOURCE_CHECK,P2,"Only one external family supports the JLPT listing, but exact JMdict form is common; suitable after source/level check.",APPROVE_SOURCE_CHECK,exact JMdict form+reading verified; external JLPT family supports listing; level retained as estimated source-backed band,,N1,estimated-source-backed
お早う,おはよう,N1,"{""N1"": 1}","{""waller-derived"": ""N1""}",openjlpt|waller,waller-derived,1,lexical,Good morning,same-reading-different-writing|same-jmdict-entry,おはよう,,おはよう,おはよう,N5,おはよう|おはよー|お早う|御早う,yes,SINGLE_SOURCE,yes,no,yes,N2,yes,uk:word usually written using kana alone | used at any time of the day in some industries and workplaces,int:interjection (kandoushi),good morning,ADD_AFTER_SOURCE_CHECK,P2,"Only one external family supports the JLPT listing, but exact JMdict form is common; suitable after source/level check. JLPT level conflicts with JMdict/Waller enrichment; add the form but review level before publishing.",APPROVE_SOURCE_CHECK,exact JMdict form+reading verified; external JLPT family supports listing; level retained as estimated source-backed band,,N1,estimated-conflict
お祖母さん,おばあさん,N1,"{""N1"": 1}","{""waller-derived"": ""N1""}",openjlpt|waller,waller-derived,1,lexical,grandmother; female senior-citizen,same-reading-different-writing|same-jmdict-entry,おばあさん,,おばあさん,おばあさん,N5,おばあさん|おばーさん|お婆さん|お祖母さん|御婆さん|御祖母さん,yes,SINGLE_SOURCE,yes,yes,yes,N5,yes,uk:word usually written using kana alone | usu. お婆さん when written with kanji | usu. お祖母さん when written with kanji,n:noun (common) (futsuumeishi),grandmother; old woman; female senior citizen,ADD_AFTER_SOURCE_CHECK,P2,"Only one external family supports the JLPT listing, but exact JMdict form is common; suitable after source/level check. JLPT level conflicts with JMdict/Waller enrichment; add the form but review level before publishing.",APPROVE_SOURCE_CHECK,exact JMdict form+reading verified; external JLPT family supports listing; level retained as estimated source-backed band,,N1,estimated-conflict
面,おも,N1,"{""N1"": 1}","{""waller-derived"": ""N1""}",openjlpt|waller,waller-derived,1,lexical,face,same-reading-different-writing|same-writing-different-reading|same-jmdict-entry,主,おもて|つら|めん,面,おもて,N1,おも|おもて|も|もて|面,yes,SINGLE_SOURCE,yes,yes,no,N1,no,,n:noun (common) (futsuumeishi),face; surface; mask (esp. a noh or kyogen mask),ADD_AFTER_SOURCE_CHECK,P2,"Only one external family supports the JLPT listing, but exact JMdict form is common; suitable after source/level check.",APPROVE_SOURCE_CHECK,exact JMdict form+reading verified; external JLPT family supports listing; level retained as estimated source-backed band,,N1,estimated-source-backed
織,おり,N1,"{""N1"": 1}","{""waller-derived"": ""N1""}",openjlpt|waller,waller-derived,1,lexical,weave; weaving; woven item,same-reading-different-writing|same-jmdict-entry,折|檻|織り,,織り,おり,N1,おり|織|織り,yes,SINGLE_SOURCE,yes,no,yes,N1,no,,n:noun (common) (futsuumeishi),weave; weaving; woven item,ADD_AFTER_SOURCE_CHECK,P2,"Only one external family supports the JLPT listing, but exact JMdict form is common; suitable after source/level check.",APPROVE_SOURCE_CHECK,exact JMdict form+reading verified; external JLPT family supports listing; level retained as estimated source-backed band,,N1,estimated-source-backed
おんぶ,おんぶ,N1,"{""N1"": 1}","{""community-independent"": ""N1""}",wordmaster,community-independent,1,kana/loanword,carrying on one's back (erg. Baby),same-reading-different-writing|same-jmdict-entry,負んぶ,,負んぶ,おんぶ,N1,おんぶ|オンブ|負んぶ,yes,SINGLE_SOURCE,yes,yes,yes,,no,uk:word usually written using kana alone,n:noun (common) (futsuumeishi)|vi:intransitive verb|vs:noun or participle which takes the aux. verb suru|vt:transitive verb,carrying (someone) on one's back (esp. a child); piggyback ride; relying on (someone); being (financially) dependent on,ADD_AFTER_SOURCE_CHECK,P2,"Only one external family supports the JLPT listing, but exact JMdict form is common; suitable after source/level check.",APPROVE_SOURCE_CHECK,exact JMdict form+reading verified; external JLPT family supports listing; level retained as estimated source-backed band,,N1,estimated-source-backed
かかと,かかと,N1,"{""N1"": 1}","{""community-independent"": ""N1""}",wordmaster,community-independent,1,kana/loanword,shoe heel,same-reading-different-writing|same-jmdict-entry,踵,,踵,かかと,N1,あくと|かかと|きびす|くびす|踵,yes,SINGLE_SOURCE,yes,yes,yes,N1,no,uk:word usually written using kana alone,n:noun (common) (futsuumeishi),"heel (of foot, shoe, stocking, etc.)",ADD_AFTER_SOURCE_CHECK,P2,"Only one external family supports the JLPT listing, but exact JMdict form is common; suitable after source/level check.",APPROVE_SOURCE_CHECK,exact JMdict form+reading verified; external JLPT family supports listing; level retained as estimated source-backed band,,N1,estimated-source-backed
係り,かかり,N1,"{""N1"": 1}","{""waller-derived"": ""N1""}",openjlpt|waller,waller-derived,1,lexical,official; duty; person in charge,same-reading-different-writing|same-jmdict-entry,係,,係,かかり,N4,かかり|係|係り,yes,SINGLE_SOURCE,yes,no,yes,N3,yes,esp. 係 | esp. 係り,n:noun (common) (futsuumeishi),charge; duty; person in charge; official; clerk; connection,ADD_AFTER_SOURCE_CHECK,P2,"Only one external family supports the JLPT listing, but exact JMdict form is common; suitable after source/level check. JLPT level conflicts with JMdict/Waller enrichment; add the form but review level before publishing.",APPROVE_SOURCE_CHECK,exact JMdict form+reading verified; external JLPT family supports listing; level retained as estimated source-backed band,,N1,estimated-conflict
書き取り,かきとり,N1,"{""N1"": 1}","{""waller-derived"": ""N1""}",openjlpt|waller,waller-derived,1,lexical,dictation,fully-absent,,,,,,,yes,SINGLE_SOURCE,yes,yes,yes,N2,yes,,n:noun (common) (futsuumeishi),writing down from other written material; writing kanji text from hiragana; transcription (of spoken material); dictation,ADD_AFTER_SOURCE_CHECK,P2,"Only one external family supports the JLPT listing, but exact JMdict form is common; suitable after source/level check. JLPT level conflicts with JMdict/Waller enrichment; add the form but review level before publishing.",APPROVE_SOURCE_CHECK,exact JMdict form+reading verified; external JLPT family supports listing; level retained as estimated source-backed band,,N1,estimated-conflict
画,かく,N1,"{""N1"": 1}","{""waller-derived"": ""N1""}",openjlpt|waller,waller-derived,1,lexical,stroke,same-reading-different-writing,掻く|描く|搔[か]く|書く|核|格|欠く|角,,,,,,yes,SINGLE_SOURCE,yes,yes,yes,N1,no,,ctr:counter|n:noun (common) (futsuumeishi),stroke (of a kanji),ADD_AFTER_SOURCE_CHECK,P2,"Only one external family supports the JLPT listing, but exact JMdict form is common; suitable after source/level check.",APPROVE_SOURCE_CHECK,exact JMdict form+reading verified; external JLPT family supports listing; level retained as estimated source-backed band,,N1,estimated-source-backed
賭,かけ,N1,"{""N1"": 1}","{""community-independent"": ""N1""}",wordmaster,community-independent,1,lexical,"betting, gambling, a gamble",same-reading-different-writing|same-jmdict-entry,掛け|賭け,,賭け,かけ,N1,かけ|賭|賭け,yes,SINGLE_SOURCE,yes,no,yes,N1,no,,n:noun (common) (futsuumeishi),bet; wager; stake; gamble,ADD_AFTER_SOURCE_CHECK,P2,"Only one external family supports the JLPT listing, but exact JMdict form is common; suitable after source/level check.",APPROVE_SOURCE_CHECK,exact JMdict form+reading verified; external JLPT family supports listing; level retained as estimated source-backed band,,N1,estimated-source-backed
ヶ月,かげつ,N1,"{""N1"": 1}","{""waller-derived"": ""N1""}",openjlpt|waller,waller-derived,1,lexical,#NAME?,fully-absent,,,,,,,yes,SINGLE_SOURCE,yes,yes,yes,N1,no,,ctr:counter,counter for months,ADD_AFTER_SOURCE_CHECK,P2,"Only one external family supports the JLPT listing, but exact JMdict form is common; suitable after source/level check.",APPROVE_SOURCE_CHECK,exact JMdict form+reading verified; external JLPT family supports listing; level retained as estimated source-backed band; intended Traditional-Chinese learning sense explicitly pinned after source/JMdict comparison,個月（月數計數詞）,N1,estimated-source-backed
畏まりました,かしこまりました,N1,"{""N1"": 1}","{""waller-derived"": ""N1""}",openjlpt|waller,waller-derived,1,lexical,certainly!,fully-absent,,,,,,,yes,SINGLE_SOURCE,yes,yes,yes,N2,yes,"in response to a request or instructions from a superior, customer, etc. | pol:polite (teineigo) language | uk:word usually written using kana alone","exp:expressions (phrases, clauses, etc.)",certainly!; very well; with pleasure; understood!,ADD_AFTER_SOURCE_CHECK,P2,"Only one external family supports the JLPT listing, but exact JMdict form is common; suitable after source/level check. JLPT level conflicts with JMdict/Waller enrichment; add the form but review level before publishing.",APPROVE_SOURCE_CHECK,exact JMdict form+reading verified; external JLPT family supports listing; level retained as estimated source-backed band,,N1,estimated-conflict
頭,かしら,N1,"{""N1"": 1}","{""community-independent"": ""N1""}",wordmaster,community-independent,1,lexical,"head, chief",same-writing-different-reading|same-jmdict-entry,,あたま|とう,頭,あたま,N5,あたま|かしら|頭,yes,SINGLE_SOURCE,yes,yes,yes,N5,yes,abbr:abbreviation | col:colloquial,n:noun (common) (futsuumeishi),head; hair (on one's head); mind; brains; intellect; leader,ADD_AFTER_SOURCE_CHECK,P2,"Only one external family supports the JLPT listing, but exact JMdict form is common; suitable after source/level check. JLPT level conflicts with JMdict/Waller enrichment; add the form but review level before publishing.",APPROVE_SOURCE_CHECK,exact JMdict form+reading verified; external JLPT family supports listing; level retained as estimated source-backed band,,N1,estimated-conflict
過多,かた,N1,"{""N1"": 1}","{""waller-derived"": ""N1""}",openjlpt|waller,waller-derived,1,lexical,excess; superabundance,same-reading-different-writing,型|方|肩,,,,,,yes,SINGLE_SOURCE,yes,yes,yes,N1,no,,adj-na:adjectival nouns or quasi-adjectives (keiyodoshi)|n:noun (common) (futsuumeishi),excess; surplus; superabundance,ADD_AFTER_SOURCE_CHECK,P2,"Only one external family supports the JLPT listing, but exact JMdict form is common; suitable after source/level check.",APPROVE_SOURCE_CHECK,exact JMdict form+reading verified; external JLPT family supports listing; level retained as estimated source-backed band,,N1,estimated-source-backed
気質,かたぎ,N1,"{""N1"": 1}","{""waller-derived"": ""N1""}",openjlpt|waller,waller-derived,1,lexical,spirit; character; trait,same-writing-different-reading|same-jmdict-entry,,きしつ,気質,きしつ,N1,かたぎ|きしつ|容気|形気|気質,yes,SINGLE_SOURCE,yes,yes,yes,N1,no,かたぎ usu. as a suffix,"n-suf:noun, used as a suffix|n:noun (common) (futsuumeishi)",disposition; temperament; nature; mentality; spirit; character,ADD_AFTER_SOURCE_CHECK,P2,"Only one external family supports the JLPT listing, but exact JMdict form is common; suitable after source/level check.",APPROVE_SOURCE_CHECK,exact JMdict form+reading verified; external JLPT family supports listing; level retained as estimated source-backed band,,N1,estimated-source-backed
兼ねて,かねて,N1,"{""N1"": 1}","{""waller-derived"": ""N1""}",openjlpt|waller,waller-derived,1,lexical,simultaneously,same-reading-different-writing|same-jmdict-entry,かねて|予て,,かねて|予て,かねて,N1|N2,かねて|予て|兼ねて,yes,SINGLE_SOURCE,yes,yes,yes,N1,no,uk:word usually written using kana alone,adj-no:nouns which may take the genitive case particle 'no'|adv:adverb (fukushi),previously; already; for some time; for quite a while,ADD_AFTER_SOURCE_CHECK,P2,"Only one external family supports the JLPT listing, but exact JMdict form is common; suitable after source/level check.",APPROVE_SOURCE_CHECK,exact JMdict form+reading verified; external JLPT family supports listing; level retained as estimated source-backed band,,N1,estimated-source-backed
身体,からだ,N1,"{""N1"": 1}","{""waller-derived"": ""N1""}",openjlpt|waller,waller-derived,1,lexical,the body,same-reading-different-writing|same-writing-different-reading|same-jmdict-entry,体,しんたい,体,からだ,N5,からだ|体|身体|躯|躰|軀|體,yes,SINGLE_SOURCE,yes,no,yes,N5,yes,からだ is a gikun reading of 身体,n:noun (common) (futsuumeishi),body; torso; trunk; build; physique; frame,ADD_AFTER_SOURCE_CHECK,P2,"Only one external family supports the JLPT listing, but exact JMdict form is common; suitable after source/level check. JLPT level conflicts with JMdict/Waller enrichment; add the form but review level before publishing.",APPROVE_SOURCE_CHECK,exact JMdict form+reading verified; external JLPT family supports listing; level retained as estimated source-backed band,,N1,estimated-conflict
かりに,かりに,N1,"{""N1"": 1}","{""community-independent"": ""N1""}",wordmaster,community-independent,1,kana/loanword,"temporarily; if, for argument's sake",same-reading-different-writing|same-jmdict-entry,仮に,,仮に,かりに,N2,かりに|仮に,yes,SINGLE_SOURCE,yes,yes,yes,,no,,adv:adverb (fukushi),supposing; even if; granting that; for argument's sake; temporarily; provisionally,ADD_AFTER_SOURCE_CHECK,P2,"Only one external family supports the JLPT listing, but exact JMdict form is common; suitable after source/level check.",APPROVE_SOURCE_CHECK,exact JMdict form+reading verified; external JLPT family supports listing; level retained as estimated source-backed band,,N1,estimated-source-backed
かろうじて,かろうじて,N1,"{""N1"": 1}","{""community-independent"": ""N1""}",wordmaster,community-independent,1,kana/loanword,"barely, narrowly",same-reading-different-writing|same-jmdict-entry,辛うじて,,辛うじて,かろうじて,N1,かろうじて|辛うじて,yes,SINGLE_SOURCE,yes,yes,yes,N1,no,uk:word usually written using kana alone,adv:adverb (fukushi),barely; narrowly; only just; with difficulty,ADD_AFTER_SOURCE_CHECK,P2,"Only one external family supports the JLPT listing, but exact JMdict form is common; suitable after source/level check.",APPROVE_SOURCE_CHECK,exact JMdict form+reading verified; external JLPT family supports listing; level retained as estimated source-backed band,,N1,estimated-source-backed
側,かわ,N1,"{""N1"": 1}","{""waller-derived"": ""N1""}",openjlpt|waller,waller-derived,1,lexical,side; row; surroundings,same-reading-different-writing|same-writing-different-reading|same-jmdict-entry,川|皮|革,がわ|そば,側,がわ,N4,かわ|がわ|側,yes,SINGLE_SOURCE,yes,yes,no,N1,no,,n:noun (common) (futsuumeishi)|suf:suffix,"side (of something, or taking someone's side); part; (watch) case",ADD_AFTER_SOURCE_CHECK,P2,"Only one external family supports the JLPT listing, but exact JMdict form is common; suitable after source/level check.",APPROVE_SOURCE_CHECK,exact JMdict form+reading verified; external JLPT family supports listing; level retained as estimated source-backed band,,N1,estimated-source-backed
代る代る,かわるがわる,N1,"{""N1"": 1}","{""community-independent"": ""N1""}",wordmaster,community-independent,1,lexical,alternately,same-reading-different-writing|same-jmdict-entry,代わる代わる,,代わる代わる,かわるがわる,N1,かわるがわる|代る代る|代わる代わる,yes,SINGLE_SOURCE,yes,no,yes,N1,no,,adv:adverb (fukushi),alternately; by turns,ADD_AFTER_SOURCE_CHECK,P2,"Only one external family supports the JLPT listing, but exact JMdict form is common; suitable after source/level check.",APPROVE_SOURCE_CHECK,exact JMdict form+reading verified; external JLPT family supports listing; level retained as estimated source-backed band,,N1,estimated-source-backed
冠,かん,N1,"{""N1"": 1}","{""waller-derived"": ""N1""}",openjlpt|waller,waller-derived,1,lexical,crown; diadem; first,same-reading-different-writing|same-writing-different-reading|same-jmdict-entry,勘|巻|棺|管|缶|艦|観|貫|間|韓|館,かんむり,冠,かんむり,N2,かむり|かん|かんぶり|かんむり|冠,yes,SINGLE_SOURCE,yes,yes,no,N2,yes,,adj-t:'taru' adjective|adv-to:adverb taking the 'to' particle|ctr:counter|n:noun (common) (futsuumeishi),"traditional cap worn by Shinto clergy and courtiers; crown; diadem; coronet; top kanji radical; first verse of a haikai, etc.",ADD_AFTER_SOURCE_CHECK,P2,"Only one external family supports the JLPT listing, but exact JMdict form is common; suitable after source/level check. JLPT level conflicts with JMdict/Waller enrichment; add the form but review level before publishing.",APPROVE_SOURCE_CHECK,exact JMdict form+reading verified; external JLPT family supports listing; level retained as estimated source-backed band,,N1,estimated-conflict
雅致,がち,N1,"{""N1"": 1}","{""waller-derived"": ""N1""}",openjlpt|waller,waller-derived,1,lexical,artistry; good taste; elegance,fully-absent,,,,,,,yes,SINGLE_SOURCE,yes,yes,yes,N1,no,,n:noun (common) (futsuumeishi),artistry; good taste; elegance; grace,ADD_AFTER_SOURCE_CHECK,P2,"Only one external family supports the JLPT listing, but exact JMdict form is common; suitable after source/level check.",APPROVE_SOURCE_CHECK,exact JMdict form+reading verified; external JLPT family supports listing; level retained as estimated source-backed band,,N1,estimated-source-backed
がる,がる,N1,"{""N1"": 1}","{""waller-derived"": ""N1""}",waller,waller-derived,1,kana/loanword,feel,fully-absent,,,,,,,yes,SINGLE_SOURCE,yes,yes,yes,N1,no,following adj. stem | following adj. stem or noun,suf:suffix|v5r:Godan verb with 'ru' ending,to show signs of being; to feel; to think; to behave as if one were; to pretend; to act as if,ADD_AFTER_SOURCE_CHECK,P2,"Only one external family supports the JLPT listing, but exact JMdict form is common; suitable after source/level check.",APPROVE_SOURCE_CHECK,exact JMdict form+reading verified; external JLPT family supports listing; level retained as estimated source-backed band,,N1,estimated-source-backed
奇数,きすう,N1,"{""N1"": 1}","{""waller-derived"": ""N1""}",openjlpt|waller,waller-derived,1,lexical,odd number,fully-absent,,,,,,,yes,SINGLE_SOURCE,yes,yes,yes,N1,no,,adj-no:nouns which may take the genitive case particle 'no'|n:noun (common) (futsuumeishi),odd number,ADD_AFTER_SOURCE_CHECK,P2,"Only one external family supports the JLPT listing, but exact JMdict form is common; suitable after source/level check.",APPROVE_SOURCE_CHECK,exact JMdict form+reading verified; external JLPT family supports listing; level retained as estimated source-backed band,,N1,estimated-source-backed
寄贈,きそう,N1,"{""N1"": 1}","{""waller-derived"": ""N1""}",openjlpt|waller,waller-derived,1,lexical,donation; presentation,same-reading-different-writing|same-writing-different-reading|same-jmdict-entry,競う,きぞう,寄贈,きぞう,N1,きそう|きぞう|寄贈,yes,SINGLE_SOURCE,yes,yes,no,N1,no,,n:noun (common) (futsuumeishi)|vs:noun or participle which takes the aux. verb suru|vt:transitive verb,donation; presentation; gift,ADD_AFTER_SOURCE_CHECK,P2,"Only one external family supports the JLPT listing, but exact JMdict form is common; suitable after source/level check.",APPROVE_SOURCE_CHECK,exact JMdict form+reading verified; external JLPT family supports listing; level retained as estimated source-backed band,,N1,estimated-source-backed
気配,きはい,N1,"{""N1"": 1}","{""waller-derived"": ""N1""}",openjlpt|waller,waller-derived,1,lexical,indication; market trend; worry,same-writing-different-reading|same-jmdict-entry,,けはい,気配,けはい,N2,きはい|けはい|気配,yes,SINGLE_SOURCE,yes,yes,no,N2,yes,,n:noun (common) (futsuumeishi),indication; sign; hint; sensation; feeling; tone (of the market),ADD_AFTER_SOURCE_CHECK,P2,"Only one external family supports the JLPT listing, but exact JMdict form is common; suitable after source/level check. JLPT level conflicts with JMdict/Waller enrichment; add the form but review level before publishing.",APPROVE_SOURCE_CHECK,exact JMdict form+reading verified; external JLPT family supports listing; level retained as estimated source-backed band,,N1,estimated-conflict
共産,きょうさん,N1,"{""N1"": 1}","{""waller-derived"": ""N1""}",openjlpt|waller,waller-derived,1,lexical,communism,fully-absent,,,,,,,yes,SINGLE_SOURCE,yes,yes,yes,N1,no,abbr:abbreviation,n:noun (common) (futsuumeishi),communism; Communist Party,ADD_AFTER_SOURCE_CHECK,P2,"Only one external family supports the JLPT listing, but exact JMdict form is common; suitable after source/level check.",APPROVE_SOURCE_CHECK,exact JMdict form+reading verified; external JLPT family supports listing; level retained as estimated source-backed band,,N1,estimated-source-backed
姉妹,きょうだい,N1,"{""N1"": 1}","{""waller-derived"": ""N1""}",openjlpt|waller,waller-derived,1,lexical,sisters,same-reading-different-writing|same-writing-different-reading|same-jmdict-entry,兄弟|強大|鏡台,しまい,しまい|姉妹,しまい,N2|N4,きょうだい|しまい|姉妹,yes,SINGLE_SOURCE,yes,yes,no,N3,yes,gikun:gikun (meaning as reading) or jukujikun (special kanji reading),n:noun (common) (futsuumeishi),sisters,ADD_AFTER_SOURCE_CHECK,P2,"Only one external family supports the JLPT listing, but exact JMdict form is common; suitable after source/level check. JLPT level conflicts with JMdict/Waller enrichment; add the form but review level before publishing.",APPROVE_SOURCE_CHECK,exact JMdict form+reading verified; external JLPT family supports listing; level retained as estimated source-backed band,,N1,estimated-conflict
きらびやか,きらびやか,N1,"{""N1"": 1}","{""community-independent"": ""N1""}",wordmaster,community-independent,1,kana/loanword,"gorgeous, gaudy, dazzling",same-reading-different-writing|same-jmdict-entry,煌びやか,,煌びやか,きらびやか,N1,きらびやか|煌びやか|綺羅びやか,yes,SINGLE_SOURCE,yes,yes,yes,N1,no,uk:word usually written using kana alone,adj-na:adjectival nouns or quasi-adjectives (keiyodoshi),gorgeous; gaudy; dazzling; gay; resplendent,ADD_AFTER_SOURCE_CHECK,P2,"Only one external family supports the JLPT listing, but exact JMdict form is common; suitable after source/level check.",APPROVE_SOURCE_CHECK,exact JMdict form+reading verified; external JLPT family supports listing; level retained as estimated source-backed band,,N1,estimated-source-backed
切替,きりかえ,N1,"{""N1"": 1}","{""community-independent"": ""N1""}",wordmaster,community-independent,1,lexical,"exchange, conversion, switchover",same-reading-different-writing|same-jmdict-entry,切り替え,,切り替え,きりかえ,N1,きりかえ|切り換え|切り替え|切換|切換え|切替|切替え,yes,SINGLE_SOURCE,yes,no,yes,,no,io:irregular okurigana usage,n:noun (common) (futsuumeishi),exchange; conversion; replacement; switching (to); switchover,ADD_AFTER_SOURCE_CHECK,P2,"Only one external family supports the JLPT listing, but exact JMdict form is common; suitable after source/level check.",APPROVE_SOURCE_CHECK,exact JMdict form+reading verified; external JLPT family supports listing; level retained as estimated source-backed band,,N1,estimated-source-backed
奇麗,きれい,N1,"{""N1"": 1}","{""waller-derived"": ""N1""}",openjlpt|waller,waller-derived,1,lexical,pretty; clean; nice,same-reading-different-writing|same-jmdict-entry,きれい|綺麗,,きれい|綺麗,きれい,N5,きれい|きれーい|キレイ|奇麗|暉麗|綺麗,yes,SINGLE_SOURCE,yes,no,yes,N5,yes,as 〜に | uk:word usually written using kana alone,adj-na:adjectival nouns or quasi-adjectives (keiyodoshi),pretty; lovely; beautiful; fair; clean; clear,ADD_AFTER_SOURCE_CHECK,P2,"Only one external family supports the JLPT listing, but exact JMdict form is common; suitable after source/level check. JLPT level conflicts with JMdict/Waller enrichment; add the form but review level before publishing.",APPROVE_SOURCE_CHECK,exact JMdict form+reading verified; external JLPT family supports listing; level retained as estimated source-backed band,,N1,estimated-conflict
木綿,きわた,N1,"{""N1"": 1}","{""waller-derived"": ""N1""}",openjlpt|waller,waller-derived,1,lexical,cotton,same-writing-different-reading|same-jmdict-entry,,もめん,木綿,もめん,N4,きわた|もめん|木棉|木綿,yes,SINGLE_SOURCE,yes,yes,no,N4,yes,uk:word usually written using kana alone,n:noun (common) (futsuumeishi),cotton (material); red silk-cotton tree (Bombax ceiba),ADD_AFTER_SOURCE_CHECK,P2,"Only one external family supports the JLPT listing, but exact JMdict form is common; suitable after source/level check. JLPT level conflicts with JMdict/Waller enrichment; add the form but review level before publishing.",APPROVE_SOURCE_CHECK,exact JMdict form+reading verified; external JLPT family supports listing; level retained as estimated source-backed band,,N1,estimated-conflict
近々,きんきん,N1,"{""N1"": 1}","{""waller-derived"": ""N1""}",openjlpt|waller,waller-derived,1,lexical,nearness; before long,same-writing-different-reading|same-jmdict-entry,,ちかぢか,近々,ちかぢか,N1,きんきん|ちかぢか|近々|近ぢか|近近,yes,SINGLE_SOURCE,yes,yes,no,N2,yes,,adv-to:adverb taking the 'to' particle|adv:adverb (fukushi),soon; before long; shortly; in the near future; close (by); near,ADD_AFTER_SOURCE_CHECK,P2,"Only one external family supports the JLPT listing, but exact JMdict form is common; suitable after source/level check. JLPT level conflicts with JMdict/Waller enrichment; add the form but review level before publishing.",APPROVE_SOURCE_CHECK,exact JMdict form+reading verified; external JLPT family supports listing; level retained as estimated source-backed band,,N1,estimated-conflict
禁ずる,きんずる,N1,"{""N1"": 1}","{""waller-derived"": ""N1""}",openjlpt|waller,waller-derived,1,lexical,to forbid; to suppress,fully-absent,,,,,,,yes,SINGLE_SOURCE,yes,yes,yes,N1,no,usu. as 禁じ得ない,vt:transitive verb|vz:Ichidan verb - zuru verb (alternative form of -jiru verbs),"to forbid; to ban; to prohibit; to suppress (a feeling, laughter, etc.); to hold back (e.g. tears)",ADD_AFTER_SOURCE_CHECK,P2,"Only one external family supports the JLPT listing, but exact JMdict form is common; suitable after source/level check.",APPROVE_SOURCE_CHECK,exact JMdict form+reading verified; external JLPT family supports listing; level retained as estimated source-backed band,,N1,estimated-source-backed
くぐる,くぐる,N1,"{""N1"": 1}","{""community-independent"": ""N1""}",wordmaster,community-independent,1,kana/loanword,to pass through; to go around,same-reading-different-writing|same-jmdict-entry,潜る,,潜る,くぐる,N1,くぐる|潜る,yes,SINGLE_SOURCE,yes,yes,yes,N1,no,uk:word usually written using kana alone,v5r:Godan verb with 'ru' ending|vi:intransitive verb,to go under; to pass under; to go through; to pass through; to dive (into or under the water); to evade,ADD_AFTER_SOURCE_CHECK,P2,"Only one external family supports the JLPT listing, but exact JMdict form is common; suitable after source/level check.",APPROVE_SOURCE_CHECK,exact JMdict form+reading verified; external JLPT family supports listing; level retained as estimated source-backed band,,N1,estimated-source-backed
くじびき,くじびき,N1,"{""N1"": 1}","{""community-independent"": ""N1""}",wordmaster,community-independent,1,kana/loanword,"lottery, drawn lot",same-reading-different-writing|same-jmdict-entry,くじ引き,,くじ引き,くじびき,N2,くじびき|くじ引き|籤引|籤引き,yes,SINGLE_SOURCE,yes,yes,yes,N1,no,,n:noun (common) (futsuumeishi)|vi:intransitive verb|vs:noun or participle which takes the aux. verb suru,lottery; drawn lot,ADD_AFTER_SOURCE_CHECK,P2,"Only one external family supports the JLPT listing, but exact JMdict form is common; suitable after source/level check.",APPROVE_SOURCE_CHECK,exact JMdict form+reading verified; external JLPT family supports listing; level retained as estimated source-backed band,,N1,estimated-source-backed
籤引,くじびき,N1,"{""N1"": 1}","{""waller-derived"": ""N1""}",openjlpt|waller,waller-derived,1,lexical,lottery; drawn lot,same-reading-different-writing|same-jmdict-entry,くじ引き,,くじ引き,くじびき,N2,くじびき|くじ引き|籤引|籤引き,yes,SINGLE_SOURCE,yes,yes,yes,N1,no,,n:noun (common) (futsuumeishi)|vi:intransitive verb|vs:noun or participle which takes the aux. verb suru,lottery; drawn lot,ADD_AFTER_SOURCE_CHECK,P2,"Only one external family supports the JLPT listing, but exact JMdict form is common; suitable after source/level check.",APPROVE_SOURCE_CHECK,exact JMdict form+reading verified; external JLPT family supports listing; level retained as estimated source-backed band,,N1,estimated-source-backed
国境,くにざかい,N1,"{""N1"": 1}","{""waller-derived"": ""N1""}",openjlpt|waller,waller-derived,1,lexical,national or state border,same-writing-different-reading|same-jmdict-entry,,こっきょう,国境,こっきょう,N3,くにざかい|こっきょう|国ざかい|国境|国界,yes,SINGLE_SOURCE,yes,yes,no,N3,yes,,n:noun (common) (futsuumeishi),border (between countries); national border,ADD_AFTER_SOURCE_CHECK,P2,"Only one external family supports the JLPT listing, but exact JMdict form is common; suitable after source/level check. JLPT level conflicts with JMdict/Waller enrichment; add the form but review level before publishing.",APPROVE_SOURCE_CHECK,exact JMdict form+reading verified; external JLPT family supports listing; level retained as estimated source-backed band,,N1,estimated-conflict
ぐらい,ぐらい,N1,"{""N1"": 1}","{""waller-derived"": ""N1""}",waller,waller-derived,1,kana/loanword,approximately,fully-absent,,,,,,,yes,SINGLE_SOURCE,yes,yes,yes,N1,no,also written as 位,prt:particle|suf:suffix,approximately; about; around; or so; to (about) the extent that; (almost) enough that,ADD_AFTER_SOURCE_CHECK,P2,"Only one external family supports the JLPT listing, but exact JMdict form is common; suitable after source/level check.",APPROVE_SOURCE_CHECK,exact JMdict form+reading verified; external JLPT family supports listing; level retained as estimated source-backed band,,N1,estimated-source-backed
汚す,けがす,N1,"{""N1"": 1}","{""waller-derived"": ""N1""}",openjlpt|waller,waller-derived,1,lexical,to disgrace; to dishonour,same-writing-different-reading|same-jmdict-entry,,よごす,汚す,よごす,N3,けがす|よごす|汚す|穢す,yes,SINGLE_SOURCE,yes,yes,no,N2,yes,esp. けがす,v5s:Godan verb with 'su' ending|vt:transitive verb,to pollute; to contaminate; to soil; to make dirty; to stain; to disgrace,ADD_AFTER_SOURCE_CHECK,P2,"Only one external family supports the JLPT listing, but exact JMdict form is common; suitable after source/level check. JLPT level conflicts with JMdict/Waller enrichment; add the form but review level before publishing.",APPROVE_SOURCE_CHECK,exact JMdict form+reading verified; external JLPT family supports listing; level retained as estimated source-backed band,,N1,estimated-conflict
決,けつ,N1,"{""N1"": 1}","{""community-independent"": ""N1""}",wordmaster,community-independent,1,lexical,"decision, vote",fully-absent,,,,,,,yes,SINGLE_SOURCE,yes,yes,yes,,no,,n:noun (common) (futsuumeishi),decision; vote,ADD_AFTER_SOURCE_CHECK,P2,"Only one external family supports the JLPT listing, but exact JMdict form is common; suitable after source/level check.",APPROVE_SOURCE_CHECK,exact JMdict form+reading verified; external JLPT family supports listing; level retained as estimated source-backed band,,N1,estimated-source-backed
芸,げい,N1,"{""N1"": 1}","{""community-independent"": ""N1""}",wordmaster,community-independent,1,lexical,才艺,same-reading-different-writing,ゲイ,,,,,,yes,SINGLE_SOURCE,yes,yes,yes,,no,,n:noun (common) (futsuumeishi),art; craft; accomplishment; artistic skill; technique; performance,ADD_AFTER_SOURCE_CHECK,P2,"Only one external family supports the JLPT listing, but exact JMdict form is common; suitable after source/level check.",APPROVE_SOURCE_CHECK,exact JMdict form+reading verified; external JLPT family supports listing; level retained as estimated source-backed band,,N1,estimated-source-backed
現場,げんじょう,N1,"{""N1"": 1}","{""waller-derived"": ""N1""}",openjlpt|waller,waller-derived,1,lexical,actual spot; scene; scene of the crime,same-reading-different-writing|same-writing-different-reading|same-jmdict-entry,現状,げんば,現場,げんば,N2,げんじょう|げんば|現場,yes,SINGLE_SOURCE,yes,yes,no,N3,yes,,n:noun (common) (futsuumeishi),"actual spot; scene (of a crime, accident, etc.); (on) site; (on) the ground; (in) the field; job site",ADD_AFTER_SOURCE_CHECK,P2,"Only one external family supports the JLPT listing, but exact JMdict form is common; suitable after source/level check. JLPT level conflicts with JMdict/Waller enrichment; add the form but review level before publishing.",APPROVE_SOURCE_CHECK,exact JMdict form+reading verified; external JLPT family supports listing; level retained as estimated source-backed band,,N1,estimated-conflict
行員,こういん,N1,"{""N1"": 1}","{""waller-derived"": ""N1""}",openjlpt|waller,waller-derived,1,lexical,bank clerk,same-reading-different-writing,光陰|工員,,,,,,yes,SINGLE_SOURCE,yes,yes,yes,N1,no,abbr:abbreviation,n:noun (common) (futsuumeishi),bank clerk,ADD_AFTER_SOURCE_CHECK,P2,"Only one external family supports the JLPT listing, but exact JMdict form is common; suitable after source/level check.",APPROVE_SOURCE_CHECK,exact JMdict form+reading verified; external JLPT family supports listing; level retained as estimated source-backed band,,N1,estimated-source-backed
箇箇,ここ,N1,"{""N1"": 1}","{""waller-derived"": ""N1""}",openjlpt|waller,waller-derived,1,lexical,individual; separate,same-reading-different-writing|same-jmdict-entry,ここ|個々,,ここ|個々,ここ,N2|N5,ここ|個々|個個|箇々|箇箇,yes,SINGLE_SOURCE,yes,no,yes,N1,no,,adj-no:nouns which may take the genitive case particle 'no'|n:noun (common) (futsuumeishi),individual; one by one; separate; each,ADD_AFTER_SOURCE_CHECK,P2,"Only one external family supports the JLPT listing, but exact JMdict form is common; suitable after source/level check.",APPROVE_SOURCE_CHECK,exact JMdict form+reading verified; external JLPT family supports listing; level retained as estimated source-backed band,,N1,estimated-source-backed
混む,こむ,N1,"{""N1"": 1}","{""waller-derived"": ""N1""}",openjlpt|waller,waller-derived,1,lexical,to be crowded,same-reading-different-writing,込む,,,,,,yes,SINGLE_SOURCE,yes,yes,yes,N1,no,,v5m:Godan verb with 'mu' ending|vi:intransitive verb,to be crowded; to be packed; to be congested; to be thronged (with),ADD_AFTER_SOURCE_CHECK,P2,"Only one external family supports the JLPT listing, but exact JMdict form is common; suitable after source/level check.",APPROVE_SOURCE_CHECK,exact JMdict form+reading verified; external JLPT family supports listing; level retained as estimated source-backed band,,N1,estimated-source-backed
篭る,こもる,N1,"{""N1"": 1}","{""waller-derived"": ""N1""}",openjlpt|waller,waller-derived,1,lexical,to seclude oneself; to be confined in; to be implied,same-reading-different-writing|same-jmdict-entry,こもる|籠もる,,こもる|籠もる,こもる,N1,こもる|篭もる|篭る|籠もる|籠る|隠る,yes,SINGLE_SOURCE,yes,no,yes,N1,no,io:irregular okurigana usage | oft. ～のこもったもの | uk:word usually written using kana alone,v5r:Godan verb with 'ru' ending|vi:intransitive verb,"to shut oneself in (e.g. one's room); to be confined in; to seclude oneself; to hide away; to stay inside (one's shell); to fill with (emotion, enthusiasm, power, etc.)",ADD_AFTER_SOURCE_CHECK,P2,"Only one external family supports the JLPT listing, but exact JMdict form is common; suitable after source/level check.",APPROVE_SOURCE_CHECK,exact JMdict form+reading verified; external JLPT family supports listing; level retained as estimated source-backed band,,N1,estimated-source-backed
今晩は,こんばんは,N1,"{""N1"": 1}","{""waller-derived"": ""N1""}",openjlpt|waller,waller-derived,1,lexical,good evening,same-reading-different-writing|same-jmdict-entry,こんばんは,,こんばんは,こんばんは,N5,こんばんは|こんばんわ|今晩は,yes,SINGLE_SOURCE,yes,yes,yes,N2,yes,uk:word usually written using kana alone | は is pronounced as わ,int:interjection (kandoushi),good evening,ADD_AFTER_SOURCE_CHECK,P2,"Only one external family supports the JLPT listing, but exact JMdict form is common; suitable after source/level check. JLPT level conflicts with JMdict/Waller enrichment; add the form but review level before publishing.",APPROVE_SOURCE_CHECK,exact JMdict form+reading verified; external JLPT family supports listing; level retained as estimated source-backed band,,N1,estimated-conflict
御,ご,N1,"{""N1"": 1}","{""waller-derived"": ""N1""}",openjlpt|waller,waller-derived,1,lexical,go-; honourable,same-reading-different-writing,五|後|碁|語,,,,,,yes,SINGLE_SOURCE,yes,yes,yes,N1,no,after a noun indicating a person | hon:honorific or respectful (sonkeigo) language | hum:humble (kenjougo) language | pol:polite (teineigo) language | uk:word usually written using kana alone | usu. before a term with an on-yomi reading,pref:prefix|suf:suffix,honorific/polite/humble prefix; honorific suffix,ADD_AFTER_SOURCE_CHECK,P2,"Only one external family supports the JLPT listing, but exact JMdict form is common; suitable after source/level check.",APPROVE_SOURCE_CHECK,exact JMdict form+reading verified; external JLPT family supports listing; level retained as estimated source-backed band,,N1,estimated-source-backed
濠,ごう,N1,"{""N1"": 1}","{""waller-derived"": ""N1""}",openjlpt|waller,waller-derived,1,lexical,moat,same-reading-different-writing|same-jmdict-entry,号|合|壕|業|豪,,壕|豪,ごう,N1,ごう|壕|濠|豪,yes,SINGLE_SOURCE,yes,no,yes,N1,no,"abbr:abbreviation | 濠 is usu. filled with water, 壕 is usu. dry",n:noun (common) (futsuumeishi),moat; fosse; trench; ditch; underground air-raid shelter; dugout; Australia,ADD_AFTER_SOURCE_CHECK,P2,"Only one external family supports the JLPT listing, but exact JMdict form is common; suitable after source/level check.",APPROVE_SOURCE_CHECK,exact JMdict form+reading verified; external JLPT family supports listing; level retained as estimated source-backed band; intended Traditional-Chinese learning sense explicitly pinned after source/JMdict comparison,護城河；壕溝,N1,estimated-source-backed
ご馳走さま,ごちそうさま,N1,"{""N1"": 1}","{""waller-derived"": ""N1""}",openjlpt|waller,waller-derived,1,lexical,feast,same-reading-different-writing|same-jmdict-entry,ご馳走様,,ご馳走様,ごちそうさま,N2,ごちそうさま|ご馳走さま|ご馳走様|御馳走様,yes,SINGLE_SOURCE,yes,yes,yes,N2,yes,"joc:jocular, humorous term | uk:word usually written using kana alone",int:interjection (kandoushi),thank you (for the meal); that was a delicious meal; thank you (for displaying lovey-dovey behaviour),ADD_AFTER_SOURCE_CHECK,P2,"Only one external family supports the JLPT listing, but exact JMdict form is common; suitable after source/level check. JLPT level conflicts with JMdict/Waller enrichment; add the form but review level before publishing.",APPROVE_SOURCE_CHECK,exact JMdict form+reading verified; external JLPT family supports listing; level retained as estimated source-backed band,,N1,estimated-conflict
歳,さい,N1,"{""N1"": 1}","{""waller-derived"": ""N1""}",openjlpt|waller,waller-derived,1,lexical,#NAME?,same-reading-different-writing,再|差異|際,,,,,,yes,SINGLE_SOURCE,yes,yes,yes,N1,no,,ctr:counter,... years old; age (of) ...,ADD_AFTER_SOURCE_CHECK,P2,"Only one external family supports the JLPT listing, but exact JMdict form is common; suitable after source/level check.",APPROVE_SOURCE_CHECK,exact JMdict form+reading verified; external JLPT family supports listing; level retained as estimated source-backed band; intended Traditional-Chinese learning sense explicitly pinned after source/JMdict comparison,歲（年齡計數詞）,N1,estimated-source-backed
最中,さなか,N1,"{""N1"": 1}","{""community-independent"": ""N1""}",wordmaster,community-independent,1,lexical,"in the middle of, midst",same-writing-different-reading|same-jmdict-entry,,さいちゅう,最中,さいちゅう,N3,さいちゅう|さなか|さ中|最中,yes,SINGLE_SOURCE,yes,yes,no,N3,yes,,n:noun (common) (futsuumeishi),(in) the middle of; (in) the midst of; (in) the course of; (at) the height of,ADD_AFTER_SOURCE_CHECK,P2,"Only one external family supports the JLPT listing, but exact JMdict form is common; suitable after source/level check. JLPT level conflicts with JMdict/Waller enrichment; add the form but review level before publishing.",APPROVE_SOURCE_CHECK,exact JMdict form+reading verified; external JLPT family supports listing; level retained as estimated source-backed band,,N1,estimated-conflict
錆び,さび,N1,"{""N1"": 1}","{""waller-derived"": ""N1""}",openjlpt|waller,waller-derived,1,lexical,rust (colour),same-reading-different-writing|same-jmdict-entry,錆|錆[さび],,錆,さび,N2,さび|銹|錆|錆び|鏽,yes,SINGLE_SOURCE,yes,no,yes,N2,yes,,n:noun (common) (futsuumeishi),rust,ADD_AFTER_SOURCE_CHECK,P2,"Only one external family supports the JLPT listing, but exact JMdict form is common; suitable after source/level check. JLPT level conflicts with JMdict/Waller enrichment; add the form but review level before publishing.",APPROVE_SOURCE_CHECK,exact JMdict form+reading verified; external JLPT family supports listing; level retained as estimated source-backed band,,N1,estimated-conflict
三味線,さみせん,N1,"{""N1"": 1}","{""waller-derived"": ""N1""}",openjlpt|waller,waller-derived,1,lexical,three-stringed Japanese guitar; shamisen,same-writing-different-reading|same-jmdict-entry,,しゃみせん,三味線,しゃみせん,N1,さみせん|しゃみせん|三味線,yes,SINGLE_SOURCE,yes,yes,no,N1,no,,n:noun (common) (futsuumeishi),shamisen; samisen; three-stringed Japanese lute,ADD_AFTER_SOURCE_CHECK,P2,"Only one external family supports the JLPT listing, but exact JMdict form is common; suitable after source/level check.",APPROVE_SOURCE_CHECK,exact JMdict form+reading verified; external JLPT family supports listing; level retained as estimated source-backed band,,N1,estimated-source-backed
桟橋,さんきょう,N1,"{""N1"": 1}","{""waller-derived"": ""N1""}",openjlpt|waller,waller-derived,1,lexical,wharf; bridge; jetty,same-writing-different-reading|same-jmdict-entry,,さんばし,桟橋,さんばし,N1,さんきょう|さんばし|桟橋|棧橋,yes,SINGLE_SOURCE,yes,yes,no,N1,no,,n:noun (common) (futsuumeishi),wharf; bridge; jetty; pier,ADD_AFTER_SOURCE_CHECK,P2,"Only one external family supports the JLPT listing, but exact JMdict form is common; suitable after source/level check.",APPROVE_SOURCE_CHECK,exact JMdict form+reading verified; external JLPT family supports listing; level retained as estimated source-backed band,,N1,estimated-source-backed
仕上,しあげ,N1,"{""N1"": 1}","{""community-independent"": ""N1""}",wordmaster,community-independent,1,lexical,"end, finishing touches",same-reading-different-writing|same-jmdict-entry,仕上げ,,仕上げ,しあげ,N1,しあげ|仕あげ|仕上|仕上げ,yes,SINGLE_SOURCE,yes,no,yes,N1,no,io:irregular okurigana usage,n:noun (common) (futsuumeishi),finish; finishing; finishing touches,ADD_AFTER_SOURCE_CHECK,P2,"Only one external family supports the JLPT listing, but exact JMdict form is common; suitable after source/level check.",APPROVE_SOURCE_CHECK,exact JMdict form+reading verified; external JLPT family supports listing; level retained as estimated source-backed band,,N1,estimated-source-backed
仕掛,しかけ,N1,"{""N1"": 1}","{""community-independent"": ""N1""}",wordmaster,community-independent,1,lexical,机关,same-reading-different-writing|same-jmdict-entry,仕掛け,,仕掛け,しかけ,N1,しかけ|仕掛|仕掛け,yes,SINGLE_SOURCE,yes,no,yes,N1,no,,n:noun (common) (futsuumeishi),device; contrivance; mechanism; gadget; trick; trap,ADD_AFTER_SOURCE_CHECK,P2,"Only one external family supports the JLPT listing, but exact JMdict form is common; suitable after source/level check.",APPROVE_SOURCE_CHECK,exact JMdict form+reading verified; external JLPT family supports listing; level retained as estimated source-backed band,,N1,estimated-source-backed
施行,しぎょう,N1,"{""N1"": 1}","{""waller-derived"": ""N1""}",openjlpt|waller,waller-derived,1,lexical,1.  execution; enforcing; carrying out,same-reading-different-writing|same-writing-different-reading|same-jmdict-entry,始業,しこう,施行,しこう,N1,しぎょう|しこう|せこう|施行,yes,SINGLE_SOURCE,yes,yes,no,N1,no,,n:noun (common) (futsuumeishi)|vs:noun or participle which takes the aux. verb suru|vt:transitive verb,"putting in force (a law); putting into operation; putting into effect; enforcement; carrying out (a plan, policy, etc.); execution",ADD_AFTER_SOURCE_CHECK,P2,"Only one external family supports the JLPT listing, but exact JMdict form is common; suitable after source/level check.",APPROVE_SOURCE_CHECK,exact JMdict form+reading verified; external JLPT family supports listing; level retained as estimated source-backed band,,N1,estimated-source-backed
仕組,しくみ,N1,"{""N1"": 1}","{""community-independent"": ""N1""}",wordmaster,community-independent,1,lexical,结构,same-reading-different-writing|same-jmdict-entry,仕組み,,仕組み,しくみ,N2,しくみ|仕組|仕組み,yes,SINGLE_SOURCE,yes,no,yes,N1,no,,n:noun (common) (futsuumeishi),structure; construction; arrangement; contrivance; mechanism; workings,ADD_AFTER_SOURCE_CHECK,P2,"Only one external family supports the JLPT listing, but exact JMdict form is common; suitable after source/level check.",APPROVE_SOURCE_CHECK,exact JMdict form+reading verified; external JLPT family supports listing; level retained as estimated source-backed band,,N1,estimated-source-backed
屡,しばしば,N1,"{""N1"": 1}","{""waller-derived"": ""N1""}",openjlpt|waller,waller-derived,1,lexical,often; again and again; frequently,same-reading-different-writing|same-jmdict-entry,しばしば|屡々,,しばしば|屡々,しばしば,N1|N2,しばしば|屡|屡々|屡屡|数|数々|数数,yes,SINGLE_SOURCE,yes,no,yes,N1,no,on-mim:onomatopoeic or mimetic word | uk:word usually written using kana alone,adv:adverb (fukushi),often; again and again; frequently; repeatedly,ADD_AFTER_SOURCE_CHECK,P2,"Only one external family supports the JLPT listing, but exact JMdict form is common; suitable after source/level check.",APPROVE_SOURCE_CHECK,exact JMdict form+reading verified; external JLPT family supports listing; level retained as estimated source-backed band,,N1,estimated-source-backed
背負う,しょう,N1,"{""N1"": 1}","{""waller-derived"": ""N1""}",openjlpt|waller,waller-derived,1,lexical,to be burdened with; to carry on back or shoulder,same-reading-different-writing|same-writing-different-reading|same-jmdict-entry,商|症|相|省|章|象|賞,せおう,背負う,せおう,N2,しょう|せおう|背負う|脊負う,yes,SINGLE_SOURCE,yes,yes,no,N2,yes,in the form しょってる,v5u:Godan verb with 'u' ending|vi:intransitive verb|vt:transitive verb,to carry on one's back; to be burdened with; to take responsibility for; to have (something) in the background; to be in front (of something); to be conceited,ADD_AFTER_SOURCE_CHECK,P2,"Only one external family supports the JLPT listing, but exact JMdict form is common; suitable after source/level check. JLPT level conflicts with JMdict/Waller enrichment; add the form but review level before publishing.",APPROVE_SOURCE_CHECK,exact JMdict form+reading verified; external JLPT family supports listing; level retained as estimated source-backed band,,N1,estimated-conflict
消耗,しょうこう,N1,"{""N1"": 1}","{""waller-derived"": ""N1""}",openjlpt|waller,waller-derived,1,lexical,exhaustion; consumption,same-reading-different-writing|same-writing-different-reading|same-jmdict-entry,紹興,しょうもう,消耗,しょうもう,N2,しょうこう|しょうもう|消耗,yes,SINGLE_SOURCE,yes,yes,no,N2,yes,,n:noun (common) (futsuumeishi)|vi:intransitive verb|vs:noun or participle which takes the aux. verb suru|vt:transitive verb,exhaustion; consumption; using up; dissipation; waste,ADD_AFTER_SOURCE_CHECK,P2,"Only one external family supports the JLPT listing, but exact JMdict form is common; suitable after source/level check. JLPT level conflicts with JMdict/Waller enrichment; add the form but review level before publishing.",APPROVE_SOURCE_CHECK,exact JMdict form+reading verified; external JLPT family supports listing; level retained as estimated source-backed band,,N1,estimated-conflict
所々,しょしょ,N1,"{""N1"": 1}","{""waller-derived"": ""N1""}",openjlpt|waller,waller-derived,1,lexical,here and there; some parts (of something),same-writing-different-reading|same-jmdict-entry,,ところどころ,所々,ところどころ,N2,しょしょ|ところどころ|処々|処処|所々|所所,yes,SINGLE_SOURCE,yes,yes,no,N2,yes,uk:word usually written using kana alone,adv:adverb (fukushi)|n:noun (common) (futsuumeishi),here and there; in places,ADD_AFTER_SOURCE_CHECK,P2,"Only one external family supports the JLPT listing, but exact JMdict form is common; suitable after source/level check. JLPT level conflicts with JMdict/Waller enrichment; add the form but review level before publishing.",APPROVE_SOURCE_CHECK,exact JMdict form+reading verified; external JLPT family supports listing; level retained as estimated source-backed band,,N1,estimated-conflict
審判,しんばん,N1,"{""N1"": 1}","{""waller-derived"": ""N1""}",openjlpt|waller,waller-derived,1,lexical,refereeing; trial; judgement,same-writing-different-reading|same-jmdict-entry,,しんぱん,審判,しんぱん,N2,しんばん|しんぱん|審判,yes,SINGLE_SOURCE,yes,yes,no,N3,yes,,n:noun (common) (futsuumeishi)|vs:noun or participle which takes the aux. verb suru|vt:transitive verb,judgement; judgment; decision; verdict; sentence; refereeing,ADD_AFTER_SOURCE_CHECK,P2,"Only one external family supports the JLPT listing, but exact JMdict form is common; suitable after source/level check. JLPT level conflicts with JMdict/Waller enrichment; add the form but review level before publishing.",APPROVE_SOURCE_CHECK,exact JMdict form+reading verified; external JLPT family supports listing; level retained as estimated source-backed band,,N1,estimated-conflict
地形,じぎょう,N1,"{""N1"": 1}","{""waller-derived"": ""N1""}",openjlpt|waller,waller-derived,1,lexical,terrain; geographical features; topography,same-reading-different-writing|same-writing-different-reading|same-jmdict-entry,事業,ちけい,地形,ちけい,N1,じぎょう|ちけい|地形,yes,SINGLE_SOURCE,yes,yes,no,N1,no,,n:noun (common) (futsuumeishi),terrain; geographical features; topography,ADD_AFTER_SOURCE_CHECK,P2,"Only one external family supports the JLPT listing, but exact JMdict form is common; suitable after source/level check.",APPROVE_SOURCE_CHECK,exact JMdict form+reading verified; external JLPT family supports listing; level retained as estimated source-backed band,,N1,estimated-source-backed
重複,じゅうふく,N1,"{""N1"": 1}","{""waller-derived"": ""N1""}",openjlpt|waller,waller-derived,1,lexical,duplication; repetition; overlapping,same-writing-different-reading|same-jmdict-entry,,ちょうふく,重複,ちょうふく,N1,じゅうふく|ちょうふく|重復|重複,yes,SINGLE_SOURCE,yes,yes,yes,N1,no,,adj-no:nouns which may take the genitive case particle 'no'|n:noun (common) (futsuumeishi)|vi:intransitive verb|vs:noun or participle which takes the aux. verb suru,duplication; repetition; overlapping; redundancy; restoration,ADD_AFTER_SOURCE_CHECK,P2,"Only one external family supports the JLPT listing, but exact JMdict form is common; suitable after source/level check.",APPROVE_SOURCE_CHECK,exact JMdict form+reading verified; external JLPT family supports listing; level retained as estimated source-backed band,,N1,estimated-source-backed
重宝,じゅうほう,N1,"{""N1"": 1}","{""waller-derived"": ""N1""}",openjlpt|waller,waller-derived,1,lexical,priceless treasure; convenience; usefulness,same-writing-different-reading|same-jmdict-entry,,ちょうほう,重宝,ちょうほう,N1,じゅうほう|ちょうほう|重宝,yes,SINGLE_SOURCE,yes,yes,no,N1,no,,adj-na:adjectival nouns or quasi-adjectives (keiyodoshi)|n:noun (common) (futsuumeishi)|vs:noun or participle which takes the aux. verb suru|vt:transitive verb,convenient; useful; handy; helpful; finding useful; coming in handy,ADD_AFTER_SOURCE_CHECK,P2,"Only one external family supports the JLPT listing, but exact JMdict form is common; suitable after source/level check.",APPROVE_SOURCE_CHECK,exact JMdict form+reading verified; external JLPT family supports listing; level retained as estimated source-backed band; intended Traditional-Chinese learning sense explicitly pinned after source/JMdict comparison,珍貴；便利；有用,N1,estimated-source-backed
準ずる,じゅんずる,N1,"{""N1"": 1}","{""waller-derived"": ""N1""}",openjlpt|waller,waller-derived,1,lexical,to apply correspondingly; to correspond to; to be proportionate to,fully-absent,,,,,,,yes,SINGLE_SOURCE,yes,yes,yes,N1,no,occ. as 順ずる,vi:intransitive verb|vz:Ichidan verb - zuru verb (alternative form of -jiru verbs),"to follow (a rule, precedent, etc.); to conform to (the law, standards, etc.); to be based on; to apply correspondingly; to be proportionate to; to correspond to",ADD_AFTER_SOURCE_CHECK,P2,"Only one external family supports the JLPT listing, but exact JMdict form is common; suitable after source/level check.",APPROVE_SOURCE_CHECK,exact JMdict form+reading verified; external JLPT family supports listing; level retained as estimated source-backed band,,N1,estimated-source-backed
状,じょう,N1,"{""N1"": 1}","{""waller-derived"": ""N1""}",openjlpt|waller,waller-derived,1,lexical,shape,same-reading-different-writing,上|場|嬢|情|畳,,,,,,yes,SINGLE_SOURCE,yes,yes,yes,N1,no,,"n-suf:noun, used as a suffix|n:noun (common) (futsuumeishi)",form; shape; appearance; state; condition; circumstances,ADD_AFTER_SOURCE_CHECK,P2,"Only one external family supports the JLPT listing, but exact JMdict form is common; suitable after source/level check.",APPROVE_SOURCE_CHECK,exact JMdict form+reading verified; external JLPT family supports listing; level retained as estimated source-backed band,,N1,estimated-source-backed
乗客,じょうかく,N1,"{""N1"": 1}","{""waller-derived"": ""N1""}",openjlpt|waller,waller-derived,1,lexical,passenger,same-writing-different-reading|same-jmdict-entry,,じょうきゃく,乗客,じょうきゃく,N2,じょうかく|じょうきゃく|乗客,yes,SINGLE_SOURCE,yes,yes,no,N3,yes,,n:noun (common) (futsuumeishi),passenger,ADD_AFTER_SOURCE_CHECK,P2,"Only one external family supports the JLPT listing, but exact JMdict form is common; suitable after source/level check. JLPT level conflicts with JMdict/Waller enrichment; add the form but review level before publishing.",APPROVE_SOURCE_CHECK,exact JMdict form+reading verified; external JLPT family supports listing; level retained as estimated source-backed band,,N1,estimated-conflict
情緒,じょうしょ,N1,"{""N1"": 1}","{""waller-derived"": ""N1""}",openjlpt|waller,waller-derived,1,lexical,emotion; feeling,same-writing-different-reading|same-jmdict-entry,,じょうちょ,情緒,じょうちょ,N1,じょうしょ|じょうちょ|情緒,yes,SINGLE_SOURCE,yes,yes,yes,N1,no,,adj-no:nouns which may take the genitive case particle 'no'|n:noun (common) (futsuumeishi),emotion; feeling; atmosphere; mood; spirit,ADD_AFTER_SOURCE_CHECK,P2,"Only one external family supports the JLPT listing, but exact JMdict form is common; suitable after source/level check.",APPROVE_SOURCE_CHECK,exact JMdict form+reading verified; external JLPT family supports listing; level retained as estimated source-backed band,,N1,estimated-source-backed
人目,じんもく,N1,"{""N1"": 1}","{""waller-derived"": ""N1""}",openjlpt|waller,waller-derived,1,lexical,glimpse; public gaze,same-writing-different-reading|same-jmdict-entry,,ひとめ,人目,ひとめ,N1,じんもく|ひとめ|人目|人眼,yes,SINGLE_SOURCE,yes,yes,no,N1,no,,n:noun (common) (futsuumeishi),(public) notice; attention; public eye; public gaze,ADD_AFTER_SOURCE_CHECK,P2,"Only one external family supports the JLPT listing, but exact JMdict form is common; suitable after source/level check.",APPROVE_SOURCE_CHECK,exact JMdict form+reading verified; external JLPT family supports listing; level retained as estimated source-backed band,,N1,estimated-source-backed
Ｇパン,ジーパン,N1,"{""N1"": 1}","{""waller-derived"": ""N1""}",waller,waller-derived,1,lexical,"jeans (lit: jeans pants), dungarees",same-reading-different-writing|same-jmdict-entry,ジーパン,,ジーパン,ジーパン,N1,ジーパン|Ｇパン,yes,SINGLE_SOURCE,yes,no,yes,N1,no,abbr:abbreviation | uk:word usually written using kana alone,n:noun (common) (futsuumeishi),jeans; dungarees,ADD_AFTER_SOURCE_CHECK,P2,"Only one external family supports the JLPT listing, but exact JMdict form is common; suitable after source/level check.",APPROVE_SOURCE_CHECK,exact JMdict form+reading verified; external JLPT family supports listing; level retained as estimated source-backed band,,N1,estimated-source-backed
水気,すいき,N1,"{""N1"": 1}","{""waller-derived"": ""N1""}",openjlpt|waller,waller-derived,1,lexical,1.  moisture; dampness; vapor,same-writing-different-reading|same-jmdict-entry,,みずけ,水気,みずけ,N1,すいき|みずけ|水け|水気,yes,SINGLE_SOURCE,yes,yes,no,N1,no,,n:noun (common) (futsuumeishi),water content; moisture; juiciness; dampness; water vapor (vapour); steam,ADD_AFTER_SOURCE_CHECK,P2,"Only one external family supports the JLPT listing, but exact JMdict form is common; suitable after source/level check.",APPROVE_SOURCE_CHECK,exact JMdict form+reading verified; external JLPT family supports listing; level retained as estimated source-backed band,,N1,estimated-source-backed
過ぎ,すぎ,N1,"{""N1"": 1}","{""waller-derived"": ""N1""}",openjlpt|waller,waller-derived,1,lexical,past; after,same-reading-different-writing,杉,,,,,,yes,SINGLE_SOURCE,yes,yes,yes,N1,no,uk:word usually written using kana alone,"n-suf:noun, used as a suffix|n:noun (common) (futsuumeishi)",past; after; too (much); over- (e.g. eating),ADD_AFTER_SOURCE_CHECK,P2,"Only one external family supports the JLPT listing, but exact JMdict form is common; suitable after source/level check.",APPROVE_SOURCE_CHECK,exact JMdict form+reading verified; external JLPT family supports listing; level retained as estimated source-backed band; intended Traditional-Chinese learning sense explicitly pinned after source/JMdict comparison,超過；過後；……之後,N1,estimated-source-backed
スト,スト,N1,"{""N1"": 1}","{""community-independent"": ""N1""}",wordmaster,community-independent,1,kana/loanword,(abbr.) strike,fully-absent,,,,,,,yes,SINGLE_SOURCE,yes,yes,yes,,no,abbr:abbreviation,n:noun (common) (futsuumeishi),strike (i.e. industrial action),ADD_AFTER_SOURCE_CHECK,P2,"Only one external family supports the JLPT listing, but exact JMdict form is common; suitable after source/level check.",APPROVE_SOURCE_CHECK,exact JMdict form+reading verified; external JLPT family supports listing; level retained as estimated source-backed band,,N1,estimated-source-backed
清ます,すます,N1,"{""N1"": 1}","{""community-independent"": ""N1""}",wordmaster,community-independent,1,lexical,"to clear, to make clear, to listen for",same-reading-different-writing|same-jmdict-entry,済ます|澄ます,,澄ます,すます,N1,すます|清ます|澄ます,yes,SINGLE_SOURCE,yes,no,yes,N1,no,,v5s:Godan verb with 'su' ending|vt:transitive verb,to clear; to make clear; to be unruffled; to look unconcerned; to feign indifference; to look demure,ADD_AFTER_SOURCE_CHECK,P2,"Only one external family supports the JLPT listing, but exact JMdict form is common; suitable after source/level check.",APPROVE_SOURCE_CHECK,exact JMdict form+reading verified; external JLPT family supports listing; level retained as estimated source-backed band,,N1,estimated-source-backed
すみやか,すみやか,N1,"{""N1"": 1}","{""community-independent"": ""N1""}",wordmaster,community-independent,1,kana/loanword,speedy,same-reading-different-writing|same-jmdict-entry,速やか,,速やか,すみやか,N1,すみやか|速やか,yes,SINGLE_SOURCE,yes,yes,yes,,no,,adj-na:adjectival nouns or quasi-adjectives (keiyodoshi),quick; speedy; prompt; rapid; swift,ADD_AFTER_SOURCE_CHECK,P2,"Only one external family supports the JLPT listing, but exact JMdict form is common; suitable after source/level check.",APPROVE_SOURCE_CHECK,exact JMdict form+reading verified; external JLPT family supports listing; level retained as estimated source-backed band,,N1,estimated-source-backed
剃る,する,N1,"{""N1"": 1}","{""waller-derived"": ""N1""}",openjlpt|waller,waller-derived,1,lexical,to shave,same-reading-different-writing|same-writing-different-reading|same-jmdict-entry,する|刷る|掏る|擦る,そる,する|剃る,する|そる,N2|N5,する|そる|剃る,yes,SINGLE_SOURCE,yes,yes,no,N2,yes,,v5r:Godan verb with 'ru' ending|vt:transitive verb,to shave,ADD_AFTER_SOURCE_CHECK,P2,"Only one external family supports the JLPT listing, but exact JMdict form is common; suitable after source/level check. JLPT level conflicts with JMdict/Waller enrichment; add the form but review level before publishing.",APPROVE_SOURCE_CHECK,exact JMdict form+reading verified; external JLPT family supports listing; level retained as estimated source-backed band,,N1,estimated-conflict
制,せい,N1,"{""N1"": 1}","{""waller-derived"": ""N1""}",openjlpt|waller,waller-derived,1,lexical,system; organization; imperial command,same-reading-different-writing|same-jmdict-entry,せい|姓|性|正|生|精|背,,せい,せい,N5,せい|制,yes,SINGLE_SOURCE,yes,yes,yes,N1,no,,"n-suf:noun, used as a suffix|n:noun (common) (futsuumeishi)",system; organization; organisation; imperial command; laws; regulation,ADD_AFTER_SOURCE_CHECK,P2,"Only one external family supports the JLPT listing, but exact JMdict form is common; suitable after source/level check.",APPROVE_SOURCE_CHECK,exact JMdict form+reading verified; external JLPT family supports listing; level retained as estimated source-backed band,,N1,estimated-source-backed
製,せい,N1,"{""N1"": 1}","{""waller-derived"": ""N1""}",openjlpt|waller,waller-derived,1,lexical,-made; make,same-reading-different-writing|same-jmdict-entry,せい|姓|性|正|生|精|背,,せい,せい,N5,せい|製,yes,SINGLE_SOURCE,yes,yes,yes,N1,no,,"n-suf:noun, used as a suffix|n:noun (common) (futsuumeishi)",make; manufacture; -made; made of ...; made in ...,ADD_AFTER_SOURCE_CHECK,P2,"Only one external family supports the JLPT listing, but exact JMdict form is common; suitable after source/level check.",APPROVE_SOURCE_CHECK,exact JMdict form+reading verified; external JLPT family supports listing; level retained as estimated source-backed band,,N1,estimated-source-backed
損う,そこなう,N1,"{""N1"": 1}","{""community-independent"": ""N1""}",wordmaster,community-independent,1,lexical,"to harm, to hurt",same-reading-different-writing|same-jmdict-entry,損なう,,損なう,そこなう,N2,そこなう|害う|損う|損なう,yes,SINGLE_SOURCE,yes,no,yes,N1,no,after the -masu stem of a verb | io:irregular okurigana usage,suf:suffix|v5u:Godan verb with 'u' ending|vt:transitive verb,to harm; to hurt; to injure; to damage; to spoil; to mar,ADD_AFTER_SOURCE_CHECK,P2,"Only one external family supports the JLPT listing, but exact JMdict form is common; suitable after source/level check.",APPROVE_SOURCE_CHECK,exact JMdict form+reading verified; external JLPT family supports listing; level retained as estimated source-backed band,,N1,estimated-source-backed
具わる,そなわる,N1,"{""N1"": 1}","{""community-independent"": ""N1""}",wordmaster,community-independent,1,lexical,to be furnished with,same-reading-different-writing|same-jmdict-entry,備わる,,備わる,そなわる,N2,そなわる|備わる|具わる,yes,SINGLE_SOURCE,yes,yes,yes,N1,no,,v5r:Godan verb with 'ru' ending|vi:intransitive verb,to be furnished with; to be provided with; to be equipped with; to be possessed of; to be endowed with; to be gifted with,ADD_AFTER_SOURCE_CHECK,P2,"Only one external family supports the JLPT listing, but exact JMdict form is common; suitable after source/level check.",APPROVE_SOURCE_CHECK,exact JMdict form+reading verified; external JLPT family supports listing; level retained as estimated source-backed band,,N1,estimated-source-backed
その外,そのほか,N1,"{""N1"": 1}","{""waller-derived"": ""N1""}",openjlpt|waller,waller-derived,1,lexical,besides; in addition; the rest,same-reading-different-writing|same-jmdict-entry,そのほか|その他,,そのほか|その他,そのほか,N2|N3,そのた|そのほか|その他|その外|其の他|其の外|其他,yes,SINGLE_SOURCE,yes,yes,yes,N2,yes,そのた is the more common reading when written,"adj-no:nouns which may take the genitive case particle 'no'|adv:adverb (fukushi)|exp:expressions (phrases, clauses, etc.)|n:noun (common) (futsuumeishi)",the rest; the others; in addition (to that); besides that; other than that; and other ...,ADD_AFTER_SOURCE_CHECK,P2,"Only one external family supports the JLPT listing, but exact JMdict form is common; suitable after source/level check. JLPT level conflicts with JMdict/Waller enrichment; add the form but review level before publishing.",APPROVE_SOURCE_CHECK,exact JMdict form+reading verified; external JLPT family supports listing; level retained as estimated source-backed band,,N1,estimated-conflict
其れ程,それほど,N1,"{""N1"": 1}","{""waller-derived"": ""N1""}",openjlpt|waller,waller-derived,1,lexical,to that degree; extent,same-reading-different-writing|same-jmdict-entry,それほど,,それほど,それほど,N3,それほど|それ程|其れ程|其程,yes,SINGLE_SOURCE,yes,yes,yes,N4,yes,uk:word usually written using kana alone,adv:adverb (fukushi),to that degree; to that extent; that much,ADD_AFTER_SOURCE_CHECK,P2,"Only one external family supports the JLPT listing, but exact JMdict form is common; suitable after source/level check. JLPT level conflicts with JMdict/Waller enrichment; add the form but review level before publishing.",APPROVE_SOURCE_CHECK,exact JMdict form+reading verified; external JLPT family supports listing; level retained as estimated source-backed band,,N1,estimated-conflict
尊い,たっとい,N1,"{""N1"": 1}","{""waller-derived"": ""N1""}",openjlpt|waller,waller-derived,1,lexical,precious; valuable; priceless,same-writing-different-reading|same-jmdict-entry,,とうとい,尊い,とうとい,N2,たっとい|とうとい|尊い|貴い,yes,SINGLE_SOURCE,yes,yes,yes,N1,no,,adj-i:adjective (keiyoushi),precious; valuable; priceless; noble; exalted; sacred,ADD_AFTER_SOURCE_CHECK,P2,"Only one external family supports the JLPT listing, but exact JMdict form is common; suitable after source/level check.",APPROVE_SOURCE_CHECK,exact JMdict form+reading verified; external JLPT family supports listing; level retained as estimated source-backed band,,N1,estimated-source-backed
貴い,たっとい,N1,"{""N1"": 1}","{""waller-derived"": ""N1""}",openjlpt|waller,waller-derived,1,lexical,precious; valuable; priceless,same-jmdict-entry,,,尊い,とうとい,N2,たっとい|とうとい|尊い|貴い,yes,SINGLE_SOURCE,yes,yes,yes,N1,no,,adj-i:adjective (keiyoushi),precious; valuable; priceless; noble; exalted; sacred,ADD_AFTER_SOURCE_CHECK,P2,"Only one external family supports the JLPT listing, but exact JMdict form is common; suitable after source/level check.",APPROVE_SOURCE_CHECK,exact JMdict form+reading verified; external JLPT family supports listing; level retained as estimated source-backed band,,N1,estimated-source-backed
尊ぶ,たっとぶ,N1,"{""N1"": 1}","{""waller-derived"": ""N1""}",openjlpt|waller,waller-derived,1,lexical,to value; to prize; to esteem,same-writing-different-reading|same-jmdict-entry,,とうとぶ,尊ぶ,とうとぶ,N1,たっとぶ|とうとぶ|尊ぶ|尚ぶ|貴ぶ,yes,SINGLE_SOURCE,yes,yes,yes,N1,no,,v5b:Godan verb with 'bu' ending|vt:transitive verb,to value; to prize; to esteem; to respect; to honour; to honor,ADD_AFTER_SOURCE_CHECK,P2,"Only one external family supports the JLPT listing, but exact JMdict form is common; suitable after source/level check.",APPROVE_SOURCE_CHECK,exact JMdict form+reading verified; external JLPT family supports listing; level retained as estimated source-backed band,,N1,estimated-source-backed
掌,たなごころ,N1,"{""N1"": 1}","{""waller-derived"": ""N1""}",openjlpt|waller,waller-derived,1,lexical,the palm,same-writing-different-reading|same-jmdict-entry,,てのひら,手のひら|掌,てのひら,N1,しょう|たなごころ|てのひら|手のひら|手の平|掌,yes,SINGLE_SOURCE,yes,yes,no,N1,no,,n:noun (common) (futsuumeishi),palm (of the hand),ADD_AFTER_SOURCE_CHECK,P2,"Only one external family supports the JLPT listing, but exact JMdict form is common; suitable after source/level check.",APPROVE_SOURCE_CHECK,exact JMdict form+reading verified; external JLPT family supports listing; level retained as estimated source-backed band,,N1,estimated-source-backed
たれ,たれ,N1,"{""N1"": 1}","{""waller-derived"": ""N1""}",waller,waller-derived,1,kana/loanword,adjectival suffix for a person,same-reading-different-writing|same-jmdict-entry,垂れ,,垂れ,たれ,N1,たれ|だれ|タレ|ダレ|垂|垂れ,yes,SINGLE_SOURCE,yes,yes,yes,N1,no,comedian jargon | derog:derogatory | oft. ダレ in compounds | sl:slang | uk:word usually written using kana alone | used after a noun or na-adjective; also ったれ,"n-suf:noun, used as a suffix|n:noun (common) (futsuumeishi)","sauce (esp. soy or mirin-based dipping sauce); hanging; something hanging (flap, lappet, etc.); (kendo) loin guard; kanji radical enclosing the top-left corner of a character; woman",ADD_AFTER_SOURCE_CHECK,P2,"Only one external family supports the JLPT listing, but exact JMdict form is common; suitable after source/level check.",APPROVE_SOURCE_CHECK,exact JMdict form+reading verified; external JLPT family supports listing; level retained as estimated source-backed band; intended Traditional-Chinese learning sense explicitly pinned after source/JMdict comparison,～鬼；～傢伙（帶貶義的人稱後綴）,N1,estimated-source-backed
第,だい,N1,"{""N1"": 1}","{""waller-derived"": ""N1""}",openjlpt|waller,waller-derived,1,lexical,ordinal,same-reading-different-writing,台|大|題,,,,,,yes,SINGLE_SOURCE,yes,yes,yes,N1,no,,pref:prefix,prefix for forming ordinal numbers,ADD_AFTER_SOURCE_CHECK,P2,"Only one external family supports the JLPT listing, but exact JMdict form is common; suitable after source/level check.",APPROVE_SOURCE_CHECK,exact JMdict form+reading verified; external JLPT family supports listing; level retained as estimated source-backed band,,N1,estimated-source-backed
だらけ,だらけ,N1,"{""N1"": 1}","{""waller-derived"": ""N1""}",waller,waller-derived,1,kana/loanword,implying (negatively) that something is full of e.g. mistakes,fully-absent,,,,,,,yes,SINGLE_SOURCE,yes,yes,yes,N1,no,,"n-suf:noun, used as a suffix","full of (e.g. mistakes); riddled with; covered all over with (blood, mud, etc.)",ADD_AFTER_SOURCE_CHECK,P2,"Only one external family supports the JLPT listing, but exact JMdict form is common; suitable after source/level check.",APPROVE_SOURCE_CHECK,exact JMdict form+reading verified; external JLPT family supports listing; level retained as estimated source-backed band,,N1,estimated-source-backed
近付く,ちかづく,N1,"{""N1"": 1}","{""waller-derived"": ""N1""}",openjlpt|waller,waller-derived,1,lexical,to approach; to get near; to get acquainted with,same-reading-different-writing|same-jmdict-entry,近づく,,近づく,ちかづく,N2,ちかずく|ちかづく|近づく|近付く,yes,SINGLE_SOURCE,yes,yes,yes,N1,no,,v5k:Godan verb with 'ku' ending|vi:intransitive verb,to approach; to draw near; to get close; to get acquainted with; to get closer to; to get to know,ADD_AFTER_SOURCE_CHECK,P2,"Only one external family supports the JLPT listing, but exact JMdict form is common; suitable after source/level check.",APPROVE_SOURCE_CHECK,exact JMdict form+reading verified; external JLPT family supports listing; level retained as estimated source-backed band,,N1,estimated-source-backed
父母,ちちはは,N1,"{""N1"": 1}","{""waller-derived"": ""N1""}",openjlpt|waller,waller-derived,1,lexical,father and mother; parents,same-writing-different-reading|same-jmdict-entry,,ふぼ,父母,ふぼ,N3,かぞいろ|かぞいろは|ちちはは|ててはは|ふぼ|ぶも|父母,yes,SINGLE_SOURCE,yes,yes,no,N2,yes,,n:noun (common) (futsuumeishi),father and mother; parents,ADD_AFTER_SOURCE_CHECK,P2,"Only one external family supports the JLPT listing, but exact JMdict form is common; suitable after source/level check. JLPT level conflicts with JMdict/Waller enrichment; add the form but review level before publishing.",APPROVE_SOURCE_CHECK,exact JMdict form+reading verified; external JLPT family supports listing; level retained as estimated source-backed band,,N1,estimated-conflict
昼間,ちゅうかん,N1,"{""N1"": 1}","{""waller-derived"": ""N1""}",openjlpt|waller,waller-derived,1,lexical,daytime; during the day,same-reading-different-writing|same-writing-different-reading|same-jmdict-entry,中間,ひるま,昼間,ひるま,N3,ちゅうかん|ひるま|昼間,yes,SINGLE_SOURCE,yes,yes,no,N4,yes,,adv:adverb (fukushi)|n:noun (common) (futsuumeishi),daytime; during the day; time from sunrise until sunset; diurnal period,ADD_AFTER_SOURCE_CHECK,P2,"Only one external family supports the JLPT listing, but exact JMdict form is common; suitable after source/level check. JLPT level conflicts with JMdict/Waller enrichment; add the form but review level before publishing.",APPROVE_SOURCE_CHECK,exact JMdict form+reading verified; external JLPT family supports listing; level retained as estimated source-backed band,,N1,estimated-conflict
中指,ちゅうし,N1,"{""N1"": 1}","{""waller-derived"": ""N1""}",openjlpt|waller,waller-derived,1,lexical,middle finger,same-reading-different-writing|same-writing-different-reading|same-jmdict-entry,中止,なかゆび,中指,なかゆび,N3,ちゅうし|なかゆび|中指,yes,SINGLE_SOURCE,yes,yes,no,N2,yes,,n:noun (common) (futsuumeishi),middle finger; long finger; second finger; tall finger; middle toe; third toe,ADD_AFTER_SOURCE_CHECK,P2,"Only one external family supports the JLPT listing, but exact JMdict form is common; suitable after source/level check. JLPT level conflicts with JMdict/Waller enrichment; add the form but review level before publishing.",APPROVE_SOURCE_CHECK,exact JMdict form+reading verified; external JLPT family supports listing; level retained as estimated source-backed band,,N1,estimated-conflict
仲人,ちゅうにん,N1,"{""N1"": 1}","{""waller-derived"": ""N1""}",openjlpt|waller,waller-derived,1,lexical,go-between; matchmaker,same-writing-different-reading|same-jmdict-entry,,なこうど,仲人,なこうど,N1,ちゅうにん|なこうど|仲人|媒|媒人,yes,SINGLE_SOURCE,yes,yes,no,N1,no,esp. ちゅうにん | esp. なこうど,n:noun (common) (futsuumeishi),matchmaker; go-between; intermediary; middleman; mediator; intercessor,ADD_AFTER_SOURCE_CHECK,P2,"Only one external family supports the JLPT listing, but exact JMdict form is common; suitable after source/level check.",APPROVE_SOURCE_CHECK,exact JMdict form+reading verified; external JLPT family supports listing; level retained as estimated source-backed band,,N1,estimated-source-backed
昼飯,ちゅうはん,N1,"{""N1"": 1}","{""waller-derived"": ""N1""}",openjlpt|waller,waller-derived,1,lexical,lunch; midday meal,same-writing-different-reading|same-jmdict-entry,,ひるめし,昼飯,ひるめし,N1,ちゅうはん|ひるはん|ひるめし|昼めし|昼メシ|昼飯,yes,SINGLE_SOURCE,yes,yes,no,N1,no,,n:noun (common) (futsuumeishi),lunch; midday meal,ADD_AFTER_SOURCE_CHECK,P2,"Only one external family supports the JLPT listing, but exact JMdict form is common; suitable after source/level check.",APPROVE_SOURCE_CHECK,exact JMdict form+reading verified; external JLPT family supports listing; level retained as estimated source-backed band,,N1,estimated-source-backed
長大,ちょうだい,N1,"{""N1"": 1}","{""waller-derived"": ""N1""}",openjlpt|waller,waller-derived,1,lexical,very long; great length,same-reading-different-writing,頂戴,,,,,,yes,SINGLE_SOURCE,yes,yes,yes,N1,no,,adj-na:adjectival nouns or quasi-adjectives (keiyodoshi)|n:noun (common) (futsuumeishi),long and large; tall and large; grand; huge,ADD_AFTER_SOURCE_CHECK,P2,"Only one external family supports the JLPT listing, but exact JMdict form is common; suitable after source/level check.",APPROVE_SOURCE_CHECK,exact JMdict form+reading verified; external JLPT family supports listing; level retained as estimated source-backed band,,N1,estimated-source-backed
丁目,ちょうめ,N1,"{""N1"": 1}","{""waller-derived"": ""N1""}",openjlpt|waller,waller-derived,1,lexical,district of a town; city block (of irregular size),fully-absent,,,,,,,yes,SINGLE_SOURCE,yes,yes,yes,N1,no,,n:noun (common) (futsuumeishi),district of a town; city block (of irregular size),ADD_AFTER_SOURCE_CHECK,P2,"Only one external family supports the JLPT listing, but exact JMdict form is common; suitable after source/level check.",APPROVE_SOURCE_CHECK,exact JMdict form+reading verified; external JLPT family supports listing; level retained as estimated source-backed band,,N1,estimated-source-backed
遣い,つかい,N1,"{""N1"": 1}","{""waller-derived"": ""N1""}",openjlpt|waller,waller-derived,1,lexical,mission; simple task; doing,same-reading-different-writing|same-jmdict-entry,使い,,使い,つかい,N1,つかい|使い|遣い,yes,SINGLE_SOURCE,yes,no,yes,N1,no,oft. read づかい when used as a suffix,"n-pref:noun, used as a prefix|n-suf:noun, used as a suffix|n:noun (common) (futsuumeishi)",errand; mission; going on an errand; messenger; bearer; errand boy,ADD_AFTER_SOURCE_CHECK,P2,"Only one external family supports the JLPT listing, but exact JMdict form is common; suitable after source/level check.",APPROVE_SOURCE_CHECK,exact JMdict form+reading verified; external JLPT family supports listing; level retained as estimated source-backed band,,N1,estimated-source-backed
月並,つきなみ,N1,"{""N1"": 1}","{""community-independent"": ""N1""}",wordmaster,community-independent,1,lexical,"conventional, trite, common",same-reading-different-writing|same-jmdict-entry,月並み,,月並み,つきなみ,N1,げつじ|つきなみ|月並|月並み|月次,yes,SINGLE_SOURCE,yes,yes,yes,N1,no,orig. used as an insult towards old-fashioned poets who would meet monthly to write poetry,adj-na:adjectival nouns or quasi-adjectives (keiyodoshi)|adj-no:nouns which may take the genitive case particle 'no'|n:noun (common) (futsuumeishi),every month; trite; commonplace; conventional; hackneyed,ADD_AFTER_SOURCE_CHECK,P2,"Only one external family supports the JLPT listing, but exact JMdict form is common; suitable after source/level check.",APPROVE_SOURCE_CHECK,exact JMdict form+reading verified; external JLPT family supports listing; level retained as estimated source-backed band,,N1,estimated-source-backed
謹む,つつしむ,N1,"{""N1"": 1}","{""community-independent"": ""N1""}",wordmaster,community-independent,1,lexical,"to be careful, to be chaste or discreet",same-reading-different-writing|same-jmdict-entry,慎む,,慎む,つつしむ,N1,つつしむ|慎む|虔む|謹む,yes,SINGLE_SOURCE,yes,no,yes,N1,no,usu. 慎む,v5m:Godan verb with 'mu' ending|vt:transitive verb,to be careful; to be discreet; to do in moderation; to refrain (from overdoing); to abstain; to be reverent,ADD_AFTER_SOURCE_CHECK,P2,"Only one external family supports the JLPT listing, but exact JMdict form is common; suitable after source/level check.",APPROVE_SOURCE_CHECK,exact JMdict form+reading verified; external JLPT family supports listing; level retained as estimated source-backed band,,N1,estimated-source-backed
手引,てびき,N1,"{""N1"": 1}","{""community-independent"": ""N1""}",wordmaster,community-independent,1,lexical,"guidance, guide, introduction",same-reading-different-writing|same-jmdict-entry,手引き,,手引き,てびき,N1,てびき|手びき|手引|手引き,yes,SINGLE_SOURCE,yes,yes,yes,N1,no,,n:noun (common) (futsuumeishi)|vs:noun or participle which takes the aux. verb suru|vt:transitive verb,guidance; lead; acting as guide; giving assistance; introduction; good offices,ADD_AFTER_SOURCE_CHECK,P2,"Only one external family supports the JLPT listing, but exact JMdict form is common; suitable after source/level check.",APPROVE_SOURCE_CHECK,exact JMdict form+reading verified; external JLPT family supports listing; level retained as estimated source-backed band,,N1,estimated-source-backed
点火,てんか,N1,"{""N1"": 1}","{""waller-derived"": ""N1""}",openjlpt|waller,waller-derived,1,lexical,ignition; lighting; set fire to,same-reading-different-writing,天下|添加|転化|転嫁,,,,,,yes,SINGLE_SOURCE,yes,yes,yes,N1,no,,n:noun (common) (futsuumeishi)|vi:intransitive verb|vs:noun or participle which takes the aux. verb suru|vt:transitive verb,ignition; lighting; firing; setting off,ADD_AFTER_SOURCE_CHECK,P2,"Only one external family supports the JLPT listing, but exact JMdict form is common; suitable after source/level check.",APPROVE_SOURCE_CHECK,exact JMdict form+reading verified; external JLPT family supports listing; level retained as estimated source-backed band,,N1,estimated-source-backed
転転,てんてん,N1,"{""N1"": 1}","{""waller-derived"": ""N1""}",openjlpt|waller,waller-derived,1,lexical,rolling about; moving from place to place; being passed around repeatedly,same-reading-different-writing|same-jmdict-entry,点々|転々,,転々,てんてん,N2,てんてん|転々|転転,yes,SINGLE_SOURCE,yes,no,yes,N2,yes,,adv-to:adverb taking the 'to' particle|adv:adverb (fukushi)|n:noun (common) (futsuumeishi)|vs:noun or participle which takes the aux. verb suru,moving from place to place; being passed around repeatedly; rolling about,ADD_AFTER_SOURCE_CHECK,P2,"Only one external family supports the JLPT listing, but exact JMdict form is common; suitable after source/level check. JLPT level conflicts with JMdict/Waller enrichment; add the form but review level before publishing.",APPROVE_SOURCE_CHECK,exact JMdict form+reading verified; external JLPT family supports listing; level retained as estimated source-backed band,,N1,estimated-conflict
出合う,であう,N1,"{""N1"": 1}","{""waller-derived"": ""N1""}",openjlpt|waller,waller-derived,1,lexical,to meet by chance; to come across; to happen to encounter,same-reading-different-writing|same-jmdict-entry,出会う,,出会う,であう,N2,であう|出あう|出会う|出合う|出逢う|出遭う,yes,SINGLE_SOURCE,yes,yes,yes,N3,yes,esp. 出合う | often used imperatively as 出会え | 出遭う usu. has a negative connotation,v5u:Godan verb with 'u' ending|vi:intransitive verb,"to meet (by chance); to come across; to run across; to encounter; to happen upon; to meet (e.g. of rivers, highways, etc.)",ADD_AFTER_SOURCE_CHECK,P2,"Only one external family supports the JLPT listing, but exact JMdict form is common; suitable after source/level check. JLPT level conflicts with JMdict/Waller enrichment; add the form but review level before publishing.",APPROVE_SOURCE_CHECK,exact JMdict form+reading verified; external JLPT family supports listing; level retained as estimated source-backed band,,N1,estimated-conflict
問屋,といや,N1,"{""N1"": 1}","{""waller-derived"": ""N1""}",openjlpt|waller,waller-derived,1,lexical,wholesale store,same-writing-different-reading|same-jmdict-entry,,とんや,問屋,とんや,N1,といや|とんや|問屋,yes,SINGLE_SOURCE,yes,yes,no,N1,no,,n:noun (common) (futsuumeishi),wholesale store; wholesale dealer; wholesaler,ADD_AFTER_SOURCE_CHECK,P2,"Only one external family supports the JLPT listing, but exact JMdict form is common; suitable after source/level check.",APPROVE_SOURCE_CHECK,exact JMdict form+reading verified; external JLPT family supports listing; level retained as estimated source-backed band,,N1,estimated-source-backed
統治,とうじ,N1,"{""N1"": 1}","{""waller-derived"": ""N1""}",openjlpt|waller,waller-derived,1,lexical,rule; reign; government,same-reading-different-writing,冬至|当時|湯治,,,,,,yes,SINGLE_SOURCE,yes,yes,no,N1,no,,n:noun (common) (futsuumeishi)|vs:noun or participle which takes the aux. verb suru|vt:transitive verb,rule; reign; government; governing,ADD_AFTER_SOURCE_CHECK,P2,"Only one external family supports the JLPT listing, but exact JMdict form is common; suitable after source/level check.",APPROVE_SOURCE_CHECK,exact JMdict form+reading verified; external JLPT family supports listing; level retained as estimated source-backed band,,N1,estimated-source-backed
統治,とうち,N1,"{""N1"": 1}","{""community-independent"": ""N1""}",wordmaster,community-independent,1,lexical,"rule, reign, governing",fully-absent,,,,,,,yes,SINGLE_SOURCE,yes,yes,yes,N1,no,,n:noun (common) (futsuumeishi)|vs:noun or participle which takes the aux. verb suru|vt:transitive verb,rule; reign; government; governing,ADD_AFTER_SOURCE_CHECK,P2,"Only one external family supports the JLPT listing, but exact JMdict form is common; suitable after source/level check.",APPROVE_SOURCE_CHECK,exact JMdict form+reading verified; external JLPT family supports listing; level retained as estimated source-backed band,,N1,estimated-source-backed
貴い,とうとい,N1,"{""N1"": 1}","{""community-independent"": ""N1""}",wordmaster,community-independent,1,lexical,"precious, valuable, noble",same-reading-different-writing|same-jmdict-entry,尊い,,尊い,とうとい,N2,たっとい|とうとい|尊い|貴い,yes,SINGLE_SOURCE,yes,yes,yes,N1,no,,adj-i:adjective (keiyoushi),precious; valuable; priceless; noble; exalted; sacred,ADD_AFTER_SOURCE_CHECK,P2,"Only one external family supports the JLPT listing, but exact JMdict form is common; suitable after source/level check.",APPROVE_SOURCE_CHECK,exact JMdict form+reading verified; external JLPT family supports listing; level retained as estimated source-backed band,,N1,estimated-source-backed
とがめる,とがめる,N1,"{""N1"": 1}","{""community-independent"": ""N1""}",wordmaster,community-independent,1,kana/loanword,"to blame, to rebuke",same-reading-different-writing|same-jmdict-entry,咎める,,咎める,とがめる,N1,とがめる|咎める|尤める,yes,SINGLE_SOURCE,yes,yes,yes,N1,no,,v1:Ichidan verb|vi:intransitive verb|vt:transitive verb,to blame; to reproach; to censure; to rebuke; to reprove; to find fault,ADD_AFTER_SOURCE_CHECK,P2,"Only one external family supports the JLPT listing, but exact JMdict form is common; suitable after source/level check.",APPROVE_SOURCE_CHECK,exact JMdict form+reading verified; external JLPT family supports listing; level retained as estimated source-backed band,,N1,estimated-source-backed
とぎれる,とぎれる,N1,"{""N1"": 1}","{""community-independent"": ""N1""}",wordmaster,community-independent,1,kana/loanword,"to pause, to be interrupted",same-reading-different-writing|same-jmdict-entry,途切れる,,途切れる,とぎれる,N1,とぎれる|跡切れる|途切れる,yes,SINGLE_SOURCE,yes,yes,yes,N1,no,,v1:Ichidan verb|vi:intransitive verb,to break off; to come to an end; to be interrupted; to be cut short; to pause,ADD_AFTER_SOURCE_CHECK,P2,"Only one external family supports the JLPT listing, but exact JMdict form is common; suitable after source/level check.",APPROVE_SOURCE_CHECK,exact JMdict form+reading verified; external JLPT family supports listing; level retained as estimated source-backed band,,N1,estimated-source-backed
跡切れる,とぎれる,N1,"{""N1"": 1}","{""waller-derived"": ""N1""}",openjlpt|waller,waller-derived,1,lexical,to pause; to be interrupted,same-reading-different-writing|same-jmdict-entry,途切れる,,途切れる,とぎれる,N1,とぎれる|跡切れる|途切れる,yes,SINGLE_SOURCE,yes,no,yes,N1,no,,v1:Ichidan verb|vi:intransitive verb,to break off; to come to an end; to be interrupted; to be cut short; to pause,ADD_AFTER_SOURCE_CHECK,P2,"Only one external family supports the JLPT listing, but exact JMdict form is common; suitable after source/level check.",APPROVE_SOURCE_CHECK,exact JMdict form+reading verified; external JLPT family supports listing; level retained as estimated source-backed band,,N1,estimated-source-backed
とっさに,とっさに,N1,"{""N1"": 1}","{""community-independent"": ""N1""}",wordmaster,community-independent,1,kana/loanword,at once,fully-absent,,,,,,,yes,SINGLE_SOURCE,yes,yes,yes,,no,uk:word usually written using kana alone,adv:adverb (fukushi),at once; immediately; instantly; in an instant; quickly; suddenly,ADD_AFTER_SOURCE_CHECK,P2,"Only one external family supports the JLPT listing, but exact JMdict form is common; suitable after source/level check.",APPROVE_SOURCE_CHECK,exact JMdict form+reading verified; external JLPT family supports listing; level retained as estimated source-backed band,,N1,estimated-source-backed
とって,とって,N1,"{""N1"": 1}","{""community-independent"": ""N1""}",wordmaster,community-independent,1,kana/loanword,"handle, grip, knob",same-reading-different-writing|same-jmdict-entry,取っ手,,取っ手,とって,N3,とって|はしゅ|取っ手|取手|把っ手|把手,yes,SINGLE_SOURCE,yes,yes,yes,N1,no,,n:noun (common) (futsuumeishi),handle; grip; knob,ADD_AFTER_SOURCE_CHECK,P2,"Only one external family supports the JLPT listing, but exact JMdict form is common; suitable after source/level check.",APPROVE_SOURCE_CHECK,exact JMdict form+reading verified; external JLPT family supports listing; level retained as estimated source-backed band,,N1,estimated-source-backed
届,とどけ,N1,"{""N1"": 1}","{""community-independent"": ""N1""}",wordmaster,community-independent,1,lexical,"report, notification, registration",same-reading-different-writing|same-jmdict-entry,届け,,届け,とどけ,N3,とどけ|届|届け,yes,SINGLE_SOURCE,yes,yes,yes,N1,no,,"n-suf:noun, used as a suffix|n:noun (common) (futsuumeishi)",report; notification; registration,ADD_AFTER_SOURCE_CHECK,P2,"Only one external family supports the JLPT listing, but exact JMdict form is common; suitable after source/level check.",APPROVE_SOURCE_CHECK,exact JMdict form+reading verified; external JLPT family supports listing; level retained as estimated source-backed band,,N1,estimated-source-backed
取扱,とりあつかい,N1,"{""N1"": 1}","{""community-independent"": ""N1""}",wordmaster,community-independent,1,lexical,"treatment, handling, management",same-reading-different-writing|same-jmdict-entry,取り扱い,,取り扱い,とりあつかい,N2,とりあつかい|取り扱|取り扱い|取扱|取扱い,yes,SINGLE_SOURCE,yes,yes,yes,N1,no,,n:noun (common) (futsuumeishi),treatment; service; handling; management,ADD_AFTER_SOURCE_CHECK,P2,"Only one external family supports the JLPT listing, but exact JMdict form is common; suitable after source/level check.",APPROVE_SOURCE_CHECK,exact JMdict form+reading verified; external JLPT family supports listing; level retained as estimated source-backed band,,N1,estimated-source-backed
取締り,とりしまり,N1,"{""N1"": 1}","{""community-independent"": ""N1""}",wordmaster,community-independent,1,lexical,管制,same-reading-different-writing|same-jmdict-entry,取り締まり,,取り締まり,とりしまり,N1,とりしまり|取り締まり|取り締り|取締|取締まり|取締り,yes,SINGLE_SOURCE,yes,yes,yes,N1,no,,n:noun (common) (futsuumeishi),control; management; supervision,ADD_AFTER_SOURCE_CHECK,P2,"Only one external family supports the JLPT listing, but exact JMdict form is common; suitable after source/level check.",APPROVE_SOURCE_CHECK,exact JMdict form+reading verified; external JLPT family supports listing; level retained as estimated source-backed band,,N1,estimated-source-backed
何方,どなた,N1,"{""N1"": 1}","{""waller-derived"": ""N1""}",waller,waller-derived,1,lexical,who?,same-reading-different-writing|same-jmdict-entry,どなた,,どなた,どなた,N5,どなた|何方,yes,SINGLE_SOURCE,yes,yes,yes,N5,yes,hon:honorific or respectful (sonkeigo) language | uk:word usually written using kana alone,pn:pronoun,who,ADD_AFTER_SOURCE_CHECK,P2,"Only one external family supports the JLPT listing, but exact JMdict form is common; suitable after source/level check. JLPT level conflicts with JMdict/Waller enrichment; add the form but review level before publishing.",APPROVE_SOURCE_CHECK,exact JMdict form+reading verified; external JLPT family supports listing; level retained as estimated source-backed band,,N1,estimated-conflict
情深い,なさけぶかい,N1,"{""N1"": 1}","{""community-independent"": ""N1""}",wordmaster,community-independent,1,lexical,"tender-hearted, compassionate",same-reading-different-writing|same-jmdict-entry,情け深い,,情け深い,なさけぶかい,N1,なさけぶかい|情け深い|情深い,yes,SINGLE_SOURCE,yes,no,yes,N1,no,,adj-i:adjective (keiyoushi),tender-hearted; compassionate; charitable; good-hearted,ADD_AFTER_SOURCE_CHECK,P2,"Only one external family supports the JLPT listing, but exact JMdict form is common; suitable after source/level check.",APPROVE_SOURCE_CHECK,exact JMdict form+reading verified; external JLPT family supports listing; level retained as estimated source-backed band,,N1,estimated-source-backed
なにより,なにより,N1,"{""N1"": 1}","{""community-independent"": ""N1""}",wordmaster,community-independent,1,kana/loanword,"most, best",same-reading-different-writing|same-jmdict-entry,何より,,何より,なにより,N2,なにより|何より,yes,SINGLE_SOURCE,yes,yes,yes,N1,no,,"adj-no:nouns which may take the genitive case particle 'no'|adv:adverb (fukushi)|exp:expressions (phrases, clauses, etc.)|n:noun (common) (futsuumeishi)",above anything else; above all; more than anything; best; greatest; excellent,ADD_AFTER_SOURCE_CHECK,P2,"Only one external family supports the JLPT listing, but exact JMdict form is common; suitable after source/level check.",APPROVE_SOURCE_CHECK,exact JMdict form+reading verified; external JLPT family supports listing; level retained as estimated source-backed band,,N1,estimated-source-backed
鈍る,なまる,N1,"{""N1"": 1}","{""waller-derived"": ""N1""}",openjlpt|waller,waller-derived,1,lexical,to become less capable; to grow dull; to become blunt,same-writing-different-reading|same-jmdict-entry,,にぶる,鈍る,にぶる,N1,なまる|にぶる|鈍る,yes,SINGLE_SOURCE,yes,yes,no,N1,no,,v5r:Godan verb with 'ru' ending|vi:intransitive verb,to become blunt; to grow dull; to become less capable; to weaken; to falter,ADD_AFTER_SOURCE_CHECK,P2,"Only one external family supports the JLPT listing, but exact JMdict form is common; suitable after source/level check.",APPROVE_SOURCE_CHECK,exact JMdict form+reading verified; external JLPT family supports listing; level retained as estimated source-backed band,,N1,estimated-source-backed
二人,ににん,N1,"{""N1"": 1}","{""waller-derived"": ""N1""}",openjlpt|waller,waller-derived,1,lexical,two persons; two people; pair,same-writing-different-reading|same-jmdict-entry,,ふたり,二人,ふたり,N5,ににん|ふたり|二人|２人,yes,SINGLE_SOURCE,yes,yes,no,N5,yes,,n:noun (common) (futsuumeishi),two persons; two people; pair; couple,ADD_AFTER_SOURCE_CHECK,P2,"Only one external family supports the JLPT listing, but exact JMdict form is common; suitable after source/level check. JLPT level conflicts with JMdict/Waller enrichment; add the form but review level before publishing.",APPROVE_SOURCE_CHECK,exact JMdict form+reading verified; external JLPT family supports listing; level retained as estimated source-backed band,,N1,estimated-conflict
にも拘らず,にもかかわらず,N1,"{""N1"": 1}","{""waller-derived"": ""N1""}",openjlpt|waller,waller-derived,1,lexical,in spite of; nevertheless,same-reading-different-writing|same-jmdict-entry,にもかかわらず|にも関わらず,,にもかかわらず|にも関わらず,にもかかわらず,N1|N2,にもかかわらず|にも拘らず|にも拘わらず|にも関らず|にも関わらず,yes,SINGLE_SOURCE,yes,yes,yes,N1,no,uk:word usually written using kana alone,"conj:conjunction|exp:expressions (phrases, clauses, etc.)",in spite of; despite; although; nonetheless; nevertheless; but,ADD_AFTER_SOURCE_CHECK,P2,"Only one external family supports the JLPT listing, but exact JMdict form is common; suitable after source/level check.",APPROVE_SOURCE_CHECK,exact JMdict form+reading verified; external JLPT family supports listing; level retained as estimated source-backed band,,N1,estimated-source-backed
俄か,にわか,N1,"{""N1"": 1}","{""waller-derived"": ""N1""}",openjlpt|waller,waller-derived,1,lexical,sudden; abrupt; unexpected,same-reading-different-writing|same-jmdict-entry,にわか|俄,,にわか|俄,にわか,N1|N2,にわか|仁輪加|俄|俄か,yes,SINGLE_SOURCE,yes,no,yes,N2,yes,abbr:abbreviation | sl:slang | sometimes written as 仁輪加 | uk:word usually written using kana alone,adj-na:adjectival nouns or quasi-adjectives (keiyodoshi)|adj-no:nouns which may take the genitive case particle 'no'|n:noun (common) (futsuumeishi),sudden; abrupt; unexpected; immediate; hasty; improvised,ADD_AFTER_SOURCE_CHECK,P2,"Only one external family supports the JLPT listing, but exact JMdict form is common; suitable after source/level check. JLPT level conflicts with JMdict/Waller enrichment; add the form but review level before publishing.",APPROVE_SOURCE_CHECK,exact JMdict form+reading verified; external JLPT family supports listing; level retained as estimated source-backed band,,N1,estimated-conflict
軒並,のきなみ,N1,"{""N1"": 1}","{""community-independent"": ""N1""}",wordmaster,community-independent,1,lexical,row of houses; uniformly,same-reading-different-writing|same-jmdict-entry,軒並み,,軒並み,のきなみ,N1,のきなみ|軒並|軒並み,yes,SINGLE_SOURCE,yes,yes,yes,N1,no,,adv:adverb (fukushi)|n:noun (common) (futsuumeishi),row of houses; every house; each house; every door; all; totally,ADD_AFTER_SOURCE_CHECK,P2,"Only one external family supports the JLPT listing, but exact JMdict form is common; suitable after source/level check.",APPROVE_SOURCE_CHECK,exact JMdict form+reading verified; external JLPT family supports listing; level retained as estimated source-backed band,,N1,estimated-source-backed
墓地,はかち,N1,"{""N1"": 1}","{""waller-derived"": ""N1""}",openjlpt|waller,waller-derived,1,lexical,cemetery; graveyard,same-writing-different-reading|same-jmdict-entry,,ぼち,墓地,ぼち,N1,はかち|ぼち|墓地,yes,SINGLE_SOURCE,yes,yes,no,N1,no,,n:noun (common) (futsuumeishi),cemetery; graveyard,ADD_AFTER_SOURCE_CHECK,P2,"Only one external family supports the JLPT listing, but exact JMdict form is common; suitable after source/level check.",APPROVE_SOURCE_CHECK,exact JMdict form+reading verified; external JLPT family supports listing; level retained as estimated source-backed band,,N1,estimated-source-backed
始めまして,はじめまして,N1,"{""N1"": 1}","{""waller-derived"": ""N1""}",openjlpt|waller,waller-derived,1,lexical,How do you do?; I am glad to meet you,same-reading-different-writing|same-jmdict-entry,初めまして,,初めまして,はじめまして,N5,はじめまして|初めまして|始めまして,yes,SINGLE_SOURCE,yes,yes,yes,N2,yes,pol:polite (teineigo) language | uk:word usually written using kana alone,"exp:expressions (phrases, clauses, etc.)",nice to meet you; I'm glad to make your acquaintance; how do you do?,ADD_AFTER_SOURCE_CHECK,P2,"Only one external family supports the JLPT listing, but exact JMdict form is common; suitable after source/level check. JLPT level conflicts with JMdict/Waller enrichment; add the form but review level before publishing.",APPROVE_SOURCE_CHECK,exact JMdict form+reading verified; external JLPT family supports listing; level retained as estimated source-backed band,,N1,estimated-conflict
発足,はっそく,N1,"{""N1"": 1}","{""waller-derived"": ""N1""}",openjlpt|waller,waller-derived,1,lexical,starting; inauguration,same-writing-different-reading|same-jmdict-entry,,ほっそく,発足,ほっそく,N1,はっそく|ほっそく|発足,yes,SINGLE_SOURCE,yes,yes,no,N1,no,,n:noun (common) (futsuumeishi)|vi:intransitive verb|vs:noun or participle which takes the aux. verb suru,starting; inauguration; launch; founding; establishment; start-up,ADD_AFTER_SOURCE_CHECK,P2,"Only one external family supports the JLPT listing, but exact JMdict form is common; suitable after source/level check.",APPROVE_SOURCE_CHECK,exact JMdict form+reading verified; external JLPT family supports listing; level retained as estimated source-backed band,,N1,estimated-source-backed
判,ばん,N1,"{""N1"": 1}","{""waller-derived"": ""N1""}",waller,waller-derived,1,lexical,size (of paper or books),same-reading-different-writing|same-writing-different-reading|same-jmdict-entry,バン|万|晩|番,はん,判,はん,N2,はん|ばん|判,yes,SINGLE_SOURCE,yes,yes,no,N1,no,,"n-suf:noun, used as a suffix|n:noun (common) (futsuumeishi)",seal; stamp; monogram signature; judgment; judgement; size (of paper or books),ADD_AFTER_SOURCE_CHECK,P2,"Only one external family supports the JLPT listing, but exact JMdict form is common; suitable after source/level check.",APPROVE_SOURCE_CHECK,exact JMdict form+reading verified; external JLPT family supports listing; level retained as estimated source-backed band,,N1,estimated-source-backed
万人,ばんじん,N1,"{""N1"": 1}","{""waller-derived"": ""N1""}",openjlpt|waller,waller-derived,1,lexical,all people; everybody; 10000 people,same-writing-different-reading|same-jmdict-entry,,ばんにん,万人,ばんにん,N3,ばんじん|ばんにん|まんにん|万人,yes,SINGLE_SOURCE,yes,yes,yes,N1,no,,n:noun (common) (futsuumeishi),all people; everybody,ADD_AFTER_SOURCE_CHECK,P2,"Only one external family supports the JLPT listing, but exact JMdict form is common; suitable after source/level check.",APPROVE_SOURCE_CHECK,exact JMdict form+reading verified; external JLPT family supports listing; level retained as estimated source-backed band,,N1,estimated-source-backed
番目,ばんめ,N1,"{""N1"": 1}","{""waller-derived"": ""N1""}",openjlpt|waller,waller-derived,1,lexical,cardinal number suffix,fully-absent,,,,,,,yes,SINGLE_SOURCE,yes,yes,yes,N1,no,indicates position in a sequence,ctr:counter|n:noun (common) (futsuumeishi),the nth ...; divisions of a kabuki performance,ADD_AFTER_SOURCE_CHECK,P2,"Only one external family supports the JLPT listing, but exact JMdict form is common; suitable after source/level check.",APPROVE_SOURCE_CHECK,exact JMdict form+reading verified; external JLPT family supports listing; level retained as estimated source-backed band,,N1,estimated-source-backed
引き下げる,ひきさげる,N1,"{""N1"": 1}","{""waller-derived"": ""N1""}",openjlpt|waller,waller-derived,1,lexical,to pull down; to lower; to reduce,fully-absent,,,,,,,yes,SINGLE_SOURCE,yes,yes,yes,N1,no,,v1:Ichidan verb|vt:transitive verb,"to lower (a price, tax, standard, etc.); to bring down; to reduce; to cut; to demote; to withdraw (a proposal, request, etc.)",ADD_AFTER_SOURCE_CHECK,P2,"Only one external family supports the JLPT listing, but exact JMdict form is common; suitable after source/level check.",APPROVE_SOURCE_CHECK,exact JMdict form+reading verified; external JLPT family supports listing; level retained as estimated source-backed band,,N1,estimated-source-backed
久し振り,ひさしぶり,N1,"{""N1"": 1}","{""waller-derived"": ""N1""}",openjlpt|waller,waller-derived,1,lexical,after a long time,same-reading-different-writing|same-jmdict-entry,久しぶり,,久しぶり,ひさしぶり,N4,ひさしぶり|久しぶり|久し振り,yes,SINGLE_SOURCE,yes,yes,yes,N4,yes,,"adj-na:adjectival nouns or quasi-adjectives (keiyodoshi)|adj-no:nouns which may take the genitive case particle 'no'|exp:expressions (phrases, clauses, etc.)|n:noun (common) (futsuumeishi)",a long time (since the last time); first in a long time; it's been a long time; long time no see,ADD_AFTER_SOURCE_CHECK,P2,"Only one external family supports the JLPT listing, but exact JMdict form is common; suitable after source/level check. JLPT level conflicts with JMdict/Waller enrichment; add the form but review level before publishing.",APPROVE_SOURCE_CHECK,exact JMdict form+reading verified; external JLPT family supports listing; level retained as estimated source-backed band,,N1,estimated-conflict
単,ひとえ,N1,"{""N1"": 1}","{""waller-derived"": ""N1""}",openjlpt|waller,waller-derived,1,lexical,one layer; single,same-reading-different-writing|same-writing-different-reading|same-jmdict-entry,一重,たん,一重,ひとえ,N1,ひとえ|一重|単,yes,SINGLE_SOURCE,yes,no,yes,N1,no,abbr:abbreviation | usu. 単,adj-no:nouns which may take the genitive case particle 'no'|n:noun (common) (futsuumeishi),one layer; single layer; monopetalous; unlined kimono; single-edged eyelid; eyelid with an epicanthic fold,ADD_AFTER_SOURCE_CHECK,P2,"Only one external family supports the JLPT listing, but exact JMdict form is common; suitable after source/level check.",APPROVE_SOURCE_CHECK,exact JMdict form+reading verified; external JLPT family supports listing; level retained as estimated source-backed band,,N1,estimated-source-backed
一まず,ひとまず,N1,"{""N1"": 1}","{""waller-derived"": ""N1""}",openjlpt|waller,waller-derived,1,lexical,for the present; once; in outline,same-reading-different-writing|same-jmdict-entry,ひとまず|一先ず,,ひとまず|一先ず,ひとまず,N1|N2,ひとまず|ひと先ず|一と先ず|一まず|一先|一先ず,yes,SINGLE_SOURCE,yes,no,yes,N2,yes,uk:word usually written using kana alone,adv:adverb (fukushi),for now; for the time being; for the present; though not quite satisfactorily; after a fashion,ADD_AFTER_SOURCE_CHECK,P2,"Only one external family supports the JLPT listing, but exact JMdict form is common; suitable after source/level check. JLPT level conflicts with JMdict/Waller enrichment; add the form but review level before publishing.",APPROVE_SOURCE_CHECK,exact JMdict form+reading verified; external JLPT family supports listing; level retained as estimated source-backed band,,N1,estimated-conflict
一人でに,ひとりでに,N1,"{""N1"": 1}","{""waller-derived"": ""N1""}",openjlpt|waller,waller-derived,1,lexical,by itself; automatically; naturally,same-reading-different-writing|same-jmdict-entry,ひとりでに|独りでに,,ひとりでに|独りでに,ひとりでに,N2,ひとりでに|一人でに|独りでに,yes,SINGLE_SOURCE,yes,no,yes,N2,yes,iK:word containing irregular kanji usage | uk:word usually written using kana alone,adv:adverb (fukushi),by itself; automatically; naturally,ADD_AFTER_SOURCE_CHECK,P2,"Only one external family supports the JLPT listing, but exact JMdict form is common; suitable after source/level check. JLPT level conflicts with JMdict/Waller enrichment; add the form but review level before publishing.",APPROVE_SOURCE_CHECK,exact JMdict form+reading verified; external JLPT family supports listing; level retained as estimated source-backed band,,N1,estimated-conflict
百科辞典,ひゃっかじてん,N1,"{""N1"": 1}","{""waller-derived"": ""N1""}",openjlpt|waller,waller-derived,1,lexical,encyclopedia,same-reading-different-writing|same-jmdict-entry,百科事典,,百科事典,ひゃっかじてん,N2,ひゃっかじてん|百科事典|百科辞典,yes,SINGLE_SOURCE,yes,yes,yes,N2,yes,,n:noun (common) (futsuumeishi),encyclopedia; encyclopaedia,ADD_AFTER_SOURCE_CHECK,P2,"Only one external family supports the JLPT listing, but exact JMdict form is common; suitable after source/level check. JLPT level conflicts with JMdict/Waller enrichment; add the form but review level before publishing.",APPROVE_SOURCE_CHECK,exact JMdict form+reading verified; external JLPT family supports listing; level retained as estimated source-backed band,,N1,estimated-conflict
膨張,ぼうちょう,N1,"{""N1"": 1}","{""community-independent"": ""N1""}",wordmaster,community-independent,1,lexical,"expansion, swelling, increase",fully-absent,,,,,,,yes,SINGLE_SOURCE,yes,yes,yes,N1,no,,n:noun (common) (futsuumeishi)|vi:intransitive verb|vs:noun or participle which takes the aux. verb suru,expansion; swelling; increase; growth,ADD_AFTER_SOURCE_CHECK,P2,"Only one external family supports the JLPT listing, but exact JMdict form is common; suitable after source/level check.",APPROVE_SOURCE_CHECK,exact JMdict form+reading verified; external JLPT family supports listing; level retained as estimated source-backed band,,N1,estimated-source-backed
膨脹,ぼうちょう,N1,"{""N1"": 1}","{""waller-derived"": ""N1""}",openjlpt|waller,waller-derived,1,lexical,expansion; swelling; increase,fully-absent,,,,,,,yes,SINGLE_SOURCE,yes,no,yes,N1,no,,n:noun (common) (futsuumeishi)|vi:intransitive verb|vs:noun or participle which takes the aux. verb suru,expansion; swelling; increase; growth,ADD_AFTER_SOURCE_CHECK,P2,"Only one external family supports the JLPT listing, but exact JMdict form is common; suitable after source/level check.",APPROVE_SOURCE_CHECK,exact JMdict form+reading verified; external JLPT family supports listing; level retained as estimated source-backed band,,N1,estimated-source-backed
惚ける,ぼける,N1,"{""N1"": 1}","{""community-independent"": ""N1""}",wordmaster,community-independent,1,lexical,"to grow senile, to fade",same-reading-different-writing|same-jmdict-entry,ぼける,,ぼける,ぼける,N1,ぼける|ボケる|呆ける|惚ける|耄ける,yes,SINGLE_SOURCE,yes,yes,yes,,no,uk:word usually written using kana alone,v1:Ichidan verb|vi:intransitive verb,to grow senile; to be childish with age; to be mentally slow; to be befuddled; to play stupid; to say something stupid (oft. on purpose; esp. as part of a comedic routine),ADD_AFTER_SOURCE_CHECK,P2,"Only one external family supports the JLPT listing, but exact JMdict form is common; suitable after source/level check.",APPROVE_SOURCE_CHECK,exact JMdict form+reading verified; external JLPT family supports listing; level retained as estimated source-backed band,,N1,estimated-source-backed
前売,まえうり,N1,"{""N1"": 1}","{""community-independent"": ""N1""}",wordmaster,community-independent,1,lexical,"advance sale, booking",same-reading-different-writing|same-jmdict-entry,前売り,,前売り,まえうり,N2,まえうり|前売|前売り,yes,SINGLE_SOURCE,yes,no,yes,N1,no,,n:noun (common) (futsuumeishi)|vs:noun or participle which takes the aux. verb suru|vt:transitive verb,advance sale; booking,ADD_AFTER_SOURCE_CHECK,P2,"Only one external family supports the JLPT listing, but exact JMdict form is common; suitable after source/level check.",APPROVE_SOURCE_CHECK,exact JMdict form+reading verified; external JLPT family supports listing; level retained as estimated source-backed band,,N1,estimated-source-backed
真に,まことに,N1,"{""N1"": 1}","{""waller-derived"": ""N1""}",openjlpt|waller,waller-derived,1,lexical,truly; actually; really,same-reading-different-writing|same-jmdict-entry,まことに|誠に,,まことに|誠に,まことに,N1|N2,まことに|実に|寔に|洵に|真に|誠に,yes,SINGLE_SOURCE,yes,no,yes,N1,no,,adv:adverb (fukushi),really; truly; very; extremely; exceedingly; sincerely,ADD_AFTER_SOURCE_CHECK,P2,"Only one external family supports the JLPT listing, but exact JMdict form is common; suitable after source/level check.",APPROVE_SOURCE_CHECK,exact JMdict form+reading verified; external JLPT family supports listing; level retained as estimated source-backed band,,N1,estimated-source-backed
跨がる,またがる,N1,"{""N1"": 1}","{""waller-derived"": ""N1""}",openjlpt|waller,waller-derived,1,lexical,to extend over or into; to straddle,same-reading-different-writing|same-jmdict-entry,跨る,,跨る,またがる,N1,またがる|股がる|跨がる|跨る,yes,SINGLE_SOURCE,yes,yes,yes,N1,no,uk:word usually written using kana alone,v5r:Godan verb with 'ru' ending|vi:intransitive verb,to straddle; to sit astride; to mount; to extend over; to spread over; to span,ADD_AFTER_SOURCE_CHECK,P2,"Only one external family supports the JLPT listing, but exact JMdict form is common; suitable after source/level check.",APPROVE_SOURCE_CHECK,exact JMdict form+reading verified; external JLPT family supports listing; level retained as estimated source-backed band,,N1,estimated-source-backed
免れる,まぬかれる,N1,"{""N1"": 1}","{""waller-derived"": ""N1""}",openjlpt|waller,waller-derived,1,lexical,to escape from; to be rescued from; to avoid,same-writing-different-reading|same-jmdict-entry,,まぬがれる,免れる,まぬがれる,N1,まぬかれる|まぬがれる|免れる,yes,SINGLE_SOURCE,yes,yes,no,N1,no,,v1:Ichidan verb|vt:transitive verb,"to escape (disaster, death, etc.); to be saved from; to be rescued from; to avoid (e.g. punishment); to evade (e.g. responsibility); to avert",ADD_AFTER_SOURCE_CHECK,P2,"Only one external family supports the JLPT listing, but exact JMdict form is common; suitable after source/level check.",APPROVE_SOURCE_CHECK,exact JMdict form+reading verified; external JLPT family supports listing; level retained as estimated source-backed band,,N1,estimated-source-backed
まるっきり,まるっきり,N1,"{""N1"": 1}","{""community-independent"": ""N1""}",wordmaster,community-independent,1,kana/loanword,"completely, perfectly, just as if",fully-absent,,,,,,,yes,SINGLE_SOURCE,yes,yes,yes,N1,no,uk:word usually written using kana alone,adv:adverb (fukushi),completely; absolutely; totally; (not) at all,ADD_AFTER_SOURCE_CHECK,P2,"Only one external family supports the JLPT listing, but exact JMdict form is common; suitable after source/level check.",APPROVE_SOURCE_CHECK,exact JMdict form+reading verified; external JLPT family supports listing; level retained as estimated source-backed band,,N1,estimated-source-backed
丸っきり,まるっきり,N1,"{""N1"": 1}","{""waller-derived"": ""N1""}",openjlpt|waller,waller-derived,1,lexical,completely; perfectly; just as if,fully-absent,,,,,,,yes,SINGLE_SOURCE,yes,yes,yes,N1,no,uk:word usually written using kana alone,adv:adverb (fukushi),completely; absolutely; totally; (not) at all,ADD_AFTER_SOURCE_CHECK,P2,"Only one external family supports the JLPT listing, but exact JMdict form is common; suitable after source/level check.",APPROVE_SOURCE_CHECK,exact JMdict form+reading verified; external JLPT family supports listing; level retained as estimated source-backed band,,N1,estimated-source-backed
三,み,N1,"{""N1"": 1}","{""waller-derived"": ""N1""}",openjlpt|waller,waller-derived,1,lexical,(num) three,same-reading-different-writing|same-writing-different-reading|same-jmdict-entry,味|実|巳|未|身,さん,さん|三,さん,N1|N5,さん|み|三|参|參|弎|３,yes,SINGLE_SOURCE,yes,yes,yes,N5,yes,参 is used in legal documents,num:numeric,three; 3,ADD_AFTER_SOURCE_CHECK,P2,"Only one external family supports the JLPT listing, but exact JMdict form is common; suitable after source/level check. JLPT level conflicts with JMdict/Waller enrichment; add the form but review level before publishing.",APPROVE_SOURCE_CHECK,exact JMdict form+reading verified; external JLPT family supports listing; level retained as estimated source-backed band,,N1,estimated-conflict
見積り,みつもり,N1,"{""N1"": 1}","{""waller-derived"": ""N1""}",openjlpt|waller,waller-derived,1,lexical,estimation; quotation,same-reading-different-writing|same-jmdict-entry,見積もり,,見積もり,みつもり,N2,みつもり|見積|見積もり|見積り,yes,SINGLE_SOURCE,yes,yes,yes,N1,no,,n:noun (common) (futsuumeishi),estimate; estimation; valuation; quotation,ADD_AFTER_SOURCE_CHECK,P2,"Only one external family supports the JLPT listing, but exact JMdict form is common; suitable after source/level check.",APPROVE_SOURCE_CHECK,exact JMdict form+reading verified; external JLPT family supports listing; level retained as estimated source-backed band,,N1,estimated-source-backed
見舞,みまい,N1,"{""N1"": 1}","{""waller-derived"": ""N1""}",openjlpt|waller,waller-derived,1,lexical,enquiry; expression of sympathy; expression of concern,same-reading-different-writing|same-jmdict-entry,見舞い,,見舞い,みまい,N4,みまい|見舞|見舞い,yes,SINGLE_SOURCE,yes,no,yes,N3,yes,,n:noun (common) (futsuumeishi),visit (to someone affected by illness or misfortune); call; inquiry (about someone's health); expression of sympathy; letter of inquiry; letter of sympathy,ADD_AFTER_SOURCE_CHECK,P2,"Only one external family supports the JLPT listing, but exact JMdict form is common; suitable after source/level check. JLPT level conflicts with JMdict/Waller enrichment; add the form but review level before publishing.",APPROVE_SOURCE_CHECK,exact JMdict form+reading verified; external JLPT family supports listing; level retained as estimated source-backed band,,N1,estimated-conflict
六,む,N1,"{""N1"": 1}","{""waller-derived"": ""N1""}",openjlpt|waller,waller-derived,1,lexical,(num) six,same-reading-different-writing|same-writing-different-reading|same-jmdict-entry,無,ろく,ろく|六,ろく,N1|N5,む|むう|ろく|六|陸|６,yes,SINGLE_SOURCE,yes,yes,no,N5,yes,陸 is used in legal documents,num:numeric,six; 6,ADD_AFTER_SOURCE_CHECK,P2,"Only one external family supports the JLPT listing, but exact JMdict form is common; suitable after source/level check. JLPT level conflicts with JMdict/Waller enrichment; add the form but review level before publishing.",APPROVE_SOURCE_CHECK,exact JMdict form+reading verified; external JLPT family supports listing; level retained as estimated source-backed band,,N1,estimated-conflict
向け,むけ,N1,"{""N1"": 1}","{""waller-derived"": ""N1""}",openjlpt|waller,waller-derived,1,lexical,for ~; oriented towards ~,fully-absent,,,,,,,yes,SINGLE_SOURCE,yes,yes,yes,N1,no,,"n-suf:noun, used as a suffix",intended for ...; oriented towards ...; aimed at ...,ADD_AFTER_SOURCE_CHECK,P2,"Only one external family supports the JLPT listing, but exact JMdict form is common; suitable after source/level check.",APPROVE_SOURCE_CHECK,exact JMdict form+reading verified; external JLPT family supports listing; level retained as estimated source-backed band,,N1,estimated-source-backed
愛でたい,めでたい,N1,"{""N1"": 1}","{""waller-derived"": ""N1""}",openjlpt|waller,waller-derived,1,lexical,auspicious,same-reading-different-writing|same-jmdict-entry,めでたい|目出度い,,めでたい|目出度い,めでたい,N2|N3,めでたい|愛でたい|目出度い|芽出度い,yes,SINGLE_SOURCE,yes,no,yes,N2,yes,uk:word usually written using kana alone,adj-i:adjective (keiyoushi),happy; auspicious; propitious; joyous; naive,ADD_AFTER_SOURCE_CHECK,P2,"Only one external family supports the JLPT listing, but exact JMdict form is common; suitable after source/level check. JLPT level conflicts with JMdict/Waller enrichment; add the form but review level before publishing.",APPROVE_SOURCE_CHECK,exact JMdict form+reading verified; external JLPT family supports listing; level retained as estimated source-backed band,,N1,estimated-conflict
目途,めど,N1,"{""N1"": 1}","{""community-independent"": ""N1""}",wordmaster,community-independent,1,lexical,"goal, outlook",same-reading-different-writing|same-jmdict-entry,めど|目処,,めど|目処,めど,N1|N2,めど|もくと|メド|目処|目途,yes,SINGLE_SOURCE,yes,no,yes,,no,uk:word usually written using kana alone,n:noun (common) (futsuumeishi),aim; goal; prospect; outlook,ADD_AFTER_SOURCE_CHECK,P2,"Only one external family supports the JLPT listing, but exact JMdict form is common; suitable after source/level check.",APPROVE_SOURCE_CHECK,exact JMdict form+reading verified; external JLPT family supports listing; level retained as estimated source-backed band,,N1,estimated-source-backed
目眩,めまい,N1,"{""N1"": 1}","{""waller-derived"": ""N1""}",openjlpt|waller,waller-derived,1,lexical,dizziness; giddiness,same-reading-different-writing|same-jmdict-entry,眩暈,,眩暈,めまい,N2,めまい|目まい|目眩|目眩い|眩冒|眩暈,yes,SINGLE_SOURCE,yes,yes,yes,N2,yes,uk:word usually written using kana alone,n:noun (common) (futsuumeishi),dizziness; giddiness; vertigo,ADD_AFTER_SOURCE_CHECK,P2,"Only one external family supports the JLPT listing, but exact JMdict form is common; suitable after source/level check. JLPT level conflicts with JMdict/Waller enrichment; add the form but review level before publishing.",APPROVE_SOURCE_CHECK,exact JMdict form+reading verified; external JLPT family supports listing; level retained as estimated source-backed band,,N1,estimated-conflict
申込,もうしこみ,N1,"{""N1"": 1}","{""community-independent"": ""N1""}",wordmaster,community-independent,1,lexical,"application, request, proposal",same-reading-different-writing|same-jmdict-entry,申し込み,,申し込み,もうしこみ,N3,もうしこみ|申し込み|申込|申込み,yes,SINGLE_SOURCE,yes,yes,yes,N1,no,,n:noun (common) (futsuumeishi),application; entry; request; subscription; offer; proposal,ADD_AFTER_SOURCE_CHECK,P2,"Only one external family supports the JLPT listing, but exact JMdict form is common; suitable after source/level check.",APPROVE_SOURCE_CHECK,exact JMdict form+reading verified; external JLPT family supports listing; level retained as estimated source-backed band,,N1,estimated-source-backed
若し,もし,N1,"{""N1"": 1}","{""waller-derived"": ""N1""}",openjlpt|waller,waller-derived,1,lexical,if; in case; supposing,same-reading-different-writing|same-jmdict-entry,もし,,もし,もし,N4,もし|若し,yes,SINGLE_SOURCE,yes,yes,yes,N1,no,uk:word usually written using kana alone,adv:adverb (fukushi),if; in case; supposing,ADD_AFTER_SOURCE_CHECK,P2,"Only one external family supports the JLPT listing, but exact JMdict form is common; suitable after source/level check.",APPROVE_SOURCE_CHECK,exact JMdict form+reading verified; external JLPT family supports listing; level retained as estimated source-backed band,,N1,estimated-source-backed
物置き,ものおき,N1,"{""N1"": 1}","{""waller-derived"": ""N1""}",openjlpt|waller,waller-derived,1,lexical,storeroom,same-reading-different-writing|same-jmdict-entry,物置,,物置,ものおき,N1,ものおき|物置|物置き,yes,SINGLE_SOURCE,yes,no,yes,N2,yes,io:irregular okurigana usage,n:noun (common) (futsuumeishi),storage room; storeroom; lumber room,ADD_AFTER_SOURCE_CHECK,P2,"Only one external family supports the JLPT listing, but exact JMdict form is common; suitable after source/level check. JLPT level conflicts with JMdict/Waller enrichment; add the form but review level before publishing.",APPROVE_SOURCE_CHECK,exact JMdict form+reading verified; external JLPT family supports listing; level retained as estimated source-backed band,,N1,estimated-conflict
股,もも,N1,"{""N1"": 1}","{""community-independent"": ""N1""}",wordmaster,community-independent,1,lexical,"thigh, femur",same-reading-different-writing|same-writing-different-reading|same-jmdict-entry,もも|桃,また,もも,もも,N1,もも|股|腿,yes,SINGLE_SOURCE,yes,no,yes,N1,no,,n:noun (common) (futsuumeishi),thigh,ADD_AFTER_SOURCE_CHECK,P2,"Only one external family supports the JLPT listing, but exact JMdict form is common; suitable after source/level check.",APPROVE_SOURCE_CHECK,exact JMdict form+reading verified; external JLPT family supports listing; level retained as estimated source-backed band,,N1,estimated-source-backed
問,もん,N1,"{""N1"": 1}","{""waller-derived"": ""N1""}",openjlpt|waller,waller-derived,1,lexical,problem; question,same-reading-different-writing,紋|門,,,,,,yes,SINGLE_SOURCE,yes,yes,yes,N1,no,,ctr:counter|suf:suffix,counter for questions,ADD_AFTER_SOURCE_CHECK,P2,"Only one external family supports the JLPT listing, but exact JMdict form is common; suitable after source/level check.",APPROVE_SOURCE_CHECK,exact JMdict form+reading verified; external JLPT family supports listing; level retained as estimated source-backed band,,N1,estimated-source-backed
夜行,やぎょう,N1,"{""N1"": 1}","{""waller-derived"": ""N1""}",openjlpt|waller,waller-derived,1,lexical,walking around at night; night train; night travel,fully-absent,,,,,,,yes,SINGLE_SOURCE,yes,yes,no,N2,yes,abbr:abbreviation,n:noun (common) (futsuumeishi)|vi:intransitive verb|vs:noun or participle which takes the aux. verb suru,"night travel; walking around at night; night train; nightly procession of monsters, spirits, etc.",ADD_AFTER_SOURCE_CHECK,P2,"Only one external family supports the JLPT listing, but exact JMdict form is common; suitable after source/level check. JLPT level conflicts with JMdict/Waller enrichment; add the form but review level before publishing.",APPROVE_SOURCE_CHECK,exact JMdict form+reading verified; external JLPT family supports listing; level retained as estimated source-backed band,,N1,estimated-conflict
止むを得ない,やむをえない,N1,"{""N1"": 1}","{""waller-derived"": ""N1""}",openjlpt|waller,waller-derived,1,lexical,cannot be helped; unavoidable,same-reading-different-writing|same-jmdict-entry,やむを得ない,,やむを得ない,やむをえない,N2,やむをえない|やむを得ない|已むを得ない|止むをえない|止むを得ない,yes,SINGLE_SOURCE,yes,no,yes,N2,yes,,"adj-i:adjective (keiyoushi)|exp:expressions (phrases, clauses, etc.)",cannot be helped; unavoidable,ADD_AFTER_SOURCE_CHECK,P2,"Only one external family supports the JLPT listing, but exact JMdict form is common; suitable after source/level check. JLPT level conflicts with JMdict/Waller enrichment; add the form but review level before publishing.",APPROVE_SOURCE_CHECK,exact JMdict form+reading verified; external JLPT family supports listing; level retained as estimated source-backed band,,N1,estimated-conflict
好い,よい,N1,"{""N1"": 1}","{""waller-derived"": ""N1""}",openjlpt|waller,waller-derived,1,lexical,good,same-reading-different-writing|same-jmdict-entry,宵|良い|酔い,,良い,よい,N5,えい|よい|佳い|吉い|善い|好い|宜い|良い,yes,SINGLE_SOURCE,yes,no,yes,N5,yes,"after the -masu stem of a verb | also いい (all senses) | as て(も)良い, と(も)良い, etc.; indicates permission or compromise",adj-i:adjective (keiyoushi)|suf:suffix,good; excellent; fine; nice; pleasant; agreeable,ADD_AFTER_SOURCE_CHECK,P2,"Only one external family supports the JLPT listing, but exact JMdict form is common; suitable after source/level check. JLPT level conflicts with JMdict/Waller enrichment; add the form but review level before publishing.",APPROVE_SOURCE_CHECK,exact JMdict form+reading verified; external JLPT family supports listing; level retained as estimated source-backed band,,N1,estimated-conflict
避ける,よける,N1,"{""N1"": 1}","{""community-independent"": ""N1""}",wordmaster,community-independent,1,lexical,"to avoid (physical contact with; to ward off, to avert",same-writing-different-reading|same-jmdict-entry,,さける,避ける,さける,N2,さける|よける|避ける|除ける,yes,SINGLE_SOURCE,yes,yes,yes,N3,yes,,v1:Ichidan verb|vi:intransitive verb|vt:transitive verb,"to avoid (physical contact with); to avoid (situation); to evade (question, subject); to shirk (one's responsibilities); to ward off; to avert",ADD_AFTER_SOURCE_CHECK,P2,"Only one external family supports the JLPT listing, but exact JMdict form is common; suitable after source/level check. JLPT level conflicts with JMdict/Waller enrichment; add the form but review level before publishing.",APPROVE_SOURCE_CHECK,exact JMdict form+reading verified; external JLPT family supports listing; level retained as estimated source-backed band,,N1,estimated-conflict
流,りゅう,N1,"{""N1"": 1}","{""waller-derived"": ""N1""}",openjlpt|waller,waller-derived,1,lexical,styleof; method of; manner of,same-reading-different-writing,劉|竜,,,,,,yes,SINGLE_SOURCE,yes,yes,yes,N1,no,oft. after a number,suf:suffix,way; manner; style; fashion; mode; school (e.g. of flower arrangement),ADD_AFTER_SOURCE_CHECK,P2,"Only one external family supports the JLPT listing, but exact JMdict form is common; suitable after source/level check.",APPROVE_SOURCE_CHECK,exact JMdict form+reading verified; external JLPT family supports listing; level retained as estimated source-backed band,,N1,estimated-source-backed
了,りょう,N1,"{""N1"": 1}","{""waller-derived"": ""N1""}",openjlpt|waller,waller-derived,1,lexical,finish; completion; understanding,same-reading-different-writing,両|寮|量,,,,,,yes,SINGLE_SOURCE,yes,yes,yes,N1,no,,n:noun (common) (futsuumeishi),finish; completion; the end,ADD_AFTER_SOURCE_CHECK,P2,"Only one external family supports the JLPT listing, but exact JMdict form is common; suitable after source/level check.",APPROVE_SOURCE_CHECK,exact JMdict form+reading verified; external JLPT family supports listing; level retained as estimated source-backed band,,N1,estimated-source-backed
料,りょう,N1,"{""N1"": 1}","{""waller-derived"": ""N1""}",openjlpt|waller,waller-derived,1,lexical,material; charge; rate,same-reading-different-writing,両|寮|量,,,,,,yes,SINGLE_SOURCE,yes,yes,yes,N1,no,,"n-suf:noun, used as a suffix|n:noun (common) (futsuumeishi)",fee; charge; rate; material,ADD_AFTER_SOURCE_CHECK,P2,"Only one external family supports the JLPT listing, but exact JMdict form is common; suitable after source/level check.",APPROVE_SOURCE_CHECK,exact JMdict form+reading verified; external JLPT family supports listing; level retained as estimated source-backed band,,N1,estimated-source-backed
連中,れんじゅう,N1,"{""N1"": 1}","{""waller-derived"": ""N1""}",openjlpt|waller,waller-derived,1,lexical,colleagues; company; a lot,same-writing-different-reading|same-jmdict-entry,,れんちゅう,連中,れんちゅう,N1,れんじゅう|れんちゅう|れんぢゅう|連中,yes,SINGLE_SOURCE,yes,yes,no,N1,no,familiar or derogatory,n:noun (common) (futsuumeishi),company; lot; people; bunch; gang; pack,ADD_AFTER_SOURCE_CHECK,P2,"Only one external family supports the JLPT listing, but exact JMdict form is common; suitable after source/level check.",APPROVE_SOURCE_CHECK,exact JMdict form+reading verified; external JLPT family supports listing; level retained as estimated source-backed band,,N1,estimated-source-backed
ろくな,ろくな,N1,"{""N1"": 1}","{""community-independent"": ""N1""}",wordmaster,community-independent,1,kana/loanword,"satisfactory, decent",fully-absent,,,,,,,yes,SINGLE_SOURCE,yes,yes,yes,N1,no,uk:word usually written using kana alone | with neg. sentence,adj-pn:pre-noun adjectival (rentaishi),satisfactory; decent; good; proper; respectable,ADD_AFTER_SOURCE_CHECK,P2,"Only one external family supports the JLPT listing, but exact JMdict form is common; suitable after source/level check.",APPROVE_SOURCE_CHECK,exact JMdict form+reading verified; external JLPT family supports listing; level retained as estimated source-backed band,,N1,estimated-source-backed
碌な,ろくな,N1,"{""N1"": 1}","{""waller-derived"": ""N1""}",openjlpt|waller,waller-derived,1,lexical,satisfactory; decent,fully-absent,,,,,,,yes,SINGLE_SOURCE,yes,no,yes,N1,no,ateji:ateji (phonetic) reading | uk:word usually written using kana alone | with neg. sentence,adj-pn:pre-noun adjectival (rentaishi),satisfactory; decent; good; proper; respectable,ADD_AFTER_SOURCE_CHECK,P2,"Only one external family supports the JLPT listing, but exact JMdict form is common; suitable after source/level check.",APPROVE_SOURCE_CHECK,exact JMdict form+reading verified; external JLPT family supports listing; level retained as estimated source-backed band,,N1,estimated-source-backed
碌に,ろくに,N1,"{""N1"": 1}","{""waller-derived"": ""N1""}",openjlpt|waller,waller-derived,1,lexical,well; enough; sufficient,same-reading-different-writing|same-jmdict-entry,ろくに,,ろくに,ろくに,N1,ろくに|碌に|陸に,yes,SINGLE_SOURCE,yes,yes,yes,N1,no,uk:word usually written using kana alone | with negative verb,adv:adverb (fukushi),(not) well; (not) properly; (not) enough; (not) sufficiently; (not) satisfactorily; (not) decently,ADD_AFTER_SOURCE_CHECK,P2,"Only one external family supports the JLPT listing, but exact JMdict form is common; suitable after source/level check.",APPROVE_SOURCE_CHECK,exact JMdict form+reading verified; external JLPT family supports listing; level retained as estimated source-backed band,,N1,estimated-source-backed
割当,わりあて,N1,"{""N1"": 1}","{""community-independent"": ""N1""}",wordmaster,community-independent,1,lexical,"allotment, allocation, quota",same-reading-different-writing|same-jmdict-entry,割り当て,,割り当て,わりあて,N1,かっとう|わりあて|割り当て|割当|割当て,yes,SINGLE_SOURCE,yes,no,yes,N1,no,,n:noun (common) (futsuumeishi),allotment; assignment; allocation; quota; rationing,ADD_AFTER_SOURCE_CHECK,P2,"Only one external family supports the JLPT listing, but exact JMdict form is common; suitable after source/level check.",APPROVE_SOURCE_CHECK,exact JMdict form+reading verified; external JLPT family supports listing; level retained as estimated source-backed band,,N1,estimated-source-backed
割引き,わりびき,N1,"{""N1"": 1}","{""waller-derived"": ""N1""}",openjlpt|waller,waller-derived,1,lexical,discount; reduction; rebate,same-reading-different-writing|same-jmdict-entry,割引,,割引,わりびき,N3,わりびき|割り引|割り引き|割引|割引き,yes,SINGLE_SOURCE,yes,no,yes,N2,yes,,ctr:counter|n:noun (common) (futsuumeishi),discount; reduction; rebate; tenths discounted; tenths reduced,ADD_AFTER_SOURCE_CHECK,P2,"Only one external family supports the JLPT listing, but exact JMdict form is common; suitable after source/level check. JLPT level conflicts with JMdict/Waller enrichment; add the form but review level before publishing.",APPROVE_SOURCE_CHECK,exact JMdict form+reading verified; external JLPT family supports listing; level retained as estimated source-backed band,,N1,estimated-conflict
伯母さん,おばさん,N5,"{""N5"": 1}","{""waller-derived"": ""N5""}",openjlpt|waller,waller-derived,1,lexical,(hon) aunt,same-reading-different-writing|same-jmdict-entry,おばさん,,おばさん,おばさん,N5,おばさん|伯母さん|叔母さん,yes,SINGLE_SOURCE,yes,no,no,N5,no,fam:familiar language | hon:honorific or respectful (sonkeigo) language | uk:word usually written using kana alone | 伯母さん is older than one's parent and 叔母さん is younger,n:noun (common) (futsuumeishi),aunt,ADD_VARIANT_AFTER_SOURCE_CHECK,P3,Valid exact JMdict variant but only one external reference family supports this JLPT listing.,APPROVE_DISTINCT_VARIANT_SOURCE_CHECK,exact JMdict variant verified; one external family supports the JLPT listing; keep as independent learnable surface form,,N5,estimated-source-backed
不,ぶ,N3,"{""N3"": 1}","{""waller-derived"": ""N3""}",waller,waller-derived,1,lexical,"un,non,negative prefix",same-reading-different-writing|same-jmdict-entry,分|無|部,,無,ぶ,N3,ぶ|不|無,yes,SINGLE_SOURCE,yes,no,no,N3,no,,pref:prefix,un-; non-; bad ...; poor ...,ADD_VARIANT_AFTER_SOURCE_CHECK,P3,Valid exact JMdict variant but only one external reference family supports this JLPT listing.,APPROVE_DISTINCT_VARIANT_SOURCE_CHECK,exact JMdict variant verified; one external family supports the JLPT listing; keep as independent learnable surface form,,N3,estimated-source-backed
おきのどくに,おきのどくに,N2,"{""N2"": 1}","{""waller-derived"": ""N2""}",waller,waller-derived,1,kana/loanword,,same-reading-different-writing|same-jmdict-entry,お気の毒に,,お気の毒に,おきのどくに,N2,おきのどくに|お気の毒に,yes,SINGLE_SOURCE,yes,no,no,N2,no,,"exp:expressions (phrases, clauses, etc.)",my sympathies; that's too bad; my condolences,ADD_VARIANT_AFTER_SOURCE_CHECK,P3,Valid exact JMdict variant but only one external reference family supports this JLPT listing.,APPROVE_DISTINCT_VARIANT_SOURCE_CHECK,exact JMdict variant verified; one external family supports the JLPT listing; keep as independent learnable surface form,,N2,estimated-source-backed
叔母さん,おばさん,N2,"{""N2"": 1}","{""waller-derived"": ""N2""}",openjlpt|waller,waller-derived,1,lexical,(1) aunt; (2) middle-aged lady,same-reading-different-writing|same-jmdict-entry,おばさん,,おばさん,おばさん,N5,おばさん|伯母さん|叔母さん,yes,SINGLE_SOURCE,yes,no,no,N5,yes,fam:familiar language | hon:honorific or respectful (sonkeigo) language | uk:word usually written using kana alone | 伯母さん is older than one's parent and 叔母さん is younger,n:noun (common) (futsuumeishi),aunt,ADD_VARIANT_AFTER_SOURCE_CHECK,P3,Valid exact JMdict variant but only one external reference family supports this JLPT listing. JLPT level conflicts with JMdict/Waller enrichment; add the form but review level before publishing.,APPROVE_DISTINCT_VARIANT_SOURCE_CHECK,exact JMdict variant verified; one external family supports the JLPT listing; keep as independent learnable surface form,,N2,estimated-conflict
こらえる,こらえる,N2,"{""N2"": 1}","{""waller-derived"": ""N2""}",waller,waller-derived,1,kana/loanword,"to bear,to stand,to endure,to put up with",same-reading-different-writing|same-jmdict-entry,堪える,,堪える,こらえる,N2,こたえる|こらえる|堪える|怺える,yes,SINGLE_SOURCE,yes,no,no,N2,no,uk:word usually written using kana alone,v1:Ichidan verb|vt:transitive verb,to bear; to stand; to endure; to put up with; to restrain; to control,ADD_VARIANT_AFTER_SOURCE_CHECK,P3,Valid exact JMdict variant but only one external reference family supports this JLPT listing.,APPROVE_DISTINCT_VARIANT_SOURCE_CHECK,exact JMdict variant verified; one external family supports the JLPT listing; keep as independent learnable surface form,,N2,estimated-source-backed
すれちがう,すれちがう,N2,"{""N2"": 1}","{""waller-derived"": ""N2""}",waller,waller-derived,1,kana/loanword,"to pass by one another,to disagree",same-reading-different-writing|same-jmdict-entry,すれ違う|擦れ違う,,すれ違う|擦れ違う,すれちがう,N2,すれちがう|すれ違う|擦れ違う,yes,SINGLE_SOURCE,yes,no,no,N2,no,,v5u:Godan verb with 'u' ending|vi:intransitive verb,to pass (by) each other; to brush past; to miss (meeting) each other; to fail to meet; to be at odds; to clash,ADD_VARIANT_AFTER_SOURCE_CHECK,P3,Valid exact JMdict variant but only one external reference family supports this JLPT listing.,APPROVE_DISTINCT_VARIANT_SOURCE_CHECK,exact JMdict variant verified; one external family supports the JLPT listing; keep as independent learnable surface form,,N2,estimated-source-backed
あつらえる,あつらえる,N1,"{""N1"": 1}","{""community-independent"": ""N1""}",wordmaster,community-independent,1,kana/loanword,"to give an order, to place an order",same-reading-different-writing|same-jmdict-entry,誂える,,誂える,あつらえる,N1,あつらえる|誂える,yes,SINGLE_SOURCE,yes,no,no,N1,no,uk:word usually written using kana alone,v1:Ichidan verb|vt:transitive verb,to give an order; to place an order; to have made to order,ADD_VARIANT_AFTER_SOURCE_CHECK,P3,Valid exact JMdict variant but only one external reference family supports this JLPT listing.,APPROVE_DISTINCT_VARIANT_SOURCE_CHECK,exact JMdict variant verified; one external family supports the JLPT listing; keep as independent learnable surface form,,N1,estimated-source-backed
含嗽,うがい,N1,"{""N1"": 1}","{""waller-derived"": ""N1""}",openjlpt|waller,waller-derived,1,lexical,gargle; rinse mouth,same-reading-different-writing|same-writing-different-reading|same-jmdict-entry,うがい|嗽,がんそう,うがい|含嗽,うがい|がんそう,N1|N3,うがい|がんそう|含嗽|含漱,yes,SINGLE_SOURCE,yes,no,no,N1,no,gikun:gikun (meaning as reading) or jukujikun (special kanji reading),n:noun (common) (futsuumeishi)|vi:intransitive verb|vs:noun or participle which takes the aux. verb suru,gargling; rinsing one's mouth,ADD_VARIANT_AFTER_SOURCE_CHECK,P3,Valid exact JMdict variant but only one external reference family supports this JLPT listing.,APPROVE_DISTINCT_VARIANT_SOURCE_CHECK,exact JMdict variant verified; one external family supports the JLPT listing; keep as independent learnable surface form,,N1,estimated-source-backed
お出でになる,おいでになる,N1,"{""N1"": 1}","{""waller-derived"": ""N1""}",openjlpt|waller,waller-derived,1,lexical,to be,same-reading-different-writing|same-jmdict-entry,おいでになる,,おいでになる,おいでになる,N3,おいでになる|お出でになる|御出でになる,yes,SINGLE_SOURCE,yes,no,no,N4,yes,hon:honorific or respectful (sonkeigo) language | uk:word usually written using kana alone,"exp:expressions (phrases, clauses, etc.)|v5r:Godan verb with 'ru' ending",to be; to come; to go,ADD_VARIANT_AFTER_SOURCE_CHECK,P3,Valid exact JMdict variant but only one external reference family supports this JLPT listing. JLPT level conflicts with JMdict/Waller enrichment; add the form but review level before publishing.,APPROVE_DISTINCT_VARIANT_SOURCE_CHECK,exact JMdict variant verified; one external family supports the JLPT listing; keep as independent learnable surface form,,N1,estimated-conflict
少女,おとめ,N1,"{""N1"": 1}","{""waller-derived"": ""N1""}",openjlpt|waller,waller-derived,1,lexical,daughter; young lady; virgin,same-reading-different-writing|same-writing-different-reading|same-jmdict-entry,乙女,しょうじょ,乙女,おとめ,N1,おとめ|乙女|少女,yes,SINGLE_SOURCE,yes,no,no,N1,no,,n:noun (common) (futsuumeishi),(young) girl; maiden; young lady,ADD_VARIANT_AFTER_SOURCE_CHECK,P3,Valid exact JMdict variant but only one external reference family supports this JLPT listing.,APPROVE_DISTINCT_VARIANT_SOURCE_CHECK,exact JMdict variant verified; one external family supports the JLPT listing; keep as independent learnable surface form,,N1,estimated-source-backed
かさばる,かさばる,N1,"{""N1"": 1}","{""community-independent"": ""N1""}",wordmaster,community-independent,1,kana/loanword,to be bulky,same-reading-different-writing|same-jmdict-entry,嵩張[かさば]る|嵩張る,,嵩張る,かさばる,N1,かさばる|かさ張る|嵩張る,yes,SINGLE_SOURCE,yes,no,no,N1,no,uk:word usually written using kana alone,v5r:Godan verb with 'ru' ending|vi:intransitive verb,to be bulky; to be unwieldy; to grow voluminous,ADD_VARIANT_AFTER_SOURCE_CHECK,P3,Valid exact JMdict variant but only one external reference family supports this JLPT listing.,APPROVE_DISTINCT_VARIANT_SOURCE_CHECK,exact JMdict variant verified; one external family supports the JLPT listing; keep as independent learnable surface form,,N1,estimated-source-backed
箇条書,かじょうがき,N1,"{""N1"": 1}","{""community-independent"": ""N1""}",wordmaster,community-independent,1,lexical,"itemized form, itemization",same-reading-different-writing|same-jmdict-entry,箇条書き,,箇条書き,かじょうがき,N1,かじょうがき|個条書き|箇条書|箇条書き,yes,SINGLE_SOURCE,yes,no,no,N1,no,,n:noun (common) (futsuumeishi),itemized form; itemised form; itemization; itemisation,ADD_VARIANT_AFTER_SOURCE_CHECK,P3,Valid exact JMdict variant but only one external reference family supports this JLPT listing.,APPROVE_DISTINCT_VARIANT_SOURCE_CHECK,exact JMdict variant verified; one external family supports the JLPT listing; keep as independent learnable surface form,,N1,estimated-source-backed
噛る,かじる,N1,"{""N1"": 1}","{""waller-derived"": ""N1""}",openjlpt|waller,waller-derived,1,lexical,to chew; to bite (at); to gnaw,same-reading-different-writing|same-jmdict-entry,かじる|齧る,,かじる|齧る,かじる,N2|N3,かじる|噛じる|噛る|囓る|齧る,yes,SINGLE_SOURCE,yes,no,no,N2,yes,uk:word usually written using kana alone,v5r:Godan verb with 'ru' ending|vt:transitive verb,to gnaw; to nibble; to bite; to munch; to crunch; to dabble in,ADD_VARIANT_AFTER_SOURCE_CHECK,P3,Valid exact JMdict variant but only one external reference family supports this JLPT listing. JLPT level conflicts with JMdict/Waller enrichment; add the form but review level before publishing.,APPROVE_DISTINCT_VARIANT_SOURCE_CHECK,exact JMdict variant verified; one external family supports the JLPT listing; keep as independent learnable surface form,,N1,estimated-conflict
かぶれる,かぶれる,N1,"{""N1"": 1}","{""community-independent"": ""N1""}",wordmaster,community-independent,1,kana/loanword,to react to; to be influenced by,same-reading-different-writing|same-jmdict-entry,気触れる,,気触れる,かぶれる,N1,かぶれる|気触れる|蚊触れる,yes,SINGLE_SOURCE,yes,no,no,N1,no,uk:word usually written using kana alone,v1:Ichidan verb|vi:intransitive verb,to develop a rash or inflammation (e.g. in response to a skin irritant); to react to (something); to be strongly influenced (usu. negative or critical nuance),ADD_VARIANT_AFTER_SOURCE_CHECK,P3,Valid exact JMdict variant but only one external reference family supports this JLPT listing.,APPROVE_DISTINCT_VARIANT_SOURCE_CHECK,exact JMdict variant verified; one external family supports the JLPT listing; keep as independent learnable surface form,,N1,estimated-source-backed
瓶,かめ,N1,"{""N1"": 1}","{""waller-derived"": ""N1""}",openjlpt|waller,waller-derived,1,lexical,earthenware pot,same-reading-different-writing|same-writing-different-reading|same-jmdict-entry,亀|甕,びん,甕,かめ,N1,かめ|瓶|甕,yes,SINGLE_SOURCE,yes,no,no,N1,no,,n:noun (common) (futsuumeishi),earthenware pot,ADD_VARIANT_AFTER_SOURCE_CHECK,P3,Valid exact JMdict variant but only one external reference family supports this JLPT listing.,APPROVE_DISTINCT_VARIANT_SOURCE_CHECK,exact JMdict variant verified; one external family supports the JLPT listing; keep as independent learnable surface form,,N1,estimated-source-backed
贋物,がんぶつ,N1,"{""N1"": 1}","{""waller-derived"": ""N1""}",openjlpt|waller,waller-derived,1,lexical,imitation; counterfeit; forgery,same-jmdict-entry,,,偽物,にせもの,N1,がんぶつ|ぎぶつ|にせもの|にせもん|にせ物|ニセモノ|ニセ物|偽もの|偽物|贋物,yes,SINGLE_SOURCE,yes,no,no,N1,no,,n:noun (common) (futsuumeishi),spurious article; forgery; counterfeit; imitation; sham,ADD_VARIANT_AFTER_SOURCE_CHECK,P3,Valid exact JMdict variant but only one external reference family supports this JLPT listing.,APPROVE_DISTINCT_VARIANT_SOURCE_CHECK,exact JMdict variant verified; one external family supports the JLPT listing; keep as independent learnable surface form,,N1,estimated-source-backed
きしむ,きしむ,N1,"{""N1"": 1}","{""community-independent"": ""N1""}",wordmaster,community-independent,1,kana/loanword,吱嘎作响,same-reading-different-writing|same-jmdict-entry,軋む,,軋む,きしむ,N1,きしむ|軋む,yes,SINGLE_SOURCE,yes,no,no,N1,no,uk:word usually written using kana alone,v5m:Godan verb with 'mu' ending|vi:intransitive verb,to jar; to creak; to grate,ADD_VARIANT_AFTER_SOURCE_CHECK,P3,Valid exact JMdict variant but only one external reference family supports this JLPT listing.,APPROVE_DISTINCT_VARIANT_SOURCE_CHECK,exact JMdict variant verified; one external family supports the JLPT listing; keep as independent learnable surface form,,N1,estimated-source-backed
きまりわるい,きまりわるい,N1,"{""N1"": 1}","{""community-independent"": ""N1""}",wordmaster,community-independent,1,kana/loanword,"feeling awkward, being ashamed",same-reading-different-writing|same-jmdict-entry,きまり悪い|決まり悪い,,きまり悪い|決まり悪い,きまりわるい,N1,きまりわるい|きまり悪い|極まり悪い|極り悪い|決まり悪い|決り悪い,yes,SINGLE_SOURCE,yes,no,no,N1,no,,adj-i:adjective (keiyoushi),embarrassed; ashamed,ADD_VARIANT_AFTER_SOURCE_CHECK,P3,Valid exact JMdict variant but only one external reference family supports this JLPT listing.,APPROVE_DISTINCT_VARIANT_SOURCE_CHECK,exact JMdict variant verified; one external family supports the JLPT listing; keep as independent learnable surface form,,N1,estimated-source-backed
旧事,くじ,N1,"{""N1"": 1}","{""waller-derived"": ""N1""}",openjlpt|waller,waller-derived,1,lexical,past events; bygones,same-reading-different-writing|same-writing-different-reading|same-jmdict-entry,くじ|籤,きゅうじ,くじ|旧事,きゅうじ|くじ,N1|N2,きゅうじ|くじ|旧事,yes,SINGLE_SOURCE,yes,no,no,N1,no,,n:noun (common) (futsuumeishi),past events; bygones,ADD_VARIANT_AFTER_SOURCE_CHECK,P3,Valid exact JMdict variant but only one external reference family supports this JLPT listing.,APPROVE_DISTINCT_VARIANT_SOURCE_CHECK,exact JMdict variant verified; one external family supports the JLPT listing; keep as independent learnable surface form,,N1,estimated-source-backed
けがらわしい,けがらわしい,N1,"{""N1"": 1}","{""community-independent"": ""N1""}",wordmaster,community-independent,1,kana/loanword,肮脏的,same-reading-different-writing|same-jmdict-entry,汚らわしい,,汚らわしい,けがらわしい,N1,けがらわしい|汚らわしい|穢らわしい,yes,SINGLE_SOURCE,yes,no,no,N1,no,,adj-i:adjective (keiyoushi),filthy; unfair; dirty; untouchable; disgusting; nasty,ADD_VARIANT_AFTER_SOURCE_CHECK,P3,Valid exact JMdict variant but only one external reference family supports this JLPT listing.,APPROVE_DISTINCT_VARIANT_SOURCE_CHECK,exact JMdict variant verified; one external family supports the JLPT listing; keep as independent learnable surface form,,N1,estimated-source-backed
堪える,こたえる,N1,"{""N1"": 1}","{""waller-derived"": ""N1""}",openjlpt|waller,waller-derived,1,lexical,to bear; to stand; to endure,same-reading-different-writing|same-writing-different-reading|same-jmdict-entry,応える|答える,こらえる,堪える,こらえる,N2,こたえる|こらえる|堪える|怺える,yes,SINGLE_SOURCE,yes,no,no,N2,yes,uk:word usually written using kana alone,v1:Ichidan verb|vt:transitive verb,to bear; to stand; to endure; to put up with; to restrain; to control,ADD_VARIANT_AFTER_SOURCE_CHECK,P3,Valid exact JMdict variant but only one external reference family supports this JLPT listing. JLPT level conflicts with JMdict/Waller enrichment; add the form but review level before publishing.,APPROVE_DISTINCT_VARIANT_SOURCE_CHECK,exact JMdict variant verified; one external family supports the JLPT listing; keep as independent learnable surface form,,N1,estimated-conflict
些事,さじ,N1,"{""N1"": 1}","{""waller-derived"": ""N1""}",openjlpt|waller,waller-derived,1,lexical,something small or petty; trifle,same-reading-different-writing|same-jmdict-entry,さじ|匙,,さじ,さじ,N1,さじ|些事|瑣事,yes,SINGLE_SOURCE,yes,no,no,N1,no,,n:noun (common) (futsuumeishi),something small; something petty; trifle,ADD_VARIANT_AFTER_SOURCE_CHECK,P3,Valid exact JMdict variant but only one external reference family supports this JLPT listing.,APPROVE_DISTINCT_VARIANT_SOURCE_CHECK,exact JMdict variant verified; one external family supports the JLPT listing; keep as independent learnable surface form,,N1,estimated-source-backed
拐う,さらう,N1,"{""N1"": 1}","{""waller-derived"": ""N1""}",openjlpt|waller,waller-derived,1,lexical,to carry off; to run away with; to kidnap,same-reading-different-writing|same-jmdict-entry,攫う|浚う,,攫う,さらう,N1,さらう|拐う|掠う|攫う,yes,SINGLE_SOURCE,yes,no,no,N1,no,also written as 浚う | iK:word containing irregular kanji usage | uk:word usually written using kana alone,v5u:Godan verb with 'u' ending|vt:transitive verb,to carry off; to run away with; to sweep away; to snatch; to kidnap; to abduct,ADD_VARIANT_AFTER_SOURCE_CHECK,P3,Valid exact JMdict variant but only one external reference family supports this JLPT listing.,APPROVE_DISTINCT_VARIANT_SOURCE_CHECK,exact JMdict variant verified; one external family supports the JLPT listing; keep as independent learnable surface form,,N1,estimated-source-backed
雑木,ざつぼく,N1,"{""N1"": 1}","{""waller-derived"": ""N1""}",openjlpt|waller,waller-derived,1,lexical,various kinds of small trees; assorted trees,same-writing-different-reading|same-jmdict-entry,,ぞうき,雑木,ぞうき,N1,ざつぼく|ぞうき|ぞうぼく|雑木,yes,SINGLE_SOURCE,yes,no,no,N1,no,,n:noun (common) (futsuumeishi),various kinds of small trees; assorted trees,ADD_VARIANT_AFTER_SOURCE_CHECK,P3,Valid exact JMdict variant but only one external reference family supports this JLPT listing.,APPROVE_DISTINCT_VARIANT_SOURCE_CHECK,exact JMdict variant verified; one external family supports the JLPT listing; keep as independent learnable surface form,,N1,estimated-source-backed
仕舞,しまい,N1,"{""N1"": 1}","{""waller-derived"": ""N1""}",openjlpt|waller,waller-derived,1,lexical,end; termination; informal (Noh play),same-reading-different-writing|same-jmdict-entry,しまい|仕舞い|姉妹|終い,,しまい|仕舞い|終い,しまい,N1|N3|N4,しまい|了い|仕舞|仕舞い|終い,yes,SINGLE_SOURCE,yes,no,no,N3,yes,,n:noun (common) (futsuumeishi),end; close; finish; termination; noh dance in plain clothes,ADD_VARIANT_AFTER_SOURCE_CHECK,P3,Valid exact JMdict variant but only one external reference family supports this JLPT listing. JLPT level conflicts with JMdict/Waller enrichment; add the form but review level before publishing.,APPROVE_DISTINCT_VARIANT_SOURCE_CHECK,exact JMdict variant verified; one external family supports the JLPT listing; keep as independent learnable surface form,,N1,estimated-conflict
蒸溜,じょうりゅう,N1,"{""N1"": 1}","{""community-independent"": ""N1""}",wordmaster,community-independent,1,lexical,distillation,same-reading-different-writing|same-jmdict-entry,上流|蒸留,,蒸留,じょうりゅう,N1,じょうりゅう|蒸溜|蒸留|蒸餾,yes,SINGLE_SOURCE,yes,no,no,N1,no,,n:noun (common) (futsuumeishi)|vs:noun or participle which takes the aux. verb suru|vt:transitive verb,distillation,ADD_VARIANT_AFTER_SOURCE_CHECK,P3,Valid exact JMdict variant but only one external reference family supports this JLPT listing.,APPROVE_DISTINCT_VARIANT_SOURCE_CHECK,exact JMdict variant verified; one external family supports the JLPT listing; keep as independent learnable surface form,,N1,estimated-source-backed
すれちがい,すれちがい,N1,"{""N1"": 1}","{""community-independent"": ""N1""}",wordmaster,community-independent,1,kana/loanword,chance encounter,same-reading-different-writing|same-jmdict-entry,擦れ違い,,擦れ違い,すれちがい,N2,すれちがい|すれ違い|擦れ違い,yes,SINGLE_SOURCE,yes,no,no,N1,no,,n:noun (common) (futsuumeishi),passing each other; missing (meeting) each other; failing to meet; (being at) cross purposes; discrepancy; disagreement,ADD_VARIANT_AFTER_SOURCE_CHECK,P3,Valid exact JMdict variant but only one external reference family supports this JLPT listing.,APPROVE_DISTINCT_VARIANT_SOURCE_CHECK,exact JMdict variant verified; one external family supports the JLPT listing; keep as independent learnable surface form,,N1,estimated-source-backed
先先月,せんせんげつ,N1,"{""N1"": 1}","{""waller-derived"": ""N1""}",openjlpt|waller,waller-derived,1,lexical,month before last,same-reading-different-writing|same-jmdict-entry,先々月,,先々月,せんせんげつ,N2,せんせんげつ|先々月|先先月,yes,SINGLE_SOURCE,yes,no,no,N2,yes,,adv:adverb (fukushi)|n:noun (common) (futsuumeishi),month before last,ADD_VARIANT_AFTER_SOURCE_CHECK,P3,Valid exact JMdict variant but only one external reference family supports this JLPT listing. JLPT level conflicts with JMdict/Waller enrichment; add the form but review level before publishing.,APPROVE_DISTINCT_VARIANT_SOURCE_CHECK,exact JMdict variant verified; one external family supports the JLPT listing; keep as independent learnable surface form,,N1,estimated-conflict
先先週,せんせんしゅう,N1,"{""N1"": 1}","{""waller-derived"": ""N1""}",openjlpt|waller,waller-derived,1,lexical,week before last,same-reading-different-writing|same-jmdict-entry,先々週,,先々週,せんせんしゅう,N1,せんせんしゅう|先々週|先先週,yes,SINGLE_SOURCE,yes,no,no,N2,yes,,adv:adverb (fukushi)|n:noun (common) (futsuumeishi),week before last,ADD_VARIANT_AFTER_SOURCE_CHECK,P3,Valid exact JMdict variant but only one external reference family supports this JLPT listing. JLPT level conflicts with JMdict/Waller enrichment; add the form but review level before publishing.,APPROVE_DISTINCT_VARIANT_SOURCE_CHECK,exact JMdict variant verified; one external family supports the JLPT listing; keep as independent learnable surface form,,N1,estimated-conflict
素っ気無い,そっけない,N1,"{""N1"": 1}","{""community-independent"": ""N1""}",wordmaster,community-independent,1,lexical,"cold, short, curt, blunt",same-reading-different-writing|same-jmdict-entry,そっけない|素っ気ない,,そっけない|素っ気ない,そっけない,N1,そっけない|素っ気ない|素っ気無い|素気ない|素気無い,yes,SINGLE_SOURCE,yes,no,no,N1,no,uk:word usually written using kana alone,adj-i:adjective (keiyoushi),cold; short; curt; blunt,ADD_VARIANT_AFTER_SOURCE_CHECK,P3,Valid exact JMdict variant but only one external reference family supports this JLPT listing.,APPROVE_DISTINCT_VARIANT_SOURCE_CHECK,exact JMdict variant verified; one external family supports the JLPT listing; keep as independent learnable surface form,,N1,estimated-source-backed
その為,そのため,N1,"{""N1"": 1}","{""waller-derived"": ""N1""}",openjlpt|waller,waller-derived,1,lexical,hence; for that reason,same-reading-different-writing|same-jmdict-entry,そのため,,そのため,そのため,N3,そのため|その為|其のため|其の為,yes,SINGLE_SOURCE,yes,no,no,N2,yes,uk:word usually written using kana alone,"exp:expressions (phrases, clauses, etc.)",hence; for that reason,ADD_VARIANT_AFTER_SOURCE_CHECK,P3,Valid exact JMdict variant but only one external reference family supports this JLPT listing. JLPT level conflicts with JMdict/Waller enrichment; add the form but review level before publishing.,APPROVE_DISTINCT_VARIANT_SOURCE_CHECK,exact JMdict variant verified; one external family supports the JLPT listing; keep as independent learnable surface form,,N1,estimated-conflict
其れ故,それゆえ,N1,"{""N1"": 1}","{""waller-derived"": ""N1""}",openjlpt|waller,waller-derived,1,lexical,therefore; for that reason; so,same-reading-different-writing|same-jmdict-entry,それゆえ|それ故,,それゆえ|それ故,それゆえ,N1,それゆえ|それ故|其れ故,yes,SINGLE_SOURCE,yes,no,no,N1,no,uk:word usually written using kana alone,conj:conjunction,therefore; for that reason; so; because of that,ADD_VARIANT_AFTER_SOURCE_CHECK,P3,Valid exact JMdict variant but only one external reference family supports this JLPT listing.,APPROVE_DISTINCT_VARIANT_SOURCE_CHECK,exact JMdict variant verified; one external family supports the JLPT listing; keep as independent learnable surface form,,N1,estimated-source-backed
継目,つぎめ,N1,"{""N1"": 1}","{""community-independent"": ""N1""}",wordmaster,community-independent,1,lexical,"joint, seam",same-reading-different-writing|same-jmdict-entry,継ぎ目,,継ぎ目,つぎめ,N1,つぎめ|継ぎ目|継目,yes,SINGLE_SOURCE,yes,no,no,N1,no,,n:noun (common) (futsuumeishi),joint; seam; joining point,ADD_VARIANT_AFTER_SOURCE_CHECK,P3,Valid exact JMdict variant but only one external reference family supports this JLPT listing.,APPROVE_DISTINCT_VARIANT_SOURCE_CHECK,exact JMdict variant verified; one external family supports the JLPT listing; keep as independent learnable surface form,,N1,estimated-source-backed
務まる,つとまる,N1,"{""N1"": 1}","{""community-independent"": ""N1""}",wordmaster,community-independent,1,lexical,"be equal, be fit",same-reading-different-writing|same-jmdict-entry,勤まる,,勤まる,つとまる,N1,つとまる|務まる|勤まる,yes,SINGLE_SOURCE,yes,no,no,N1,no,,v5r:Godan verb with 'ru' ending|vi:intransitive verb,to be fit (for a role); to be qualified (for); to be equal (to a task); to be able to fulfill one's duties (as),ADD_VARIANT_AFTER_SOURCE_CHECK,P3,Valid exact JMdict variant but only one external reference family supports this JLPT listing.,APPROVE_DISTINCT_VARIANT_SOURCE_CHECK,exact JMdict variant verified; one external family supports the JLPT listing; keep as independent learnable surface form,,N1,estimated-source-backed
釣り鐘,つりがね,N1,"{""N1"": 1}","{""community-independent"": ""N1""}",wordmaster,community-independent,1,lexical,temple bell (for striking),same-reading-different-writing|same-jmdict-entry,釣鐘,,釣鐘,つりがね,N1,つりがね|吊り鐘|吊鐘|釣り鐘|釣鐘,yes,SINGLE_SOURCE,yes,no,no,N1,no,,n:noun (common) (futsuumeishi),temple bell; hanging bell; funeral bell,ADD_VARIANT_AFTER_SOURCE_CHECK,P3,Valid exact JMdict variant but only one external reference family supports this JLPT listing.,APPROVE_DISTINCT_VARIANT_SOURCE_CHECK,exact JMdict variant verified; one external family supports the JLPT listing; keep as independent learnable surface form,,N1,estimated-source-backed
鉄片,てっぺん,N1,"{""N1"": 1}","{""waller-derived"": ""N1""}",openjlpt|waller,waller-derived,1,lexical,iron scraps,same-reading-different-writing|same-jmdict-entry,てっぺん|天辺,,てっぺん,てっぺん,N1,てっぺん|鉄片,yes,SINGLE_SOURCE,yes,no,no,N1,no,,n:noun (common) (futsuumeishi),iron scraps,ADD_VARIANT_AFTER_SOURCE_CHECK,P3,Valid exact JMdict variant but only one external reference family supports this JLPT listing.,APPROVE_DISTINCT_VARIANT_SOURCE_CHECK,exact JMdict variant verified; one external family supports the JLPT listing; keep as independent learnable surface form,,N1,estimated-source-backed
できもの,できもの,N1,"{""N1"": 1}","{""community-independent"": ""N1""}",wordmaster,community-independent,1,kana/loanword,"boil, rash",same-reading-different-writing|same-jmdict-entry,出来物,,出来物,できもの,N1,できもの|できもん|出来もの|出来物,yes,SINGLE_SOURCE,yes,no,no,N1,no,uk:word usually written using kana alone,n:noun (common) (futsuumeishi),tumour; tumor; growth; boil; ulcer; abscess,ADD_VARIANT_AFTER_SOURCE_CHECK,P3,Valid exact JMdict variant but only one external reference family supports this JLPT listing.,APPROVE_DISTINCT_VARIANT_SOURCE_CHECK,exact JMdict variant verified; one external family supports the JLPT listing; keep as independent learnable surface form,,N1,estimated-source-backed
灯,ともしび,N1,"{""N1"": 1}","{""waller-derived"": ""N1""}",openjlpt|waller,waller-derived,1,lexical,light,same-reading-different-writing|same-writing-different-reading|same-jmdict-entry,灯火,ひ,灯火,ともしび,N1,ともしび|灯|灯し火|灯火|燈火|燭,yes,SINGLE_SOURCE,yes,no,no,N1,no,,n:noun (common) (futsuumeishi),light; lamp; torch,ADD_VARIANT_AFTER_SOURCE_CHECK,P3,Valid exact JMdict variant but only one external reference family supports this JLPT listing.,APPROVE_DISTINCT_VARIANT_SOURCE_CHECK,exact JMdict variant verified; one external family supports the JLPT listing; keep as independent learnable surface form,,N1,estimated-source-backed
捻じれる,ねじれる,N1,"{""N1"": 1}","{""waller-derived"": ""N1""}",openjlpt|waller,waller-derived,1,lexical,to twist; to wrench; to screw,same-reading-different-writing|same-jmdict-entry,捩れる|捻れる,,捩れる|捻れる,ねじれる,N1,ねじれる|拗れる|捩じれる|捩れる|捻じれる|捻れる,yes,SINGLE_SOURCE,yes,no,no,N1,no,uk:word usually written using kana alone,v1:Ichidan verb|vi:intransitive verb,"to get twisted; to get crooked; to get warped; to become twisted (of a mind, relationship, etc.); to become warped; to become perverse",ADD_VARIANT_AFTER_SOURCE_CHECK,P3,Valid exact JMdict variant but only one external reference family supports this JLPT listing.,APPROVE_DISTINCT_VARIANT_SOURCE_CHECK,exact JMdict variant verified; one external family supports the JLPT listing; keep as independent learnable surface form,,N1,estimated-source-backed
流行,はやり,N1,"{""N1"": 1}","{""waller-derived"": ""N1""}",openjlpt|waller,waller-derived,1,lexical,fashionable; fad; in vogue,same-reading-different-writing|same-writing-different-reading|same-jmdict-entry,流行[はや]り|流行り,りゅうこう,流行り,はやり,N1,はやり|流行|流行り,yes,SINGLE_SOURCE,yes,no,no,N1,no,io:irregular okurigana usage,adj-no:nouns which may take the genitive case particle 'no'|n:noun (common) (futsuumeishi),fashion; fad; vogue; craze; prevalence (e.g. of a disease),ADD_VARIANT_AFTER_SOURCE_CHECK,P3,Valid exact JMdict variant but only one external reference family supports this JLPT listing.,APPROVE_DISTINCT_VARIANT_SOURCE_CHECK,exact JMdict variant verified; one external family supports the JLPT listing; keep as independent learnable surface form,,N1,estimated-source-backed
フィルタ,フィルタ,N1,"{""N1"": 1}","{""community-independent"": ""N1""}",wordmaster,community-independent,1,kana/loanword,filter,same-jmdict-entry,,,フィルター,フィルター,N1,フィルタ|フィルター,yes,SINGLE_SOURCE,yes,no,no,N1,no,,n:noun (common) (futsuumeishi),filter,ADD_VARIANT_AFTER_SOURCE_CHECK,P3,Valid exact JMdict variant but only one external reference family supports this JLPT listing.,APPROVE_DISTINCT_VARIANT_SOURCE_CHECK,exact JMdict variant verified; one external family supports the JLPT listing; keep as independent learnable surface form,,N1,estimated-source-backed
宝器,ほうき,N1,"{""N1"": 1}","{""waller-derived"": ""N1""}",openjlpt|waller,waller-derived,1,lexical,treasured article or vessel; outstanding individual,same-reading-different-writing|same-jmdict-entry,ほうき|放棄|法規|箒,,ほうき,ほうき,N2,ほうき|宝器,yes,SINGLE_SOURCE,yes,no,no,N1,no,,n:noun (common) (futsuumeishi),treasured article or vessel; outstanding individual,ADD_VARIANT_AFTER_SOURCE_CHECK,P3,Valid exact JMdict variant but only one external reference family supports this JLPT listing.,APPROVE_DISTINCT_VARIANT_SOURCE_CHECK,exact JMdict variant verified; one external family supports the JLPT listing; keep as independent learnable surface form,,N1,estimated-source-backed
乾,ほし,N1,"{""N1"": 1}","{""waller-derived"": ""N1""}",waller,waller-derived,1,lexical,"dried, cured",same-reading-different-writing|same-jmdict-entry,干し|星,,干し,ほし,N1,ほし|乾|乾し|干|干し,yes,SINGLE_SOURCE,yes,no,no,N1,no,io:irregular okurigana usage,"n-pref:noun, used as a prefix|n:noun (common) (futsuumeishi)",drying; dried,ADD_VARIANT_AFTER_SOURCE_CHECK,P3,Valid exact JMdict variant but only one external reference family supports this JLPT listing.,APPROVE_DISTINCT_VARIANT_SOURCE_CHECK,exact JMdict variant verified; one external family supports the JLPT listing; keep as independent learnable surface form,,N1,estimated-source-backed
ほとり,ほとり,N1,"{""N1"": 1}","{""community-independent"": ""N1""}",wordmaster,community-independent,1,kana/loanword,vicinity of lake; river,same-reading-different-writing|same-jmdict-entry,辺,,辺,ほとり,N1,ほとり|畔|辺|辺り,yes,SINGLE_SOURCE,yes,no,no,N1,no,uk:word usually written using kana alone,n:noun (common) (futsuumeishi),side (esp. of a waterbody); edge; bank; shore,ADD_VARIANT_AFTER_SOURCE_CHECK,P3,Valid exact JMdict variant but only one external reference family supports this JLPT listing.,APPROVE_DISTINCT_VARIANT_SOURCE_CHECK,exact JMdict variant verified; one external family supports the JLPT listing; keep as independent learnable surface form,,N1,estimated-source-backed
辺り,ほとり,N1,"{""N1"": 1}","{""waller-derived"": ""N1""}",openjlpt|waller,waller-derived,1,lexical,(in the) neighbourhood; vicinity; nearby,same-reading-different-writing|same-writing-different-reading|same-jmdict-entry,辺,あたり,辺,ほとり,N1,ほとり|畔|辺|辺り,yes,SINGLE_SOURCE,yes,no,no,N1,no,io:irregular okurigana usage | uk:word usually written using kana alone,n:noun (common) (futsuumeishi),side (esp. of a waterbody); edge; bank; shore,ADD_VARIANT_AFTER_SOURCE_CHECK,P3,Valid exact JMdict variant but only one external reference family supports this JLPT listing.,APPROVE_DISTINCT_VARIANT_SOURCE_CHECK,exact JMdict variant verified; one external family supports the JLPT listing; keep as independent learnable surface form,,N1,estimated-source-backed
まさしく,まさしく,N1,"{""N1"": 1}","{""community-independent"": ""N1""}",wordmaster,community-independent,1,kana/loanword,"surely, no doubt, evidently",same-reading-different-writing|same-jmdict-entry,正しく,,正しく,まさしく,N1,まさしく|正しく,yes,SINGLE_SOURCE,yes,no,no,N1,no,uk:word usually written using kana alone,adv:adverb (fukushi),certainly; surely; undoubtedly; evidently; really; truly,ADD_VARIANT_AFTER_SOURCE_CHECK,P3,Valid exact JMdict variant but only one external reference family supports this JLPT listing.,APPROVE_DISTINCT_VARIANT_SOURCE_CHECK,exact JMdict variant verified; one external family supports the JLPT listing; keep as independent learnable surface form,,N1,estimated-source-backed
瞬き,またたき,N1,"{""N1"": 1}","{""waller-derived"": ""N1""}",openjlpt|waller,waller-derived,1,lexical,wink; twinkling (of stars); flicker (of light),same-writing-different-reading|same-jmdict-entry,,まばたき,瞬き,まばたき,N1,またたき|まだたき|まばたき|めばたき|瞬き,yes,SINGLE_SOURCE,yes,no,no,N1,no,,n:noun (common) (futsuumeishi)|vi:intransitive verb|vs:noun or participle which takes the aux. verb suru,blink (of eyes); wink; twinkling (of stars); flicker (of light); blink (of light),ADD_VARIANT_AFTER_SOURCE_CHECK,P3,Valid exact JMdict variant but only one external reference family supports this JLPT listing.,APPROVE_DISTINCT_VARIANT_SOURCE_CHECK,exact JMdict variant verified; one external family supports the JLPT listing; keep as independent learnable surface form,,N1,estimated-source-backed
まと,まと,N1,"{""N1"": 1}","{""community-independent"": ""N1""}",wordmaster,community-independent,1,kana/loanword,"mark, target",same-reading-different-writing|same-jmdict-entry,的,,的,まと,N1,まと|的,yes,SINGLE_SOURCE,yes,no,no,N1,no,,n:noun (common) (futsuumeishi),mark; target; object; subject; focus; point (e.g. of argument),ADD_VARIANT_AFTER_SOURCE_CHECK,P3,Valid exact JMdict variant but only one external reference family supports this JLPT listing.,APPROVE_DISTINCT_VARIANT_SOURCE_CHECK,exact JMdict variant verified; one external family supports the JLPT listing; keep as independent learnable surface form,,N1,estimated-source-backed
真ん円い,まんまるい,N1,"{""N1"": 1}","{""community-independent"": ""N1""}",wordmaster,community-independent,1,lexical,perfectly round,same-reading-different-writing|same-jmdict-entry,真ん丸い,,真ん丸い,まんまるい,N1,まんまるい|まん丸い|まん円い|真ん丸い|真ん円い,yes,SINGLE_SOURCE,yes,no,no,N1,no,,adj-i:adjective (keiyoushi),perfectly round; perfectly circular,ADD_VARIANT_AFTER_SOURCE_CHECK,P3,Valid exact JMdict variant but only one external reference family supports this JLPT listing.,APPROVE_DISTINCT_VARIANT_SOURCE_CHECK,exact JMdict variant verified; one external family supports the JLPT listing; keep as independent learnable surface form,,N1,estimated-source-backed
むしる,むしる,N1,"{""N1"": 1}","{""community-independent"": ""N1""}",wordmaster,community-independent,1,kana/loanword,"to pluck, to pick, to tear",same-reading-different-writing|same-jmdict-entry,毟る,,毟る,むしる,N1,むしる|挘る|毟る,yes,SINGLE_SOURCE,yes,no,no,N1,no,,v5r:Godan verb with 'ru' ending|vt:transitive verb,to pluck; to pick; to tear,ADD_VARIANT_AFTER_SOURCE_CHECK,P3,Valid exact JMdict variant but only one external reference family supports this JLPT listing.,APPROVE_DISTINCT_VARIANT_SOURCE_CHECK,exact JMdict variant verified; one external family supports the JLPT listing; keep as independent learnable surface form,,N1,estimated-source-backed
やっ付ける,やっつける,N1,"{""N1"": 1}","{""waller-derived"": ""N1""}",openjlpt|waller,waller-derived,1,lexical,to beat,same-reading-different-writing|same-jmdict-entry,やっつける|遣っ付ける,,やっつける|遣っ付ける,やっつける,N1|N2,やっつける|やっ付ける|遣っつける|遣っ付ける,yes,SINGLE_SOURCE,yes,no,no,N2,yes,uk:word usually written using kana alone,v1:Ichidan verb|vt:transitive verb,to beat; to attack (an enemy); to do away with; to finish off,ADD_VARIANT_AFTER_SOURCE_CHECK,P3,Valid exact JMdict variant but only one external reference family supports this JLPT listing. JLPT level conflicts with JMdict/Waller enrichment; add the form but review level before publishing.,APPROVE_DISTINCT_VARIANT_SOURCE_CHECK,exact JMdict variant verified; one external family supports the JLPT listing; keep as independent learnable surface form,,N1,estimated-conflict
やりとおす,やりとおす,N1,"{""N1"": 1}","{""community-independent"": ""N1""}",wordmaster,community-independent,1,kana/loanword,"to carry through, to achieve, to complete",same-reading-different-writing|same-jmdict-entry,やり通す|遣り通す,,やり通す|遣り通す,やりとおす,N1,やりとおす|やり通す|遣り通す,yes,SINGLE_SOURCE,yes,no,no,N1,no,,v5s:Godan verb with 'su' ending,to carry through; to achieve; to complete,ADD_VARIANT_AFTER_SOURCE_CHECK,P3,Valid exact JMdict variant but only one external reference family supports this JLPT listing.,APPROVE_DISTINCT_VARIANT_SOURCE_CHECK,exact JMdict variant verified; one external family supports the JLPT listing; keep as independent learnable surface form,,N1,estimated-source-backed
やりとげる,やりとげる,N1,"{""N1"": 1}","{""community-independent"": ""N1""}",wordmaster,community-independent,1,kana/loanword,to accomplish,same-reading-different-writing|same-jmdict-entry,やり遂げる,,やり遂げる,やりとげる,N1,やりとげる|やり遂げる|遣り遂げる,yes,SINGLE_SOURCE,yes,no,no,N1,no,,v1:Ichidan verb|vt:transitive verb,to accomplish; to finish; to carry through; to follow through,ADD_VARIANT_AFTER_SOURCE_CHECK,P3,Valid exact JMdict variant but only one external reference family supports this JLPT listing.,APPROVE_DISTINCT_VARIANT_SOURCE_CHECK,exact JMdict variant verified; one external family supports the JLPT listing; keep as independent learnable surface form,,N1,estimated-source-backed
葦,よし,N1,"{""N1"": 1}","{""waller-derived"": ""N1""}",openjlpt|waller,waller-derived,1,lexical,reed; bulrush,same-reading-different-writing|same-writing-different-reading|same-jmdict-entry,よし|由,あし,よし|葦,あし|よし,N1,あし|よし|アシ|ヨシ|芦|葦|葭|蘆,yes,SINGLE_SOURCE,yes,no,no,N1,no,uk:word usually written using kana alone,adj-no:nouns which may take the genitive case particle 'no'|n:noun (common) (futsuumeishi),common reed (Phragmites australis),ADD_VARIANT_AFTER_SOURCE_CHECK,P3,Valid exact JMdict variant but only one external reference family supports this JLPT listing.,APPROVE_DISTINCT_VARIANT_SOURCE_CHECK,exact JMdict variant verified; one external family supports the JLPT listing; keep as independent learnable surface form,,N1,estimated-source-backed
ロープウエイ,ロープウエイ,N1,"{""N1"": 1}","{""community-independent"": ""N1""}",wordmaster,community-independent,1,kana/loanword,"ropeway, aerial tram",same-jmdict-entry,,,ロープウェイ|ロープウエー,ロープウェイ|ロープウエー,N1,ロープウェイ|ロープウェー|ロープウエイ|ロープウエー,yes,SINGLE_SOURCE,yes,no,no,,no,,n:noun (common) (futsuumeishi),ropeway; cableway; aerial lift; cable car,ADD_VARIANT_AFTER_SOURCE_CHECK,P3,Valid exact JMdict variant but only one external reference family supports this JLPT listing.,APPROVE_DISTINCT_VARIANT_SOURCE_CHECK,exact JMdict variant verified; one external family supports the JLPT listing; keep as independent learnable surface form,,N1,estimated-source-backed
