word,reading,consensus_level,level_votes,family_level_votes,reference_sources,reference_families,support_count,candidate_type,example_meaning,relation_type,same_reading_current_forms,same_word_current_readings,jmdict_current_forms,jmdict_current_readings,jmdict_current_levels,jmdict_all_forms,jmdict_resolved
とん,（1000,N3,"{""N3"": 1}","{""waller-derived"": ""N3""}",openjlpt,waller-derived,1,kana/loanword,ton,fully-absent,,,,,,,no
(かさを～) さす,(かさを～) さす,N2,"{""N2"": 1}","{""community-independent"": ""N2""}",wordmaster,community-independent,1,lexical,撑（伞）,fully-absent,,,,,,,no
じゅうたん,（カーペット）,N2,"{""N2"": 1}","{""waller-derived"": ""N2""}",openjlpt,waller-derived,1,kana/loanword,carpet,fully-absent,,,,,,,no
しいんと,（する）,N2,"{""N2"": 1}","{""waller-derived"": ""N2""}",openjlpt,waller-derived,1,kana/loanword,silent (as the grave); (deathly) quiet,same-writing-different-reading,,しいんと,,,,,no
"(花を〜) 生ける, 活ける",(はなを～) いける,N1,"{""N1"": 1}","{""community-independent"": ""N1""}",wordmaster,community-independent,1,lexical,to arrange (flowers),fully-absent,,,,,,,no
ミリ,（メートル）,N2,"{""N2"": 1}","{""waller-derived"": ""N2""}",openjlpt,waller-derived,1,kana/loanword,milli-; 10^-3,same-writing-different-reading,,ミリ,,,,,no
だいいち,（副）,N2,"{""N2"": 1}","{""waller-derived"": ""N2""}",openjlpt,waller-derived,1,kana/loanword,first; foremost; # 1,fully-absent,,,,,,,no
ふと,（副）,N3,"{""N3"": 1}","{""waller-derived"": ""N3""}",openjlpt,waller-derived,1,kana/loanword,suddenly; casually; accidentally,same-writing-different-reading,,ふと,,,,,no
できる,（可能。出現。発生）,N3,"{""N3"": 1}","{""waller-derived"": ""N3""}",openjlpt,waller-derived,1,kana/loanword,to be able to; to be ready; to occur,same-writing-different-reading,,できる,,,,,no
うん,（感）,N3,"{""N3"": 1}","{""waller-derived"": ""N3""}",openjlpt,waller-derived,1,kana/loanword,fortune; luck,same-writing-different-reading,,うん,,,,,no
しまった,（感）,N3,"{""N3"": 1}","{""waller-derived"": ""N3""}",openjlpt,waller-derived,1,kana/loanword,Damn it!,same-writing-different-reading,,しまった,,,,,no
すみません,（感）,N3,"{""N3"": 1}","{""waller-derived"": ""N3""}",openjlpt,waller-derived,1,kana/loanword,sorry; excuse me,same-writing-different-reading,,すみません,,,,,no
ね,（感）,N3,"{""N3"": 1}","{""waller-derived"": ""N3""}",openjlpt,waller-derived,1,kana/loanword,value; price; cost,same-writing-different-reading,,ね,,,,,no
はい,（感）,N3,"{""N3"": 1}","{""waller-derived"": ""N3""}",openjlpt,waller-derived,1,kana/loanword,wear; put on (sword),same-writing-different-reading,,はい,,,,,no
よろしく,（感）,N3,"{""N3"": 1}","{""waller-derived"": ""N3""}",openjlpt,waller-derived,1,kana/loanword,well; properly; suitably,same-writing-different-reading,,よろしく,,,,,no
どう,（接。副）,N3,"{""N3"": 1}","{""waller-derived"": ""N3""}",openjlpt,waller-derived,1,kana/loanword,child; servant; foolishness,same-writing-different-reading,,どう,,,,,no
それ,（接。感）,N3,"{""N3"": 1}","{""waller-derived"": ""N3""}",openjlpt,waller-derived,1,kana/loanword,it; that,same-writing-different-reading,,それ,,,,,no
しまい,（終わり）,N3,"{""N3"": 1}","{""waller-derived"": ""N3""}",openjlpt,waller-derived,1,kana/loanword,sisters,same-writing-different-reading,,しまい,,,,,no
しまう,（終わる）,N3,"{""N3"": 1}","{""waller-derived"": ""N3""}",openjlpt,waller-derived,1,kana/loanword,to finish; to close; to do something completely,same-writing-different-reading,,しまう,,,,,no
賛成,Uӣ[い,N3,"{""N3"": 1}","{""waller-derived"": ""N3""}",openjlpt,waller-derived,1,lexical,approval; agreement; support,same-writing-different-reading,,さんせい,,,,,no
～(て) しまう,～(て) しまう,N4,"{""N4"": 1}","{""community-independent"": ""N4""}",wordmaster,community-independent,1,lexical,to end up ~,fully-absent,,,,,,,no
～(に) ついて,～(に) ついて,N4,"{""N4"": 1}","{""community-independent"": ""N4""}",wordmaster,community-independent,1,lexical,"about, concerning",fully-absent,,,,,,,no
～(に) よると,～(に) よると,N4,"{""N4"": 1}","{""community-independent"": ""N4""}",wordmaster,community-independent,1,lexical,according to ~,fully-absent,,,,,,,no
〜(日本) 式,～(にほん) しき,N2,"{""N2"": 1}","{""community-independent"": ""N2""}",wordmaster,community-independent,1,lexical,"custom,",fully-absent,,,,,,,no
～宛,～あて,N1,"{""N1"": 1}","{""community-independent"": ""N1""}",wordmaster,community-independent,1,lexical,"for…(e.g., In a letter)",fully-absent,,,,,,,no
～合せ,～あわせ,N1,"{""N1"": 1}","{""community-independent"": ""N1""}",wordmaster,community-independent,1,lexical,in all,fully-absent,,,,,,,no
～位,～い,N2,"{""N2"": 1}","{""community-independent"": ""N2""}",wordmaster,community-independent,1,lexical,~th place,fully-absent,,,,,,,no
～いち (にほんいち),～いち (にほんいち),N2,"{""N2"": 1}","{""community-independent"": ""N2""}",wordmaster,community-independent,1,lexical,No. 1 ~ (in),fully-absent,,,,,,,no
～員,～いん,N4,"{""N4"": 1}","{""community-independent"": ""N4""}",wordmaster,community-independent,1,lexical,member of ~,fully-absent,,,,,,,no
～営,～えい,N1,"{""N1"": 1}","{""community-independent"": ""N1""}",wordmaster,community-independent,1,lexical,~ run,fully-absent,,,,,,,no
～円,～えん,N5,"{""N5"": 1}","{""community-independent"": ""N5""}",wordmaster,community-independent,1,lexical,～日元,fully-absent,,,,,,,no
～園,～えん,N2,"{""N2"": 1}","{""community-independent"": ""N2""}",wordmaster,community-independent,1,lexical,~ garden (especially man made),fully-absent,,,,,,,no
～おき,～おき,N4,"{""N4"": 1}","{""community-independent"": ""N4""}",wordmaster,community-independent,1,lexical,每隔～,fully-absent,,,,,,,no
～おしまい (おわり),～おしまい (おわり),N2,"{""N2"": 1}","{""community-independent"": ""N2""}",wordmaster,community-independent,1,lexical,end up ~,fully-absent,,,,,,,no
～おわる,～おわる,N4,"{""N4"": 1}","{""community-independent"": ""N4""}",wordmaster,community-independent,1,lexical,to finish doing ~,fully-absent,,,,,,,no
～下,～か,N2,"{""N2"": 1}","{""community-independent"": ""N2""}",wordmaster,community-independent,1,lexical,～下,fully-absent,,,,,,,no
～化,～か,N2,"{""N2"": 1}","{""community-independent"": ""N2""}",wordmaster,community-independent,1,lexical,～化,fully-absent,,,,,,,no
～家,～か,N4,"{""N4"": 1}","{""community-independent"": ""N4""}",wordmaster,community-independent,1,lexical,person who is specialized in ~,fully-absent,,,,,,,no
～日,～か,N2,"{""N2"": 1}","{""community-independent"": ""N2""}",wordmaster,community-independent,1,lexical,～日,fully-absent,,,,,,,no
～歌,～か,N2,"{""N2"": 1}","{""community-independent"": ""N2""}",wordmaster,community-independent,1,lexical,～歌,fully-absent,,,,,,,no
～科,～か,N2,"{""N2"": 1}","{""community-independent"": ""N2""}",wordmaster,community-independent,1,lexical,～科,fully-absent,,,,,,,no
～会,～かい,N4,"{""N4"": 1}","{""community-independent"": ""N4""}",wordmaster,community-independent,1,lexical,～会,fully-absent,,,,,,,no
～回,～かい,N5,"{""N5"": 1}","{""community-independent"": ""N5""}",wordmaster,community-independent,1,lexical,～次,fully-absent,,,,,,,no
～界,～かい,N1,"{""N1"": 1}","{""community-independent"": ""N1""}",wordmaster,community-independent,1,lexical,"world, circle, kingdom",fully-absent,,,,,,,no
～階,～かい,N5,"{""N5"": 1}","{""community-independent"": ""N5""}",wordmaster,community-independent,1,lexical,～层,fully-absent,,,,,,,no
～画,～かく,N1,"{""N1"": 1}","{""community-independent"": ""N1""}",wordmaster,community-independent,1,lexical,~ strokes,fully-absent,,,,,,,no
～掛け,～かけ,N1,"{""N1"": 1}","{""community-independent"": ""N1""}",wordmaster,community-independent,1,lexical,"rack, hanger",fully-absent,,,,,,,no
～か月,～かげつ,N5,"{""N5"": 1}","{""community-independent"": ""N5""}",wordmaster,community-independent,1,lexical,(number of) months,fully-absent,,,,,,,no
～刊,～かん,N2,"{""N2"": 1}","{""community-independent"": ""N2""}",wordmaster,community-independent,1,lexical,～刊,fully-absent,,,,,,,no
～巻,～かん,N2,"{""N2"": 1}","{""community-independent"": ""N2""}",wordmaster,community-independent,1,lexical,～卷,fully-absent,,,,,,,no
～感,～かん,N2,"{""N2"": 1}","{""community-independent"": ""N2""}",wordmaster,community-independent,1,lexical,～感，感觉,fully-absent,,,,,,,no
～間,～かん,N2,"{""N2"": 1}","{""community-independent"": ""N2""}",wordmaster,community-independent,1,lexical,～之间，～期间,fully-absent,,,,,,,no
～館,～かん,N2,"{""N2"": 1}","{""community-independent"": ""N2""}",wordmaster,community-independent,1,lexical,～馆,fully-absent,,,,,,,no
～画,～が,N2,"{""N2"": 1}","{""community-independent"": ""N2""}",wordmaster,community-independent,1,lexical,～画,fully-absent,,,,,,,no
～外,～がい,N2,"{""N2"": 1}","{""community-independent"": ""N2""}",wordmaster,community-independent,1,lexical,～以外,fully-absent,,,,,,,no
～街,～がい,N1,"{""N1"": 1}","{""community-independent"": ""N1""}",wordmaster,community-independent,1,lexical,town,fully-absent,,,,,,,no
～学部,～がくぶ,N4,"{""N4"": 1}","{""community-independent"": ""N4""}",wordmaster,community-independent,1,lexical,department of a university,fully-absent,,,,,,,no
～難い,～がたい,N2,"{""N2"": 1}","{""community-independent"": ""N2""}",wordmaster,community-independent,1,lexical,hard (difficult) to do ~,fully-absent,,,,,,,no
～がち,～がち,N2,"{""N2"": 1}","{""community-independent"": ""N2""}",wordmaster,community-independent,1,lexical,容易～,fully-absent,,,,,,,no
～月,～がつ,N5,"{""N5"": 1}","{""community-independent"": ""N5""}",wordmaster,community-independent,1,lexical,month of year,fully-absent,,,,,,,no
～がる,～がる,N5,"{""N5"": 1}","{""community-independent"": ""N5""}",wordmaster,community-independent,1,lexical,感到,fully-absent,,,,,,,no
～側,～がわ,N5,"{""N5"": 1}","{""community-independent"": ""N5""}",wordmaster,community-independent,1,lexical,～侧,fully-absent,,,,,,,no
～器,～き,N2,"{""N2"": 1}","{""community-independent"": ""N2""}",wordmaster,community-independent,1,lexical,～器,fully-absent,,,,,,,no
～期,～き,N2,"{""N2"": 1}","{""community-independent"": ""N2""}",wordmaster,community-independent,1,lexical,～期,fully-absent,,,,,,,no
～機,～き,N2,"{""N2"": 1}","{""community-independent"": ""N2""}",wordmaster,community-independent,1,lexical,～机,fully-absent,,,,,,,no
～教,～きょう,N2,"{""N2"": 1}","{""community-independent"": ""N2""}",wordmaster,community-independent,1,lexical,religion,fully-absent,,,,,,,no
～狂,～きょう,N1,"{""N1"": 1}","{""community-independent"": ""N1""}",wordmaster,community-independent,1,lexical,"maniac, fan, freak",fully-absent,,,,,,,no
～きり,～きり,N1,"{""N1"": 1}","{""community-independent"": ""N1""}",wordmaster,community-independent,1,lexical,only,fully-absent,,,,,,,no
～きる,～きる,N2,"{""N2"": 1}","{""community-independent"": ""N2""}",wordmaster,community-independent,1,lexical,彻底，完全,fully-absent,,,,,,,no
～切れ,～きれ,N2,"{""N2"": 1}","{""community-independent"": ""N2""}",wordmaster,community-independent,1,lexical,用完，耗尽,fully-absent,,,,,,,no
～気味,～ぎみ,N2,"{""N2"": 1}","{""community-independent"": ""N2""}",wordmaster,community-independent,1,lexical,slightly ~,fully-absent,,,,,,,no
～業,～ぎょう,N2,"{""N2"": 1}","{""community-independent"": ""N2""}",wordmaster,community-independent,1,lexical,type of business,fully-absent,,,,,,,no
～行,～ぎょう,N2,"{""N2"": 1}","{""community-independent"": ""N2""}",wordmaster,community-independent,1,lexical,"line, row",fully-absent,,,,,,,no
～区,～く,N4,"{""N4"": 1}","{""community-independent"": ""N4""}",wordmaster,community-independent,1,lexical,"~ district, ~ ward, ~ borough",fully-absent,,,,,,,no
～口,～くち,N2,"{""N2"": 1}","{""community-independent"": ""N2""}",wordmaster,community-independent,1,lexical,"~ opening; ~ entrance, ~ exit",fully-absent,,,,,,,no
～くらい; ぐらい,～くらい; ぐらい,N5,"{""N5"": 1}","{""community-independent"": ""N5""}",wordmaster,community-independent,1,lexical,大约,fully-absent,,,,,,,no
～君,～くん,N4,"{""N4"": 1}","{""community-independent"": ""N4""}",wordmaster,community-independent,1,lexical,~君 (对晚辈或同辈男性的称呼),fully-absent,,,,,,,no
～家,～け,N2,"{""N2"": 1}","{""community-independent"": ""N2""}",wordmaster,community-independent,1,lexical,～家,fully-absent,,,,,,,no
～形,～けい,N2,"{""N2"": 1}","{""community-independent"": ""N2""}",wordmaster,community-independent,1,lexical,shape of ~,fully-absent,,,,,,,no
～系,～けい,N2,"{""N2"": 1}","{""community-independent"": ""N2""}",wordmaster,community-independent,1,lexical,"~ system, ~ lineage, ~ group",fully-absent,,,,,,,no
～圏,～けん,N2,"{""N2"": 1}","{""community-independent"": ""N2""}",wordmaster,community-independent,1,lexical,"bloc, sphere, area",fully-absent,,,,,,,no
～軒,～けん,N4,"{""N4"": 1}","{""community-independent"": ""N4""}",wordmaster,community-independent,1,lexical,counter for houses,fully-absent,,,,,,,no
～個,～こ,N5,"{""N5"": 1}","{""community-independent"": ""N5""}",wordmaster,community-independent,1,lexical,"counter for small items (e.g., fruits, cups)",fully-absent,,,,,,,no
～光,～こう,N1,"{""N1"": 1}","{""community-independent"": ""N1""}",wordmaster,community-independent,1,lexical,light,fully-absent,,,,,,,no
～校,～こう,N2,"{""N2"": 1}","{""community-independent"": ""N2""}",wordmaster,community-independent,1,lexical,counter for school,fully-absent,,,,,,,no
～港,～こう,N2,"{""N2"": 1}","{""community-independent"": ""N2""}",wordmaster,community-independent,1,lexical,~ port,fully-absent,,,,,,,no
～国,～こく,N2,"{""N2"": 1}","{""community-independent"": ""N2""}",wordmaster,community-independent,1,lexical,nation of ~,fully-absent,,,,,,,no
～ころ; ～ごろ,～ころ; ～ごろ,N5,"{""N5"": 1}","{""community-independent"": ""N5""}",wordmaster,community-independent,1,lexical,"about, toward, approximately (time)",fully-absent,,,,,,,no
～語,～ご,N5,"{""N5"": 1}","{""community-independent"": ""N5""}",wordmaster,community-independent,1,lexical,"word, language",fully-absent,,,,,,,no
～号,～ごう,N2,"{""N2"": 1}","{""community-independent"": ""N2""}",wordmaster,community-independent,1,lexical,counter for magazine; the name of ship,fully-absent,,,,,,,no
～ございます,～ございます,N4,"{""N4"": 1}","{""community-independent"": ""N4""}",wordmaster,community-independent,1,fixed-expression/conjugated,有,fully-absent,,,,,,,no
～毎,～ごと,N2,"{""N2"": 1}","{""community-independent"": ""N2""}",wordmaster,community-independent,1,lexical,每～,fully-absent,,,,,,,no
～歳,～さい,N5,"{""N5"": 1}","{""community-independent"": ""N5""}",wordmaster,community-independent,1,lexical,~岁,fully-absent,,,,,,,no
～冊,～さつ,N5,"{""N5"": 1}","{""community-independent"": ""N5""}",wordmaster,community-independent,1,lexical,~本(书),fully-absent,,,,,,,no
～様,～さま,N4,"{""N4"": 1}","{""community-independent"": ""N4""}",wordmaster,community-independent,1,lexical,～先生/女士/先生,fully-absent,,,,,,,no
～さん,～さん,N5,"{""N5"": 1}","{""community-independent"": ""N5""}",wordmaster,community-independent,1,lexical,～先生/～女士/～先生,fully-absent,,,,,,,no
～山,～さん,N2,"{""N2"": 1}","{""community-independent"": ""N2""}",wordmaster,community-independent,1,lexical,the name of mountain,fully-absent,,,,,,,no
～産,～さん,N2,"{""N2"": 1}","{""community-independent"": ""N2""}",wordmaster,community-independent,1,lexical,made in ~,fully-absent,,,,,,,no
～史,～し,N2,"{""N2"": 1}","{""community-independent"": ""N2""}",wordmaster,community-independent,1,lexical,history of ~,fully-absent,,,,,,,no
～紙,～し,N2,"{""N2"": 1}","{""community-independent"": ""N2""}",wordmaster,community-independent,1,lexical,"newspaper, type of paper",fully-absent,,,,,,,no
～式,～しき,N4,"{""N4"": 1}","{""community-independent"": ""N4""}",wordmaster,community-independent,1,lexical,~式,fully-absent,,,,,,,no
～室,～しつ,N2,"{""N2"": 1}","{""community-independent"": ""N2""}",wordmaster,community-independent,1,lexical,counter for room,fully-absent,,,,,,,no
～社,～しゃ,N2,"{""N2"": 1}","{""community-independent"": ""N2""}",wordmaster,community-independent,1,lexical,counter for company,fully-absent,,,,,,,no
～者,～しゃ,N2,"{""N2"": 1}","{""community-independent"": ""N2""}",wordmaster,community-independent,1,lexical,person,fully-absent,,,,,,,no
～車,～しゃ,N2,"{""N2"": 1}","{""community-independent"": ""N2""}",wordmaster,community-independent,1,lexical,~ car,fully-absent,,,,,,,no
～手,～しゅ,N2,"{""N2"": 1}","{""community-independent"": ""N2""}",wordmaster,community-independent,1,lexical,"~ player, person who does ~",fully-absent,,,,,,,no
～酒,～しゅ,N2,"{""N2"": 1}","{""community-independent"": ""N2""}",wordmaster,community-independent,1,lexical,kind of alcohol,fully-absent,,,,,,,no
～宗,～しゅう,N1,"{""N1"": 1}","{""community-independent"": ""N1""}",wordmaster,community-independent,1,lexical,sect,fully-absent,,,,,,,no
～集,～しゅう,N2,"{""N2"": 1}","{""community-independent"": ""N2""}",wordmaster,community-independent,1,lexical,collection of ~,fully-absent,,,,,,,no
～週間,～しゅうかん,N5,"{""N5"": 1}","{""community-independent"": ""N5""}",wordmaster,community-independent,1,lexical,~ weeks,fully-absent,,,,,,,no
～所,～しょ,N2,"{""N2"": 1}","{""community-independent"": ""N2""}",wordmaster,community-independent,1,lexical,place,fully-absent,,,,,,,no
～署,～しょ,N1,"{""N1"": 1}","{""community-independent"": ""N1""}",wordmaster,community-independent,1,lexical,department,fully-absent,,,,,,,no
～勝,～しょう,N2,"{""N2"": 1}","{""community-independent"": ""N2""}",wordmaster,community-independent,1,lexical,count for victory,fully-absent,,,,,,,no
～商,～しょう,N2,"{""N2"": 1}","{""community-independent"": ""N2""}",wordmaster,community-independent,1,lexical,"merchant, business",fully-absent,,,,,,,no
～症,～しょう,N1,"{""N1"": 1}","{""community-independent"": ""N1""}",wordmaster,community-independent,1,lexical,disease,fully-absent,,,,,,,no
～省,～しょう,N2,"{""N2"": 1}","{""community-independent"": ""N2""}",wordmaster,community-independent,1,lexical,kind of ministry,fully-absent,,,,,,,no
～証,～しょう,N1,"{""N1"": 1}","{""community-independent"": ""N1""}",wordmaster,community-independent,1,lexical,"proof, certificate",fully-absent,,,,,,,no
～色,～しょく,N2,"{""N2"": 1}","{""community-independent"": ""N2""}",wordmaster,community-independent,1,lexical,kind of color,fully-absent,,,,,,,no
～心,～しん,N1,"{""N1"": 1}","{""community-independent"": ""N1""}",wordmaster,community-independent,1,lexical,mind of ~,fully-absent,,,,,,,no
～寺,～じ,N2,"{""N2"": 1}","{""community-independent"": ""N2""}",wordmaster,community-independent,1,lexical,the name of temple,fully-absent,,,,,,,no
～時,～じ,N5,"{""N5"": 1}","{""community-independent"": ""N5""}",wordmaster,community-independent,1,lexical,～点,fully-absent,,,,,,,no
～時間,～じかん,N5,"{""N5"": 1}","{""community-independent"": ""N5""}",wordmaster,community-independent,1,lexical,～小时,fully-absent,,,,,,,no
～時間目,～じかんめ,N2,"{""N2"": 1}","{""community-independent"": ""N2""}",wordmaster,community-independent,1,lexical,"~th hour, ~th period",fully-absent,,,,,,,no
～中,～じゅう,N5,"{""N5"": 1}","{""community-independent"": ""N5""}",wordmaster,community-independent,1,lexical,"during, while",fully-absent,,,,,,,no
～女,～じょ,N2,"{""N2"": 1}","{""community-independent"": ""N2""}",wordmaster,community-independent,1,lexical,count for sisters,fully-absent,,,,,,,no
～場,～じょう,N2,"{""N2"": 1}","{""community-independent"": ""N2""}",wordmaster,community-independent,1,lexical,"kind of field, ground",fully-absent,,,,,,,no
～嬢,～じょう,N1,"{""N1"": 1}","{""community-independent"": ""N1""}",wordmaster,community-independent,1,lexical,young woman,fully-absent,,,,,,,no
～条,～じょう,N2,"{""N2"": 1}","{""community-independent"": ""N2""}",wordmaster,community-independent,1,lexical,counter for article,fully-absent,,,,,,,no
～畳,～じょう,N2,"{""N2"": 1}","{""community-independent"": ""N2""}",wordmaster,community-independent,1,lexical,"count for tatami, mat",fully-absent,,,,,,,no
～人,～じん,N5,"{""N5"": 1}","{""community-independent"": ""N5""}",wordmaster,community-independent,1,lexical,counter for people,fully-absent,,,,,,,no
～すぎ,～すぎ,N5,"{""N5"": 1}","{""community-independent"": ""N5""}",wordmaster,community-independent,1,lexical,过度，太～,fully-absent,,,,,,,no
～過ぎる,～すぎる,N2,"{""N2"": 1}","{""community-independent"": ""N2""}",wordmaster,community-independent,1,lexical,too much ~,fully-absent,,,,,,,no
～ずつ,～ずつ,N5,"{""N5"": 1}","{""community-independent"": ""N5""}",wordmaster,community-independent,1,lexical,每次，各～,fully-absent,,,,,,,no
～済,～ずみ,N2,"{""N2"": 1}","{""community-independent"": ""N2""}",wordmaster,community-independent,1,lexical,已完成,fully-absent,,,,,,,no
～製,～せい,N4,"{""N4"": 1}","{""community-independent"": ""N4""}",wordmaster,community-independent,1,lexical,made in ~,fully-absent,,,,,,,no
～席,～せき,N2,"{""N2"": 1}","{""community-independent"": ""N2""}",wordmaster,community-independent,1,lexical,～座位,fully-absent,,,,,,,no
～戦,～せん,N2,"{""N2"": 1}","{""community-independent"": ""N2""}",wordmaster,community-independent,1,lexical,"counter for games, matches",fully-absent,,,,,,,no
～船,～せん,N2,"{""N2"": 1}","{""community-independent"": ""N2""}",wordmaster,community-independent,1,lexical,counter for ships,fully-absent,,,,,,,no
～前,～ぜん,N2,"{""N2"": 1}","{""community-independent"": ""N2""}",wordmaster,community-independent,1,lexical,before ~,fully-absent,,,,,,,no
～沿い,～そい,N2,"{""N2"": 1}","{""community-independent"": ""N2""}",wordmaster,community-independent,1,lexical,沿着～,fully-absent,,,,,,,no
～艘,～そう,N2,"{""N2"": 1}","{""community-independent"": ""N2""}",wordmaster,community-independent,1,lexical,艘,fully-absent,,,,,,,no
～足,～そく,N2,"{""N2"": 1}","{""community-independent"": ""N2""}",wordmaster,community-independent,1,lexical,counter for shoes,fully-absent,,,,,,,no
～たち,～たち,N5,"{""N5"": 1}","{""community-independent"": ""N5""}",wordmaster,community-independent,1,lexical,们,fully-absent,,,,,,,no
～代,～だい,N4,"{""N4"": 1}","{""community-independent"": ""N4""}",wordmaster,community-independent,1,lexical,～年代,fully-absent,,,,,,,no
～台,～だい,N5,"{""N5"": 1}","{""community-independent"": ""N5""}",wordmaster,community-independent,1,lexical,～台 (量词，用于车辆、机器),fully-absent,,,,,,,no
～だけ,～だけ,N5,"{""N5"": 1}","{""community-independent"": ""N5""}",wordmaster,community-independent,1,lexical,只; 仅,fully-absent,,,,,,,no
～だす,～だす,N4,"{""N4"": 1}","{""community-independent"": ""N4""}",wordmaster,community-independent,1,lexical,to start doing ~,fully-absent,,,,,,,no
建て,～だて,N4,"{""N4"": 1}","{""community-independent"": ""N4""}",wordmaster,community-independent,1,lexical,"~ storied, separate housing",fully-absent,,,,,,,no
～だらけ,～だらけ,N2,"{""N2"": 1}","{""community-independent"": ""N2""}",wordmaster,community-independent,1,lexical,满是~,fully-absent,,,,,,,no
～団,～だん,N2,"{""N2"": 1}","{""community-independent"": ""N2""}",wordmaster,community-independent,1,lexical,团,fully-absent,,,,,,,no
～着,～ちゃく,N2,"{""N2"": 1}","{""community-independent"": ""N2""}",wordmaster,community-independent,1,lexical,counter for clothes; finishing place,fully-absent,,,,,,,no
～ちゃん,～ちゃん,N4,"{""N4"": 1}","{""community-independent"": ""N4""}",wordmaster,community-independent,1,lexical,suffix for familiar (female) person,fully-absent,,,,,,,no
～著,～ちょ,N1,"{""N1"": 1}","{""community-independent"": ""N1""}",wordmaster,community-independent,1,lexical,written by ~,fully-absent,,,,,,,no
～兆,～ちょう,N2,"{""N2"": 1}","{""community-independent"": ""N2""}",wordmaster,community-independent,1,lexical,trillion,fully-absent,,,,,,,no
～帳,～ちょう,N2,"{""N2"": 1}","{""community-independent"": ""N2""}",wordmaster,community-independent,1,lexical,"~ book, notebook",fully-absent,,,,,,,no
～庁,～ちょう,N2,"{""N2"": 1}","{""community-independent"": ""N2""}",wordmaster,community-independent,1,lexical,"office, agency",fully-absent,,,,,,,no
～町,～ちょう,N4,"{""N4"": 1}","{""community-independent"": ""N4""}",wordmaster,community-independent,1,lexical,the town of ~,fully-absent,,,,,,,no
～長,～ちょう,N2,"{""N2"": 1}","{""community-independent"": ""N2""}",wordmaster,community-independent,1,lexical,"leader, head",fully-absent,,,,,,,no
～丁目,～ちょうめ,N2,"{""N2"": 1}","{""community-independent"": ""N2""}",wordmaster,community-independent,1,lexical,"~ district (of a town; city, block)",fully-absent,,,,,,,no
～通,～つう,N2,"{""N2"": 1}","{""community-independent"": ""N2""}",wordmaster,community-independent,1,lexical,counter for letters,fully-absent,,,,,,,no
～付,～つき,N2,"{""N2"": 1}","{""community-independent"": ""N2""}",wordmaster,community-independent,1,lexical,with ~,fully-absent,,,,,,,no
～月,～つき,N4,"{""N4"": 1}","{""community-independent"": ""N4""}",wordmaster,community-independent,1,lexical,～月,fully-absent,,,,,,,no
～続く,～つづく,N2,"{""N2"": 1}","{""community-independent"": ""N2""}",wordmaster,community-independent,1,lexical,"follow, continue, go on",fully-absent,,,,,,,no
～続ける,～つづける,N4,"{""N4"": 1}","{""community-independent"": ""N4""}",wordmaster,community-independent,1,lexical,继续～,fully-absent,,,,,,,no
～遣い,～づかい,N2,"{""N2"": 1}","{""community-independent"": ""N2""}",wordmaster,community-independent,1,lexical,use of ~,fully-absent,,,,,,,no
～辛い,～づらい,N2,"{""N2"": 1}","{""community-independent"": ""N2""}",wordmaster,community-independent,1,lexical,hard to do ~,fully-absent,,,,,,,no
～滴,～てき,N2,"{""N2"": 1}","{""community-independent"": ""N2""}",wordmaster,community-independent,1,lexical,drop,fully-absent,,,,,,,no
～点,～てん,N2,"{""N2"": 1}","{""community-independent"": ""N2""}",wordmaster,community-independent,1,lexical,counter for scores,fully-absent,,,,,,,no
～島,～とう,N2,"{""N2"": 1}","{""community-independent"": ""N2""}",wordmaster,community-independent,1,lexical,kind of islands,fully-absent,,,,,,,no
～等,～とう,N2,"{""N2"": 1}","{""community-independent"": ""N2""}",wordmaster,community-independent,1,lexical,"level, place",fully-absent,,,,,,,no
～頭,～とう,N2,"{""N2"": 1}","{""community-independent"": ""N2""}",wordmaster,community-independent,1,lexical,counter for animals,fully-absent,,,,,,,no
～通り,～とおり,N2,"{""N2"": 1}","{""community-independent"": ""N2""}",wordmaster,community-independent,1,lexical,"in accordance with ~; following ~; ~ street, ~ avenue",fully-absent,,,,,,,no
～時,～とき,N3,"{""N3"": 1}","{""community-independent"": ""N3""}",wordmaster,community-independent,1,lexical,～的时候,fully-absent,,,,,,,no
～ところ,～ところ,N2,"{""N2"": 1}","{""community-independent"": ""N2""}",wordmaster,community-independent,1,lexical,about to do ~,fully-absent,,,,,,,no
～度,～ど,N5,"{""N5"": 1}","{""community-independent"": ""N5""}",wordmaster,community-independent,1,lexical,counter for occurrences; ~ degree; ~ point,fully-absent,,,,,,,no
～道,～どう,N2,"{""N2"": 1}","{""community-independent"": ""N2""}",wordmaster,community-independent,1,lexical,"kind of path, road",fully-absent,,,,,,,no
～どころか,～どころか,N1,"{""N1"": 1}","{""community-independent"": ""N1""}",wordmaster,community-independent,1,lexical,"rather, far from",fully-absent,,,,,,,no
～内,～ない,N2,"{""N2"": 1}","{""community-independent"": ""N2""}",wordmaster,community-independent,1,lexical,inside ~,fully-absent,,,,,,,no
～など,～など,N5,"{""N5"": 1}","{""community-independent"": ""N5""}",wordmaster,community-independent,1,lexical,等等,fully-absent,,,,,,,no
～なんか,～なんか,N1,"{""N1"": 1}","{""community-independent"": ""N1""}",wordmaster,community-independent,1,lexical,in the least ~,fully-absent,,,,,,,no
～にくい,～にくい,N4,"{""N4"": 1}","{""community-independent"": ""N4""}",wordmaster,community-independent,1,lexical,difficult to do ~,fully-absent,,,,,,,no
～日,～にち,N5,"{""N5"": 1}","{""community-independent"": ""N5""}",wordmaster,community-independent,1,lexical,~日,fully-absent,,,,,,,no
～年,～ねん,N5,"{""N5"": 1}","{""community-independent"": ""N5""}",wordmaster,community-independent,1,lexical,~年,fully-absent,,,,,,,no
～年生,～ねんせい,N2,"{""N2"": 1}","{""community-independent"": ""N2""}",wordmaster,community-independent,1,lexical,counter for school year,fully-absent,,,,,,,no
～派,～は,N1,"{""N1"": 1}","{""community-independent"": ""N1""}",wordmaster,community-independent,1,lexical,"group, party, section (mil)",fully-absent,,,,,,,no
～杯,～はい,N5,"{""N5"": 1}","{""community-independent"": ""N5""}",wordmaster,community-independent,1,lexical,counter for cupfuls,fully-absent,,,,,,,no
～泊,～はく,N2,"{""N2"": 1}","{""community-independent"": ""N2""}",wordmaster,community-independent,1,lexical,"counter for staying (e.g., 2 nights)",fully-absent,,,,,,,no
～始める,～はじめる,N4,"{""N4"": 1}","{""community-independent"": ""N4""}",wordmaster,community-independent,1,lexical,to start doing ~,fully-absent,,,,,,,no
～発,～はつ,N2,"{""N2"": 1}","{""community-independent"": ""N2""}",wordmaster,community-independent,1,lexical,counter for bullets,fully-absent,,,,,,,no
～ばかり,～ばかり,N4,"{""N4"": 1}","{""community-independent"": ""N4""}",wordmaster,community-independent,1,lexical,"just did ~, only",fully-absent,,,,,,,no
～番,～ばん,N5,"{""N5"": 1}","{""community-independent"": ""N5""}",wordmaster,community-independent,1,lexical,第～,fully-absent,,,,,,,no
～番目,～ばんめ,N2,"{""N2"": 1}","{""community-independent"": ""N2""}",wordmaster,community-independent,1,lexical,~th,fully-absent,,,,,,,no
～費,～ひ,N2,"{""N2"": 1}","{""community-independent"": ""N2""}",wordmaster,community-independent,1,lexical,cost of ~,fully-absent,,,,,,,no
～匹,～ひき,N5,"{""N5"": 1}","{""community-independent"": ""N5""}",wordmaster,community-independent,1,lexical,～只 (小动物),fully-absent,,,,,,,no
～病,～びょう,N2,"{""N2"": 1}","{""community-independent"": ""N2""}",wordmaster,community-independent,1,lexical,kind of disease,fully-absent,,,,,,,no
～風,～ふう,N2,"{""N2"": 1}","{""community-independent"": ""N2""}",wordmaster,community-independent,1,lexical,~ style,fully-absent,,,,,,,no
～分,～ふん,N5,"{""N5"": 1}","{""community-independent"": ""N5""}",wordmaster,community-independent,1,lexical,~ minutes,fully-absent,,,,,,,no
～部,～ぶ,N2,"{""N2"": 1}","{""community-independent"": ""N2""}",wordmaster,community-independent,1,lexical,~ part,fully-absent,,,,,,,no
～振り,～ぶり,N2,"{""N2"": 1}","{""community-independent"": ""N2""}",wordmaster,community-independent,1,lexical,after an interval of ~,fully-absent,,,,,,,no
～遍,～へん,N2,"{""N2"": 1}","{""community-independent"": ""N2""}",wordmaster,community-independent,1,lexical,time,fully-absent,,,,,,,no
～弁,～べん,N2,"{""N2"": 1}","{""community-independent"": ""N2""}",wordmaster,community-independent,1,lexical,"speech, dialect",fully-absent,,,,,,,no
～歩,～ほ,N2,"{""N2"": 1}","{""community-independent"": ""N2""}",wordmaster,community-independent,1,lexical,"step, pace",fully-absent,,,,,,,no
～ほう (ひかく),～ほう (ひかく),N2,"{""N2"": 1}","{""community-independent"": ""N2""}",wordmaster,community-independent,1,lexical,(in comparison),fully-absent,,,,,,,no
～本,～ほん,N5,"{""N5"": 1}","{""community-independent"": ""N5""}",wordmaster,community-independent,1,lexical,～根/支/条 (量词，用于细长物体),fully-absent,,,,,,,no
～ぽい,～ぽい,N2,"{""N2"": 1}","{""community-independent"": ""N2""}",wordmaster,community-independent,1,lexical,~ish,fully-absent,,,,,,,no
～枚,～まい,N5,"{""N5"": 1}","{""community-independent"": ""N5""}",wordmaster,community-independent,1,lexical,～张 (量词，用于扁平物体),fully-absent,,,,,,,no
～前,～まえ,N5,"{""N5"": 1}","{""community-independent"": ""N5""}",wordmaster,community-independent,1,lexical,～前,fully-absent,,,,,,,no
～まま,～まま,N4,"{""N4"": 1}","{""community-independent"": ""N4""}",wordmaster,community-independent,1,lexical,as it is,fully-absent,,,,,,,no
～まみれ,～まみれ,N1,"{""N1"": 1}","{""community-independent"": ""N1""}",wordmaster,community-independent,1,lexical,"covered with (by, in) ~",fully-absent,,,,,,,no
～味,～み,N1,"{""N1"": 1}","{""community-independent"": ""N1""}",wordmaster,community-independent,1,lexical,~ cast (sense of taste),fully-absent,,,,,,,no
～みたい,～みたい,N2,"{""N2"": 1}","{""community-independent"": ""N2""}",wordmaster,community-independent,1,lexical,looks like ~,fully-absent,,,,,,,no
～向け,～むけ,N2,"{""N2"": 1}","{""community-independent"": ""N2""}",wordmaster,community-independent,1,lexical,for ~,fully-absent,,,,,,,no
～目,～め,N4,"{""N4"": 1}","{""community-independent"": ""N4""}",wordmaster,community-independent,1,lexical,"number ~ sequence, ~nd; ~th",fully-absent,,,,,,,no
～名,～めい,N2,"{""N2"": 1}","{""community-independent"": ""N2""}",wordmaster,community-independent,1,lexical,counter for people,fully-absent,,,,,,,no
～網,～もう,N1,"{""N1"": 1}","{""community-independent"": ""N1""}",wordmaster,community-independent,1,lexical,~ network,fully-absent,,,,,,,no
～もち,～もち,N2,"{""N2"": 1}","{""community-independent"": ""N2""}",wordmaster,community-independent,1,lexical,person who has ~,fully-absent,,,,,,,no
～問,～もん,N2,"{""N2"": 1}","{""community-independent"": ""N2""}",wordmaster,community-independent,1,lexical,counter for questions,fully-absent,,,,,,,no
～夜,～や,N2,"{""N2"": 1}","{""community-independent"": ""N2""}",wordmaster,community-independent,1,lexical,counter for nights,fully-absent,,,,,,,no
～屋,～や,N5,"{""N5"": 1}","{""community-independent"": ""N5""}",wordmaster,community-independent,1,lexical,~ shop,fully-absent,,,,,,,no
～薬,～やく,N1,"{""N1"": 1}","{""community-independent"": ""N1""}",wordmaster,community-independent,1,lexical,medicine,fully-absent,,,,,,,no
～やすい,～やすい,N4,"{""N4"": 1}","{""community-independent"": ""N4""}",wordmaster,community-independent,1,lexical,容易～,fully-absent,,,,,,,no
～油,～ゆ,N1,"{""N1"": 1}","{""community-independent"": ""N1""}",wordmaster,community-independent,1,lexical,~ oil,fully-absent,,,,,,,no
～寄り,～より,N1,"{""N1"": 1}","{""community-independent"": ""N1""}",wordmaster,community-independent,1,lexical,"near to ~ (e.g., North by East)",fully-absent,,,,,,,no
～流,～りゅう,N2,"{""N2"": 1}","{""community-independent"": ""N2""}",wordmaster,community-independent,1,lexical,"fashion, manner, way",fully-absent,,,,,,,no
～料,～りょう,N2,"{""N2"": 1}","{""community-independent"": ""N2""}",wordmaster,community-independent,1,lexical,"fare, charge",fully-absent,,,,,,,no
～領,～りょう,N2,"{""N2"": 1}","{""community-independent"": ""N2""}",wordmaster,community-independent,1,lexical,territory,fully-absent,,,,,,,no
～力,～りょく,N2,"{""N2"": 1}","{""community-independent"": ""N2""}",wordmaster,community-independent,1,lexical,power of ~,fully-absent,,,,,,,no
～論,～ろん,N2,"{""N2"": 1}","{""community-independent"": ""N2""}",wordmaster,community-independent,1,lexical,theory,fully-absent,,,,,,,no
～羽,～わ,N2,"{""N2"": 1}","{""community-independent"": ""N2""}",wordmaster,community-independent,1,lexical,counter for rabbits; birds,fully-absent,,,,,,,no
～割,～わり,N1,"{""N1"": 1}","{""community-independent"": ""N1""}",wordmaster,community-independent,1,lexical,~ percent,fully-absent,,,,,,,no
～増し,～増し,N1,"{""N1"": 1}","{""community-independent"": ""N1""}",wordmaster,community-independent,1,lexical,~increase,fully-absent,,,,,,,no
〜 (まる) ごと,〜 (まる) ごと,N2,"{""N2"": 1}","{""community-independent"": ""N2""}",wordmaster,community-independent,1,lexical,整个～，全部的～,fully-absent,,,,,,,no
嗚呼,ああ,N1,"{""N1"": 1}","{""waller-derived"": ""N1""}",openjlpt|waller,waller-derived,1,lexical,Ah!; Oh!; Alas!,same-reading-different-writing|same-jmdict-entry,ああ,,ああ,ああ,N5,あ〜|あ〜あ|あ〜っ|あぁ|ああ|ああぁ|ああっ|ああー|あー|あーっ|アァ|アア|アー|吁|嗚呼|嗟|嗟乎|噫|於乎|於戯,yes
あいかわらず,あいかわらず,N2,"{""N2"": 1}","{""waller-derived"": ""N2""}",waller,waller-derived,1,kana/loanword,"as ever,as usual,the same",same-reading-different-writing|same-jmdict-entry,相変わらず,,相変わらず,あいかわらず,N3,あいかわらず|あい変らず|あい変わらず|相かわらず|相不変|相変らず|相変わらず,yes
あいさつ,あいさつ,N4,"{""N4"": 1}","{""waller-derived"": ""N4""}",waller,waller-derived,1,kana/loanword,to greet,same-reading-different-writing|same-jmdict-entry,挨拶,,挨拶,あいさつ,N4,あいさつ|挨拶,yes
愛想,あいそう,N1,"{""N1"": 1}","{""community-independent"": ""N1""}",wordmaster,community-independent,1,lexical,和蔼,same-writing-different-reading|same-jmdict-entry,,あいそ,愛想,あいそ,N1,あいそ|あいそう|愛想,yes
アイデア; アイディア,アイデア; アイディア,N2,"{""N2"": 1}","{""community-independent"": ""N2""}",wordmaster,community-independent,1,lexical,idea,fully-absent,,,,,,,no
アイディア,アイディア,N2,"{""N2"": 1}","{""waller-derived"": ""N2""}",waller,waller-derived,1,kana/loanword,idea,same-jmdict-entry,,,アイデア,アイデア,N4,アィディア|アイデア|アイディア,yes
愛憎,あいにく,N1,"{""N1"": 1}","{""waller-derived"": ""N1""}",openjlpt,waller-derived,1,lexical,likes and dislikes,same-reading-different-writing|same-writing-different-reading,あいにく|生憎,あいぞう,,,,,no
あいまい,あいまい,N2,"{""N2"": 1}","{""community-independent"": ""N2""}",wordmaster,community-independent,1,kana/loanword,"vague, ambiguous",same-reading-different-writing|same-jmdict-entry,曖昧,,曖昧,あいまい,N2,あいまい|あい昧|曖昧,yes
敢えて,あえて,N1,"{""N1"": 2}","{""community-independent"": ""N1"", ""waller-derived"": ""N1""}",openjlpt|waller|wordmaster,community-independent|waller-derived,2,lexical,dare (to do); challenge (to do),same-reading-different-writing|same-jmdict-entry,あえて,,あえて,あえて,N2,あえて|敢えて|敢て,yes
亜科,あか,N1,"{""N1"": 1}","{""waller-derived"": ""N1""}",openjlpt|waller,waller-derived,1,lexical,suborder; subfamily,same-reading-different-writing,垢|赤,,,,,,yes
銅,あかがね,N1,"{""N1"": 1}","{""waller-derived"": ""N1""}",openjlpt|waller,waller-derived,1,lexical,copper,same-writing-different-reading|same-jmdict-entry,,どう,どう|銅,どう,N1|N5,あか|あかがね|どう|赤金|銅,yes
あかちゃん,あかちゃん,N4,"{""N4"": 1}","{""waller-derived"": ""N4""}",waller,waller-derived,1,kana/loanword,infant,same-reading-different-writing|same-jmdict-entry,赤ちゃん,,赤ちゃん,あかちゃん,N3,あかちゃん|赤ちゃん,yes
明白,あからさま,N1,"{""N1"": 1}","{""waller-derived"": ""N1""}",openjlpt|waller,waller-derived,1,lexical,obvious; overt; plainly,same-reading-different-writing|same-writing-different-reading|same-jmdict-entry,あからさま,めいはく,あからさま,あからさま,N1,あからさま|偸閑|明白|白地,yes
明い,あかるい,N5,"{""N5"": 1}","{""waller-derived"": ""N5""}",openjlpt|waller,waller-derived,1,lexical,bright,same-reading-different-writing|same-jmdict-entry,明るい,,明るい,あかるい,N5,あかるい|明い|明るい,yes
あかんぼう,あかんぼう,N2,"{""N2"": 1}","{""waller-derived"": ""N2""}",waller,waller-derived,1,kana/loanword,baby,same-reading-different-writing|same-jmdict-entry,赤ん坊,,赤ん坊,あかんぼう,N4,あかんぼ|あかんぼう|赤んぼ|赤んぼう|赤ん坊,yes
上る,あがる,N4,"{""N4"": 1}","{""waller-derived"": ""N4""}",openjlpt|waller,waller-derived,1,lexical,to rise,same-reading-different-writing|same-writing-different-reading|same-jmdict-entry,上がる|挙がる,のぼる,上がる,あがる,N5,あがる|アガる|上がる|上る|上ル|騰がる,yes
明き,あき,N2,"{""N2"": 1}","{""waller-derived"": ""N2""}",openjlpt|waller,waller-derived,1,lexical,room; time to spare; emptiness,same-reading-different-writing|same-jmdict-entry,安芸|秋|空き|飽き,,空き,あき,N3,あき|明き|空き,yes
商人,あきうど,N1,"{""N1"": 1}","{""waller-derived"": ""N1""}",openjlpt|waller,waller-derived,1,lexical,trader; shopkeeper; merchant,same-writing-different-reading|same-jmdict-entry,,しょうにん,商人,しょうにん,N1,あきうど|あきびと|あきゅうど|あきんど|しょうにん|商人,yes
空間,あきま,N1,"{""N1"": 1}","{""waller-derived"": ""N1""}",openjlpt|waller,waller-derived,1,lexical,vacancy; room for rent or lease,same-reading-different-writing|same-writing-different-reading|same-jmdict-entry,空き間,くうかん,空き間,あきま,N1,あきま|明き間|空き間|空間,yes
灰,あく,N1,"{""N1"": 1}","{""waller-derived"": ""N1""}",openjlpt,waller-derived,1,lexical,puckery juice,same-reading-different-writing|same-writing-different-reading,悪|空く|開く,はい,,,,,no
灰汁,あく,N1,"{""N1"": 1}","{""waller-derived"": ""N1""}",waller,waller-derived,1,lexical,puckery juice,same-reading-different-writing,悪|空く|開く,,,,,,yes
悪日,あくび,N1,"{""N1"": 1}","{""waller-derived"": ""N1""}",openjlpt|waller,waller-derived,1,lexical,unlucky day,same-reading-different-writing|same-writing-different-reading|same-jmdict-entry,あくび|欠伸,あくにち,あくび|悪日,あくにち|あくび,N1|N3,あくにち|あくび|悪日,yes
飽くまで,あくまで,N2,"{""N2"": 2}","{""community-independent"": ""N2"", ""waller-derived"": ""N2""}",openjlpt|waller|wordmaster,community-independent|waller-derived,2,lexical,to the end; to the last; stubbornly,same-reading-different-writing|same-jmdict-entry,あくまで,,あくまで,あくまで,N2,あくまで|飽くまで|飽く迄,yes
明くる～,あくる～,N2,"{""N2"": 1}","{""community-independent"": ""N2""}",wordmaster,community-independent,1,lexical,"next, following",fully-absent,,,,,,,no
朝御飯,あさごはん,N5,"{""N5"": 2}","{""community-independent"": ""N5"", ""waller-derived"": ""N5""}",openjlpt|waller|wordmaster,community-independent|waller-derived,2,lexical,breakfast,same-reading-different-writing|same-jmdict-entry,朝ごはん|朝ご飯,,朝ごはん|朝ご飯,あさごはん,N5,あさごはん|朝ごはん|朝ご飯|朝御飯,yes
あざ,あざ,N1,"{""N1"": 1}","{""community-independent"": ""N1""}",wordmaster,community-independent,1,kana/loanword,"痣, 瘀伤",same-reading-different-writing|same-jmdict-entry,字|痣,,字|痣,あざ,N1|N4,あざ|アザ|字|痣|黶,yes
足; 脚,あし,N5,"{""N5"": 1}","{""community-independent"": ""N5""}",wordmaster,community-independent,1,lexical,脚,same-reading-different-writing,脚|葦|足,,,,,,no
あせる (こえが～),あせる (こえが～),N1,"{""N1"": 1}","{""community-independent"": ""N1""}",wordmaster,community-independent,1,lexical,褪色,fully-absent,,,,,,,no
彼処,あそこ,N1,"{""N1"": 1}","{""waller-derived"": ""N1""}",openjlpt|waller,waller-derived,1,lexical,1.  (uk) there; over there; that place,same-reading-different-writing|same-jmdict-entry,あそこ,,あそこ,あそこ,N5,あこ|あしこ|あすこ|あそこ|かしこ|アソコ|彼処|彼所,yes
暖かい,あたたか(い),N3,"{""N3"": 1}","{""waller-derived"": ""N3""}",openjlpt,waller-derived,1,lexical,warm; mild,same-writing-different-reading,,あたたかい,,,,,no
暖まる,あたたまる,N3,"{""N2"": 1, ""N3"": 1}","{""community-independent"": ""N3"", ""waller-derived"": ""N2""}",openjlpt|waller|wordmaster,community-independent|waller-derived,2,lexical,to warm up; to get warm,same-reading-different-writing|same-jmdict-entry,温まる,,温まる,あたたまる,N2,あたたまる|あったまる|ぬくまる|暖まる|温まる,yes
当り,あたり,N3,"{""N3"": 1}","{""community-independent"": ""N3""}",wordmaster,community-independent,1,lexical,命中,same-reading-different-writing|same-jmdict-entry,当たり|辺り,,当たり,あたり,N3,あたり|アタリ|中たり|中り|当たり|当り|魚信,yes
あたりまえ,あたりまえ,N2,"{""N2"": 1}","{""waller-derived"": ""N2""}",waller,waller-derived,1,kana/loanword,"usual,common,ordinary",same-reading-different-writing|same-jmdict-entry,当たり前,,当たり前,あたりまえ,N4,あたりまえ|あたりめえ|あたりめー|あたり前|あったりめー|当たりめー|当たり前|当りまえ|当り前,yes
他人,あだびと,N1,"{""N1"": 1}","{""waller-derived"": ""N1""}",openjlpt|waller,waller-derived,1,lexical,another person; unrelated person; outsider,same-writing-different-reading|same-jmdict-entry,,たにん,他人,たにん,N4,あだびと|たにん|ひと|他人,yes
彼方此方,あちこち,N1,"{""N1"": 1}","{""waller-derived"": ""N1""}",openjlpt|waller,waller-derived,1,lexical,here and there,same-reading-different-writing|same-jmdict-entry,あちこち,,あちこち|あちらこちら|あっちこっち,あちこち|あちらこちら|あっちこっち,N3,あちこち|あちらこちら|あっちこっち|アチコチ|彼方此方,yes
彼方,あちら,N1,"{""N1"": 1}","{""waller-derived"": ""N1""}",openjlpt|waller,waller-derived,1,lexical,1.  there; yonder; that,same-reading-different-writing|same-writing-different-reading|same-jmdict-entry,あちら,かなた,あちら|あっち,あちら|あっち,N5,あち|あちら|あっち|彼方,yes
彼方此方,あちらこちら,N1,"{""N1"": 1}","{""waller-derived"": ""N1""}",waller,waller-derived,1,lexical,here and there,same-reading-different-writing|same-jmdict-entry,あちらこちら,,あちこち|あちらこちら|あっちこっち,あちこち|あちらこちら|あっちこっち,N3,あちこち|あちらこちら|あっちこっち|アチコチ|彼方此方,yes
悪口,あっこう,N1,"{""N1"": 1}","{""waller-derived"": ""N1""}",openjlpt|waller,waller-derived,1,lexical,abuse; insult; slander,same-writing-different-reading,,わるくち|わるぐち,,,,,yes
集る,あつまる,N4,"{""N4"": 1}","{""waller-derived"": ""N4""}",openjlpt|waller,waller-derived,1,lexical,to gather,same-reading-different-writing|same-writing-different-reading|same-jmdict-entry,集まる,たかる,集まる,あつまる,N4,あつまる|集まる|集る,yes
あつらえる,あつらえる,N1,"{""N1"": 1}","{""community-independent"": ""N1""}",wordmaster,community-independent,1,kana/loanword,"to give an order, to place an order",same-reading-different-writing|same-jmdict-entry,誂える,,誂える,あつらえる,N1,あつらえる|誂える,yes
宛,あて,N1,"{""N1"": 1}","{""waller-derived"": ""N1""}",openjlpt|waller,waller-derived,1,lexical,addressed to,same-reading-different-writing|same-jmdict-entry,当て,,当て,あて,N1,あて|宛|宛て|当て,yes
あてはまる,あてはまる,N2,"{""N2"": 1}","{""waller-derived"": ""N2""}",waller,waller-derived,1,kana/loanword,"to be applicable,to come under (a category),to fulfill",same-reading-different-writing|same-jmdict-entry,当てはまる|当て嵌まる,,当てはまる|当て嵌まる,あてはまる,N1|N2,あてはまる|当てはまる|当て嵌まる,yes
あてはめる,あてはめる,N2,"{""N2"": 1}","{""waller-derived"": ""N2""}",waller,waller-derived,1,kana/loanword,"to apply,to adapt",same-reading-different-writing|same-jmdict-entry,当てはめる,,当てはめる,あてはめる,N1,あてはめる|当てはめる|当て嵌める,yes
貴女,あなた,N1,"{""N1"": 1}","{""waller-derived"": ""N1""}",openjlpt|waller,waller-derived,1,lexical,you; lady,same-reading-different-writing|same-jmdict-entry,あなた|貴方,,あなた|貴方,あなた,N5,あなた|貴女|貴方|貴男,yes
彼の,あの,N1,"{""N1"": 1}","{""waller-derived"": ""N1""}",openjlpt|waller,waller-derived,1,lexical,that over there,same-reading-different-writing|same-jmdict-entry,あの,,あの,あの,N5,あの|あん|彼の,yes
あびる,あびる,N5,"{""N5"": 1}","{""waller-derived"": ""N5""}",waller,waller-derived,1,kana/loanword,"to bathe, to shower",same-reading-different-writing|same-jmdict-entry,浴びる,,浴びる,あびる,N5,あびる|浴びる,yes
あぶる,あぶる,N2,"{""N2"": 2}","{""community-independent"": ""N2"", ""waller-derived"": ""N2""}",waller|wordmaster,community-independent|waller-derived,2,kana/loanword,to scorch,same-reading-different-writing|same-jmdict-entry,炙る,,炙る,あぶる,N2,あぶる|炙る|烘る|焙る,yes
天,あまつ,N1,"{""N1"": 1}","{""waller-derived"": ""N1""}",openjlpt,waller-derived,1,lexical,heavenly; imperial,same-writing-different-reading,,てん,,,,,no
天津,あまつ,N1,"{""N1"": 1}","{""waller-derived"": ""N1""}",waller,waller-derived,1,lexical,"heavenly, imperial",same-writing-different-reading,,てんしん,,,,,yes
編物,あみもの,N2,"{""N2"": 1}","{""waller-derived"": ""N2""}",openjlpt|waller,waller-derived,1,lexical,knitting; web,same-reading-different-writing|same-jmdict-entry,編み物,,編み物,あみもの,N1,あみもの|編みもの|編み物|編もの|編物,yes
天地,あめつち,N1,"{""N1"": 1}","{""waller-derived"": ""N1""}",openjlpt|waller,waller-derived,1,lexical,heaven and earth; the universe; nature,same-writing-different-reading|same-jmdict-entry,,てんち,天地,てんち,N1,あめつち|てんち|天地,yes
凡ゆる,あらゆる,N1,"{""N1"": 1}","{""waller-derived"": ""N1""}",openjlpt|waller,waller-derived,1,lexical,all; every,same-reading-different-writing|same-jmdict-entry,あらゆる,,あらゆる,あらゆる,N3,あらゆる|凡ゆる|有らゆる|汎ゆる,yes
現われ,あらわれ,N1,"{""N1"": 1}","{""waller-derived"": ""N1""}",openjlpt|waller,waller-derived,1,lexical,embodiment; materialization,same-reading-different-writing|same-jmdict-entry,現れ,,現れ,あらわれ,N3,あらわれ|現れ|現われ|表れ|表われ|顕れ,yes
現われる,あらわれる,N1,"{""N1"": 1}","{""waller-derived"": ""N1""}",openjlpt|waller,waller-derived,1,lexical,to appear; to come in sight; to become visible,same-reading-different-writing|same-jmdict-entry,現れる|表れる,,現れる|表れる,あらわれる,N2|N3,あらわれる|現れる|現われる|表れる|表われる|顕れる|顕われる,yes
有り様,ありさま,N1,"{""N1"": 1}","{""community-independent"": ""N1""}",wordmaster,community-independent,1,lexical,"state, condition",same-reading-different-writing|same-jmdict-entry,有様,,ありよう|有様,ありさま|ありよう,N1,ありさま|ありよう|あり様|有りさま|有り様|有様,yes
有りのまま,ありのまま,N1,"{""N1"": 1}","{""waller-derived"": ""N1""}",openjlpt|waller,waller-derived,1,lexical,the truth; fact; as it is,same-reading-different-writing|same-jmdict-entry,ありのまま,,ありのまま,ありのまま,N2,ありのまま|在りのまま|在りの儘|有りのまま|有りの侭|有りの儘,yes
在る,ある,N5,"{""N2"": 1, ""N5"": 1}","{""community-independent"": ""N5"", ""waller-derived"": ""N2""}",openjlpt|waller|wordmaster,community-independent|waller-derived,2,lexical,to live; to be,same-reading-different-writing|same-jmdict-entry,ある|或|或る|有る,,ある|有る,ある,N5,ある|在る|有る,yes
在る; 有る,ある,N3,"{""N3"": 1}","{""community-independent"": ""N3""}",wordmaster,community-independent,1,lexical,存在,same-reading-different-writing,ある|或|或る|有る,,,,,,no
亜爾加里,アルカリ,N1,"{""N1"": 1}","{""waller-derived"": ""N1""}",waller,waller-derived,1,lexical,alkali,same-reading-different-writing|same-jmdict-entry,アルカリ,,アルカリ,アルカリ,N1,アルカリ|亜爾加里,yes
彼此,あれこれ,N1,"{""N1"": 1}","{""waller-derived"": ""N1""}",openjlpt|waller,waller-derived,1,lexical,one thing or another; this and that; this or that,same-reading-different-writing|same-jmdict-entry,あれこれ,,あれこれ|かれこれ,あれこれ|かれこれ,N1|N3,あれこれ|かれこれ|ひし|アレコレ|彼是|彼此,yes
あわてる,あわてる,N2,"{""N2"": 1}","{""waller-derived"": ""N2""}",waller,waller-derived,1,kana/loanword,to become confused,same-reading-different-writing|same-jmdict-entry,慌てる,,慌てる,あわてる,N3,あわてる|周章てる|慌てる,yes
アワー,アワー,N1,"{""N1"": 2}","{""community-independent"": ""N1"", ""waller-derived"": ""N1""}",waller|wordmaster,community-independent|waller-derived,2,kana/loanword,hour,fully-absent,,,,,,,yes
案内,あんないする,N4,"{""N4"": 2}","{""community-independent"": ""N4"", ""waller-derived"": ""N4""}",openjlpt|wordmaster,community-independent|waller-derived,2,lexical,to guide,same-writing-different-reading,,あんない,,,,,no
余り,あんまり,N1,"{""N1"": 1}","{""waller-derived"": ""N1""}",openjlpt|waller,waller-derived,1,lexical,not very (this form only used as adverb); not much; remainder,same-reading-different-writing|same-writing-different-reading|same-jmdict-entry,あんまり,あまり,あまり|あんまり|余り,あまり|あんまり,N3|N5,あまり|あんまり|余り|剰り|餘り,yes
依,い,N1,"{""N1"": 1}","{""waller-derived"": ""N1""}",openjlpt|waller,waller-derived,1,lexical,depending on,same-reading-different-writing,亥|伊|位|胃,,,,,,no
意,い,N3,"{""N3"": 1}","{""community-independent"": ""N3""}",wordmaster,community-independent,1,lexical,will,same-reading-different-writing,亥|伊|位|胃,,,,,,no
異,い,N3,"{""N3"": 1}","{""community-independent"": ""N3""}",wordmaster,community-independent,1,lexical,objection,same-reading-different-writing,亥|伊|位|胃,,,,,,no
いい; よい,いい; よい,N5,"{""N5"": 1}","{""community-independent"": ""N5""}",wordmaster,community-independent,1,lexical,好,fully-absent,,,,,,,no
伊井,いい,N1,"{""N1"": 1}","{""waller-derived"": ""N1""}",openjlpt,waller-derived,1,lexical,that one; Italy,same-reading-different-writing,いい,,,,,,no
良い,いい,N1,"{""N1"": 1}","{""waller-derived"": ""N1""}",openjlpt,waller-derived,1,lexical,good,same-reading-different-writing|same-writing-different-reading,いい,よい,,,,,no
否,いいえ,N1,"{""N1"": 1}","{""waller-derived"": ""N1""}",openjlpt,waller-derived,1,lexical,no; nay; yes,same-reading-different-writing|same-writing-different-reading,いいえ,いや,,,,,no
イェス,イェス,N1,"{""N1"": 1}","{""community-independent"": ""N1""}",wordmaster,community-independent,1,kana/loanword,是；耶稣,fully-absent,,,,,,,no
いえ,いえ,N3,"{""N3"": 1}","{""waller-derived"": ""N3""}",openjlpt|waller,waller-derived,1,kana/loanword,TODO same as いいえ?,same-reading-different-writing|same-jmdict-entry,家,,いいえ|家,いいえ|いえ,N5,いいえ|いえ|家,yes
家主,いえぬし,N1,"{""N1"": 1}","{""waller-derived"": ""N1""}",openjlpt|waller,waller-derived,1,lexical,landlord,fully-absent,,,,,,,yes
雷,いかずち,N1,"{""N1"": 1}","{""waller-derived"": ""N1""}",openjlpt|waller,waller-derived,1,lexical,thunder,same-writing-different-reading,,かみなり,,,,,no
歪む,いがむ,N1,"{""N1"": 1}","{""waller-derived"": ""N1""}",openjlpt|waller,waller-derived,1,lexical,to warp; to swerve; to deflect,same-writing-different-reading|same-jmdict-entry,,ひずむ|ゆがむ,ゆがむ|歪む,ゆがむ,N1,いがむ|ゆがむ|歪む,yes
行き,いき,N3,"{""N3"": 2}","{""community-independent"": ""N3"", ""waller-derived"": ""N3""}",openjlpt|waller|wordmaster,community-independent|waller-derived,2,lexical,going,same-reading-different-writing|same-writing-different-reading|same-jmdict-entry,域|息|意気|生き|粋|遺棄,ゆき,行き,ゆき,N3,いき|ゆき|往き|行き,yes
域外,いきがい,N1,"{""N1"": 1}","{""waller-derived"": ""N1""}",openjlpt|waller,waller-derived,1,lexical,outside the area,same-reading-different-writing,生きがい,,,,,,yes
生き甲斐,いきがい,N1,"{""N1"": 1}","{""community-independent"": ""N1""}",wordmaster,community-independent,1,lexical,"something one lives for, very important",same-reading-different-writing|same-jmdict-entry,生きがい,,生きがい,いきがい,N2,いきがい|生きがい|生き甲斐|生甲斐,yes
行き成り,いきなり,N1,"{""N1"": 1}","{""waller-derived"": ""N1""}",openjlpt|waller,waller-derived,1,lexical,suddenly,same-reading-different-writing|same-jmdict-entry,いきなり,,いきなり,いきなり,N2,いきなり|いっきなり|ゆきなり|行きなり|行き成|行き成り|行成|行成り,yes
行く,いく; ゆく,N5,"{""N5"": 1}","{""community-independent"": ""N5""}",wordmaster,community-independent,1,lexical,去,same-writing-different-reading,,いく,,,,,no
幾～,いく～,N2,"{""N2"": 1}","{""community-independent"": ""N2""}",wordmaster,community-independent,1,lexical,several ~,fully-absent,,,,,,,no
軍,いくさ,N1,"{""N1"": 1}","{""waller-derived"": ""N1""}",openjlpt|waller,waller-derived,1,lexical,war; battle; campaign,same-reading-different-writing|same-writing-different-reading|same-jmdict-entry,戦,ぐん,戦,いくさ,N1,いくさ|兵|戦|軍,yes
いくら～ても,いくら～ても,N4,"{""N4"": 1}","{""community-independent"": ""N4""}",wordmaster,community-independent,1,lexical,无论多么～也,fully-absent,,,,,,,no
いけない,いけない,N3,"{""N3"": 2}","{""community-independent"": ""N3"", ""waller-derived"": ""N3""}",waller|wordmaster,community-independent|waller-derived,2,kana/loanword,"must not do,bad,wrong,not good",fully-absent,,,,,,,yes
活ける,いける,N1,"{""N1"": 1}","{""waller-derived"": ""N1""}",openjlpt|waller,waller-derived,1,lexical,to arrange (flowers),same-reading-different-writing|same-jmdict-entry,生ける|行ける,,生ける,いける,N1,いける|活ける|生ける,yes
碑,いしぶみ,N1,"{""N1"": 1}","{""waller-derived"": ""N1""}",openjlpt|waller,waller-derived,1,lexical,stone monument bearing an inscription,fully-absent,,,,,,,yes
いただきます,いただきます,N3,"{""N3"": 2}","{""community-independent"": ""N3"", ""waller-derived"": ""N3""}",waller|wordmaster,community-independent|waller-derived,2,fixed-expression/conjugated,expression of gratitude before meals,fully-absent,,,,,,,yes
戴きます,いただきます,N1,"{""N1"": 1}","{""waller-derived"": ""N1""}",openjlpt|waller,waller-derived,1,fixed-expression/conjugated,expression of gratitude before meals,fully-absent,,,,,,,yes
いたって,いたって,N1,"{""N1"": 1}","{""community-independent"": ""N1""}",wordmaster,community-independent,1,kana/loanword,"very much, exceedingly, extremely",same-reading-different-writing|same-jmdict-entry,至って,,至って,いたって,N2,いたって|至って,yes
位地,いち,N1,"{""N1"": 1}","{""waller-derived"": ""N1""}",openjlpt|waller,waller-derived,1,lexical,place; situation; position,same-reading-different-writing|same-jmdict-entry,一|位置|市,,位置,いち,N4,いち|位地|位置,yes
一言,いちげん,N1,"{""N1"": 1}","{""waller-derived"": ""N1""}",openjlpt|waller,waller-derived,1,lexical,single word,same-reading-different-writing|same-writing-different-reading|same-jmdict-entry,一見,ひとこと,ひと言|一言,ひとこと,N1|N2,いちげん|いちごん|ひとこと|ひと言|一言,yes
一日,いちじつ,N1,"{""N1"": 1}","{""waller-derived"": ""N1""}",openjlpt|waller,waller-derived,1,lexical,(1) one day; (2) first of month,same-writing-different-reading|same-jmdict-entry,,いちにち|ついたち,一日,いちにち,N5,いちじつ|いちにち|一日|１日,yes
一定,いちじょう,N1,"{""N1"": 1}","{""waller-derived"": ""N1""}",openjlpt|waller,waller-derived,1,lexical,fixed; settled; definite,same-reading-different-writing|same-writing-different-reading,一条,いってい,,,,,yes
一人,いちにん,N1,"{""N1"": 1}","{""waller-derived"": ""N1""}",openjlpt|waller,waller-derived,1,lexical,one person,same-reading-different-writing|same-writing-different-reading|same-jmdict-entry,一任,ひとり,一人|独り,ひとり,N1|N5,いちにん|ひとり|一人|独り|１人,yes
いちばん,いちばん,N5,"{""N5"": 1}","{""waller-derived"": ""N5""}",waller,waller-derived,1,kana/loanword,"best, first",same-reading-different-writing|same-jmdict-entry,一番,,一番,いちばん,N5,いちばん|一番|１番,yes
一斉,いっせい,N2,"{""N2"": 2}","{""community-independent"": ""N2"", ""waller-derived"": ""N2""}",openjlpt|waller|wordmaster,community-independent|waller-derived,2,lexical,simultaneous; all at once,fully-absent,,,,,,,yes
行っていらっしゃい,いっていらっしゃい,N2,"{""N2"": 1}","{""community-independent"": ""N2""}",wordmaster,community-independent,1,lexical,"have a nice day, see you",fully-absent,,,,,,,no
いってきます,いってきます,N2,"{""N2"": 1}","{""community-independent"": ""N2""}",wordmaster,community-independent,1,fixed-expression/conjugated,"(Lit.) I'll go and come back, 'I'm going, see you later'",fully-absent,,,,,,,yes
いってまいります,いってまいります,N2,"{""N2"": 2}","{""community-independent"": ""N2"", ""waller-derived"": ""N2""}",waller|wordmaster,community-independent|waller-derived,2,fixed-expression/conjugated,"(Lit.) I'll go and come back, 'I'm going, see you later'",fully-absent,,,,,,,yes
いってらっしゃい,いってらっしゃい,N2,"{""N2"": 1}","{""waller-derived"": ""N2""}",waller,waller-derived,1,kana/loanword,,fully-absent,,,,,,,yes
行ってらっしゃい,いってらっしゃい,N2,"{""N2"": 1}","{""community-independent"": ""N2""}",wordmaster,community-independent,1,lexical,"have a nice day, see you",fully-absent,,,,,,,yes
何時,いつ,N5,"{""N5"": 1}","{""waller-derived"": ""N5""}",openjlpt|waller,waller-derived,1,lexical,when; how soon,same-reading-different-writing|same-writing-different-reading|same-jmdict-entry,いつ|佚,なんじ,いつ,いつ,N5,いつ|何時,yes
いつのまにか,いつのまにか,N3,"{""N2"": 1, ""N3"": 1}","{""community-independent"": ""N3"", ""waller-derived"": ""N2""}",waller|wordmaster,community-independent|waller-derived,2,kana/loanword,"before one knows,unnoticed,unawares",same-reading-different-writing|same-jmdict-entry,いつの間にか,,いつの間にか,いつのまにか,N3,いつのまにか|いつの間にか|何時の間にか,yes
何時の間にか,いつのまにか,N1,"{""N1"": 1}","{""waller-derived"": ""N1""}",openjlpt|waller,waller-derived,1,lexical,before one knows; unnoticed; unawares,same-reading-different-writing|same-jmdict-entry,いつの間にか,,いつの間にか,いつのまにか,N3,いつのまにか|いつの間にか|何時の間にか,yes
厭々,いやいや,N1,"{""N1"": 1}","{""waller-derived"": ""N1""}",openjlpt|waller,waller-derived,1,lexical,unwillingly; grudgingly; shaking head in refusal (to children),same-reading-different-writing|same-jmdict-entry,いやいや|否々|嫌々,,いやいや|嫌々,いやいや,N1|N2,いやいや|イヤイヤ|厭々|厭厭|嫌々|嫌嫌,yes
いやらしい,いやらしい,N1,"{""N1"": 1}","{""community-independent"": ""N1""}",wordmaster,community-independent,1,kana/loanword,"unpleasant, disgusting, indecent",same-reading-different-writing|same-jmdict-entry,嫌らしい,,嫌らしい,いやらしい,N1,いやらしい|やらしい|厭らしい|嫌らしい,yes
厭やらしい,いやらしい,N1,"{""N1"": 1}","{""waller-derived"": ""N1""}",openjlpt,waller-derived,1,lexical,detestable; disagreeable,same-reading-different-writing,嫌らしい,,,,,,no
厭らしい,いやらしい,N1,"{""N1"": 1}","{""waller-derived"": ""N1""}",waller,waller-derived,1,lexical,"detestable, disagreeable",same-reading-different-writing|same-jmdict-entry,嫌らしい,,嫌らしい,いやらしい,N1,いやらしい|やらしい|厭らしい|嫌らしい,yes
愈々,いよいよ,N1,"{""N1"": 1}","{""waller-derived"": ""N1""}",openjlpt|waller,waller-derived,1,lexical,more and more; all the more; increasingly,same-reading-different-writing|same-jmdict-entry,いよいよ,,いよいよ,いよいよ,N2,いよいよ|弥々|弥弥|愈|愈々|愈愈,yes
いらっしゃい,いらっしゃい,N3,"{""N3"": 2}","{""community-independent"": ""N3"", ""waller-derived"": ""N3""}",waller|wordmaster,community-independent|waller-derived,2,kana/loanword,welcome,fully-absent,,,,,,,yes
入口,いりくち,N1,"{""N1"": 1}","{""waller-derived"": ""N1""}",openjlpt|waller,waller-derived,1,lexical,entrance; gate; approach,same-jmdict-entry,,,入り口,いりぐち,N4,いりくち|いりぐち|はいりくち|はいりぐち|入り口|入口|這入口,yes
入口,いりぐち,N5,"{""N5"": 2}","{""community-independent"": ""N5"", ""waller-derived"": ""N5""}",openjlpt|waller|wordmaster,community-independent|waller-derived,2,lexical,entrance,same-reading-different-writing|same-jmdict-entry,入り口,,入り口,いりぐち,N4,いりくち|いりぐち|はいりくち|はいりぐち|入り口|入口|這入口,yes
居る,いる,N5,"{""N5"": 2}","{""community-independent"": ""N5"", ""waller-derived"": ""N5""}",openjlpt|waller|wordmaster,community-independent|waller-derived,2,lexical,to be; to have (used for people and animals),same-reading-different-writing|same-jmdict-entry,いる|入る|射る|炒る|要る|鋳る,,いる,いる,N5,いる|居る,yes
煎る,いる,N2,"{""N2"": 2}","{""community-independent"": ""N2"", ""waller-derived"": ""N2""}",openjlpt|waller|wordmaster,community-independent|waller-derived,2,lexical,to parch; to fry,same-reading-different-writing|same-jmdict-entry,いる|入る|射る|炒る|要る|鋳る,,いる|炒る,いる,N2|N5,いる|炒る|煎る|熬る,yes
員,いん,N1,"{""N1"": 1}","{""waller-derived"": ""N1""}",openjlpt|waller,waller-derived,1,lexical,member,same-reading-different-writing,印|韻,,,,,,yes
ウエートレス,ウエートレス,N2,"{""N2"": 2}","{""community-independent"": ""N2"", ""waller-derived"": ""N2""}",waller|wordmaster,community-independent|waller-derived,2,kana/loanword,waitress,same-jmdict-entry,,,ウェートレス,ウェートレス,N1,ウェイトレス|ウェートレス|ウエイトレス|ウエートレス,yes
魚,うお,N3,"{""N3"": 2}","{""community-independent"": ""N3"", ""waller-derived"": ""N3""}",openjlpt|waller|wordmaster,community-independent|waller-derived,2,lexical,fish,same-writing-different-reading|same-jmdict-entry,,さかな,魚,さかな,N5,うお|さかな|魚,yes
うかがう,うかがう,N4,"{""N4"": 1}","{""community-independent"": ""N4""}",wordmaster,community-independent,1,kana/loanword,拜访；请教,same-reading-different-writing|same-jmdict-entry,伺う,,伺う,うかがう,N3,うかがう|伺う,yes
浮ぶ,うかぶ,N2,"{""N2"": 2}","{""community-independent"": ""N2"", ""waller-derived"": ""N2""}",openjlpt|waller|wordmaster,community-independent|waller-derived,2,lexical,to float; to rise to surface; to come to mind,same-reading-different-writing|same-jmdict-entry,浮かぶ,,浮かぶ,うかぶ,N2,うかぶ|泛かぶ|泛ぶ|浮かぶ|浮ぶ,yes
含嗽,うがい,N1,"{""N1"": 1}","{""waller-derived"": ""N1""}",openjlpt|waller,waller-derived,1,lexical,gargle; rinse mouth,same-reading-different-writing|same-writing-different-reading|same-jmdict-entry,うがい|嗽,がんそう,うがい|含嗽,うがい|がんそう,N1|N3,うがい|がんそう|含嗽|含漱,yes
受取,うけとり,N2,"{""N2"": 2}","{""community-independent"": ""N2"", ""waller-derived"": ""N2""}",openjlpt|waller|wordmaster,community-independent|waller-derived,2,lexical,receipt,same-reading-different-writing|same-jmdict-entry,受け取り,,受け取り,うけとり,N3,うけとり|受け取|受け取り|受取|受取り|請け取り|請取|請取り,yes
受持ち,うけもち,N1,"{""N1"": 1}","{""community-independent"": ""N1""}",wordmaster,community-independent,1,lexical,负责,same-reading-different-writing|same-jmdict-entry,受け持ち,,受け持ち,うけもち,N2,うけもち|受け持ち|受持|受持ち,yes
潮,うしお,N1,"{""N1"": 1}","{""waller-derived"": ""N1""}",openjlpt|waller,waller-derived,1,lexical,tide,same-writing-different-reading,,しお,,,,,no
後,うしろ,N3,"{""N3"": 1}","{""waller-derived"": ""N3""}",openjlpt|waller,waller-derived,1,lexical,afterwards; since then; in the future,same-reading-different-writing|same-writing-different-reading|same-jmdict-entry,うしろ|後ろ,あと|ご|のち,うしろ|後ろ,うしろ,N1|N5,うしろ|後|後ろ,yes
埋まる,うずまる,N1,"{""N1"": 1}","{""waller-derived"": ""N1""}",openjlpt|waller,waller-derived,1,lexical,to be buried; to be surrounded; to overflow,same-writing-different-reading|same-jmdict-entry,,うまる,埋まる,うまる,N2,うずまる|うまる|埋まる,yes
うたた寝,うたたね,N1,"{""N1"": 1}","{""community-independent"": ""N1""}",wordmaster,community-independent,1,lexical,"dozing, napping",same-reading-different-writing,転寝,,,,,,no
打合せ,うちあわせ,N2,"{""N2"": 2}","{""community-independent"": ""N2"", ""waller-derived"": ""N2""}",openjlpt|waller|wordmaster,community-independent|waller-derived,2,lexical,business meeting; previous arrangement; appointment,same-reading-different-writing|same-jmdict-entry,打ち合わせ,,打ち合わせ,うちあわせ,N2,うちあわせ|うち合わせ|打ちあわせ|打ち合せ|打ち合わせ|打合せ|打合わせ,yes
空ろ,うつろ,N1,"{""N1"": 2}","{""community-independent"": ""N1"", ""waller-derived"": ""N1""}",openjlpt|waller|wordmaster,community-independent|waller-derived,2,lexical,blank; cavity; hollow,same-reading-different-writing|same-jmdict-entry,うつろ|虚ろ,,うつろ|虚ろ,うつろ,N1|N3,うつろ|洞|洞ろ|空ろ|虚ろ,yes
饂飩,うどん,N1,"{""N1"": 1}","{""waller-derived"": ""N1""}",openjlpt|waller,waller-derived,1,lexical,noodles (Japanese),same-reading-different-writing|same-jmdict-entry,うどん,,うどん,うどん,N2,うどん|うんどん|饂飩,yes
うなる,うなる,N3,"{""N3"": 2}","{""community-independent"": ""N3"", ""waller-derived"": ""N3""}",waller|wordmaster,community-independent|waller-derived,2,kana/loanword,"to groan,to moan",same-reading-different-writing|same-jmdict-entry,唸る,,唸る,うなる,N3,うなる|呻る|唸る,yes
うぬぼれ,うぬぼれ,N1,"{""N1"": 1}","{""community-independent"": ""N1""}",wordmaster,community-independent,1,kana/loanword,"pretension, conceit, hubris",fully-absent,,,,,,,yes
自惚れ,うぬぼれ,N1,"{""N1"": 1}","{""waller-derived"": ""N1""}",openjlpt|waller,waller-derived,1,lexical,pretension; conceit; hubris,fully-absent,,,,,,,yes
甘い,うまい,N1,"{""N1"": 1}","{""waller-derived"": ""N1""}",openjlpt|waller,waller-derived,1,lexical,delicious,same-reading-different-writing|same-writing-different-reading|same-jmdict-entry,うまい|上手い,あまい,うまい|上手い,うまい,N4,うまい|上手い|巧い|旨い|甘い|美い|美味い,yes
海路,うみじ,N1,"{""N1"": 1}","{""waller-derived"": ""N1""}",openjlpt|waller,waller-derived,1,lexical,sea route,same-writing-different-reading|same-jmdict-entry,,かいろ,海路,かいろ,N1,うなじ|うみじ|かいろ|海路,yes
産む,うむ,N3,"{""N1"": 1, ""N3"": 1}","{""community-independent"": ""N3"", ""waller-derived"": ""N1""}",openjlpt|waller|wordmaster,community-independent|waller-derived,2,lexical,to give birth; to deliver; to produce,same-reading-different-writing|same-jmdict-entry,有無|生む,,生む,うむ,N4,うむ|生む|産む,yes
梅干,うめぼし,N1,"{""N1"": 1}","{""waller-derived"": ""N1""}",openjlpt|waller,waller-derived,1,lexical,dried plum,same-reading-different-writing|same-jmdict-entry,梅干し,,梅干し,うめぼし,N1,うめぼし|梅干|梅干し,yes
末,うら,N1,"{""N1"": 1}","{""waller-derived"": ""N1""}",openjlpt|waller,waller-derived,1,lexical,top end; tip,same-reading-different-writing|same-writing-different-reading,裏,すえ|まつ,,,,,yes
売上,うりあげ,N2,"{""N2"": 2}","{""community-independent"": ""N2"", ""waller-derived"": ""N2""}",openjlpt|waller|wordmaster,community-independent|waller-derived,2,lexical,amount sold; proceeds,same-reading-different-writing|same-jmdict-entry,売り上げ,,売り上げ,うりあげ,N3,うりあげ|売り上|売り上げ|売上|売上げ,yes
売り出し,うりだし,N1,"{""N1"": 2}","{""community-independent"": ""N1"", ""waller-derived"": ""N1""}",openjlpt|waller|wordmaster,community-independent|waller-derived,2,lexical,(bargain) sale,fully-absent,,,,,,,yes
五月蝿い,うるさい,N1,"{""N1"": 1}","{""waller-derived"": ""N1""}",openjlpt|waller,waller-derived,1,lexical,noisy; loud; fussy,same-reading-different-writing|same-jmdict-entry,うるさい|煩い,,うるさい|煩い,うるさい,N5,うるさい|ウルサイ|五月蝿い|五月蠅い|煩い|煩さい,yes
売行き,うれゆき,N2,"{""N2"": 2}","{""community-independent"": ""N2"", ""waller-derived"": ""N2""}",openjlpt|waller|wordmaster,community-independent|waller-derived,2,lexical,sales,same-reading-different-writing|same-jmdict-entry,売れ行き,,売れ行き,うれゆき,N2,うれゆき|売れゆき|売れ行き|売行|売行き,yes
上～,うわ～,N2,"{""N2"": 1}","{""community-independent"": ""N2""}",wordmaster,community-independent,1,lexical,upper ~,fully-absent,,,,,,,no
運転,うんてんする,N4,"{""N4"": 2}","{""community-independent"": ""N4"", ""waller-derived"": ""N4""}",openjlpt|wordmaster,community-independent|waller-derived,2,lexical,to drive,same-writing-different-reading,,うんてん,,,,,no
うんと,うんと,N2,"{""N2"": 2}","{""community-independent"": ""N2"", ""waller-derived"": ""N2""}",waller|wordmaster,community-independent|waller-derived,2,kana/loanword,"a great deal,very much",fully-absent,,,,,,,yes
運動,うんどうする,N4,"{""N4"": 2}","{""community-independent"": ""N4"", ""waller-derived"": ""N4""}",openjlpt|wordmaster,community-independent|waller-derived,2,lexical,to exercise,same-writing-different-reading,,うんどう,,,,,no
運輸,うんゆ,N1,"{""N1"": 2}","{""community-independent"": ""N1"", ""waller-derived"": ""N1""}",openjlpt|waller|wordmaster,community-independent|waller-derived,2,lexical,transportation,fully-absent,,,,,,,yes
会,え,N1,"{""N1"": 1}","{""waller-derived"": ""N1""}",openjlpt|waller,waller-derived,1,lexical,understanding,same-reading-different-writing|same-writing-different-reading,柄|江|絵,かい,,,,,yes
重,え,N1,"{""N1"": 1}","{""waller-derived"": ""N1""}",openjlpt|waller,waller-derived,1,lexical,-fold; -ply,same-reading-different-writing,柄|江|絵,,,,,,yes
英和,えいわ,N2,"{""N2"": 2}","{""community-independent"": ""N2"", ""waller-derived"": ""N2""}",openjlpt|waller|wordmaster,community-independent|waller-derived,2,lexical,English-Japanese (e.g. dictionary),fully-absent,,,,,,,yes
園,えん,N1,"{""N1"": 1}","{""waller-derived"": ""N1""}",openjlpt|waller,waller-derived,1,lexical,garden (esp. man-made),same-reading-different-writing|same-writing-different-reading,円|塩|燕|縁|艶,その,,,,,yes
演ずる,えんずる,N1,"{""N1"": 2}","{""community-independent"": ""N1"", ""waller-derived"": ""N1""}",openjlpt|waller|wordmaster,community-independent|waller-derived,2,lexical,to perform; to play,fully-absent,,,,,,,yes
遠慮,えんりょする,N4,"{""N4"": 2}","{""community-independent"": ""N4"", ""waller-derived"": ""N4""}",openjlpt|wordmaster,community-independent|waller-derived,2,lexical,to be reserved; to be restrained,same-writing-different-reading,,えんりょ,,,,,no
御,お,N3,"{""N3"": 1}","{""waller-derived"": ""N3""}",openjlpt|waller,waller-derived,1,lexical,honourable,same-reading-different-writing,尾,,,,,,yes
於,お,N1,"{""N1"": 1}","{""waller-derived"": ""N1""}",openjlpt|waller,waller-derived,1,lexical,at; in; on,same-reading-different-writing,尾,,,,,,no
お～,お～,N5,"{""N5"": 1}","{""community-independent"": ""N5""}",wordmaster,community-independent,1,lexical,尊～,fully-absent,,,,,,,no
追い掛ける,おいかける,N2,"{""N2"": 1}","{""waller-derived"": ""N2""}",openjlpt|waller,waller-derived,1,lexical,to chase or run after someone; to run down; to pursue,same-reading-different-writing|same-jmdict-entry,追いかける,,追いかける,おいかける,N2,おいかける|追いかける|追い掛ける|追い駆ける|追掛ける,yes
於いて,おいて,N1,"{""N1"": 2}","{""community-independent"": ""N1"", ""waller-derived"": ""N1""}",openjlpt|waller|wordmaster,community-independent|waller-derived,2,lexical,at; in; on,same-reading-different-writing|same-jmdict-entry,おいて,,おいて,おいて,N3,おいて|於|於いて|於て,yes
お出でになる,おいでになる,N1,"{""N1"": 1}","{""waller-derived"": ""N1""}",openjlpt|waller,waller-derived,1,lexical,to be,same-reading-different-writing|same-jmdict-entry,おいでになる,,おいでになる,おいでになる,N3,おいでになる|お出でになる|御出でになる,yes
黄色,おうしょく,N1,"{""N1"": 1}","{""waller-derived"": ""N1""}",openjlpt|waller,waller-derived,1,lexical,yellow,same-writing-different-reading|same-jmdict-entry,,きいろ,黄色,きいろ,N5,おうしょく|きいろ|こうしょく|黄色,yes
王女,おうじょ,N2,"{""N2"": 2}","{""community-independent"": ""N2"", ""waller-derived"": ""N2""}",openjlpt|waller|wordmaster,community-independent|waller-derived,2,lexical,princess,fully-absent,,,,,,,yes
応ずる,おうずる,N2,"{""N2"": 2}","{""community-independent"": ""N2"", ""waller-derived"": ""N2""}",openjlpt|waller|wordmaster,community-independent|waller-derived,2,lexical,to answer; to respond; to meet,fully-absent,,,,,,,yes
おおい (かん),おおい (かん),N1,"{""N1"": 1}","{""community-independent"": ""N1""}",wordmaster,community-independent,1,lexical,hey,fully-absent,,,,,,,no
おおい,おおい,N1,"{""N1"": 1}","{""waller-derived"": ""N1""}",waller,waller-derived,1,kana/loanword,hey!,same-reading-different-writing|same-jmdict-entry,多い|覆い,,多い,おおい,N5,おおい|多い,yes
おおげさ,おおげさ,N1,"{""N1"": 1}","{""community-independent"": ""N1""}",wordmaster,community-independent,1,kana/loanword,"grandiose, exaggerated",same-reading-different-writing|same-jmdict-entry,大げさ,,大げさ,おおげさ,N2,おおげさ|大げさ|大袈裟,yes
おおまかな,おおまかな,N1,"{""N1"": 1}","{""community-independent"": ""N1""}",wordmaster,community-independent,1,kana/loanword,粗略的,fully-absent,,,,,,,no
大凡,おおよそ,N2,"{""N2"": 2}","{""community-independent"": ""N2"", ""waller-derived"": ""N2""}",openjlpt|waller|wordmaster,community-independent|waller-derived,2,lexical,about; roughly; as a rule,same-reading-different-writing|same-jmdict-entry,おおよそ,,おおよそ,おおよそ,N2,おおよそ|凡|凡そ|大よそ|大凡,yes
おかけください,おかけください,N2,"{""N2"": 2}","{""community-independent"": ""N2"", ""waller-derived"": ""N2""}",waller|wordmaster,community-independent|waller-derived,2,fixed-expression/conjugated,请坐,fully-absent,,,,,,,yes
お蔭,おかげ,N1,"{""N1"": 1}","{""waller-derived"": ""N1""}",openjlpt|waller,waller-derived,1,lexical,(your) backing; assistance,same-reading-different-writing|same-jmdict-entry,おかげ|お陰,,おかげ|お陰,おかげ,N3|N4,おかげ|お蔭|お陰|御蔭|御陰,yes
お蔭様で,おかげさまで,N1,"{""N1"": 1}","{""waller-derived"": ""N1""}",openjlpt|waller,waller-derived,1,lexical,Thanks to god; thanks to you,same-reading-different-writing|same-jmdict-entry,おかげさまで|お陰様で,,おかげさまで|お陰様で,おかげさまで,N1|N2,おかげさまで|おかげ様で|お蔭様で|お陰さまで|お陰様で|御蔭様で|御陰様で,yes
お菜,おかず,N1,"{""N1"": 1}","{""waller-derived"": ""N1""}",openjlpt|waller,waller-derived,1,lexical,side dish; accompaniment for rice dishes,same-reading-different-writing|same-jmdict-entry,おかず,,おかず,おかず,N2,おかず|お数|お菜|オカズ|御数|御菜,yes
お金持ち,おかねもち,N4,"{""N4"": 1}","{""waller-derived"": ""N4""}",waller,waller-derived,1,lexical,rich man,fully-absent,,,,,,,yes
おかまいなく,おかまいなく,N2,"{""N2"": 1}","{""community-independent"": ""N2""}",wordmaster,community-independent,1,kana/loanword,请别客气,fully-absent,,,,,,,no
おきのどくに,おきのどくに,N2,"{""N2"": 1}","{""waller-derived"": ""N2""}",waller,waller-derived,1,kana/loanword,,same-reading-different-writing|same-jmdict-entry,お気の毒に,,お気の毒に,おきのどくに,N2,おきのどくに|お気の毒に,yes
おくさん,おくさん,N2,"{""N2"": 1}","{""waller-derived"": ""N2""}",waller,waller-derived,1,kana/loanword,"(hon) wife,your wife,madam",same-reading-different-writing|same-jmdict-entry,奥さん,,奥さん,おくさん,N5,おくさん|奥さん,yes
起す,おこす,N4,"{""N4"": 1}","{""waller-derived"": ""N4""}",openjlpt|waller,waller-derived,1,lexical,to wake,same-reading-different-writing|same-jmdict-entry,興す|起こす,,起こす,おこす,N4,おこす|起こす|起す,yes
おごる (ゆうしょくを～),おごる (ゆうしょくを～),N1,"{""N1"": 1}","{""community-independent"": ""N1""}",wordmaster,community-independent,1,lexical,请客（晚餐）,fully-absent,,,,,,,no
傲る,おごる,N1,"{""N1"": 1}","{""waller-derived"": ""N1""}",openjlpt|waller,waller-derived,1,lexical,to be proud,same-reading-different-writing|same-jmdict-entry,おごる|奢る|驕る,,おごる|驕る,おごる,N1|N2,おごる|傲る|驕る,yes
長,おさ,N1,"{""N1"": 1}","{""waller-derived"": ""N1""}",openjlpt|waller,waller-derived,1,lexical,chief; head,same-writing-different-reading,,ちょう|なが,,,,,yes
押える,おさえる,N3,"{""N2"": 1, ""N3"": 1}","{""community-independent"": ""N3"", ""waller-derived"": ""N2""}",openjlpt|waller|wordmaster,community-independent|waller-derived,2,lexical,to stop; to restrain; to seize,same-reading-different-writing|same-jmdict-entry,抑える|押さえる,,押さえる,おさえる,N3,おさえる|圧さえる|押える|押さえる,yes
おさきに,おさきに,N2,"{""N2"": 1}","{""waller-derived"": ""N2""}",waller,waller-derived,1,kana/loanword,"before,ahead,previously",fully-absent,,,,,,,yes
お先に,おさきに,N2,"{""N1"": 1, ""N2"": 1}","{""community-independent"": ""N2"", ""waller-derived"": ""N1""}",openjlpt|waller|wordmaster,community-independent|waller-derived,2,lexical,before; ahead; previously,fully-absent,,,,,,,yes
治める,おさめる,N3,"{""N2"": 1, ""N3"": 1}","{""community-independent"": ""N3"", ""waller-derived"": ""N2""}",openjlpt|waller|wordmaster,community-independent|waller-derived,2,lexical,(1) to govern; to manage; (2) to subdue,same-reading-different-writing,修める|収める|納める,,,,,,yes
お産,おさん,N1,"{""N1"": 2}","{""community-independent"": ""N1"", ""waller-derived"": ""N1""}",openjlpt|waller|wordmaster,community-independent|waller-derived,2,lexical,(giving) birth,fully-absent,,,,,,,yes
おしゃれ,おしゃれ,N2,"{""N2"": 1}","{""waller-derived"": ""N2""}",waller,waller-derived,1,kana/loanword,"smartly dressed,someone smartly dressed,fashion-conscious",same-reading-different-writing|same-jmdict-entry,お洒落,,お洒落,おしゃれ,N2,おしゃれ|お洒落|オシャレ|御洒落,yes
伯父,おじ,N2,"{""N2"": 1}","{""community-independent"": ""N2""}",wordmaster,community-independent,1,lexical,伯父,same-reading-different-writing|same-jmdict-entry,おじ|叔父,,おじ|叔父,おじ,N1|N5,おじ|しゅくふ|はくふ|伯父|叔父,yes
伯父/叔父,おじいさん,N5,"{""N5"": 1}","{""waller-derived"": ""N5""}",openjlpt,waller-derived,1,lexical,grandfather; male senior citizen,same-reading-different-writing,おじいさん|お祖父さん,,,,,,no
御辞儀,おじぎ,N2,"{""N2"": 1}","{""waller-derived"": ""N2""}",openjlpt|waller,waller-derived,1,lexical,bow,same-reading-different-writing|same-jmdict-entry,お辞儀,,お辞儀,おじぎ,N3,おじぎ|お辞儀|御辞儀,yes
伯父; 叔父さん,おじさん,N5,"{""N5"": 1}","{""community-independent"": ""N5""}",wordmaster,community-independent,1,lexical,"uncle, middle-aged man",same-reading-different-writing,おじさん|伯父さん,,,,,,no
叔父さん,おじさん,N2,"{""N2"": 2}","{""community-independent"": ""N2"", ""waller-derived"": ""N2""}",openjlpt|waller|wordmaster,community-independent|waller-derived,2,lexical,middle-aged gentleman; uncle,same-reading-different-writing|same-jmdict-entry,おじさん|伯父さん,,おじさん|伯父さん,おじさん,N5,おじさん|オジさん|オジサン|伯父さん|叔父さん|小父さん,yes
小父さん,おじさん,N2,"{""N2"": 2}","{""community-independent"": ""N2"", ""waller-derived"": ""N2""}",openjlpt|waller|wordmaster,community-independent|waller-derived,2,lexical,middle-aged gentleman; uncle,same-reading-different-writing|same-jmdict-entry,おじさん|伯父さん,,おじさん|伯父さん,おじさん,N5,おじさん|オジさん|オジサン|伯父さん|叔父さん|小父さん,yes
おじゃまします,おじゃまします,N2,"{""N2"": 1}","{""waller-derived"": ""N2""}",waller,waller-derived,1,fixed-expression/conjugated,Excuse me for disturbing you,same-reading-different-writing|same-jmdict-entry,お邪魔します,,お邪魔します,おじゃまします,N2,おじゃまします|お邪魔します|御邪魔します,yes
御世辞,おせじ,N1,"{""N1"": 1}","{""community-independent"": ""N1""}",wordmaster,community-independent,1,lexical,"flattery, compliment",same-reading-different-writing|same-jmdict-entry,お世辞,,お世辞,おせじ,N1,おせじ|お世辞|御世辞,yes
お世話になりました,おせわになりました,N2,"{""N2"": 1}","{""community-independent"": ""N2""}",wordmaster,community-independent,1,lexical,I've been in your care,fully-absent,,,,,,,no
おそらく,おそらく,N3,"{""N3"": 1}","{""waller-derived"": ""N3""}",waller,waller-derived,1,kana/loanword,perhaps,same-reading-different-writing|same-jmdict-entry,恐らく,,恐らく,おそらく,N2,おそらく|恐らく,yes
お互い,おたがい,N3,"{""N3"": 2}","{""community-independent"": ""N3"", ""waller-derived"": ""N3""}",openjlpt|waller|wordmaster,community-independent|waller-derived,2,lexical,mutual; reciprocal; each other,fully-absent,,,,,,,yes
おだいじに,おだいじに,N2,"{""N2"": 1}","{""waller-derived"": ""N2""}",waller,waller-derived,1,kana/loanword,Take care of yourself,same-reading-different-writing|same-jmdict-entry,お大事に,,お大事に,おだいじに,N2,おだいじに|お大事に,yes
落着く,おちつく,N2,"{""N2"": 2}","{""community-independent"": ""N2"", ""waller-derived"": ""N2""}",openjlpt|waller|wordmaster,community-independent|waller-derived,2,lexical,to calm down; to settle down,same-reading-different-writing|same-jmdict-entry,落ち着く,,落ち着く,おちつく,N3,おちつく|落ちつく|落ち付く|落ち着く|落付く|落着く,yes
落葉,おちば,N1,"{""N1"": 1}","{""community-independent"": ""N1""}",wordmaster,community-independent,1,lexical,fallen leaves,same-reading-different-writing|same-writing-different-reading|same-jmdict-entry,落ち葉,らくよう,落ち葉|落葉,おちば|らくよう,N1|N2,おちば|らくよう|落ち葉|落葉,yes
落る,おちる,N4,"{""N4"": 2}","{""community-independent"": ""N4"", ""waller-derived"": ""N4""}",openjlpt|waller|wordmaster,community-independent|waller-derived,2,lexical,to fall or drop,same-reading-different-writing|same-jmdict-entry,落ちる,,落ちる,おちる,N4,おちる|墜ちる|落ちる|落る,yes
仰っしゃる,おっしゃる,N1,"{""N1"": 1}","{""waller-derived"": ""N1""}",openjlpt|waller,waller-derived,1,lexical,to say; to speak; to tell,same-reading-different-writing|same-jmdict-entry,おっしゃる,,おっしゃる,おっしゃる,N3,おっしゃる|仰しゃる|仰っしゃる|仰る|仰有る,yes
おつり,おつり,N4,"{""N4"": 2}","{""community-independent"": ""N4"", ""waller-derived"": ""N4""}",waller|wordmaster,community-independent|waller-derived,2,kana/loanword,"change from purchase, balance",same-reading-different-writing|same-jmdict-entry,お釣り,,お釣り,おつり,N3,おつり|お釣|お釣り|御釣|御釣り,yes
御手洗,おてあらい,N2,"{""N2"": 1}","{""waller-derived"": ""N2""}",openjlpt,waller-derived,1,lexical,font of purifying water placed at entrance of shrine,same-reading-different-writing|same-jmdict-entry,お手洗い,,お手洗い,おてあらい,N5,おてあらい|お手洗い|御手洗|御手洗い,yes
御手洗い,おてあらい,N1,"{""N1"": 1}","{""waller-derived"": ""N1""}",openjlpt|waller,waller-derived,1,lexical,toilet; restroom; lavatory,same-reading-different-writing|same-jmdict-entry,お手洗い,,お手洗い,おてあらい,N5,おてあらい|お手洗い|御手洗|御手洗い,yes
お出掛け,おでかけ,N2,"{""N2"": 2}","{""community-independent"": ""N2"", ""waller-derived"": ""N2""}",waller|wordmaster,community-independent|waller-derived,2,lexical,outing,same-reading-different-writing|same-jmdict-entry,お出かけ,,お出かけ,おでかけ,N2,おでかけ|お出かけ|お出掛け|御出掛け,yes
弟,おと,N1,"{""N1"": 1}","{""waller-derived"": ""N1""}",openjlpt|waller,waller-derived,1,lexical,younger brother,same-reading-different-writing|same-writing-different-reading,音,おとうと,,,,,yes
落す,おとす,N4,"{""N4"": 2}","{""community-independent"": ""N4"", ""waller-derived"": ""N4""}",openjlpt|waller|wordmaster,community-independent|waller-derived,2,lexical,to drop,same-reading-different-writing|same-jmdict-entry,落とす,,落とす,おとす,N4,おとす|堕とす|墜とす|落す|落とす,yes
おとなしい,おとなしい,N2,"{""N2"": 1}","{""waller-derived"": ""N2""}",waller,waller-derived,1,kana/loanword,"obedient,docile,quiet",same-reading-different-writing|same-jmdict-entry,大人しい,,大人しい,おとなしい,N4,おとなしい|大人しい|温和しい|温柔しい,yes
少女,おとめ,N1,"{""N1"": 1}","{""waller-derived"": ""N1""}",openjlpt|waller,waller-derived,1,lexical,daughter; young lady; virgin,same-reading-different-writing|same-writing-different-reading|same-jmdict-entry,乙女,しょうじょ,乙女,おとめ,N1,おとめ|乙女|少女,yes
おどかす,おどかす,N2,"{""N2"": 1}","{""waller-derived"": ""N2""}",waller,waller-derived,1,kana/loanword,"to threaten,to coerce",same-reading-different-writing|same-jmdict-entry,脅かす,,脅かす,おどかす,N1,おどかす|嚇かす|威かす|脅かす,yes
女子,おなご,N1,"{""N1"": 1}","{""waller-derived"": ""N1""}",openjlpt|waller,waller-derived,1,lexical,woman; girl,same-writing-different-reading,,じょし,,,,,yes
おねがいします,おねがいします,N2,"{""N2"": 1}","{""waller-derived"": ""N2""}",waller,waller-derived,1,fixed-expression/conjugated,please,same-reading-different-writing|same-jmdict-entry,お願いします,,お願いします,おねがいします,N2,おねがいします|お願いしまあす|お願いします|御願いします,yes
各,おのおの,N1,"{""N1"": 1}","{""waller-derived"": ""N1""}",openjlpt|waller,waller-derived,1,lexical,each; every; either,same-reading-different-writing|same-jmdict-entry,おのおの|各々,,おのおの|各々,おのおの,N1|N2,おのおの|各|各々|各各,yes
お早う,おはよう,N1,"{""N1"": 1}","{""waller-derived"": ""N1""}",openjlpt|waller,waller-derived,1,lexical,Good morning,same-reading-different-writing|same-jmdict-entry,おはよう,,おはよう,おはよう,N5,おはよう|おはよー|お早う|御早う,yes
伯母,おば,N2,"{""N2"": 1}","{""community-independent"": ""N2""}",wordmaster,community-independent,1,lexical,(humble) aunt (older than one's parent),same-reading-different-writing|same-jmdict-entry,おば|叔母,,おば|叔母,おば,N5,おば|しゅくぼ|はくぼ|伯母|叔母,yes
お祖母さん,おばあさん,N1,"{""N1"": 1}","{""waller-derived"": ""N1""}",openjlpt|waller,waller-derived,1,lexical,grandmother; female senior-citizen,same-reading-different-writing|same-jmdict-entry,おばあさん,,おばあさん,おばあさん,N5,おばあさん|おばーさん|お婆さん|お祖母さん|御婆さん|御祖母さん,yes
伯母さん,おばさん,N5,"{""N5"": 1}","{""waller-derived"": ""N5""}",openjlpt|waller,waller-derived,1,lexical,(hon) aunt,same-reading-different-writing|same-jmdict-entry,おばさん,,おばさん,おばさん,N5,おばさん|伯母さん|叔母さん,yes
伯母さん/叔母さん,おばさん,N5,"{""N5"": 1}","{""waller-derived"": ""N5""}",openjlpt,waller-derived,1,lexical,aunt,same-reading-different-writing,おばさん,,,,,,no
伯母さん; 叔母さん,おばさん,N5,"{""N5"": 1}","{""community-independent"": ""N5""}",wordmaster,community-independent,1,lexical,aunt,same-reading-different-writing,おばさん,,,,,,no
叔母さん,おばさん,N2,"{""N2"": 1}","{""waller-derived"": ""N2""}",openjlpt|waller,waller-derived,1,lexical,(1) aunt; (2) middle-aged lady,same-reading-different-writing|same-jmdict-entry,おばさん,,おばさん,おばさん,N5,おばさん|伯母さん|叔母さん,yes
小母さん,おばさん,N2,"{""N2"": 1}","{""community-independent"": ""N2""}",wordmaster,community-independent,1,lexical,"lady, woman, ma'am",same-reading-different-writing,おばさん,,,,,,no
御負け,おまけ,N1,"{""N1"": 1}","{""waller-derived"": ""N1""}",openjlpt|waller,waller-derived,1,lexical,1.  a discount; a prize; 2.  something additional,same-reading-different-writing|same-jmdict-entry,おまけ,,おまけ,おまけ,N1,おまけ|お負け|御負け,yes
おまたせしました,おまたせしました,N2,"{""N2"": 1}","{""waller-derived"": ""N2""}",waller,waller-derived,1,kana/loanword,Sorry to have kept you waiting,same-reading-different-writing|same-jmdict-entry,お待たせしました,,お待たせしました,おまたせしました,N2,おまたせしました|お待たせしました,yes
お待ちください,おまちください,N2,"{""N2"": 1}","{""community-independent"": ""N2""}",wordmaster,community-independent,1,fixed-expression/conjugated,请稍等,fully-absent,,,,,,,no
おまちどおさま,おまちどおさま,N2,"{""N2"": 2}","{""community-independent"": ""N2"", ""waller-derived"": ""N2""}",waller|wordmaster,community-independent|waller-derived,2,kana/loanword,Sorry to have kept you waiting,fully-absent,,,,,,,yes
おまわりさん,おまわりさん,N5,"{""N5"": 2}","{""community-independent"": ""N5"", ""waller-derived"": ""N5""}",waller|wordmaster,community-independent|waller-derived,2,kana/loanword,friendly term for policeman,same-reading-different-writing|same-jmdict-entry,お巡りさん,,お巡りさん,おまわりさん,N5,おまわりさん|お巡りさん|御巡りさん,yes
お宮,おみや,N1,"{""N1"": 2}","{""community-independent"": ""N1"", ""waller-derived"": ""N1""}",openjlpt|waller|wordmaster,community-independent|waller-derived,2,lexical,Shinto shrine,fully-absent,,,,,,,yes
お襁褓,おむつ,N1,"{""N1"": 1}","{""waller-derived"": ""N1""}",openjlpt|waller,waller-derived,1,lexical,diaper; nappy,same-reading-different-writing|same-jmdict-entry,おむつ,,おむつ,おむつ,N3,おむつ|お襁褓|オムツ|御襁褓,yes
お目出度う,おめでとう,N3,"{""N3"": 1}","{""waller-derived"": ""N3""}",openjlpt|waller,waller-derived,1,lexical,(ateji) (int) (uk) Congratulations!; an auspicious occasion!,same-reading-different-writing|same-jmdict-entry,おめでとう,,おめでとう,おめでとう,N5,おめでとう|お目出度う|お芽出度う|御目出度う|御芽出度う,yes
お目に掛かる,おめにかかる,N3,"{""N3"": 2}","{""community-independent"": ""N3"", ""waller-derived"": ""N3""}",waller|wordmaster,community-independent|waller-derived,2,lexical,拜见,same-reading-different-writing|same-jmdict-entry,お目にかかる,,お目にかかる,おめにかかる,N3,おめにかかる|お目にかかる|お目に掛かる|御目にかかる|御目に掛かる,yes
面,おも,N1,"{""N1"": 1}","{""waller-derived"": ""N1""}",openjlpt|waller,waller-derived,1,lexical,face,same-reading-different-writing|same-writing-different-reading|same-jmdict-entry,主,おもて|つら|めん,面,おもて,N1,おも|おもて|も|もて|面,yes
思い掛けない,おもいがけない,N2,"{""N2"": 2}","{""community-independent"": ""N2"", ""waller-derived"": ""N2""}",openjlpt|waller|wordmaster,community-independent|waller-derived,2,lexical,unexpected; casual,same-reading-different-writing|same-jmdict-entry,思いがけない,,思いがけない,おもいがけない,N2,おもいがけない|思いがけない|思い掛けない|思い掛け無い,yes
思いっ切り,おもいっきり,N2,"{""N2"": 2}","{""community-independent"": ""N2"", ""waller-derived"": ""N2""}",waller|wordmaster,community-independent|waller-derived,2,lexical,狠狠地,fully-absent,,,,,,,yes
重なる,おもなる,N1,"{""N1"": 1}","{""waller-derived"": ""N1""}",openjlpt|waller,waller-derived,1,lexical,main; principal; important,same-writing-different-reading,,かさなる,,,,,yes
重役,おもやく,N1,"{""N1"": 1}","{""waller-derived"": ""N1""}",openjlpt|waller,waller-derived,1,lexical,heavy responsibilities; director,same-writing-different-reading|same-jmdict-entry,,じゅうやく,重役,じゅうやく,N2,おもやく|じゅうやく|重役,yes
おやすみ,おやすみ,N2,"{""N2"": 1}","{""waller-derived"": ""N2""}",waller,waller-derived,1,kana/loanword,"(1) holiday,absence,rest,(2) (exp) Good night",fully-absent,,,,,,,yes
お休み,おやすみ,N2,"{""N1"": 1, ""N2"": 1}","{""community-independent"": ""N2"", ""waller-derived"": ""N1""}",openjlpt|waller|wordmaster,community-independent|waller-derived,2,lexical,holiday; absence; rest,fully-absent,,,,,,,yes
お八,おやつ,N1,"{""N1"": 1}","{""waller-derived"": ""N1""}",openjlpt,waller-derived,1,lexical,1.  (uk) between meal snack; afternoon refreshment; afternoon tea,same-reading-different-writing,おやつ,,,,,,no
お八つ,おやつ,N1,"{""N1"": 1}","{""waller-derived"": ""N1""}",waller,waller-derived,1,lexical,"1. (uk) between meal snack, afternoon refreshment, afternoon tea, 2. mid-day snack",same-reading-different-writing|same-jmdict-entry,おやつ,,おやつ,おやつ,N3,おやつ|お八つ|御八つ,yes
泳ぎ,およぎ,N3,"{""N3"": 2}","{""community-independent"": ""N3"", ""waller-derived"": ""N3""}",openjlpt|waller|wordmaster,community-independent|waller-derived,2,lexical,swimming,fully-absent,,,,,,,yes
泳ぎ方,およぎかた,N4,"{""N4"": 1}","{""waller-derived"": ""N4""}",openjlpt|waller,waller-derived,1,lexical,way of swimming,fully-absent,,,,,,,yes
織,おり,N1,"{""N1"": 1}","{""waller-derived"": ""N1""}",openjlpt|waller,waller-derived,1,lexical,weave; weaving; woven item,same-reading-different-writing|same-jmdict-entry,折|檻|織り,,織り,おり,N1,おり|織|織り,yes
居る,おる,N3,"{""N3"": 1}","{""waller-derived"": ""N3""}",openjlpt|waller,waller-derived,1,lexical,to be (animate); to be; to exist,same-reading-different-writing|same-jmdict-entry,おる|折る|織る,,おる,おる,N4,おる|居る,yes
下す,おろす,N3,"{""N3"": 2}","{""community-independent"": ""N3"", ""waller-derived"": ""N3""}",openjlpt|waller|wordmaster,community-independent|waller-derived,2,lexical,to lower; to let go down,same-reading-different-writing|same-writing-different-reading|same-jmdict-entry,下ろす|卸す,くだす,下ろす,おろす,N3,おろす|下す|下ろす|降ろす,yes
降ろす,おろす,N3,"{""N3"": 2}","{""community-independent"": ""N3"", ""waller-derived"": ""N3""}",openjlpt|waller|wordmaster,community-independent|waller-derived,2,lexical,to take down; to launch; to drop,same-reading-different-writing|same-jmdict-entry,下ろす|卸す,,下ろす,おろす,N3,おろす|下す|下ろす|降ろす,yes
終,おわり,N3,"{""N3"": 1}","{""waller-derived"": ""N3""}",openjlpt|waller,waller-derived,1,lexical,the end,same-reading-different-writing|same-jmdict-entry,終わり,,終わり,おわり,N5,おわり|終|終り|終わり,yes
終る,おわる,N5,"{""N5"": 2}","{""community-independent"": ""N5"", ""waller-derived"": ""N5""}",openjlpt|waller|wordmaster,community-independent|waller-derived,2,lexical,to finish,same-reading-different-writing|same-jmdict-entry,終わる,,終わる,おわる,N5,おわる|了る|卒る|畢る|竟る|終る|終わる,yes
御～,おん～,N2,"{""N2"": 1}","{""community-independent"": ""N2""}",wordmaster,community-independent,1,lexical,honorific ~,fully-absent,,,,,,,no
音色,おんいろ,N1,"{""N1"": 1}","{""waller-derived"": ""N1""}",openjlpt,waller-derived,1,lexical,tone color; tone quality; timbre,same-writing-different-reading,,ねいろ,,,,,no
おんぶ,おんぶ,N1,"{""N1"": 1}","{""community-independent"": ""N1""}",wordmaster,community-independent,1,kana/loanword,carrying on one's back (erg. Baby),same-reading-different-writing|same-jmdict-entry,負んぶ,,負んぶ,おんぶ,N1,おんぶ|オンブ|負んぶ,yes
ＯＫ,オーケー,N1,"{""N1"": 1}","{""waller-derived"": ""N1""}",waller,waller-derived,1,lexical,OK,same-reading-different-writing|same-jmdict-entry,オーケー,,オーケー,オーケー,N1,おっけ|おっけい|おっけー|おーけー|オッケ|オッケィ|オッケイ|オッケー|オーケイ|オーケー|ＯＫ,yes
オーバーコート,オーバーコート,N2,"{""N2"": 1}","{""waller-derived"": ""N2""}",waller,waller-derived,1,kana/loanword,,fully-absent,,,,,,,yes
おかげ,お陰,N4,"{""N4"": 1}","{""community-independent"": ""N4""}",wordmaster,community-independent,1,kana/loanword,thanks or owing to,same-writing-different-reading,,おかげ,,,,,no
仮,か,N1,"{""N1"": 1}","{""waller-derived"": ""N1""}",openjlpt|waller,waller-derived,1,lexical,tentative; provisional,same-reading-different-writing|same-writing-different-reading,可|科|箇|蚊|課,かり,,,,,no
個,か,N1,"{""N1"": 1}","{""waller-derived"": ""N1""}",openjlpt|waller,waller-derived,1,lexical,article counter,same-reading-different-writing|same-jmdict-entry,可|科|箇|蚊|課,,箇,か,N1,か|カ|ケ|ヶ|个|個|箇,yes
街道,かいどう,N1,"{""N1"": 2}","{""community-independent"": ""N1"", ""waller-derived"": ""N1""}",openjlpt|waller|wordmaster,community-independent|waller-derived,2,lexical,highway,fully-absent,,,,,,,yes
反る,かえる,N3,"{""N2"": 1, ""N3"": 1}","{""community-independent"": ""N3"", ""waller-derived"": ""N2""}",openjlpt|waller|wordmaster,community-independent|waller-derived,2,lexical,to warp; to be warped; to curve,same-reading-different-writing|same-writing-different-reading|same-jmdict-entry,代える|変える|孵[かえ]る|孵る|帰る|換える|替える|蛙|蛙[かえる]|返る,そる,返る,かえる,N3,かえる|反る|返る,yes
顔付き,かおつき,N1,"{""N1"": 2}","{""community-independent"": ""N1"", ""waller-derived"": ""N1""}",openjlpt|waller|wordmaster,community-independent|waller-derived,2,lexical,(outward) looks; features; face,same-reading-different-writing|same-jmdict-entry,顔つき,,顔つき,かおつき,N1,かおつき|顔つき|顔付|顔付き,yes
かかと,かかと,N1,"{""N1"": 1}","{""community-independent"": ""N1""}",wordmaster,community-independent,1,kana/loanword,shoe heel,same-reading-different-writing|same-jmdict-entry,踵,,踵,かかと,N1,あくと|かかと|きびす|くびす|踵,yes
係り,かかり,N1,"{""N1"": 1}","{""waller-derived"": ""N1""}",openjlpt|waller,waller-derived,1,lexical,official; duty; person in charge,same-reading-different-writing|same-jmdict-entry,係,,係,かかり,N4,かかり|係|係り,yes
かかる,かかる,N5,"{""N5"": 1}","{""community-independent"": ""N5""}",wordmaster,community-independent,1,kana/loanword,"it takes (amount of time, money) (v.i.)",same-reading-different-writing|same-jmdict-entry,掛かる|架かる|罹[かか]る|罹る,,掛かる|罹る,かかる,N3|N5,かかる|懸かる|懸る|掛かる|掛る|罹る,yes
係わる,かかわる,N2,"{""N2"": 2}","{""community-independent"": ""N2"", ""waller-derived"": ""N2""}",openjlpt|waller|wordmaster,community-independent|waller-derived,2,lexical,to concern oneself in; to have to do with; to affect,same-reading-different-writing|same-jmdict-entry,関わる,,関わる,かかわる,N3,かかわる|係る|係わる|拘る|拘わる|関る|関わる,yes
書き取り,かきとり,N1,"{""N1"": 1}","{""waller-derived"": ""N1""}",openjlpt|waller,waller-derived,1,lexical,dictation,fully-absent,,,,,,,yes
書取,かきとり,N2,"{""N2"": 2}","{""community-independent"": ""N2"", ""waller-derived"": ""N2""}",openjlpt|waller|wordmaster,community-independent|waller-derived,2,lexical,dictation,fully-absent,,,,,,,yes
かく (はじを),かく (はじを),N1,"{""N1"": 1}","{""community-independent"": ""N1""}",wordmaster,community-independent,1,lexical,to humiliate oneself,fully-absent,,,,,,,no
佳句,かく,N1,"{""N1"": 1}","{""waller-derived"": ""N1""}",openjlpt|waller,waller-derived,1,lexical,beautiful passage of literature,same-reading-different-writing,掻く|描く|搔[か]く|書く|核|格|欠く|角,,,,,,yes
画,かく,N1,"{""N1"": 1}","{""waller-derived"": ""N1""}",openjlpt|waller,waller-derived,1,lexical,stroke,same-reading-different-writing,掻く|描く|搔[か]く|書く|核|格|欠く|角,,,,,,yes
各～,かく～,N2,"{""N2"": 1}","{""community-independent"": ""N2""}",wordmaster,community-independent,1,lexical,"every ~, each ~",fully-absent,,,,,,,no
賭,かけ,N1,"{""N1"": 1}","{""community-independent"": ""N1""}",wordmaster,community-independent,1,lexical,"betting, gambling, a gamble",same-reading-different-writing|same-jmdict-entry,掛け|賭け,,賭け,かけ,N1,かけ|賭|賭け,yes
掛～,かけ～,N1,"{""N1"": 1}","{""community-independent"": ""N1""}",wordmaster,community-independent,1,lexical,credit,fully-absent,,,,,,,no
かける,かける,N5,"{""N5"": 1}","{""community-independent"": ""N5""}",wordmaster,community-independent,1,kana/loanword,"to dial/call (e.g., phone); to sit down",same-reading-different-writing|same-jmdict-entry,掛ける|架ける|欠ける|翔る|賭ける|駆ける,,掛ける|欠ける|翔る|賭ける|駆ける,かける,N1|N2|N3|N5,かける|懸ける|掛ける|欠ける|缺ける|翔ける|翔る|賭ける|闕ける|駆ける|駈ける,yes
ヶ月,かげつ,N1,"{""N1"": 1}","{""waller-derived"": ""N1""}",openjlpt|waller,waller-derived,1,lexical,#NAME?,fully-absent,,,,,,,yes
化合,かごう,N1,"{""N1"": 2}","{""community-independent"": ""N1"", ""waller-derived"": ""N1""}",openjlpt|waller|wordmaster,community-independent|waller-derived,2,lexical,chemical combination,fully-absent,,,,,,,yes
かさばる,かさばる,N1,"{""N1"": 1}","{""community-independent"": ""N1""}",wordmaster,community-independent,1,kana/loanword,to be bulky,same-reading-different-writing|same-jmdict-entry,嵩張[かさば]る|嵩張る,,嵩張る,かさばる,N1,かさばる|かさ張る|嵩張る,yes
風車,かざぐるま,N1,"{""N1"": 1}","{""waller-derived"": ""N1""}",openjlpt|waller,waller-derived,1,lexical,1.  windmill; 2.  pinwheel,same-writing-different-reading|same-jmdict-entry,,ふうしゃ,風車,ふうしゃ,N1,かざぐるま|ふうしゃ|カザグルマ|風ぐるま|風車,yes
かしこまりました,かしこまりました,N2,"{""N2"": 2}","{""community-independent"": ""N2"", ""waller-derived"": ""N2""}",waller|wordmaster,community-independent|waller-derived,2,kana/loanword,certainly!,fully-absent,,,,,,,yes
畏まりました,かしこまりました,N1,"{""N1"": 1}","{""waller-derived"": ""N1""}",openjlpt|waller,waller-derived,1,lexical,certainly!,fully-absent,,,,,,,yes
個所,かしょ,N2,"{""N2"": 1}","{""waller-derived"": ""N2""}",openjlpt|waller,waller-derived,1,lexical,passage; place; point,same-reading-different-writing|same-jmdict-entry,箇所,,箇所,かしょ,N3,かしょ|か所|カ所|ケ所|ヵ所|ヶ所|個所|箇所,yes
頭,かしら,N1,"{""N1"": 1}","{""community-independent"": ""N1""}",wordmaster,community-independent,1,lexical,"head, chief",same-writing-different-reading|same-jmdict-entry,,あたま|とう,頭,あたま,N5,あたま|かしら|頭,yes
箇条書,かじょうがき,N1,"{""N1"": 1}","{""community-independent"": ""N1""}",wordmaster,community-independent,1,lexical,"itemized form, itemization",same-reading-different-writing|same-jmdict-entry,箇条書き,,箇条書き,かじょうがき,N1,かじょうがき|個条書き|箇条書|箇条書き,yes
噛る,かじる,N1,"{""N1"": 1}","{""waller-derived"": ""N1""}",openjlpt|waller,waller-derived,1,lexical,to chew; to bite (at); to gnaw,same-reading-different-writing|same-jmdict-entry,かじる|齧る,,かじる|齧る,かじる,N2|N3,かじる|噛じる|噛る|囓る|齧る,yes
擦る,かする,N1,"{""N1"": 2}","{""community-independent"": ""N1"", ""waller-derived"": ""N1""}",openjlpt|waller|wordmaster,community-independent|waller-derived,2,lexical,to touch lightly; to take a percentage (from),same-reading-different-writing|same-writing-different-reading|same-jmdict-entry,化する|掠る|科する|課する,こする|する,掠る,かする,N1,かする|掠る|擦る,yes
化繊,かせん,N1,"{""N1"": 2}","{""community-independent"": ""N1"", ""waller-derived"": ""N1""}",openjlpt|waller|wordmaster,community-independent|waller-derived,2,lexical,synthetic fibres,same-reading-different-writing,下線|寡占|河川,,,,,,yes
過多,かた,N1,"{""N1"": 1}","{""waller-derived"": ""N1""}",openjlpt|waller,waller-derived,1,lexical,excess; superabundance,same-reading-different-writing,型|方|肩,,,,,,yes
片～,かた～,N1,"{""N1"": 1}","{""community-independent"": ""N1""}",wordmaster,community-independent,1,lexical,single ~,fully-absent,,,,,,,no
堅/硬/固い,かたい,N4,"{""N4"": 1}","{""waller-derived"": ""N4""}",openjlpt,waller-derived,1,lexical,hard,same-reading-different-writing,固い|堅い|硬い|難い,,,,,,no
堅; 硬; 固い,かたい,N4,"{""N4"": 1}","{""community-independent"": ""N4""}",wordmaster,community-independent,1,lexical,"solid, hard, firm",same-reading-different-writing,固い|堅い|硬い|難い,,,,,,no
気質,かたぎ,N1,"{""N1"": 1}","{""waller-derived"": ""N1""}",openjlpt|waller,waller-derived,1,lexical,spirit; character; trait,same-writing-different-reading|same-jmdict-entry,,きしつ,気質,きしつ,N1,かたぎ|きしつ|容気|形気|気質,yes
傾く,かたぶく,N1,"{""N1"": 1}","{""waller-derived"": ""N1""}",openjlpt|waller,waller-derived,1,lexical,to incline toward; to slant; to lurch,same-writing-different-reading|same-jmdict-entry,,かたむく,傾く,かたむく,N2,かたぶく|かたむく|傾く,yes
片寄る,かたよる,N2,"{""N2"": 2}","{""community-independent"": ""N2"", ""waller-derived"": ""N2""}",openjlpt|waller|wordmaster,community-independent|waller-derived,2,lexical,to be one-sided; to incline; to be partial,same-reading-different-writing|same-jmdict-entry,偏る,,偏る,かたよる,N2,かたよる|偏る|片寄る,yes
画期,かっき,N1,"{""N1"": 1}","{""waller-derived"": ""N1""}",openjlpt|waller,waller-derived,1,lexical,epoch-making,same-reading-different-writing,活気,,,,,,yes
勝手に,かってに,N2,"{""N2"": 1}","{""community-independent"": ""N2""}",wordmaster,community-independent,1,lexical,擅自,fully-absent,,,,,,,no
割,かつ,N1,"{""N1"": 1}","{""waller-derived"": ""N1""}",openjlpt|waller,waller-derived,1,lexical,divide; cut; halve,same-reading-different-writing,カツ|且つ|勝つ,,,,,,no
嘗て,かつて,N1,"{""N1"": 1}","{""waller-derived"": ""N1""}",openjlpt|waller,waller-derived,1,lexical,once; ever,same-reading-different-writing|same-jmdict-entry,かつて,,かって|かつて,かって|かつて,N1|N2,かって|かつて|嘗て|曽て|曾て|都て,yes
日付,かづけ,N1,"{""N1"": 1}","{""waller-derived"": ""N1""}",openjlpt,waller-derived,1,lexical,date; dating,same-writing-different-reading,,ひづけ,,,,,no
課程,かてい,N3,"{""N2"": 1, ""N3"": 1}","{""community-independent"": ""N3"", ""waller-derived"": ""N2""}",openjlpt|waller|wordmaster,community-independent|waller-derived,2,lexical,course; curriculum,same-reading-different-writing,仮定|家庭|過程,,,,,,yes
門,かど,N1,"{""N1"": 1}","{""waller-derived"": ""N1""}",openjlpt|waller,waller-derived,1,lexical,gate,same-reading-different-writing|same-writing-different-reading,角|過度,もん,,,,,no
哉,かな,N1,"{""N1"": 1}","{""waller-derived"": ""N1""}",waller,waller-derived,1,lexical,question mark,same-reading-different-writing|same-jmdict-entry,かな|仮名,,かな,かな,N1,かな|哉,yes
鉄棒,かなぼう,N1,"{""N1"": 1}","{""waller-derived"": ""N1""}",openjlpt|waller,waller-derived,1,lexical,iron rod; crowbar; horizontal bar (gymnastics),same-reading-different-writing|same-writing-different-reading|same-jmdict-entry,金棒,てつぼう,金棒,かなぼう,N1,かなぼう|金棒|鉄棒,yes
可成,かなり,N1,"{""N1"": 1}","{""waller-derived"": ""N1""}",openjlpt|waller,waller-derived,1,lexical,considerably; fairly; quite,same-reading-different-writing|same-jmdict-entry,かなり,,かなり,かなり,N3,かなり|可なり|可也|可成|可成り,yes
金庫,かねぐら,N1,"{""N1"": 1}","{""waller-derived"": ""N1""}",openjlpt|waller,waller-derived,1,lexical,safe; vault; treasury,same-writing-different-reading,,きんこ,,,,,yes
予言,かねごと,N1,"{""N1"": 1}","{""waller-derived"": ""N1""}",openjlpt|waller,waller-derived,1,lexical,prediction; promise; prognostication,same-writing-different-reading,,よげん,,,,,yes
兼ねて,かねて,N1,"{""N1"": 1}","{""waller-derived"": ""N1""}",openjlpt|waller,waller-derived,1,lexical,simultaneously,same-reading-different-writing|same-jmdict-entry,かねて|予て,,かねて|予て,かねて,N1|N2,かねて|予て|兼ねて,yes
お金持ち,かねもち/おかねもち,N4,"{""N4"": 1}","{""waller-derived"": ""N4""}",openjlpt,waller-derived,1,lexical,rich man,fully-absent,,,,,,,no
お金持ち,かねもち; おかねもち,N4,"{""N4"": 1}","{""community-independent"": ""N4""}",wordmaster,community-independent,1,lexical,有钱人,fully-absent,,,,,,,no
下品,かひん,N1,"{""N1"": 1}","{""waller-derived"": ""N1""}",openjlpt,waller-derived,1,lexical,inferior article,same-writing-different-reading,,げひん,,,,,no
かび (～がはえる),かび (～がはえる),N2,"{""N2"": 1}","{""community-independent"": ""N2""}",wordmaster,community-independent,1,lexical,霉菌,fully-absent,,,,,,,no
かぶれる,かぶれる,N1,"{""N1"": 1}","{""community-independent"": ""N1""}",wordmaster,community-independent,1,kana/loanword,to react to; to be influenced by,same-reading-different-writing|same-jmdict-entry,気触れる,,気触れる,かぶれる,N1,かぶれる|気触れる|蚊触れる,yes
構いません,かまいません,N2,"{""N2"": 1}","{""community-independent"": ""N2""}",wordmaster,community-independent,1,fixed-expression/conjugated,it's all right; one doesn’t mind,fully-absent,,,,,,,no
かまう,かまう,N4,"{""N4"": 1}","{""waller-derived"": ""N4""}",waller,waller-derived,1,kana/loanword,to mind,same-reading-different-writing|same-jmdict-entry,構う,,構う,かまう,N4,かまう|構う,yes
瓶,かめ,N1,"{""N1"": 1}","{""waller-derived"": ""N1""}",openjlpt|waller,waller-derived,1,lexical,earthenware pot,same-reading-different-writing|same-writing-different-reading|same-jmdict-entry,亀|甕,びん,甕,かめ,N1,かめ|瓶|甕,yes
かもしれない,かもしれない,N3,"{""N3"": 2}","{""community-independent"": ""N3"", ""waller-derived"": ""N3""}",waller|wordmaster,community-independent|waller-derived,2,kana/loanword,"may,might,perhaps,may be,possibly",same-reading-different-writing|same-jmdict-entry,かも知れない,,かも知れない,かもしれない,N3,かもしれない|かも知れない,yes
揶揄う,からかう,N1,"{""N1"": 1}","{""waller-derived"": ""N1""}",openjlpt|waller,waller-derived,1,lexical,to ridicule; to tease; to banter with,same-reading-different-writing|same-jmdict-entry,からかう,,からかう,からかう,N2,からかう|揶揄う,yes
身体,からだ,N1,"{""N1"": 1}","{""waller-derived"": ""N1""}",openjlpt|waller,waller-derived,1,lexical,the body,same-reading-different-writing|same-writing-different-reading|same-jmdict-entry,体,しんたい,体,からだ,N5,からだ|体|身体|躯|躰|軀|體,yes
かりに,かりに,N1,"{""N1"": 1}","{""community-independent"": ""N1""}",wordmaster,community-independent,1,kana/loanword,"temporarily; if, for argument's sake",same-reading-different-writing|same-jmdict-entry,仮に,,仮に,かりに,N2,かりに|仮に,yes
かるた,かるた,N2,"{""N2"": 2}","{""community-independent"": ""N2"", ""waller-derived"": ""N2""}",waller|wordmaster,community-independent|waller-derived,2,kana/loanword,(n) playing cards (pt: carta),same-reading-different-writing|same-jmdict-entry,歌留多,,歌留多,カルタ,N2,かるた|かる多|カルタ|加留多|哥留多|嘉留太|歌留多|賀留多|軽多|軽板|骨牌,yes
加留多,かるた,N1,"{""N1"": 1}","{""waller-derived"": ""N1""}",openjlpt|waller,waller-derived,1,lexical,(pt:) (n) playing cards (pt: carta),same-reading-different-writing|same-jmdict-entry,歌留多,,歌留多,カルタ,N2,かるた|かる多|カルタ|加留多|哥留多|嘉留太|歌留多|賀留多|軽多|軽板|骨牌,yes
彼等,かれら,N3,"{""N3"": 1}","{""waller-derived"": ""N3""}",openjlpt|waller,waller-derived,1,lexical,they (usually male),same-reading-different-writing|same-jmdict-entry,彼ら,,彼ら,かれら,N2,かれら|彼ら|彼等,yes
かろうじて,かろうじて,N1,"{""N1"": 1}","{""community-independent"": ""N1""}",wordmaster,community-independent,1,kana/loanword,"barely, narrowly",same-reading-different-writing|same-jmdict-entry,辛うじて,,辛うじて,かろうじて,N1,かろうじて|辛うじて,yes
側,かわ,N1,"{""N1"": 1}","{""waller-derived"": ""N1""}",openjlpt|waller,waller-derived,1,lexical,side; row; surroundings,same-reading-different-writing|same-writing-different-reading|same-jmdict-entry,川|皮|革,がわ|そば,側,がわ,N4,かわ|がわ|側,yes
川/河,かわ,N5,"{""N5"": 1}","{""waller-derived"": ""N5""}",openjlpt,waller-derived,1,lexical,river,same-reading-different-writing,川|皮|革,,,,,,no
川; 河,かわ,N5,"{""N5"": 1}","{""community-independent"": ""N5""}",wordmaster,community-independent,1,lexical,河；川,same-reading-different-writing,川|皮|革,,,,,,no
河,かわ,N5,"{""N3"": 1, ""N5"": 1}","{""community-independent"": ""N3"", ""waller-derived"": ""N5""}",openjlpt|waller|wordmaster,community-independent|waller-derived,2,lexical,river; stream,same-reading-different-writing|same-jmdict-entry,川|皮|革,,川,かわ,N5,かわ|がわ|川|河,yes
可愛そう,かわいそう,N3,"{""N3"": 1}","{""community-independent"": ""N3""}",wordmaster,community-independent,1,lexical,可怜,same-reading-different-writing|same-jmdict-entry,かわいそう|可哀想,,かわいそう|可哀想,かわいそう,N3,かわいそう|可哀そう|可哀想|可哀相|可愛そう,yes
交す,かわす,N1,"{""N1"": 1}","{""community-independent"": ""N1""}",wordmaster,community-independent,1,lexical,to exchange,same-reading-different-writing|same-jmdict-entry,かわす|交わす,,かわす|交わす,かわす,N1|N2,かわす|交す|交わす,yes
代る,かわる,N3,"{""N2"": 1, ""N3"": 1}","{""community-independent"": ""N3"", ""waller-derived"": ""N2""}",openjlpt|waller|wordmaster,community-independent|waller-derived,2,lexical,(v5r; vi) to take the place of; to relieve,same-reading-different-writing|same-jmdict-entry,代わる|変わる|替わる,,代わる|替わる,かわる,N2|N4,かわる|代る|代わる|換る|換わる|替る|替わる,yes
代る代る,かわるがわる,N1,"{""N1"": 1}","{""community-independent"": ""N1""}",wordmaster,community-independent,1,lexical,alternately,same-reading-different-writing|same-jmdict-entry,代わる代わる,,代わる代わる,かわるがわる,N1,かわるがわる|代る代る|代わる代わる,yes
～観,かん,N3,"{""N3"": 1}","{""community-independent"": ""N3""}",wordmaster,community-independent,1,lexical,"feeling, view",same-reading-different-writing,勘|巻|棺|管|缶|艦|観|貫|間|韓|館,,,,,,no
乾,かん,N1,"{""N1"": 1}","{""waller-derived"": ""N1""}",openjlpt|waller,waller-derived,1,lexical,heaven; emperor,same-reading-different-writing,勘|巻|棺|管|缶|艦|観|貫|間|韓|館,,,,,,no
冠,かん,N1,"{""N1"": 1}","{""waller-derived"": ""N1""}",openjlpt|waller,waller-derived,1,lexical,crown; diadem; first,same-reading-different-writing|same-writing-different-reading|same-jmdict-entry,勘|巻|棺|管|缶|艦|観|貫|間|韓|館,かんむり,冠,かんむり,N2,かむり|かん|かんぶり|かんむり|冠,yes
幹,かん,N1,"{""N1"": 1}","{""waller-derived"": ""N1""}",openjlpt|waller,waller-derived,1,lexical,(tree) trunk,same-reading-different-writing|same-writing-different-reading,勘|巻|棺|管|缶|艦|観|貫|間|韓|館,みき,,,,,no
観衆,かんしゅう,N1,"{""N1"": 2}","{""community-independent"": ""N1"", ""waller-derived"": ""N1""}",openjlpt|waller|wordmaster,community-independent|waller-derived,2,lexical,spectators; onlookers; members of the audience,same-reading-different-writing,慣習|監修,,,,,,yes
肝腎,かんじん,N1,"{""N1"": 1}","{""community-independent"": ""N1""}",wordmaster,community-independent,1,lexical,"essential, fundamental, crucial",same-reading-different-writing|same-jmdict-entry,勧進|肝心,,肝心,かんじん,N2,かんじん|肝心|肝腎,yes
感ずる,かんずる,N2,"{""N2"": 2}","{""community-independent"": ""N2"", ""waller-derived"": ""N2""}",openjlpt|waller|wordmaster,community-independent|waller-derived,2,lexical,to feel; to sense,fully-absent,,,,,,,yes
間接,かんせつ,N2,"{""N2"": 2}","{""community-independent"": ""N2"", ""waller-derived"": ""N2""}",openjlpt|waller|wordmaster,community-independent|waller-derived,2,lexical,indirection; indirectness,same-reading-different-writing,関節,,,,,,yes
幹線,かんせん,N1,"{""N1"": 2}","{""community-independent"": ""N1"", ""waller-derived"": ""N1""}",openjlpt|waller|wordmaster,community-independent|waller-derived,2,lexical,main line; trunk line,same-reading-different-writing,感染|汗腺|観戦,,,,,,yes
完ぺき,かんぺき,N1,"{""N1"": 1}","{""community-independent"": ""N1""}",wordmaster,community-independent,1,lexical,"perfection, completeness, flawless",same-reading-different-writing|same-jmdict-entry,完璧,,完璧,かんぺき,N2,かんぺき|完ぺき|完壁|完璧,yes
カー,カー,N3,"{""N3"": 2}","{""community-independent"": ""N3"", ""waller-derived"": ""N3""}",waller|wordmaster,community-independent|waller-derived,2,kana/loanword,car,fully-absent,,,,,,,yes
我,が～,N1,"{""N1"": 1}","{""community-independent"": ""N1""}",wordmaster,community-independent,1,lexical,ego,same-writing-different-reading,,われ,,,,,no
蓋,がい,N1,"{""N1"": 1}","{""waller-derived"": ""N1""}",openjlpt|waller,waller-derived,1,lexical,cover; lid; cap,same-reading-different-writing|same-writing-different-reading,ガイ|外|害|街,ふた,,,,,no
外～,がい～,N2,"{""N2"": 1}","{""community-independent"": ""N2""}",wordmaster,community-independent,1,lexical,外国～，外部～,fully-absent,,,,,,,no
雅致,がち,N1,"{""N1"": 1}","{""waller-derived"": ""N1""}",openjlpt|waller,waller-derived,1,lexical,artistry; good taste; elegance,fully-absent,,,,,,,yes
がる,がる,N1,"{""N1"": 1}","{""waller-derived"": ""N1""}",waller,waller-derived,1,kana/loanword,feel,fully-absent,,,,,,,yes
ガレージ,ガレージ,N1,"{""N1"": 2}","{""community-independent"": ""N1"", ""waller-derived"": ""N1""}",waller|wordmaster,community-independent|waller-derived,2,kana/loanword,garage (at house),fully-absent,,,,,,,yes
眼科,がんか,N1,"{""N1"": 2}","{""community-independent"": ""N1"", ""waller-derived"": ""N1""}",openjlpt|waller|wordmaster,community-independent|waller-derived,2,lexical,ophthalmology,fully-absent,,,,,,,yes
眼球,がんきゅう,N1,"{""N1"": 2}","{""community-independent"": ""N1"", ""waller-derived"": ""N1""}",openjlpt|waller|wordmaster,community-independent|waller-derived,2,lexical,eyeball,fully-absent,,,,,,,yes
贋物,がんぶつ,N1,"{""N1"": 1}","{""waller-derived"": ""N1""}",openjlpt|waller,waller-derived,1,lexical,imitation; counterfeit; forgery,same-jmdict-entry,,,偽物,にせもの,N1,がんぶつ|ぎぶつ|にせもの|にせもん|にせ物|ニセモノ|ニセ物|偽もの|偽物|贋物,yes
季刊,きかん,N3,"{""N1"": 1, ""N3"": 1}","{""community-independent"": ""N3"", ""waller-derived"": ""N1""}",openjlpt|waller|wordmaster,community-independent|waller-derived,2,lexical,quarterly (e.g. magazine),same-reading-different-writing,器官|帰還|期間|機関|気管,,,,,,yes
兆,きざし,N1,"{""N1"": 2}","{""community-independent"": ""N1"", ""waller-derived"": ""N1""}",openjlpt|wordmaster,community-independent|waller-derived,2,lexical,signs; omen; symptoms,same-reading-different-writing|same-writing-different-reading,兆し,ちょう,,,,,no
きしむ,きしむ,N1,"{""N1"": 1}","{""community-independent"": ""N1""}",wordmaster,community-independent,1,kana/loanword,吱嘎作响,same-reading-different-writing|same-jmdict-entry,軋む,,軋む,きしむ,N1,きしむ|軋む,yes
規準,きじゅん,N2,"{""N2"": 2}","{""community-independent"": ""N2"", ""waller-derived"": ""N2""}",openjlpt|waller|wordmaster,community-independent|waller-derived,2,lexical,standard; basis; criteria,same-reading-different-writing|same-jmdict-entry,基準,,基準,きじゅん,N2,きじゅん|基準|規準,yes
奇数,きすう,N1,"{""N1"": 1}","{""waller-derived"": ""N1""}",openjlpt|waller,waller-derived,1,lexical,odd number,fully-absent,,,,,,,yes
汽船,きせん,N1,"{""N1"": 2}","{""community-independent"": ""N1"", ""waller-derived"": ""N1""}",openjlpt|waller|wordmaster,community-independent|waller-derived,2,lexical,steamship,fully-absent,,,,,,,yes
寄贈,きそう,N1,"{""N1"": 1}","{""waller-derived"": ""N1""}",openjlpt|waller,waller-derived,1,lexical,donation; presentation,same-reading-different-writing|same-writing-different-reading|same-jmdict-entry,競う,きぞう,寄贈,きぞう,N1,きそう|きぞう|寄贈,yes
切っ掛け,きっかけ,N1,"{""N1"": 1}","{""waller-derived"": ""N1""}",openjlpt|waller,waller-derived,1,lexical,chance; start; cue,same-reading-different-writing|same-jmdict-entry,きっかけ,,きっかけ,きっかけ,N2,きっかけ|キッカケ|切かけ|切っかけ|切っ掛|切っ掛け|切掛|切掛け|切欠,yes
屹度,きっと,N1,"{""N1"": 1}","{""waller-derived"": ""N1""}",openjlpt|waller,waller-derived,1,lexical,1.  (uk) surely; undoubtedly; certainly,same-reading-different-writing|same-jmdict-entry,きっと|キット,,きっと,きっと,N4,きっと|キッと|屹度|急度,yes
気付く,きづく,N3,"{""N3"": 2}","{""community-independent"": ""N3"", ""waller-derived"": ""N3""}",openjlpt|waller|wordmaster,community-independent|waller-derived,2,lexical,to notice; to recognize; to become aware of,same-reading-different-writing|same-jmdict-entry,気づく,,気づく,きづく,N4,きずく|きづく|気ずく|気づく|気付く|気附く,yes
気配,きはい,N1,"{""N1"": 1}","{""waller-derived"": ""N1""}",openjlpt|waller,waller-derived,1,lexical,indication; market trend; worry,same-writing-different-reading|same-jmdict-entry,,けはい,気配,けはい,N2,きはい|けはい|気配,yes
気風,きふう,N1,"{""N1"": 2}","{""community-independent"": ""N1"", ""waller-derived"": ""N1""}",openjlpt|waller|wordmaster,community-independent|waller-derived,2,lexical,character; traits; ethos,fully-absent,,,,,,,yes
きまりわるい,きまりわるい,N1,"{""N1"": 1}","{""community-independent"": ""N1""}",wordmaster,community-independent,1,kana/loanword,"feeling awkward, being ashamed",same-reading-different-writing|same-jmdict-entry,きまり悪い|決まり悪い,,きまり悪い|決まり悪い,きまりわるい,N1,きまりわるい|きまり悪い|極まり悪い|極り悪い|決まり悪い|決り悪い,yes
決る,きまる,N4,"{""N4"": 1}","{""waller-derived"": ""N4""}",openjlpt|waller,waller-derived,1,lexical,to be decided,same-reading-different-writing|same-jmdict-entry,決まる,,決まる,きまる,N4,きまる|キマる|極る|決まる|決る,yes
客観,きゃっかん,N1,"{""N1"": 2}","{""community-independent"": ""N1"", ""waller-derived"": ""N1""}",openjlpt|waller|wordmaster,community-independent|waller-derived,2,lexical,objective,fully-absent,,,,,,,yes
九,きゅう / く,N5,"{""N5"": 1}","{""waller-derived"": ""N5""}",openjlpt,waller-derived,1,lexical,nine,same-writing-different-reading,,きゅう,,,,,no
休学,きゅうがく,N1,"{""N1"": 2}","{""community-independent"": ""N1"", ""waller-derived"": ""N1""}",openjlpt|waller|wordmaster,community-independent|waller-derived,2,lexical,temporary absence from school; suspension,fully-absent,,,,,,,yes
休戦,きゅうせん,N1,"{""N1"": 2}","{""community-independent"": ""N1"", ""waller-derived"": ""N1""}",openjlpt|waller|wordmaster,community-independent|waller-derived,2,lexical,truce; armistice,fully-absent,,,,,,,yes
旧知,きゅうち,N1,"{""N1"": 2}","{""community-independent"": ""N1"", ""waller-derived"": ""N1""}",openjlpt|waller|wordmaster,community-independent|waller-derived,2,lexical,old friend; old friendship,same-reading-different-writing,窮地,,,,,,yes
巨,きょ,N1,"{""N1"": 1}","{""waller-derived"": ""N1""}",waller,waller-derived,1,lexical,"big, large, great",fully-absent,,,,,,,no
供,きょう,N1,"{""N1"": 1}","{""waller-derived"": ""N1""}",openjlpt,waller-derived,1,lexical,offer; present; submit,same-reading-different-writing,きょう|京|今日|卿|強|経|興,,,,,,no
共,きょう,N1,"{""N1"": 1}","{""waller-derived"": ""N1""}",openjlpt,waller-derived,1,lexical,both; neither (neg); all,same-reading-different-writing|same-writing-different-reading,きょう|京|今日|卿|強|経|興,とも,,,,,no
共学,きょうがく,N1,"{""N1"": 2}","{""community-independent"": ""N1"", ""waller-derived"": ""N1""}",openjlpt|waller|wordmaster,community-independent|waller-derived,2,lexical,coeducation,same-reading-different-writing,驚愕,,,,,,yes
共産,きょうさん,N1,"{""N1"": 1}","{""waller-derived"": ""N1""}",openjlpt|waller,waller-derived,1,lexical,communism,fully-absent,,,,,,,yes
共産～,きょうさん～,N2,"{""N2"": 1}","{""community-independent"": ""N2""}",wordmaster,community-independent,1,lexical,communist ~,fully-absent,,,,,,,no
姉妹,きょうだい,N1,"{""N1"": 1}","{""waller-derived"": ""N1""}",openjlpt|waller,waller-derived,1,lexical,sisters,same-reading-different-writing|same-writing-different-reading|same-jmdict-entry,兄弟|強大|鏡台,しまい,しまい|姉妹,しまい,N2|N4,きょうだい|しまい|姉妹,yes
局,きょく,N3,"{""N3"": 2}","{""community-independent"": ""N3"", ""waller-derived"": ""N3""}",openjlpt|waller|wordmaster,community-independent|waller-derived,2,lexical,court lady; lady in waiting,same-reading-different-writing,曲,,,,,,yes
局限,きょくげん,N1,"{""N1"": 2}","{""community-independent"": ""N1"", ""waller-derived"": ""N1""}",openjlpt|waller|wordmaster,community-independent|waller-derived,2,lexical,limit; localize,same-reading-different-writing,極限,,,,,,yes
きらびやか,きらびやか,N1,"{""N1"": 1}","{""community-independent"": ""N1""}",wordmaster,community-independent,1,kana/loanword,"gorgeous, gaudy, dazzling",same-reading-different-writing|same-jmdict-entry,煌びやか,,煌びやか,きらびやか,N1,きらびやか|煌びやか|綺羅びやか,yes
切替,きりかえ,N1,"{""N1"": 1}","{""community-independent"": ""N1""}",wordmaster,community-independent,1,lexical,"exchange, conversion, switchover",same-reading-different-writing|same-jmdict-entry,切り替え,,切り替え,きりかえ,N1,きりかえ|切り換え|切り替え|切換|切換え|切替|切替え,yes
斬る,きる,N2,"{""N2"": 2}","{""community-independent"": ""N2"", ""waller-derived"": ""N2""}",openjlpt|waller|wordmaster,community-independent|waller-derived,2,lexical,(v5r) to behead; to murder,same-reading-different-writing|same-jmdict-entry,きる|切る|着る,,きる,きる,N2,きる|斬る,yes
奇麗,きれい,N1,"{""N1"": 1}","{""waller-derived"": ""N1""}",openjlpt|waller,waller-derived,1,lexical,pretty; clean; nice,same-reading-different-writing|same-jmdict-entry,きれい|綺麗,,きれい|綺麗,きれい,N5,きれい|きれーい|キレイ|奇麗|暉麗|綺麗,yes
キロ; キログラム,キロ; キログラム,N5,"{""N5"": 1}","{""community-independent"": ""N5""}",wordmaster,community-independent,1,lexical,(abbr.) kilo (kilogram),fully-absent,,,,,,,no
キロ; キロメートル,キロ; キロメートル,N5,"{""N5"": 1}","{""community-independent"": ""N5""}",wordmaster,community-independent,1,lexical,(abbr.) kilo (kilometer),fully-absent,,,,,,,no
木綿,きわた,N1,"{""N1"": 1}","{""waller-derived"": ""N1""}",openjlpt|waller,waller-derived,1,lexical,cotton,same-writing-different-reading|same-jmdict-entry,,もめん,木綿,もめん,N4,きわた|もめん|木棉|木綿,yes
僅,きん,N1,"{""N1"": 1}","{""waller-derived"": ""N1""}",openjlpt,waller-derived,1,lexical,a little; small quantity,same-reading-different-writing,菌|金,,,,,,no
僅々,きんきん,N1,"{""N1"": 1}","{""waller-derived"": ""N1""}",waller,waller-derived,1,lexical,"a little, small quantity",fully-absent,,,,,,,yes
近々,きんきん,N1,"{""N1"": 1}","{""waller-derived"": ""N1""}",openjlpt|waller,waller-derived,1,lexical,nearness; before long,same-writing-different-reading|same-jmdict-entry,,ちかぢか,近々,ちかぢか,N1,きんきん|ちかぢか|近々|近ぢか|近近,yes
禁ずる,きんずる,N1,"{""N1"": 1}","{""waller-derived"": ""N1""}",openjlpt|waller,waller-derived,1,lexical,to forbid; to suppress,fully-absent,,,,,,,yes
金曜,きんよう,N3,"{""N3"": 1}","{""waller-derived"": ""N3""}",openjlpt|waller,waller-derived,1,lexical,(abbr) Friday,fully-absent,,,,,,,yes
議事堂,ぎじどう,N1,"{""N1"": 2}","{""community-independent"": ""N1"", ""waller-derived"": ""N1""}",openjlpt|waller|wordmaster,community-independent|waller-derived,2,lexical,Diet building,fully-absent,,,,,,,yes
九,く,N5,"{""N5"": 1}","{""waller-derived"": ""N5""}",waller,waller-derived,1,lexical,Nine,same-reading-different-writing|same-writing-different-reading|same-jmdict-entry,区|句|苦,きゅう,ここ|この|九,きゅう|ここ|この,N5,きゅう|く|ここ|ここの|この|九|玖|９,yes
空～,くう～,N2,"{""N2"": 1}","{""community-independent"": ""N2""}",wordmaster,community-independent,1,lexical,空～,fully-absent,,,,,,,no
くぐる,くぐる,N1,"{""N1"": 1}","{""community-independent"": ""N1""}",wordmaster,community-independent,1,kana/loanword,to pass through; to go around,same-reading-different-writing|same-jmdict-entry,潜る,,潜る,くぐる,N1,くぐる|潜る,yes
種々,くさぐさ,N1,"{""N1"": 1}","{""waller-derived"": ""N1""}",openjlpt|waller,waller-derived,1,lexical,variety,same-writing-different-reading,,しゅじゅ,,,,,no
嚏,くしゃみ,N1,"{""N1"": 1}","{""waller-derived"": ""N1""}",openjlpt|waller,waller-derived,1,lexical,sneeze,same-reading-different-writing|same-jmdict-entry,くしゃみ,,くしゃみ,くしゃみ,N3,くさめ|くしゃみ|くっさめ|クシャミ|嚏|嚔,yes
くじ (～をひく),くじ (～をひく),N1,"{""N1"": 1}","{""community-independent"": ""N1""}",wordmaster,community-independent,1,lexical,"lottery, lot",fully-absent,,,,,,,no
旧事,くじ,N1,"{""N1"": 1}","{""waller-derived"": ""N1""}",openjlpt|waller,waller-derived,1,lexical,past events; bygones,same-reading-different-writing|same-writing-different-reading|same-jmdict-entry,くじ|籤,きゅうじ,くじ|旧事,きゅうじ|くじ,N1|N2,きゅうじ|くじ|旧事,yes
くじびき,くじびき,N1,"{""N1"": 1}","{""community-independent"": ""N1""}",wordmaster,community-independent,1,kana/loanword,"lottery, drawn lot",same-reading-different-writing|same-jmdict-entry,くじ引き,,くじ引き,くじびき,N2,くじびき|くじ引き|籤引|籤引き,yes
籤引,くじびき,N1,"{""N1"": 1}","{""waller-derived"": ""N1""}",openjlpt|waller,waller-derived,1,lexical,lottery; drawn lot,same-reading-different-writing|same-jmdict-entry,くじ引き,,くじ引き,くじびき,N2,くじびき|くじ引き|籤引|籤引き,yes
擽ぐったい,くすぐったい,N1,"{""N1"": 1}","{""waller-derived"": ""N1""}",openjlpt|waller,waller-derived,1,lexical,ticklish,same-reading-different-writing|same-jmdict-entry,くすぐったい,,くすぐったい,くすぐったい,N1,くすぐったい|擽ぐったい|擽ったい,yes
ください,ください,N5,"{""N5"": 1}","{""waller-derived"": ""N5""}",waller,waller-derived,1,fixed-expression/conjugated,Please,same-reading-different-writing|same-jmdict-entry,下さい,,下さい,ください,N5,ください|下さい,yes
口吟む,くちずさむ,N1,"{""N1"": 1}","{""community-independent"": ""N1""}",wordmaster,community-independent,1,lexical,to humble,same-reading-different-writing|same-jmdict-entry,口ずさむ,,口ずさむ,くちずさむ,N1,くちずさむ|口ずさむ|口吟む|口遊む,yes
諄い,くどい,N1,"{""N1"": 1}","{""waller-derived"": ""N1""}",openjlpt|waller,waller-derived,1,lexical,verbose; importunate; heavy (taste),same-reading-different-writing|same-jmdict-entry,くどい,,くどい,くどい,N2,くどい|クドい|諄い,yes
国境,くにざかい,N1,"{""N1"": 1}","{""waller-derived"": ""N1""}",openjlpt|waller,waller-derived,1,lexical,national or state border,same-writing-different-reading|same-jmdict-entry,,こっきょう,国境,こっきょう,N3,くにざかい|こっきょう|国ざかい|国境|国界,yes
組合せ,くみあわせ,N2,"{""N2"": 2}","{""community-independent"": ""N2"", ""waller-derived"": ""N2""}",openjlpt|waller|wordmaster,community-independent|waller-derived,2,lexical,combination,same-reading-different-writing|same-jmdict-entry,組み合わせ,,組み合わせ,くみあわせ,N2,くみあわせ|組み合せ|組み合わせ|組合せ|組合わせ,yes
曇,くもり,N3,"{""N3"": 1}","{""waller-derived"": ""N3""}",openjlpt|waller,waller-derived,1,lexical,cloudiness; cloudy weather; shadow,same-reading-different-writing|same-jmdict-entry,曇り,,曇り,くもり,N5,くもり|曇|曇り,yes
呉れ呉れも,くれぐれも,N1,"{""N1"": 1}","{""waller-derived"": ""N1""}",openjlpt|waller,waller-derived,1,lexical,repeatedly; sincerely; earnestly,same-reading-different-writing|same-jmdict-entry,くれぐれも,,くれぐれも,くれぐれも,N1,くれぐれも|呉々も|呉れ呉れも|呉呉も,yes
呉れる,くれる,N4,"{""N4"": 1}","{""waller-derived"": ""N4""}",openjlpt|waller,waller-derived,1,lexical,to give; to let one have; to do for one,same-reading-different-writing|same-jmdict-entry,くれる|暮れる,,くれる,くれる,N5,くれる|呉れる,yes
咥える,くわえる,N3,"{""N2"": 1, ""N3"": 1}","{""community-independent"": ""N3"", ""waller-derived"": ""N2""}",waller|wordmaster,community-independent|waller-derived,2,lexical,叼，衔,same-reading-different-writing|same-jmdict-entry,くわえる|加える,,くわえる,くわえる,N3,くわえる|咥える|啣える|銜える,yes
訓,くん,N3,"{""N3"": 2}","{""community-independent"": ""N3"", ""waller-derived"": ""N3""}",openjlpt|waller|wordmaster,community-independent|waller-derived,2,lexical,native Japanese reading of a Chinese character,same-reading-different-writing,君,,,,,,yes
ぐらい,ぐらい,N1,"{""N1"": 1}","{""waller-derived"": ""N1""}",waller,waller-derived,1,kana/loanword,approximately,fully-absent,,,,,,,yes
傾,けい,N1,"{""N1"": 1}","{""waller-derived"": ""N1""}",openjlpt|waller,waller-derived,1,lexical,lean; incline,same-reading-different-writing,系|計,,,,,,no
刑,けい,N3,"{""N1"": 1, ""N3"": 1}","{""community-independent"": ""N3"", ""waller-derived"": ""N1""}",openjlpt|waller|wordmaster,community-independent|waller-derived,2,lexical,penalty; sentence; punishment,same-reading-different-writing,系|計,,,,,,yes
頃,けい,N1,"{""N1"": 1}","{""waller-derived"": ""N1""}",openjlpt|waller,waller-derived,1,lexical,time; about; toward,same-reading-different-writing|same-writing-different-reading,系|計,ころ,,,,,yes
計画,けいかくする,N4,"{""N4"": 2}","{""community-independent"": ""N4"", ""waller-derived"": ""N4""}",openjlpt|wordmaster,community-independent|waller-derived,2,lexical,to plan,same-writing-different-reading,,けいかく,,,,,no
経験,けいけんする,N4,"{""N4"": 2}","{""community-independent"": ""N4"", ""waller-derived"": ""N4""}",openjlpt|wordmaster,community-independent|waller-derived,2,lexical,to experience,same-writing-different-reading,,けいけん,,,,,no
形容詞,けいようし,N2,"{""N2"": 2}","{""community-independent"": ""N2"", ""waller-derived"": ""N2""}",openjlpt|waller|wordmaster,community-independent|waller-derived,2,lexical,true adjective,fully-absent,,,,,,,yes
汚す,けがす,N1,"{""N1"": 1}","{""waller-derived"": ""N1""}",openjlpt|waller,waller-derived,1,lexical,to disgrace; to dishonour,same-writing-different-reading|same-jmdict-entry,,よごす,汚す,よごす,N3,けがす|よごす|汚す|穢す,yes
けがする,けがする,N4,"{""N4"": 1}","{""community-independent"": ""N4""}",wordmaster,community-independent,1,kana/loanword,"injury (to animate object), hurt",fully-absent,,,,,,,no
けがらわしい,けがらわしい,N1,"{""N1"": 1}","{""community-independent"": ""N1""}",wordmaster,community-independent,1,kana/loanword,肮脏的,same-reading-different-writing|same-jmdict-entry,汚らわしい,,汚らわしい,けがらわしい,N1,けがらわしい|汚らわしい|穢らわしい,yes
獣,けだもの,N1,"{""N1"": 2}","{""community-independent"": ""N1"", ""waller-derived"": ""N1""}",openjlpt|waller|wordmaster,community-independent|waller-derived,2,lexical,beast; brute,same-writing-different-reading|same-jmdict-entry,,けもの,獣,けもの,N1,けだもの|けもの|じゅう|ケダモノ|ケモノ|獣,yes
吝嗇,けち,N1,"{""N1"": 1}","{""waller-derived"": ""N1""}",openjlpt|waller,waller-derived,1,lexical,stinginess; miser; miserliness,same-reading-different-writing|same-jmdict-entry,けち|ケチ,,けち|ケチ,けち|ケチ,N3,けち|ケチ|吝嗇,yes
結婚,けっこん (する),N5,"{""N5"": 1}","{""community-independent"": ""N5""}",wordmaster,community-independent,1,lexical,marriage (get married),same-writing-different-reading,,けっこん,,,,,no
傑,けつ,N1,"{""N1"": 1}","{""waller-derived"": ""N1""}",openjlpt|waller,waller-derived,1,lexical,excellence,fully-absent,,,,,,,yes
決,けつ,N1,"{""N1"": 1}","{""community-independent"": ""N1""}",wordmaster,community-independent,1,lexical,"decision, vote",fully-absent,,,,,,,yes
けれど; けれども,けれど; けれども,N4,"{""N4"": 1}","{""community-independent"": ""N4""}",wordmaster,community-independent,1,lexical,"but, although",fully-absent,,,,,,,no
けんかする,けんかする,N4,"{""N4"": 1}","{""community-independent"": ""N4""}",wordmaster,community-independent,1,kana/loanword,quarrel,fully-absent,,,,,,,no
芸,げい,N1,"{""N1"": 1}","{""community-independent"": ""N1""}",wordmaster,community-independent,1,lexical,才艺,same-reading-different-writing,ゲイ,,,,,,yes
月曜,げつよう,N3,"{""N3"": 1}","{""waller-derived"": ""N3""}",openjlpt|waller,waller-derived,1,lexical,Monday,fully-absent,,,,,,,yes
現～,げん～,N2,"{""N2"": 1}","{""community-independent"": ""N2""}",wordmaster,community-independent,1,lexical,"present, incumbent",fully-absent,,,,,,,no
元気でね,げんきでね,N2,"{""N2"": 1}","{""waller-derived"": ""N2""}",waller,waller-derived,1,lexical,,fully-absent,,,,,,,yes
原書,げんしょ,N1,"{""N1"": 2}","{""community-independent"": ""N1"", ""waller-derived"": ""N1""}",openjlpt|waller|wordmaster,community-independent|waller-derived,2,lexical,original document,same-reading-different-writing,原初,,,,,,yes
現場,げんじょう,N1,"{""N1"": 1}","{""waller-derived"": ""N1""}",openjlpt|waller,waller-derived,1,lexical,actual spot; scene; scene of the crime,same-reading-different-writing|same-writing-different-reading|same-jmdict-entry,現状,げんば,現場,げんば,N2,げんじょう|げんば|現場,yes
言論,げんろん,N1,"{""N1"": 2}","{""community-independent"": ""N1"", ""waller-derived"": ""N1""}",openjlpt|waller|wordmaster,community-independent|waller-derived,2,lexical,discussion,fully-absent,,,,,,,yes
児,こ,N1,"{""N1"": 1}","{""waller-derived"": ""N1""}",openjlpt|waller,waller-derived,1,lexical,child; the young of animals,same-reading-different-writing|same-writing-different-reading|same-jmdict-entry,子|戸,じ,子,こ,N4,こ|児|子,yes
巨,こ,N1,"{""N1"": 1}","{""waller-derived"": ""N1""}",openjlpt,waller-derived,1,lexical,big; large; great,same-reading-different-writing,子|戸,,,,,,no
故,こ,N1,"{""N1"": 1}","{""waller-derived"": ""N1""}",openjlpt|waller,waller-derived,1,lexical,the late (deceased),same-reading-different-writing,子|戸,,,,,,yes
小～,こ～,N2,"{""N2"": 1}","{""community-independent"": ""N2""}",wordmaster,community-independent,1,lexical,small ~,fully-absent,,,,,,,no
故～,こ～,N1,"{""N1"": 1}","{""community-independent"": ""N1""}",wordmaster,community-independent,1,lexical,"deceased, late",fully-absent,,,,,,,no
斯う,こう,N4,"{""N4"": 1}","{""waller-derived"": ""N4""}",waller,waller-derived,1,lexical,this way,same-reading-different-writing|same-jmdict-entry,こう|乞う|侯|校|甲|稿|高|黄,,こう,こう,N5,こう|斯う,yes
溝,こう,N1,"{""N1"": 1}","{""waller-derived"": ""N1""}",openjlpt|waller,waller-derived,1,lexical,10^38; hundred undecillion (American); hundred sextillion (British),same-reading-different-writing|same-writing-different-reading|same-jmdict-entry,こう|乞う|侯|校|甲|稿|高|黄,どぶ|みぞ,こう,こう,N5,こう|溝,yes
請う,こう,N2,"{""N2"": 1}","{""waller-derived"": ""N2""}",openjlpt|waller,waller-derived,1,lexical,to ask; to request,same-reading-different-writing|same-jmdict-entry,こう|乞う|侯|校|甲|稿|高|黄,,こう|乞う,こう,N2|N5,こう|乞う|請う,yes
高～,こう～,N2,"{""N2"": 1}","{""community-independent"": ""N2""}",wordmaster,community-independent,1,lexical,high (level) ~,fully-absent,,,,,,,no
行員,こういん,N1,"{""N1"": 1}","{""waller-derived"": ""N1""}",openjlpt|waller,waller-derived,1,lexical,bank clerk,same-reading-different-writing,光陰|工員,,,,,,yes
航海,こうかい,N3,"{""N1"": 1, ""N3"": 1}","{""community-independent"": ""N3"", ""waller-derived"": ""N1""}",openjlpt|waller|wordmaster,community-independent|waller-derived,2,lexical,sail; voyage,same-reading-different-writing,公開|後悔,,,,,,yes
高校; 高等学校,こうこう; こうとうがっこう,N4,"{""N4"": 1}","{""community-independent"": ""N4""}",wordmaster,community-independent,1,lexical,high school; senior high school,fully-absent,,,,,,,no
煌々と,こうこうと,N1,"{""N1"": 2}","{""community-independent"": ""N1"", ""waller-derived"": ""N1""}",openjlpt|wordmaster,community-independent|waller-derived,2,lexical,brilliantly; brightly,fully-absent,,,,,,,no
高尚,こうしょう,N1,"{""N1"": 2}","{""community-independent"": ""N1"", ""waller-derived"": ""N1""}",openjlpt|waller|wordmaster,community-independent|waller-derived,2,lexical,high; noble; refined,same-reading-different-writing,交渉,,,,,,yes
行進,こうしん,N1,"{""N1"": 2}","{""community-independent"": ""N1"", ""waller-derived"": ""N1""}",openjlpt|waller|wordmaster,community-independent|waller-derived,2,lexical,march; parade,same-reading-different-writing,交信|更新,,,,,,yes
公然,こうぜん,N1,"{""N1"": 2}","{""community-independent"": ""N1"", ""waller-derived"": ""N1""}",openjlpt|waller|wordmaster,community-independent|waller-derived,2,lexical,open (e.g. secret); public; official,fully-absent,,,,,,,yes
抗争,こうそう,N1,"{""N1"": 2}","{""community-independent"": ""N1"", ""waller-derived"": ""N1""}",openjlpt|waller|wordmaster,community-independent|waller-derived,2,lexical,dispute; resistance,same-reading-different-writing,構想|高層,,,,,,yes
交替,こうたい,N2,"{""N2"": 2}","{""community-independent"": ""N2"", ""waller-derived"": ""N2""}",openjlpt|waller|wordmaster,community-independent|waller-derived,2,lexical,alternation; change; relief,same-reading-different-writing|same-jmdict-entry,交代|抗体,,交代,こうたい,N2,こうたい|こうだい|交代|交替,yes
後退,こうたい,N1,"{""N1"": 2}","{""community-independent"": ""N1"", ""waller-derived"": ""N1""}",openjlpt|waller|wordmaster,community-independent|waller-derived,2,lexical,retreat; backspace (BS),same-reading-different-writing,交代|抗体,,,,,,yes
耕地,こうち,N2,"{""N2"": 2}","{""community-independent"": ""N2"", ""waller-derived"": ""N2""}",openjlpt|waller|wordmaster,community-independent|waller-derived,2,lexical,arable land,same-reading-different-writing,高地,,,,,,yes
購読,こうどく,N1,"{""N1"": 2}","{""community-independent"": ""N1"", ""waller-derived"": ""N1""}",openjlpt|waller|wordmaster,community-independent|waller-derived,2,lexical,subscription (e.g. magazine),same-reading-different-writing,講読,,,,,,yes
公用,こうよう,N1,"{""N1"": 2}","{""community-independent"": ""N1"", ""waller-derived"": ""N1""}",openjlpt|waller|wordmaster,community-independent|waller-derived,2,lexical,government business; public use; public expense,same-reading-different-writing,効用|紅葉|高揚|黄葉,,,,,,yes
国防,こくぼう,N1,"{""N1"": 2}","{""community-independent"": ""N1"", ""waller-derived"": ""N1""}",openjlpt|waller|wordmaster,community-independent|waller-derived,2,lexical,national defence,same-reading-different-writing,国貿,,,,,,yes
此処,ここ,N5,"{""N5"": 1}","{""waller-derived"": ""N5""}",waller,waller-derived,1,lexical,Here,same-reading-different-writing|same-jmdict-entry,ここ|個々,,ここ,ここ,N5,ここ|是|此処|此所|爰|茲,yes
箇箇,ここ,N1,"{""N1"": 1}","{""waller-derived"": ""N1""}",openjlpt|waller,waller-derived,1,lexical,individual; separate,same-reading-different-writing|same-jmdict-entry,ここ|個々,,ここ|個々,ここ,N2|N5,ここ|個々|個個|箇々|箇箇,yes
故障,こしょうする,N4,"{""N4"": 2}","{""community-independent"": ""N4"", ""waller-derived"": ""N4""}",openjlpt|wordmaster,community-independent|waller-derived,2,lexical,to break-down,same-writing-different-reading,,こしょう,,,,,no
こしらえる,こしらえる,N2,"{""N2"": 2}","{""community-independent"": ""N2"", ""waller-derived"": ""N2""}",waller|wordmaster,community-independent|waller-derived,2,kana/loanword,"to make,to manufacture",same-reading-different-writing|same-jmdict-entry,拵える,,拵える,こしらえる,N2,こしらえる|拵える,yes
故人,こじん,N3,"{""N1"": 1, ""N3"": 1}","{""community-independent"": ""N3"", ""waller-derived"": ""N1""}",openjlpt|waller|wordmaster,community-independent|waller-derived,2,lexical,the deceased; old friend,same-reading-different-writing,個人,,,,,,yes
こす (みずを～),こす (みずを～),N1,"{""N1"": 1}","{""community-independent"": ""N1""}",wordmaster,community-independent,1,lexical,过滤,fully-absent,,,,,,,no
答,こたえ,N4,"{""N4"": 2}","{""community-independent"": ""N4"", ""waller-derived"": ""N4""}",openjlpt|waller|wordmaster,community-independent|waller-derived,2,lexical,response,same-reading-different-writing|same-jmdict-entry,応え|答え,,応え|答え,こたえ,N2|N5,こたえ|報え|応え|答|答え,yes
堪える,こたえる,N1,"{""N1"": 1}","{""waller-derived"": ""N1""}",openjlpt|waller,waller-derived,1,lexical,to bear; to stand; to endure,same-reading-different-writing|same-writing-different-reading|same-jmdict-entry,応える|答える,こらえる,堪える,こらえる,N2,こたえる|こらえる|堪える|怺える,yes
火燵,こたつ,N1,"{""N1"": 1}","{""waller-derived"": ""N1""}",openjlpt|waller,waller-derived,1,lexical,table with heater; (orig) charcoal brazier in a floor well,same-reading-different-writing|same-jmdict-entry,こたつ|炬燵,,こたつ|炬燵,こたつ,N1,こたつ|コタツ|火燵|炬燵,yes
こちらこそ,こちらこそ,N2,"{""N2"": 2}","{""community-independent"": ""N2"", ""waller-derived"": ""N2""}",waller|wordmaster,community-independent|waller-derived,2,kana/loanword,it is I who should say so,fully-absent,,,,,,,yes
此方,こっち,N5,"{""N5"": 1}","{""waller-derived"": ""N5""}",waller,waller-derived,1,lexical,this person or way,same-reading-different-writing|same-jmdict-entry,こっち,,こちら|こっち,こちら|こっち,N5,こち|こちら|こっち|此方,yes
こつ (をつかむ),こつ (をつかむ),N1,"{""N1"": 1}","{""community-independent"": ""N1""}",wordmaster,community-independent,1,lexical,诀窍,fully-absent,,,,,,,no
言付け,ことづけ,N1,"{""N1"": 1}","{""community-independent"": ""N1""}",wordmaster,community-independent,1,lexical,口信,same-reading-different-writing,ことづけ,,,,,,no
こないだ,こないだ,N2,"{""N2"": 2}","{""community-independent"": ""N2"", ""waller-derived"": ""N2""}",waller|wordmaster,community-independent|waller-derived,2,kana/loanword,"the other day,lately,recently",fully-absent,,,,,,,yes
此の,この,N5,"{""N5"": 1}","{""waller-derived"": ""N5""}",openjlpt|waller,waller-derived,1,lexical,this,same-reading-different-writing|same-jmdict-entry,この,,この,この,N5,この|こん|斯の|此の,yes
このあいだ,このあいだ,N4,"{""N4"": 1}","{""waller-derived"": ""N4""}",waller,waller-derived,1,kana/loanword,"the other day,recently",same-reading-different-writing|same-jmdict-entry,この間,,この間,このあいだ,N3,このあいだ|このかん|この間|此の間,yes
コピーする,コピーする,N5,"{""N5"": 1}","{""community-independent"": ""N5""}",wordmaster,community-independent,1,kana/loanword,to copy,fully-absent,,,,,,,no
混む,こむ,N1,"{""N1"": 1}","{""waller-derived"": ""N1""}",openjlpt|waller,waller-derived,1,lexical,to be crowded,same-reading-different-writing,込む,,,,,,yes
篭る,こもる,N1,"{""N1"": 1}","{""waller-derived"": ""N1""}",openjlpt|waller,waller-derived,1,lexical,to seclude oneself; to be confined in; to be implied,same-reading-different-writing|same-jmdict-entry,こもる|籠もる,,こもる|籠もる,こもる,N1,こもる|篭もる|篭る|籠もる|籠る|隠る,yes
こらえる,こらえる,N2,"{""N2"": 1}","{""waller-derived"": ""N2""}",waller,waller-derived,1,kana/loanword,"to bear,to stand,to endure,to put up with",same-reading-different-writing|same-jmdict-entry,堪える,,堪える,こらえる,N2,こたえる|こらえる|堪える|怺える,yes
此れ,これ,N1,"{""N1"": 1}","{""waller-derived"": ""N1""}",openjlpt|waller,waller-derived,1,lexical,this,same-reading-different-writing|same-jmdict-entry,これ,,これ,これ,N5,これ|之|之れ|惟|是|是れ|此|此れ|維,yes
此れ等,これら,N1,"{""N1"": 1}","{""waller-derived"": ""N1""}",openjlpt|waller,waller-derived,1,lexical,these,same-reading-different-writing|same-jmdict-entry,これら|これ等|コレラ,,これら|これ等,これら,N3,これら|これ等|之等|是等|此れ等|此等,yes
今～,こん～,N2,"{""N2"": 1}","{""community-independent"": ""N2""}",wordmaster,community-independent,1,lexical,"this, current",fully-absent,,,,,,,no
コンタクト (レンズ),コンタクト (レンズ),N1,"{""N1"": 1}","{""community-independent"": ""N1""}",wordmaster,community-independent,1,lexical,contact; contact lens,fully-absent,,,,,,,no
今日,こんにち,N3,"{""N3"": 2}","{""community-independent"": ""N3"", ""waller-derived"": ""N3""}",openjlpt|waller|wordmaster,community-independent|waller-derived,2,lexical,today; this day,same-writing-different-reading|same-jmdict-entry,,きょう,きょう|今日,きょう,N1|N5,きょう|こんじつ|こんち|こんにち|今日,yes
今晩は,こんばんは,N1,"{""N1"": 1}","{""waller-derived"": ""N1""}",openjlpt|waller,waller-derived,1,lexical,good evening,same-reading-different-writing|same-jmdict-entry,こんばんは,,こんばんは,こんばんは,N5,こんばんは|こんばんわ|今晩は,yes
コンピュータ; コンピューター,コンピュータ; コンピューター,N4,"{""N4"": 1}","{""community-independent"": ""N4""}",wordmaster,community-independent,1,lexical,computer,fully-absent,,,,,,,no
御,ご,N1,"{""N1"": 1}","{""waller-derived"": ""N1""}",openjlpt|waller,waller-derived,1,lexical,go-; honourable,same-reading-different-writing,五|後|碁|語,,,,,,yes
御～,ご～,N4,"{""N4"": 1}","{""community-independent"": ""N4""}",wordmaster,community-independent,1,lexical,honorable ~,fully-absent,,,,,,,no
濠,ごう,N1,"{""N1"": 1}","{""waller-derived"": ""N1""}",openjlpt|waller,waller-derived,1,lexical,moat,same-reading-different-writing|same-jmdict-entry,号|合|壕|業|豪,,壕|豪,ごう,N1,ごう|壕|濠|豪,yes
合議,ごうぎ,N1,"{""N1"": 2}","{""community-independent"": ""N1"", ""waller-derived"": ""N1""}",openjlpt|waller|wordmaster,community-independent|waller-derived,2,lexical,consultation; conference,same-reading-different-writing,豪儀,,,,,,yes
強気,ごうぎ,N1,"{""N1"": 1}","{""waller-derived"": ""N1""}",openjlpt|waller,waller-derived,1,lexical,great; grand,same-reading-different-writing|same-writing-different-reading|same-jmdict-entry,豪儀,つよき,豪儀,ごうぎ,N1,ごうき|ごうぎ|強気|豪儀|豪気,yes
ごくろうさま,ごくろうさま,N2,"{""N2"": 1}","{""waller-derived"": ""N2""}",waller,waller-derived,1,kana/loanword,Thank you very much for your....,fully-absent,,,,,,,yes
ご苦労様,ごくろうさま,N2,"{""N1"": 1, ""N2"": 1}","{""community-independent"": ""N2"", ""waller-derived"": ""N1""}",openjlpt|waller|wordmaster,community-independent|waller-derived,2,lexical,Thank you very much for your....,fully-absent,,,,,,,yes
ございます (かん),ございます (かん),N1,"{""N1"": 1}","{""community-independent"": ""N1""}",wordmaster,community-independent,1,lexical,"to be (polite, to exist)",fully-absent,,,,,,,no
ご座います,ございます,N1,"{""N1"": 1}","{""waller-derived"": ""N1""}",openjlpt|waller,waller-derived,1,fixed-expression/conjugated,to be (polite); to exist,fully-absent,,,,,,,yes
御主人,ごしゅじん,N4,"{""N4"": 1}","{""waller-derived"": ""N4""}",openjlpt|waller,waller-derived,1,lexical,(honorable) your husband,same-reading-different-writing|same-jmdict-entry,ご主人,,ご主人,ごしゅじん,N4,ごしゅじん|ご主人|御主人,yes
御馳走,ごちそう,N2,"{""N2"": 1}","{""waller-derived"": ""N2""}",openjlpt|waller,waller-derived,1,lexical,feast; treating (someone),same-reading-different-writing|same-jmdict-entry,ごちそう|ご馳走,,ごちそう|ご馳走,ごちそう,N3|N4,ごちそう|ご馳走|御馳走,yes
ごちそうさま,ごちそうさま,N2,"{""N2"": 2}","{""community-independent"": ""N2"", ""waller-derived"": ""N2""}",waller|wordmaster,community-independent|waller-derived,2,kana/loanword,feast,same-reading-different-writing|same-jmdict-entry,ご馳走様,,ご馳走様,ごちそうさま,N2,ごちそうさま|ご馳走さま|ご馳走様|御馳走様,yes
ご馳走さま,ごちそうさま,N1,"{""N1"": 1}","{""waller-derived"": ""N1""}",openjlpt|waller,waller-derived,1,lexical,feast,same-reading-different-writing|same-jmdict-entry,ご馳走様,,ご馳走様,ごちそうさま,N2,ごちそうさま|ご馳走さま|ご馳走様|御馳走様,yes
御飯,ごはん,N5,"{""N5"": 2}","{""community-independent"": ""N5"", ""waller-derived"": ""N5""}",openjlpt|waller|wordmaster,community-independent|waller-derived,2,lexical,cooked rice; meal,same-reading-different-writing|same-jmdict-entry,ごはん|ご飯,,ごはん|ご飯,ごはん,N1|N5,ごはん|ご飯|御飯,yes
塵芥,ごみ,N2,"{""N2"": 1}","{""waller-derived"": ""N2""}",openjlpt,waller-derived,1,lexical,trash; rubbish,same-reading-different-writing,ごみ|塵,,,,,,no
御免ください,ごめんください,N1,"{""N1"": 1}","{""waller-derived"": ""N1""}",openjlpt|waller,waller-derived,1,fixed-expression/conjugated,May I come in?,same-reading-different-writing|same-jmdict-entry,ごめんください|ごめん下さい,,ごめんください|ごめん下さい,ごめんください,N1|N2,ごめんください|ごめん下さい|ご免ください|ご免下さい|御免ください|御免下さい,yes
ごらんなさい (かん),ごらんなさい (かん),N1,"{""N1"": 1}","{""community-independent"": ""N1""}",wordmaster,community-independent,1,lexical,看,fully-absent,,,,,,,no
御覧なさい,ごらんなさい,N1,"{""N1"": 1}","{""waller-derived"": ""N1""}",openjlpt|waller,waller-derived,1,fixed-expression/conjugated,(please) look; (please) try to do,fully-absent,,,,,,,yes
ごらんになる,ごらんになる,N4,"{""N4"": 1}","{""waller-derived"": ""N4""}",waller,waller-derived,1,kana/loanword,(respectful) to see,same-reading-different-writing|same-jmdict-entry,ご覧になる,,ご覧になる,ごらんになる,N3,ごらんになる|ご覧になる|御覧になる,yes
佐,さ,N1,"{""N1"": 1}","{""waller-derived"": ""N1""}",openjlpt|waller,waller-derived,1,lexical,help,same-reading-different-writing,差,,,,,,no
歳,さい,N1,"{""N1"": 1}","{""waller-derived"": ""N1""}",openjlpt|waller,waller-derived,1,lexical,#NAME?,same-reading-different-writing,再|差異|際,,,,,,yes
再～,さい～,N2,"{""N2"": 1}","{""community-independent"": ""N2""}",wordmaster,community-independent,1,lexical,re ~,fully-absent,,,,,,,no
最～,さい～,N2,"{""N2"": 1}","{""community-independent"": ""N2""}",wordmaster,community-independent,1,lexical,the most ~,fully-absent,,,,,,,no
逆上る,さかのぼる,N1,"{""N1"": 1}","{""waller-derived"": ""N1""}",openjlpt|waller,waller-derived,1,lexical,to go back; to go upstream; to make retroactive,same-reading-different-writing|same-jmdict-entry,さかのぼる|遡る,,さかのぼる|遡る,さかのぼる,N1|N2,さかのぼる|泝る|溯る|逆上る|遡る,yes
下る,さがる,N4,"{""N4"": 2}","{""community-independent"": ""N4"", ""waller-derived"": ""N4""}",openjlpt|waller|wordmaster,community-independent|waller-derived,2,lexical,to get down; to descend,same-reading-different-writing|same-writing-different-reading|same-jmdict-entry,下がる,くだる,下がる,さがる,N4,さがる|サガる|下がる|下る|退がる,yes
一昨昨日,さきおととい,N2,"{""N1"": 1, ""N2"": 1}","{""community-independent"": ""N2"", ""waller-derived"": ""N1""}",openjlpt|waller|wordmaster,community-independent|waller-derived,2,lexical,two days before yesterday,same-reading-different-writing|same-writing-different-reading|same-jmdict-entry,さきおととい,いっさくさくじつ,さきおととい|一昨昨日,いっさくさくじつ|さきおととい,N1|N2,いっさくさくじつ|さきおとつい|さきおととい|一昨々日|一昨昨日,yes
さきに (いぜん),さきに (いぜん),N1,"{""N1"": 1}","{""community-independent"": ""N1""}",wordmaster,community-independent,1,lexical,"before, earlier than, previously",fully-absent,,,,,,,no
作,さく,N3,"{""N1"": 1, ""N3"": 1}","{""community-independent"": ""N3"", ""waller-derived"": ""N1""}",openjlpt|waller|wordmaster,community-independent|waller-derived,2,lexical,a work; a harvest,same-reading-different-writing,咲く|柵|策|裂く,,,,,,yes
昨,さく,N3,"{""N3"": 2}","{""community-independent"": ""N3"", ""waller-derived"": ""N3""}",openjlpt|waller|wordmaster,community-independent|waller-derived,2,lexical,last (year); yesterday,same-reading-different-writing,咲く|柵|策|裂く,,,,,,yes
些事,さじ,N1,"{""N1"": 1}","{""waller-derived"": ""N1""}",openjlpt|waller,waller-derived,1,lexical,something small or petty; trifle,same-reading-different-writing|same-jmdict-entry,さじ|匙,,さじ,さじ,N1,さじ|些事|瑣事,yes
射す,さす,N3,"{""N2"": 1, ""N3"": 1}","{""community-independent"": ""N3"", ""waller-derived"": ""N2""}",openjlpt|waller|wordmaster,community-independent|waller-derived,2,lexical,to shine; to strike,same-reading-different-writing,刺す|差す|指す|挿す,,,,,,yes
注す,さす,N3,"{""N2"": 1, ""N3"": 1}","{""community-independent"": ""N3"", ""waller-derived"": ""N2""}",openjlpt|waller|wordmaster,community-independent|waller-derived,2,lexical,to pour (drink); to serve (drinks),same-reading-different-writing,刺す|差す|指す|挿す,,,,,,yes
摩する,さする,N1,"{""N1"": 1}","{""community-independent"": ""N1""}",wordmaster,community-independent,1,lexical,"to rub, to stroke",same-reading-different-writing,摩る,,,,,,no
さぞ (さぞや。さぞかし),さぞ (さぞや。さぞかし),N1,"{""N1"": 1}","{""community-independent"": ""N1""}",wordmaster,community-independent,1,lexical,想必,fully-absent,,,,,,,no
嘸,さぞ,N1,"{""N1"": 1}","{""waller-derived"": ""N1""}",openjlpt|waller,waller-derived,1,lexical,I am sure; certainly; no doubt,same-reading-different-writing|same-jmdict-entry,さぞ,,さぞ,さぞ,N1,さぞ|嘸,yes
先,さっき,N4,"{""N4"": 1}","{""waller-derived"": ""N4""}",waller,waller-derived,1,lexical,some time ago,same-reading-different-writing|same-writing-different-reading|same-jmdict-entry,さっき|殺気,さき,さっき,さっき,N3,さっき|先|先刻,yes
颯っと,さっと,N1,"{""N1"": 1}","{""waller-derived"": ""N1""}",waller,waller-derived,1,lexical,"quickly, suddenly",same-reading-different-writing|same-jmdict-entry,さっと,,さっと,さっと,N2,さっと|サッと|颯っと|颯と,yes
さっぱりする,さっぱりする,N1,"{""N1"": 1}","{""community-independent"": ""N1""}",wordmaster,community-independent,1,kana/loanword,to refresh,fully-absent,,,,,,,no
冊,さつ,N1,"{""N1"": 1}","{""waller-derived"": ""N1""}",openjlpt|waller,waller-derived,1,lexical,counter for books,same-reading-different-writing,札,,,,,,yes
偖,さて,N1,"{""N1"": 1}","{""waller-derived"": ""N1""}",openjlpt|waller,waller-derived,1,lexical,well; now; then,same-reading-different-writing|same-jmdict-entry,さて,,さて,さて,N2,さて|偖|扠|扨,yes
真実,さな,N1,"{""N1"": 1}","{""waller-derived"": ""N1""}",openjlpt,waller-derived,1,lexical,truth; reality,same-writing-different-reading,,しんじつ,,,,,no
最中,さなか,N1,"{""N1"": 1}","{""community-independent"": ""N1""}",wordmaster,community-independent,1,lexical,"in the middle of, midst",same-writing-different-reading|same-jmdict-entry,,さいちゅう,最中,さいちゅう,N3,さいちゅう|さなか|さ中|最中,yes
錆び,さび,N1,"{""N1"": 1}","{""waller-derived"": ""N1""}",openjlpt|waller,waller-derived,1,lexical,rust (colour),same-reading-different-writing|same-jmdict-entry,錆|錆[さび],,錆,さび,N2,さび|銹|錆|錆び|鏽,yes
左程,さほど,N1,"{""N1"": 1}","{""waller-derived"": ""N1""}",openjlpt|waller,waller-derived,1,lexical,(not) very; (not) much,same-reading-different-writing|same-jmdict-entry,さほど,,さほど,さほど,N1,さほど|左程|然程,yes
三味線,さみせん,N1,"{""N1"": 1}","{""waller-derived"": ""N1""}",openjlpt|waller,waller-derived,1,lexical,three-stringed Japanese guitar; shamisen,same-writing-different-reading|same-jmdict-entry,,しゃみせん,三味線,しゃみせん,N1,さみせん|しゃみせん|三味線,yes
左様なら,さようなら,N1,"{""N1"": 1}","{""waller-derived"": ""N1""}",openjlpt|waller,waller-derived,1,lexical,good-bye,same-reading-different-writing|same-jmdict-entry,さようなら,,さようなら,さようなら,N5,さようなら|さよーなら|サヨウナラ|サヨーナラ|左様なら|左様奈良|然様なら,yes
さ来月,さらいげつ,N4,"{""N4"": 1}","{""waller-derived"": ""N4""}",openjlpt|waller,waller-derived,1,lexical,the month after next,same-reading-different-writing|same-jmdict-entry,再来月,,再来月,さらいげつ,N2,さらいげつ|さ来月|再来月,yes
さ来年,さらいねん,N5,"{""N5"": 2}","{""community-independent"": ""N5"", ""waller-derived"": ""N5""}",openjlpt|waller|wordmaster,community-independent|waller-derived,2,lexical,year after next,same-reading-different-writing|same-jmdict-entry,再来年,,再来年,さらいねん,N2,さらいねん|さ来年|再来年,yes
さらう (こどもを～),さらう (こどもを～),N1,"{""N1"": 1}","{""community-independent"": ""N1""}",wordmaster,community-independent,1,lexical,to kidnap,fully-absent,,,,,,,no
拐う,さらう,N1,"{""N1"": 1}","{""waller-derived"": ""N1""}",openjlpt|waller,waller-derived,1,lexical,to carry off; to run away with; to kidnap,same-reading-different-writing|same-jmdict-entry,攫う|浚う,,攫う,さらう,N1,さらう|拐う|掠う|攫う,yes
さわやか,さわやか,N2,"{""N2"": 2}","{""community-independent"": ""N2"", ""waller-derived"": ""N2""}",waller|wordmaster,community-independent|waller-derived,2,kana/loanword,"fresh,refreshing,invigorating",same-reading-different-writing|same-jmdict-entry,爽やか,,爽やか,さわやか,N2,さわやか|爽やか,yes
産休,さんきゅう,N1,"{""N1"": 2}","{""community-independent"": ""N1"", ""waller-derived"": ""N1""}",openjlpt|waller|wordmaster,community-independent|waller-derived,2,lexical,maternity leave,fully-absent,,,,,,,yes
サンキュー,サンキュー,N1,"{""N1"": 2}","{""community-independent"": ""N1"", ""waller-derived"": ""N1""}",waller|wordmaster,community-independent|waller-derived,2,kana/loanword,thank you,fully-absent,,,,,,,yes
桟橋,さんきょう,N1,"{""N1"": 1}","{""waller-derived"": ""N1""}",openjlpt|waller,waller-derived,1,lexical,wharf; bridge; jetty,same-writing-different-reading|same-jmdict-entry,,さんばし,桟橋,さんばし,N1,さんきょう|さんばし|桟橋|棧橋,yes
産後,さんご,N1,"{""N1"": 2}","{""community-independent"": ""N1"", ""waller-derived"": ""N1""}",openjlpt|waller|wordmaster,community-independent|waller-derived,2,lexical,postpartum; after childbirth,same-reading-different-writing,珊瑚|珊瑚[さんご],,,,,,yes
産婦人科,さんふじんか,N1,"{""N1"": 2}","{""community-independent"": ""N1"", ""waller-derived"": ""N1""}",openjlpt|waller|wordmaster,community-independent|waller-derived,2,lexical,maternity and gynecology department,fully-absent,,,,,,,yes
散歩,さんぽ (する),N5,"{""N5"": 1}","{""community-independent"": ""N5""}",wordmaster,community-independent,1,lexical,"walk, stroll",same-writing-different-reading,,さんぽ,,,,,no
散歩,さんぽする,N5,"{""N5"": 1}","{""waller-derived"": ""N5""}",openjlpt,waller-derived,1,lexical,to stroll,same-writing-different-reading,,さんぽ,,,,,no
財源,ざいげん,N1,"{""N1"": 2}","{""community-independent"": ""N1"", ""waller-derived"": ""N1""}",openjlpt|waller|wordmaster,community-independent|waller-derived,2,lexical,source of funds; resources; finances,fully-absent,,,,,,,yes
雑木,ざつぼく,N1,"{""N1"": 1}","{""waller-derived"": ""N1""}",openjlpt|waller,waller-derived,1,lexical,various kinds of small trees; assorted trees,same-writing-different-reading|same-jmdict-entry,,ぞうき,雑木,ぞうき,N1,ざつぼく|ぞうき|ぞうぼく|雑木,yes
四,し / よん,N5,"{""N5"": 1}","{""waller-derived"": ""N5""}",openjlpt,waller-derived,1,lexical,four,same-writing-different-reading,,し|よん,,,,,no
次,し,N1,"{""N1"": 1}","{""waller-derived"": ""N1""}",openjlpt,waller-derived,1,lexical,order; sequence; times,same-reading-different-writing|same-writing-different-reading,し|史|四|市|死|氏|紙|視|詩|誌,じ|つぎ,,,,,no
秭,し,N1,"{""N1"": 1}","{""waller-derived"": ""N1""}",waller,waller-derived,1,lexical,"10^24 (kanji is JIS X 0212 kuten 4906), septillion (American), quadrillion (British)",same-reading-different-writing|same-jmdict-entry,し|史|四|市|死|氏|紙|視|詩|誌,,し,し,N1,し|秭,yes
仕上,しあげ,N1,"{""N1"": 1}","{""community-independent"": ""N1""}",wordmaster,community-independent,1,lexical,"end, finishing touches",same-reading-different-writing|same-jmdict-entry,仕上げ,,仕上げ,しあげ,N1,しあげ|仕あげ|仕上|仕上げ,yes
明明後日,しあさって,N2,"{""N2"": 1}","{""community-independent"": ""N2""}",wordmaster,community-independent,1,lexical,two days after tomorrow,same-reading-different-writing|same-jmdict-entry,しあさって|明々後日,,しあさって|明々後日,しあさって,N1|N2,しあさって|みょうみょうごにち|明々後日|明明後日,yes
しいん,しいん,N2,"{""N2"": 1}","{""waller-derived"": ""N2""}",waller,waller-derived,1,kana/loanword,"silent (as the grave),(deathly) quiet",same-jmdict-entry,,,しーん|シーン,しーん|シーン,N2,しいん|しーん|シーン,yes
しいんと (する),しいんと (する),N2,"{""N2"": 1}","{""community-independent"": ""N2""}",wordmaster,community-independent,1,lexical,"silent (as the grave), (deathly) quiet",fully-absent,,,,,,,no
仕掛,しかけ,N1,"{""N1"": 1}","{""community-independent"": ""N1""}",wordmaster,community-independent,1,lexical,机关,same-reading-different-writing|same-jmdict-entry,仕掛け,,仕掛け,しかけ,N1,しかけ|仕掛|仕掛け,yes
然し,しかし,N5,"{""N5"": 1}","{""waller-derived"": ""N5""}",openjlpt|waller,waller-derived,1,lexical,however; but,same-reading-different-writing|same-jmdict-entry,しかし,,しかし,しかし,N5,しかし|しっかし|併し|然し,yes
然しながら,しかしながら,N1,"{""N1"": 1}","{""waller-derived"": ""N1""}",openjlpt|waller,waller-derived,1,lexical,nevertheless; however,same-reading-different-writing|same-jmdict-entry,しかしながら,,しかしながら,しかしながら,N2,しかしながら|併しながら|併し乍ら|然しながら|然し乍ら,yes
而も,しかも,N1,"{""N1"": 1}","{""waller-derived"": ""N1""}",openjlpt|waller,waller-derived,1,lexical,moreover; furthermore; nevertheless,same-reading-different-writing|same-jmdict-entry,しかも,,しかも,しかも,N2,しかも|然も|而も,yes
然る,しかる,N4,"{""N4"": 1}","{""waller-derived"": ""N4""}",waller,waller-derived,1,lexical,a particular,same-reading-different-writing,叱る,,,,,,yes
為来り,しきたり,N1,"{""N1"": 1}","{""waller-derived"": ""N1""}",openjlpt|waller,waller-derived,1,lexical,customs,same-reading-different-writing|same-jmdict-entry,しきたり,,しきたり,しきたり,N2,しきたり|仕来たり|仕来り|為来たり|為来り,yes
施行,しぎょう,N1,"{""N1"": 1}","{""waller-derived"": ""N1""}",openjlpt|waller,waller-derived,1,lexical,1.  execution; enforcing; carrying out,same-reading-different-writing|same-writing-different-reading|same-jmdict-entry,始業,しこう,施行,しこう,N1,しぎょう|しこう|せこう|施行,yes
仕組,しくみ,N1,"{""N1"": 1}","{""community-independent"": ""N1""}",wordmaster,community-independent,1,lexical,结构,same-reading-different-writing|same-jmdict-entry,仕組み,,仕組み,しくみ,N2,しくみ|仕組|仕組み,yes
雫,しずく,N1,"{""N1"": 2}","{""community-independent"": ""N1"", ""waller-derived"": ""N1""}",openjlpt|waller|wordmaster,community-independent|waller-derived,2,lexical,drop (of water),same-reading-different-writing|same-jmdict-entry,滴,,滴,しずく,N1,しずく|滴|雫,yes
子息,しそく,N1,"{""N1"": 2}","{""community-independent"": ""N1"", ""waller-derived"": ""N1""}",openjlpt|waller|wordmaster,community-independent|waller-derived,2,lexical,son,fully-absent,,,,,,,yes
支度,したくする,N4,"{""N4"": 2}","{""community-independent"": ""N4"", ""waller-derived"": ""N4""}",openjlpt|wordmaster,community-independent|waller-derived,2,lexical,to prepare,same-writing-different-reading,,したく,,,,,no
七,しち / なな,N5,"{""N5"": 1}","{""waller-derived"": ""N5""}",openjlpt,waller-derived,1,lexical,seven,same-writing-different-reading,,なな,,,,,no
七,しち,N5,"{""N5"": 2}","{""community-independent"": ""N5"", ""waller-derived"": ""N5""}",openjlpt|waller|wordmaster,community-independent|waller-derived,2,lexical,seven,same-reading-different-writing|same-writing-different-reading|same-jmdict-entry,質,なな,な|七,な|なな,N5,しち|な|なあ|なな|ひち|七|柒|漆|７,yes
確り,しっかり,N1,"{""N1"": 1}","{""waller-derived"": ""N1""}",openjlpt|waller,waller-derived,1,lexical,firmly; tightly; reliable,same-reading-different-writing|same-jmdict-entry,しっかり,,しっかり,しっかり,N4,しっかり|確り|聢り,yes
湿気,しっき,N2,"{""N2"": 2}","{""community-independent"": ""N2"", ""waller-derived"": ""N2""}",waller|wordmaster,community-independent|waller-derived,2,lexical,"moisture,humidity,dampness",same-reading-different-writing|same-writing-different-reading|same-jmdict-entry,漆器,しっけ,湿気,しっけ,N3,しっき|しっけ|湿気,yes
しっぽ,しっぽ,N2,"{""N2"": 2}","{""community-independent"": ""N2"", ""waller-derived"": ""N2""}",waller|wordmaster,community-independent|waller-derived,2,kana/loanword,tail (animal),same-reading-different-writing|same-jmdict-entry,尻尾,,尻尾,しっぽ,N1,しっぽ|しりお|尻尾,yes
室,しつ,N1,"{""N1"": 1}","{""waller-derived"": ""N1""}",openjlpt|waller,waller-derived,1,lexical,room,same-reading-different-writing,質,,,,,,yes
室～,しつ～,N2,"{""N2"": 1}","{""community-independent"": ""N2""}",wordmaster,community-independent,1,lexical,room,fully-absent,,,,,,,no
躾ける,しつける,N1,"{""N1"": 1}","{""community-independent"": ""N1""}",wordmaster,community-independent,1,lexical,"to discipline, to teach manners",same-reading-different-writing,しつける|仕付ける,,,,,,no
しつれいしました (かん),しつれいしました (かん),N2,"{""N2"": 1}","{""community-independent"": ""N2""}",wordmaster,community-independent,1,lexical,"Excuse me., I'm sorry.",fully-absent,,,,,,,no
嫋か,しなやか,N1,"{""N1"": 1}","{""waller-derived"": ""N1""}",openjlpt,waller-derived,1,lexical,supple; flexible; elastic,same-reading-different-writing,しなやか,,,,,,no
屎尿,しにょう,N1,"{""N1"": 2}","{""community-independent"": ""N1"", ""waller-derived"": ""N1""}",openjlpt|waller|wordmaster,community-independent|waller-derived,2,lexical,excreta; raw sewage; human waste,same-reading-different-writing|same-jmdict-entry,し尿,,し尿,しにょう,N1,しにょう|し尿|屎尿,yes
支払,しはらい,N3,"{""N3"": 2}","{""community-independent"": ""N3"", ""waller-derived"": ""N3""}",openjlpt|waller|wordmaster,community-independent|waller-derived,2,lexical,payment,same-reading-different-writing|same-jmdict-entry,支払い,,支払い,しはらい,N3,しはらい|支払|支払い,yes
屡,しばしば,N1,"{""N1"": 1}","{""waller-derived"": ""N1""}",openjlpt|waller,waller-derived,1,lexical,often; again and again; frequently,same-reading-different-writing|same-jmdict-entry,しばしば|屡々,,しばしば|屡々,しばしば,N1|N2,しばしば|屡|屡々|屡屡|数|数々|数数,yes
死亡,しぼう,N3,"{""N3"": 2}","{""community-independent"": ""N3"", ""waller-derived"": ""N3""}",openjlpt|waller|wordmaster,community-independent|waller-derived,2,lexical,death; mortality,same-reading-different-writing,志望|脂肪,,,,,,yes
しぼむ,しぼむ,N2,"{""N2"": 2}","{""community-independent"": ""N2"", ""waller-derived"": ""N2""}",waller|wordmaster,community-independent|waller-derived,2,kana/loanword,"to wither,to fade (away),to shrivel,to wilt",same-reading-different-writing|same-jmdict-entry,萎む,,萎む,しぼむ,N2,しぼむ|凋む|萎む,yes
仕舞,しまい,N1,"{""N1"": 1}","{""waller-derived"": ""N1""}",openjlpt|waller,waller-derived,1,lexical,end; termination; informal (Noh play),same-reading-different-writing|same-jmdict-entry,しまい|仕舞い|姉妹|終い,,しまい|仕舞い|終い,しまい,N1|N3|N4,しまい|了い|仕舞|仕舞い|終い,yes
仕舞う,しまう,N3,"{""N3"": 1}","{""waller-derived"": ""N3""}",openjlpt|waller,waller-derived,1,lexical,to finish; to close; to do something completely,same-reading-different-writing|same-jmdict-entry,しまう,,しまう,しまう,N4,しまう|了う|仕舞う|終う|蔵う,yes
しまった (かん),しまった (かん),N3,"{""N3"": 1}","{""community-independent"": ""N3""}",wordmaster,community-independent,1,lexical,Damn it!,fully-absent,,,,,,,no
仕舞った,しまった,N3,"{""N3"": 1}","{""waller-derived"": ""N3""}",waller,waller-derived,1,lexical,Damn it!,same-reading-different-writing|same-jmdict-entry,しまった,,しまった,しまった,N3,しまった|仕舞った,yes
泌み泌み,しみじみ,N1,"{""N1"": 1}","{""waller-derived"": ""N1""}",openjlpt,waller-derived,1,lexical,keenly; deeply; heartily,same-reading-different-writing,しみじみ,,,,,,no
締切,しめきり,N2,"{""N2"": 2}","{""community-independent"": ""N2"", ""waller-derived"": ""N2""}",openjlpt|waller|wordmaster,community-independent|waller-derived,2,lexical,closing; cut-off; end,same-reading-different-writing|same-jmdict-entry,締め切り,,締め切り,しめきり,N3,〆切|〆切り|しめきり|乄切り|締め切り|締切|締切り|閉め切り|閉切り,yes
しめた (かん),しめた (かん),N2,"{""N2"": 1}","{""community-independent"": ""N2""}",wordmaster,community-independent,1,lexical,"I've got it, all right, fine",fully-absent,,,,,,,no
吃逆,しゃっくり,N1,"{""N1"": 1}","{""waller-derived"": ""N1""}",openjlpt|waller,waller-derived,1,lexical,hiccough; hiccup,same-reading-different-writing|same-jmdict-entry,しゃっくり,,しゃっくり,しゃっくり,N3,しゃっくり|吃逆|噦,yes
しゃぶる,しゃぶる,N2,"{""N2"": 2}","{""community-independent"": ""N2"", ""waller-derived"": ""N2""}",waller|wordmaster,community-independent|waller-derived,2,kana/loanword,"to suck,to chew",fully-absent,,,,,,,yes
修行,しゅうぎょう,N1,"{""N1"": 1}","{""waller-derived"": ""N1""}",openjlpt,waller-derived,1,lexical,pursuit of knowledge; studying; learning,same-reading-different-writing|same-writing-different-reading,修業|就業,しゅぎょう,,,,,no
執着,しゅうじゃく,N1,"{""N1"": 2}","{""community-independent"": ""N1"", ""waller-derived"": ""N1""}",openjlpt|waller|wordmaster,community-independent|waller-derived,2,lexical,attachment; adhesion; tenacity,same-writing-different-reading|same-jmdict-entry,,しゅうちゃく,執着,しゅうちゃく,N1,しゅうじゃく|しゅうちゃく|執着|執著,yes
主体,しゅたい,N1,"{""N1"": 2}","{""community-independent"": ""N1"", ""waller-derived"": ""N1""}",openjlpt|waller|wordmaster,community-independent|waller-derived,2,lexical,subject; main constituent,fully-absent,,,,,,,yes
出席,しゅっせきする,N4,"{""N4"": 2}","{""community-independent"": ""N4"", ""waller-derived"": ""N4""}",openjlpt|wordmaster,community-independent|waller-derived,2,lexical,to attend,same-writing-different-reading,,しゅっせき,,,,,no
出発,しゅっぱつする,N4,"{""N4"": 2}","{""community-independent"": ""N4"", ""waller-derived"": ""N4""}",openjlpt|wordmaster,community-independent|waller-derived,2,lexical,to depart,same-writing-different-reading,,しゅっぱつ,,,,,no
守備,しゅび,N1,"{""N1"": 2}","{""community-independent"": ""N1"", ""waller-derived"": ""N1""}",openjlpt|waller|wordmaster,community-independent|waller-derived,2,lexical,defense,same-reading-different-writing,首尾,,,,,,yes
私有,しゆう,N1,"{""N1"": 2}","{""community-independent"": ""N1"", ""waller-derived"": ""N1""}",openjlpt|waller|wordmaster,community-independent|waller-derived,2,lexical,private ownership,fully-absent,,,,,,,yes
初～,しょ～,N2,"{""N2"": 1}","{""community-independent"": ""N2""}",wordmaster,community-independent,1,lexical,first ~,fully-absent,,,,,,,no
諸～,しょ～,N2,"{""N2"": 1}","{""community-independent"": ""N2""}",wordmaster,community-independent,1,lexical,various ~,fully-absent,,,,,,,no
傷,しょう,N1,"{""N1"": 1}","{""waller-derived"": ""N1""}",openjlpt|waller,waller-derived,1,lexical,wound; injury; hurt,same-reading-different-writing|same-writing-different-reading,商|症|相|省|章|象|賞,きず,,,,,no
小,しょう,N3,"{""N3"": 2}","{""community-independent"": ""N3"", ""waller-derived"": ""N3""}",waller|wordmaster,community-independent|waller-derived,2,lexical,小,same-reading-different-writing,商|症|相|省|章|象|賞,,,,,,yes
背負う,しょう,N1,"{""N1"": 1}","{""waller-derived"": ""N1""}",openjlpt|waller,waller-derived,1,lexical,to be burdened with; to carry on back or shoulder,same-reading-different-writing|same-writing-different-reading|same-jmdict-entry,商|症|相|省|章|象|賞,せおう,背負う,せおう,N2,しょう|せおう|背負う|脊負う,yes
省～,しょう～,N2,"{""N2"": 1}","{""community-independent"": ""N2""}",wordmaster,community-independent,1,lexical,economizing ~,fully-absent,,,,,,,no
消耗,しょうこう,N1,"{""N1"": 1}","{""waller-derived"": ""N1""}",openjlpt|waller,waller-derived,1,lexical,exhaustion; consumption,same-reading-different-writing|same-writing-different-reading|same-jmdict-entry,紹興,しょうもう,消耗,しょうもう,N2,しょうこう|しょうもう|消耗,yes
生ずる,しょうずる,N2,"{""N2"": 2}","{""community-independent"": ""N2"", ""waller-derived"": ""N2""}",openjlpt|waller|wordmaster,community-independent|waller-derived,2,lexical,to cause; to arise; to be generated,fully-absent,,,,,,,yes
承知,しょうちする,N4,"{""N4"": 2}","{""community-independent"": ""N4"", ""waller-derived"": ""N4""}",openjlpt|wordmaster,community-independent|waller-derived,2,lexical,to consent,same-writing-different-reading,,しょうち,,,,,no
食事,しょくじする,N4,"{""N4"": 2}","{""community-independent"": ""N4"", ""waller-derived"": ""N4""}",openjlpt|wordmaster,community-independent|waller-derived,2,lexical,to have a meal,same-writing-different-reading,,しょくじ,,,,,no
所々,しょしょ,N1,"{""N1"": 1}","{""waller-derived"": ""N1""}",openjlpt|waller,waller-derived,1,lexical,here and there; some parts (of something),same-writing-different-reading|same-jmdict-entry,,ところどころ,所々,ところどころ,N2,しょしょ|ところどころ|処々|処処|所々|所所,yes
庶務,しょむ,N1,"{""N1"": 2}","{""community-independent"": ""N1"", ""waller-derived"": ""N1""}",openjlpt|waller|wordmaster,community-independent|waller-derived,2,lexical,general affairs,fully-absent,,,,,,,yes
使用人,しようにん,N1,"{""N1"": 2}","{""community-independent"": ""N1"", ""waller-derived"": ""N1""}",openjlpt|waller|wordmaster,community-independent|waller-derived,2,lexical,employee; servant,fully-absent,,,,,,,yes
知合い,しりあい,N3,"{""N2"": 1, ""N3"": 1}","{""community-independent"": ""N3"", ""waller-derived"": ""N2""}",openjlpt|waller|wordmaster,community-independent|waller-derived,2,lexical,acquaintance,same-reading-different-writing|same-jmdict-entry,知り合い,,知り合い,しりあい,N3,しりあい|知りあい|知り合|知り合い|知合|知合い,yes
しわ (かおの～),しわ (かおの～),N2,"{""N2"": 1}","{""community-independent"": ""N2""}",wordmaster,community-independent,1,lexical,皱纹,fully-absent,,,,,,,no
新婚,しんこん,N1,"{""N1"": 2}","{""community-independent"": ""N1"", ""waller-derived"": ""N1""}",openjlpt|waller|wordmaster,community-independent|waller-derived,2,lexical,newly-wed,fully-absent,,,,,,,yes
信ずる,しんずる,N2,"{""N2"": 2}","{""community-independent"": ""N2"", ""waller-derived"": ""N2""}",openjlpt|waller|wordmaster,community-independent|waller-derived,2,lexical,to believe; to believe in; to place trust in,fully-absent,,,,,,,yes
寝台,しんだい,N2,"{""N2"": 2}","{""community-independent"": ""N2"", ""waller-derived"": ""N2""}",openjlpt|waller|wordmaster,community-independent|waller-derived,2,lexical,bed; couch,fully-absent,,,,,,,yes
進度,しんど,N1,"{""N1"": 2}","{""community-independent"": ""N1"", ""waller-derived"": ""N1""}",openjlpt|waller|wordmaster,community-independent|waller-derived,2,lexical,progress,same-reading-different-writing,深度|震度,,,,,,yes
信任,しんにん,N1,"{""N1"": 2}","{""community-independent"": ""N1"", ""waller-derived"": ""N1""}",openjlpt|waller|wordmaster,community-independent|waller-derived,2,lexical,trust; confidence; credence,fully-absent,,,,,,,yes
審判,しんばん,N1,"{""N1"": 1}","{""waller-derived"": ""N1""}",openjlpt|waller,waller-derived,1,lexical,refereeing; trial; judgement,same-writing-different-reading|same-jmdict-entry,,しんぱん,審判,しんぱん,N2,しんばん|しんぱん|審判,yes
心配,しんぱいする,N4,"{""N4"": 2}","{""community-independent"": ""N4"", ""waller-derived"": ""N4""}",openjlpt|wordmaster,community-independent|waller-derived,2,lexical,to worry,same-writing-different-reading,,しんぱい,,,,,no
針路,しんろ,N2,"{""N2"": 2}","{""community-independent"": ""N2"", ""waller-derived"": ""N2""}",openjlpt|waller|wordmaster,community-independent|waller-derived,2,lexical,course; direction; compass bearing,same-reading-different-writing,進路,,,,,,yes
地形,じぎょう,N1,"{""N1"": 1}","{""waller-derived"": ""N1""}",openjlpt|waller,waller-derived,1,lexical,terrain; geographical features; topography,same-reading-different-writing|same-writing-different-reading|same-jmdict-entry,事業,ちけい,地形,ちけい,N1,じぎょう|ちけい|地形,yes
自首,じしゅ,N1,"{""N1"": 2}","{""community-independent"": ""N1"", ""waller-derived"": ""N1""}",openjlpt|waller|wordmaster,community-independent|waller-derived,2,lexical,surrender; give oneself up,same-reading-different-writing,自主,,,,,,yes
辞職,じしょく,N1,"{""N1"": 2}","{""community-independent"": ""N1"", ""waller-derived"": ""N1""}",openjlpt|waller|wordmaster,community-independent|waller-derived,2,lexical,resignation,fully-absent,,,,,,,yes
十分,じっぷん,N1,"{""N1"": 1}","{""waller-derived"": ""N1""}",openjlpt|waller,waller-derived,1,lexical,10 minutes,same-writing-different-reading,,じゅうぶん,,,,,yes
じゃ; じゃあ,じゃ; じゃあ,N5,"{""N5"": 1}","{""community-independent"": ""N5""}",wordmaster,community-independent,1,lexical,"well, well then",fully-absent,,,,,,,no
じゃあ,じゃあ,N5,"{""N5"": 1}","{""waller-derived"": ""N5""}",waller,waller-derived,1,kana/loanword,well then…,same-jmdict-entry,,,じゃ,じゃ,N5,じゃ|じゃあ,yes
じゃま,じゃま,N4,"{""N4"": 1}","{""waller-derived"": ""N4""}",waller,waller-derived,1,kana/loanword,"hindrance,intrusion",same-reading-different-writing|same-jmdict-entry,邪魔,,邪魔,じゃま,N3,じゃま|邪魔,yes
じゃん拳,じゃんけん,N1,"{""N1"": 1}","{""waller-derived"": ""N1""}",openjlpt|waller,waller-derived,1,lexical,rock-scissors-paper game,same-reading-different-writing|same-jmdict-entry,じゃんけん,,じゃんけん,じゃんけん,N2,じゃんけん|じゃん拳|ジャンケン|ジャン拳,yes
住,じゅう,N3,"{""N1"": 1, ""N3"": 1}","{""community-independent"": ""N3"", ""waller-derived"": ""N1""}",openjlpt|waller|wordmaster,community-independent|waller-derived,2,lexical,dwelling; living,same-reading-different-writing,中|十|銃,,,,,,yes
重～,じゅう～,N2,"{""N2"": 1}","{""community-independent"": ""N2""}",wordmaster,community-independent,1,lexical,heavy ~,fully-absent,,,,,,,no
十字路,じゅうじろ,N1,"{""N1"": 2}","{""community-independent"": ""N1"", ""waller-derived"": ""N1""}",openjlpt|waller|wordmaster,community-independent|waller-derived,2,lexical,crossroads,fully-absent,,,,,,,yes
じゅうたん (カーペット),じゅうたん (カーペット),N2,"{""N2"": 1}","{""community-independent"": ""N2""}",wordmaster,community-independent,1,lexical,carpet,fully-absent,,,,,,,no
十,じゅう とお,N5,"{""N5"": 1}","{""waller-derived"": ""N5""}",openjlpt,waller-derived,1,lexical,ten,same-writing-different-reading,,じゅう|とお,,,,,no
重複,じゅうふく,N1,"{""N1"": 1}","{""waller-derived"": ""N1""}",openjlpt|waller,waller-derived,1,lexical,duplication; repetition; overlapping,same-writing-different-reading|same-jmdict-entry,,ちょうふく,重複,ちょうふく,N1,じゅうふく|ちょうふく|重復|重複,yes
重宝,じゅうほう,N1,"{""N1"": 1}","{""waller-derived"": ""N1""}",openjlpt|waller,waller-derived,1,lexical,priceless treasure; convenience; usefulness,same-writing-different-reading|same-jmdict-entry,,ちょうほう,重宝,ちょうほう,N1,じゅうほう|ちょうほう|重宝,yes
準急,じゅんきゅう,N1,"{""N1"": 2}","{""community-independent"": ""N1"", ""waller-derived"": ""N1""}",openjlpt|waller|wordmaster,community-independent|waller-derived,2,lexical,local express (train  slower than an express),fully-absent,,,,,,,yes
準ずる,じゅんずる,N1,"{""N1"": 1}","{""waller-derived"": ""N1""}",openjlpt|waller,waller-derived,1,lexical,to apply correspondingly; to correspond to; to be proportionate to,fully-absent,,,,,,,yes
準備,じゅんびする,N4,"{""N4"": 2}","{""community-independent"": ""N4"", ""waller-derived"": ""N4""}",openjlpt|wordmaster,community-independent|waller-derived,2,lexical,to prepare,same-writing-different-reading,,じゅんび,,,,,no
助,じょ,N1,"{""N1"": 1}","{""waller-derived"": ""N1""}",openjlpt|waller,waller-derived,1,lexical,help; rescue; assistant,fully-absent,,,,,,,yes
女～,じょ～,N2,"{""N2"": 1}","{""community-independent"": ""N2""}",wordmaster,community-independent,1,lexical,things done by women,fully-absent,,,,,,,no
尉,じょう,N1,"{""N1"": 1}","{""waller-derived"": ""N1""}",openjlpt|waller,waller-derived,1,lexical,jailer; old man; rank,same-reading-different-writing,上|場|嬢|情|畳,,,,,,yes
状,じょう,N1,"{""N1"": 1}","{""waller-derived"": ""N1""}",openjlpt|waller,waller-derived,1,lexical,shape,same-reading-different-writing,上|場|嬢|情|畳,,,,,,yes
乗客,じょうかく,N1,"{""N1"": 1}","{""waller-derived"": ""N1""}",openjlpt|waller,waller-derived,1,lexical,passenger,same-writing-different-reading|same-jmdict-entry,,じょうきゃく,乗客,じょうきゃく,N2,じょうかく|じょうきゃく|乗客,yes
情緒,じょうしょ,N1,"{""N1"": 1}","{""waller-derived"": ""N1""}",openjlpt|waller,waller-derived,1,lexical,emotion; feeling,same-writing-different-reading|same-jmdict-entry,,じょうちょ,情緒,じょうちょ,N1,じょうしょ|じょうちょ|情緒,yes
蒸溜,じょうりゅう,N1,"{""N1"": 1}","{""community-independent"": ""N1""}",wordmaster,community-independent,1,lexical,distillation,same-reading-different-writing|same-jmdict-entry,上流|蒸留,,蒸留,じょうりゅう,N1,じょうりゅう|蒸溜|蒸留|蒸餾,yes
助教授,じょきょうじゅ,N2,"{""N2"": 2}","{""community-independent"": ""N2"", ""waller-derived"": ""N2""}",openjlpt|waller|wordmaster,community-independent|waller-derived,2,lexical,assistant professor,fully-absent,,,,,,,yes
女史,じょし,N3,"{""N1"": 1, ""N3"": 1}","{""community-independent"": ""N3"", ""waller-derived"": ""N1""}",openjlpt|waller|wordmaster,community-independent|waller-derived,2,lexical,Ms.,same-reading-different-writing,助詞|女子,,,,,,yes
人目,じんもく,N1,"{""N1"": 1}","{""waller-derived"": ""N1""}",openjlpt|waller,waller-derived,1,lexical,glimpse; public gaze,same-writing-different-reading|same-jmdict-entry,,ひとめ,人目,ひとめ,N1,じんもく|ひとめ|人目|人眼,yes
Ｇパン,ジーパン,N1,"{""N1"": 1}","{""waller-derived"": ""N1""}",waller,waller-derived,1,lexical,"jeans (lit: jeans pants), dungarees",same-reading-different-writing|same-jmdict-entry,ジーパン,,ジーパン,ジーパン,N1,ジーパン|Ｇパン,yes
粋,すい,N1,"{""N1"": 1}","{""community-independent"": ""N1""}",wordmaster,community-independent,1,lexical,essence,same-writing-different-reading,,いき,,,,,no
水気,すいき,N1,"{""N1"": 1}","{""waller-derived"": ""N1""}",openjlpt|waller,waller-derived,1,lexical,1.  moisture; dampness; vapor,same-writing-different-reading|same-jmdict-entry,,みずけ,水気,みずけ,N1,すいき|みずけ|水け|水気,yes
水洗,すいせん,N3,"{""N1"": 1, ""N3"": 1}","{""community-independent"": ""N3"", ""waller-derived"": ""N1""}",openjlpt|waller|wordmaster,community-independent|waller-derived,2,lexical,flushing,same-reading-different-writing,推薦,,,,,,yes
水田,すいでん,N1,"{""N1"": 2}","{""community-independent"": ""N1"", ""waller-derived"": ""N1""}",openjlpt|waller|wordmaster,community-independent|waller-derived,2,lexical,(water-filled) paddy field,fully-absent,,,,,,,yes
水曜,すいよう,N2,"{""N2"": 1}","{""waller-derived"": ""N2""}",openjlpt|waller,waller-derived,1,lexical,Wednesday,fully-absent,,,,,,,yes
崇拝,すうはい,N1,"{""N1"": 2}","{""community-independent"": ""N1"", ""waller-derived"": ""N1""}",openjlpt|waller|wordmaster,community-independent|waller-derived,2,lexical,worship; adoration; admiration,fully-absent,,,,,,,yes
過ぎ,すぎ,N1,"{""N1"": 1}","{""waller-derived"": ""N1""}",openjlpt|waller,waller-derived,1,lexical,past; after,same-reading-different-writing,杉,,,,,,yes
すくう (みずを～),すくう (みずを～),N1,"{""N1"": 1}","{""community-independent"": ""N1""}",wordmaster,community-independent,1,lexical,to scoop,fully-absent,,,,,,,no
すくなくとも,すくなくとも,N3,"{""N2"": 1, ""N3"": 1}","{""community-independent"": ""N3"", ""waller-derived"": ""N2""}",waller|wordmaster,community-independent|waller-derived,2,kana/loanword,at least,same-reading-different-writing|same-jmdict-entry,少なくとも,,少なくとも,すくなくとも,N2,すくなくとも|少くとも|少なくとも|尠くとも,yes
すぐに,すぐに,N5,"{""N5"": 2}","{""community-independent"": ""N5"", ""waller-derived"": ""N5""}",waller|wordmaster,community-independent|waller-derived,2,kana/loanword,Instantly,fully-absent,,,,,,,yes
すてき,すてき,N3,"{""N3"": 2}","{""community-independent"": ""N3"", ""waller-derived"": ""N3""}",waller|wordmaster,community-independent|waller-derived,2,kana/loanword,"lovely,dreamy,beautiful,great",same-reading-different-writing|same-jmdict-entry,素敵,,素敵,すてき,N3,すてき|ステキ|素敵|素的|素適,yes
棄てる,すてる,N2,"{""N2"": 1}","{""waller-derived"": ""N2""}",waller,waller-derived,1,lexical,,same-reading-different-writing|same-jmdict-entry,捨てる,,捨てる,すてる,N4,すてる|捨てる|棄てる,yes
スト,スト,N1,"{""N1"": 1}","{""community-independent"": ""N1""}",wordmaster,community-independent,1,kana/loanword,(abbr.) strike,fully-absent,,,,,,,yes
清ます,すます,N1,"{""N1"": 1}","{""community-independent"": ""N1""}",wordmaster,community-independent,1,lexical,"to clear, to make clear, to listen for",same-reading-different-writing|same-jmdict-entry,済ます|澄ます,,澄ます,すます,N1,すます|清ます|澄ます,yes
角,すみ,N3,"{""N3"": 2}","{""community-independent"": ""N3"", ""waller-derived"": ""N3""}",openjlpt|waller|wordmaster,community-independent|waller-derived,2,lexical,horn,same-reading-different-writing|same-writing-different-reading|same-jmdict-entry,墨|済み|炭|隅,かく|かど|つの,隅,すみ,N1,すま|すみ|角|隅,yes
すみません (かん),すみません (かん),N3,"{""N3"": 1}","{""community-independent"": ""N3""}",wordmaster,community-independent,1,lexical,对不起,fully-absent,,,,,,,no
済みません,すみません,N1,"{""N1"": 1}","{""waller-derived"": ""N1""}",openjlpt|waller,waller-derived,1,fixed-expression/conjugated,sorry; excuse me,same-reading-different-writing|same-jmdict-entry,すみません,,すみません,すみません,N5,すみません|スミマセン|済みません,yes
すみやか,すみやか,N1,"{""N1"": 1}","{""community-independent"": ""N1""}",wordmaster,community-independent,1,kana/loanword,speedy,same-reading-different-writing|same-jmdict-entry,速やか,,速やか,すみやか,N1,すみやか|速やか,yes
清む,すむ,N3,"{""N2"": 1, ""N3"": 1}","{""community-independent"": ""N3"", ""waller-derived"": ""N2""}",waller|wordmaster,community-independent|waller-derived,2,lexical,清澈,same-reading-different-writing|same-jmdict-entry,住む|済む|澄む,,澄む,すむ,N1,すむ|清む|澄む,yes
天皇,すめらぎ,N1,"{""N1"": 1}","{""waller-derived"": ""N1""}",openjlpt|waller,waller-derived,1,lexical,Emperor of Japan,same-writing-different-reading,,てんのう,,,,,yes
掏摸,すり,N4,"{""N4"": 1}","{""waller-derived"": ""N4""}",openjlpt|waller,waller-derived,1,lexical,pickpocket,same-reading-different-writing|same-jmdict-entry,すり|刷り,,すり,すり,N4,すり|スリ|掏児|掏摸,yes
剃る,する,N1,"{""N1"": 1}","{""waller-derived"": ""N1""}",openjlpt|waller,waller-derived,1,lexical,to shave,same-reading-different-writing|same-writing-different-reading|same-jmdict-entry,する|刷る|掏る|擦る,そる,する|剃る,する|そる,N2|N5,する|そる|剃る,yes
為る,する,N5,"{""N3"": 1, ""N5"": 1}","{""community-independent"": ""N3"", ""waller-derived"": ""N5""}",openjlpt|waller|wordmaster,community-independent|waller-derived,2,lexical,to change; to be of use; to reach to,same-reading-different-writing|same-jmdict-entry,する|刷る|掏る|擦る,,する,する,N5,する|為る,yes
すれちがい,すれちがい,N1,"{""N1"": 1}","{""community-independent"": ""N1""}",wordmaster,community-independent,1,kana/loanword,chance encounter,same-reading-different-writing|same-jmdict-entry,擦れ違い,,擦れ違い,すれちがい,N2,すれちがい|すれ違い|擦れ違い,yes
すれちがう,すれちがう,N2,"{""N2"": 1}","{""waller-derived"": ""N2""}",waller,waller-derived,1,kana/loanword,"to pass by one another,to disagree",same-reading-different-writing|same-jmdict-entry,すれ違う|擦れ違う,,すれ違う|擦れ違う,すれちがう,N2,すれちがう|すれ違う|擦れ違う,yes
スーパー (マーケット),スーパー (マーケット),N4,"{""N4"": 1}","{""community-independent"": ""N4""}",wordmaster,community-independent,1,lexical,超市,fully-absent,,,,,,,no
ずいぶん,ずいぶん,N4,"{""N4"": 1}","{""waller-derived"": ""N4""}",waller,waller-derived,1,kana/loanword,extremely,same-reading-different-writing|same-jmdict-entry,随分,,随分,ずいぶん,N3,ずいぶん|ずい分|随分|隨分,yes
ずうっと,ずうっと,N2,"{""N2"": 2}","{""community-independent"": ""N2"", ""waller-derived"": ""N2""}",waller|wordmaster,community-independent|waller-derived,2,kana/loanword,"all the time, all the way",same-jmdict-entry,,,ずっと,ずっと,N5,ずうっと|ずっと|ずーっと,yes
ずらっと,ずらっと,N1,"{""N1"": 2}","{""community-independent"": ""N1"", ""waller-derived"": ""N1""}",waller|wordmaster,community-independent|waller-derived,2,kana/loanword,"in a line, in a row",fully-absent,,,,,,,yes
狡い,ずるい,N2,"{""N2"": 2}","{""community-independent"": ""N2"", ""waller-derived"": ""N2""}",openjlpt|waller|wordmaster,community-independent|waller-derived,2,lexical,sly; cunning,same-reading-different-writing|same-jmdict-entry,ずるい,,ずるい,ずるい,N3,こすい|ずるい|ズルい|ズルイ|狡い,yes
制,せい,N1,"{""N1"": 1}","{""waller-derived"": ""N1""}",openjlpt|waller,waller-derived,1,lexical,system; organization; imperial command,same-reading-different-writing|same-jmdict-entry,せい|姓|性|正|生|精|背,,せい,せい,N5,せい|制,yes
所為,せい,N3,"{""N3"": 2}","{""community-independent"": ""N3"", ""waller-derived"": ""N3""}",openjlpt|waller|wordmaster,community-independent|waller-derived,2,lexical,cause; reason; fault,same-reading-different-writing|same-jmdict-entry,せい|姓|性|正|生|精|背,,せい,せい,N5,せい|せえ|所為,yes
製,せい,N1,"{""N1"": 1}","{""waller-derived"": ""N1""}",openjlpt|waller,waller-derived,1,lexical,-made; make,same-reading-different-writing|same-jmdict-entry,せい|姓|性|正|生|精|背,,せい,せい,N5,せい|製,yes
生活,せいかつする,N4,"{""N4"": 2}","{""community-independent"": ""N4"", ""waller-derived"": ""N4""}",openjlpt|wordmaster,community-independent|waller-derived,2,lexical,to live,same-writing-different-reading,,せいかつ,,,,,no
生産,せいさんする,N4,"{""N4"": 2}","{""community-independent"": ""N4"", ""waller-derived"": ""N4""}",openjlpt|wordmaster,community-independent|waller-derived,2,lexical,to produce,same-writing-different-reading,,せいさん,,,,,no
生長,せいちょう,N3,"{""N2"": 1, ""N3"": 1}","{""community-independent"": ""N3"", ""waller-derived"": ""N2""}",openjlpt|waller|wordmaster,community-independent|waller-derived,2,lexical,growth; increment,same-reading-different-writing,成長|清澄|清聴,,,,,,yes
製鉄,せいてつ,N1,"{""N1"": 2}","{""community-independent"": ""N1"", ""waller-derived"": ""N1""}",openjlpt|waller|wordmaster,community-independent|waller-derived,2,lexical,iron manufacture,fully-absent,,,,,,,yes
伜,せがれ,N1,"{""N1"": 2}","{""community-independent"": ""N1"", ""waller-derived"": ""N1""}",openjlpt|waller|wordmaster,community-independent|waller-derived,2,lexical,son; my son,same-reading-different-writing|same-jmdict-entry,倅,,倅,せがれ,N1,せがれ|伜|倅|忰|悴,yes
世辞,せじ,N1,"{""N1"": 2}","{""community-independent"": ""N1"", ""waller-derived"": ""N1""}",openjlpt|waller|wordmaster,community-independent|waller-derived,2,lexical,flattery; compliment,fully-absent,,,,,,,yes
せっけん,せっけん,N5,"{""N5"": 1}","{""waller-derived"": ""N5""}",waller,waller-derived,1,kana/loanword,soap,same-reading-different-writing|same-jmdict-entry,席巻|接見|石けん|石鹸|石鹸[けん],,席巻|接見|石けん|石鹸,せっけん,N1|N3|N5,せっけん|席巻|席捲|接見|石けん|石鹸|石鹼,yes
世論,せろん,N1,"{""N1"": 2}","{""community-independent"": ""N1"", ""waller-derived"": ""N1""}",openjlpt|waller|wordmaster,community-independent|waller-derived,2,lexical,public opinion,same-writing-different-reading|same-jmdict-entry,,よろん,世論,よろん,N1,せいろん|せろん|よろん|世論|輿論,yes
世話,せわする,N4,"{""N4"": 2}","{""community-independent"": ""N4"", ""waller-derived"": ""N4""}",openjlpt|wordmaster,community-independent|waller-derived,2,lexical,to look after,same-writing-different-reading,,せわ,,,,,no
先,せん,N1,"{""N1"": 1}","{""community-independent"": ""N1""}",wordmaster,community-independent,1,lexical,"priority, precedence, previous",same-reading-different-writing|same-writing-different-reading,仙|千|栓|線|選|銭,さき,,,,,no
前,せん,N1,"{""N1"": 1}","{""waller-derived"": ""N1""}",openjlpt,waller-derived,1,lexical,before,same-reading-different-writing|same-writing-different-reading,仙|千|栓|線|選|銭,ぜん|まえ,,,,,no
宣教,せんきょう,N1,"{""N1"": 2}","{""community-independent"": ""N1"", ""waller-derived"": ""N1""}",openjlpt|waller|wordmaster,community-independent|waller-derived,2,lexical,religious mission,fully-absent,,,,,,,yes
戦災,せんさい,N1,"{""N1"": 2}","{""community-independent"": ""N1"", ""waller-derived"": ""N1""}",openjlpt|waller|wordmaster,community-independent|waller-derived,2,lexical,war damage,same-reading-different-writing,繊細,,,,,,yes
専制,せんせい,N2,"{""N2"": 2}","{""community-independent"": ""N2"", ""waller-derived"": ""N2""}",openjlpt|waller|wordmaster,community-independent|waller-derived,2,lexical,despotism; autocracy,same-reading-different-writing,先生|宣誓,,,,,,yes
先先月,せんせんげつ,N1,"{""N1"": 1}","{""waller-derived"": ""N1""}",openjlpt|waller,waller-derived,1,lexical,month before last,same-reading-different-writing|same-jmdict-entry,先々月,,先々月,せんせんげつ,N2,せんせんげつ|先々月|先先月,yes
先先週,せんせんしゅう,N1,"{""N1"": 1}","{""waller-derived"": ""N1""}",openjlpt|waller,waller-derived,1,lexical,week before last,same-reading-different-writing|same-jmdict-entry,先々週,,先々週,せんせんしゅう,N1,せんせんしゅう|先々週|先先週,yes
船舶,せんぱく,N1,"{""N1"": 2}","{""community-independent"": ""N1"", ""waller-derived"": ""N1""}",openjlpt|waller|wordmaster,community-independent|waller-derived,2,lexical,ship,same-reading-different-writing,浅薄,,,,,,yes
税,ぜい,N3,"{""N3"": 2}","{""community-independent"": ""N3"", ""waller-derived"": ""N3""}",waller|wordmaster,community-independent|waller-derived,2,lexical,tax,fully-absent,,,,,,,yes
税務署,ぜいむしょ,N1,"{""N1"": 2}","{""community-independent"": ""N1"", ""waller-derived"": ""N1""}",openjlpt|waller|wordmaster,community-independent|waller-derived,2,lexical,tax office,fully-absent,,,,,,,yes
ゼミ,ゼミ,N2,"{""N2"": 2}","{""community-independent"": ""N2"", ""waller-derived"": ""N2""}",waller|wordmaster,community-independent|waller-derived,2,kana/loanword,(n) seminar,fully-absent,,,,,,,yes
膳,ぜん,N3,"{""N1"": 1, ""N3"": 1}","{""community-independent"": ""N3"", ""waller-derived"": ""N1""}",openjlpt|waller|wordmaster,community-independent|waller-derived,2,lexical,(small) table; tray; meal,same-reading-different-writing,全|前|善|禅,,,,,,yes
前～,ぜん～,N2,"{""N2"": 1}","{""community-independent"": ""N2""}",wordmaster,community-independent,1,lexical,"former, late ~, past ~",fully-absent,,,,,,,no
全集,ぜんしゅう,N2,"{""N2"": 2}","{""community-independent"": ""N2"", ""waller-derived"": ""N2""}",openjlpt|waller|wordmaster,community-independent|waller-derived,2,lexical,complete works,fully-absent,,,,,,,yes
そう; そうです,そう; そうです,N5,"{""N5"": 1}","{""community-independent"": ""N5""}",wordmaster,community-independent,1,lexical,是; 是的,fully-absent,,,,,,,no
然う,そう,N3,"{""N3"": 1}","{""waller-derived"": ""N3""}",waller,waller-derived,1,lexical,so,same-reading-different-writing|same-jmdict-entry,そう|僧|双|層|想|沿う|添う|総,,そう,そう,N5,そう|然う,yes
相,そう,N3,"{""N3"": 1}","{""community-independent"": ""N3""}",wordmaster,community-independent,1,lexical,"aspect, phase, countenance",same-reading-different-writing|same-writing-different-reading,そう|僧|双|層|想|沿う|添う|総,あい|しょう,,,,,no
総～,そう～,N2,"{""N2"": 1}","{""community-independent"": ""N2""}",wordmaster,community-independent,1,lexical,总～,fully-absent,,,,,,,no
そうして; そして,そうして; そして,N5,"{""N5"": 1}","{""community-independent"": ""N5""}",wordmaster,community-independent,1,lexical,然后,fully-absent,,,,,,,no
然うして,そうして,N1,"{""N1"": 1}","{""waller-derived"": ""N1""}",openjlpt|waller,waller-derived,1,lexical,and; like that,same-reading-different-writing|same-jmdict-entry,そうして,,そうして,そうして,N5,そうして|然うして,yes
掃除,そうじ (する),N5,"{""N5"": 1}","{""community-independent"": ""N5""}",wordmaster,community-independent,1,lexical,打扫,same-writing-different-reading,,そうじ,,,,,no
掃除,そうじする,N5,"{""N5"": 1}","{""waller-derived"": ""N5""}",openjlpt,waller-derived,1,lexical,to clean; to sweep,same-writing-different-reading,,そうじ,,,,,no
相談,そうだんする,N4,"{""N4"": 2}","{""community-independent"": ""N4"", ""waller-derived"": ""N4""}",openjlpt|wordmaster,community-independent|waller-derived,2,lexical,to discuss,same-writing-different-reading,,そうだん,,,,,no
そうっと,そうっと,N2,"{""N2"": 2}","{""community-independent"": ""N2"", ""waller-derived"": ""N2""}",waller|wordmaster,community-independent|waller-derived,2,kana/loanword,"softly, cautiously, gently",same-jmdict-entry,,,そっと,そっと,N3,そうっと|そおっと|そっと|そーっと,yes
其処,そこ,N5,"{""N5"": 1}","{""waller-derived"": ""N5""}",openjlpt|waller,waller-derived,1,lexical,that place; there,same-reading-different-writing|same-jmdict-entry,そこ|底,,そこ,そこ,N5,そこ|其処|其所,yes
其処で,そこで,N1,"{""N1"": 1}","{""waller-derived"": ""N1""}",openjlpt|waller,waller-derived,1,lexical,so (conj); accordingly; now,same-reading-different-writing|same-jmdict-entry,そこで,,そこで,そこで,N3,そこで|其処で,yes
損う,そこなう,N1,"{""N1"": 1}","{""community-independent"": ""N1""}",wordmaster,community-independent,1,lexical,"to harm, to hurt",same-reading-different-writing|same-jmdict-entry,損なう,,損なう,そこなう,N2,そこなう|害う|損う|損なう,yes
其処ら,そこら,N1,"{""N1"": 1}","{""waller-derived"": ""N1""}",openjlpt|waller,waller-derived,1,lexical,everywhere; somewhere; approximately,same-reading-different-writing|same-jmdict-entry,そこら,,そこら,そこら,N2,そこら|其処ら,yes
然して,そして,N1,"{""N1"": 1}","{""waller-derived"": ""N1""}",openjlpt|waller,waller-derived,1,lexical,and,same-reading-different-writing|same-jmdict-entry,そして,,そして,そして,N5,しかして|そして|然して|而して,yes
其方,そちら,N1,"{""N1"": 1}","{""waller-derived"": ""N1""}",openjlpt|waller,waller-derived,1,lexical,over there; the other,same-reading-different-writing|same-jmdict-entry,そちら,,そちら|そっち,そちら|そっち,N5,そちら|そっち|其方,yes
素っ気無い,そっけない,N1,"{""N1"": 1}","{""community-independent"": ""N1""}",wordmaster,community-independent,1,lexical,"cold, short, curt, blunt",same-reading-different-writing|same-jmdict-entry,そっけない|素っ気ない,,そっけない|素っ気ない,そっけない,N1,そっけない|素っ気ない|素っ気無い|素気ない|素気無い,yes
卒直,そっちょく,N2,"{""N2"": 2}","{""community-independent"": ""N2"", ""waller-derived"": ""N2""}",openjlpt|waller|wordmaster,community-independent|waller-derived,2,lexical,frankness; candour; openheartedness,same-reading-different-writing|same-jmdict-entry,率直,,率直,そっちょく,N2,そっちょく|卒直|率直,yes
外方,そっぽ,N1,"{""N1"": 2}","{""community-independent"": ""N1"", ""waller-derived"": ""N1""}",openjlpt|waller|wordmaster,community-independent|waller-derived,2,lexical,look (or turn) the other way,same-reading-different-writing|same-jmdict-entry,そっぽ,,そっぽ,そっぽ,N1,そっぽ|外方,yes
具える,そなえる,N3,"{""N2"": 1, ""N3"": 1}","{""community-independent"": ""N3"", ""waller-derived"": ""N2""}",openjlpt|waller|wordmaster,community-independent|waller-derived,2,lexical,to be furnished with,same-reading-different-writing|same-jmdict-entry,供える|備える,,備える,そなえる,N2,そなえる|備える|具える,yes
具わる,そなわる,N1,"{""N1"": 1}","{""community-independent"": ""N1""}",wordmaster,community-independent,1,lexical,to be furnished with,same-reading-different-writing|same-jmdict-entry,備わる,,備わる,そなわる,N2,そなわる|備わる|具わる,yes
其の,その,N5,"{""N5"": 1}","{""waller-derived"": ""N5""}",waller,waller-derived,1,lexical,That,same-reading-different-writing|same-jmdict-entry,その|園,,その,その,N5,その|そん|其の,yes
その為,そのため,N1,"{""N1"": 1}","{""waller-derived"": ""N1""}",openjlpt|waller,waller-derived,1,lexical,hence; for that reason,same-reading-different-writing|same-jmdict-entry,そのため,,そのため,そのため,N3,そのため|その為|其のため|其の為,yes
その外,そのほか,N1,"{""N1"": 1}","{""waller-derived"": ""N1""}",openjlpt|waller,waller-derived,1,lexical,besides; in addition; the rest,same-reading-different-writing|same-jmdict-entry,そのほか|その他,,そのほか|その他,そのほか,N2|N3,そのた|そのほか|その他|その外|其の他|其の外|其他,yes
そり (～にのる),そり (～にのる),N1,"{""N1"": 1}","{""community-independent"": ""N1""}",wordmaster,community-independent,1,lexical,"sleigh, sled",fully-absent,,,,,,,no
其れ,それ,N1,"{""N1"": 1}","{""waller-derived"": ""N1""}",openjlpt|waller,waller-derived,1,lexical,it; that,same-reading-different-writing|same-jmdict-entry,それ,,それ,それ,N5,それ|其|其れ,yes
其れから,それから,N1,"{""N1"": 1}","{""waller-derived"": ""N1""}",openjlpt|waller,waller-derived,1,lexical,and then; after that,same-reading-different-writing|same-jmdict-entry,それから,,それから,それから,N5,それから|其れから,yes
各々,それぞれ,N1,"{""N1"": 1}","{""waller-derived"": ""N1""}",openjlpt,waller-derived,1,lexical,each; every; either,same-reading-different-writing|same-writing-different-reading,それぞれ,おのおの,,,,,no
其れで,それで,N1,"{""N1"": 1}","{""waller-derived"": ""N1""}",openjlpt|waller,waller-derived,1,lexical,and (conj); thereupon; because of that,same-reading-different-writing|same-jmdict-entry,それで,,それで,それで,N4,それで|其れで,yes
其れでは,それでは,N1,"{""N1"": 1}","{""waller-derived"": ""N1""}",openjlpt,waller-derived,1,lexical,in that situation; well then ...,same-reading-different-writing|same-jmdict-entry,それでは,,それでは,それでは,N5,それでは|其れでは,yes
其れでも,それでも,N1,"{""N1"": 1}","{""waller-derived"": ""N1""}",openjlpt|waller,waller-derived,1,lexical,but (still); and yet; nevertheless,same-reading-different-writing|same-jmdict-entry,それでも,,それでも,それでも,N3,それでも|其れでも,yes
それと,それと,N3,"{""N3"": 2}","{""community-independent"": ""N3"", ""waller-derived"": ""N3""}",waller|wordmaster,community-independent|waller-derived,2,kana/loanword,还有,fully-absent,,,,,,,yes
其れとも,それとも,N1,"{""N1"": 1}","{""waller-derived"": ""N1""}",waller,waller-derived,1,lexical,"or, or else",same-reading-different-writing|same-jmdict-entry,それとも,,それとも,それとも,N4,それとも|其れとも,yes
其れ共,それとも,N1,"{""N1"": 1}","{""waller-derived"": ""N1""}",openjlpt,waller-derived,1,lexical,or; or else,same-reading-different-writing,それとも,,,,,,no
其れに,それに,N1,"{""N1"": 1}","{""waller-derived"": ""N1""}",openjlpt|waller,waller-derived,1,lexical,besides; moreover,same-reading-different-writing|same-jmdict-entry,それに,,それに,それに,N4,それに|其れに,yes
それはいけませんね (かん),それはいけませんね (かん),N2,"{""N2"": 1}","{""community-independent"": ""N2""}",wordmaster,community-independent,1,lexical,那可不好,fully-absent,,,,,,,no
其れ程,それほど,N1,"{""N1"": 1}","{""waller-derived"": ""N1""}",openjlpt|waller,waller-derived,1,lexical,to that degree; extent,same-reading-different-writing|same-jmdict-entry,それほど,,それほど,それほど,N3,それほど|それ程|其れ程|其程,yes
其れ故,それゆえ,N1,"{""N1"": 1}","{""waller-derived"": ""N1""}",openjlpt|waller,waller-derived,1,lexical,therefore; for that reason; so,same-reading-different-writing|same-jmdict-entry,それゆえ|それ故,,それゆえ|それ故,それゆえ,N1,それゆえ|それ故|其れ故,yes
徐々,そろそろ,N1,"{""N1"": 1}","{""waller-derived"": ""N1""}",openjlpt,waller-derived,1,lexical,gradually; steadily; quietly,same-reading-different-writing,そろそろ,,,,,,no
蔵相,ぞうしょう,N1,"{""N1"": 2}","{""community-independent"": ""N1"", ""waller-derived"": ""N1""}",openjlpt|waller|wordmaster,community-independent|waller-derived,2,lexical,Minister of Finance,fully-absent,,,,,,,yes
草履,ぞうり,N2,"{""N2"": 2}","{""community-independent"": ""N2"", ""waller-derived"": ""N2""}",openjlpt|waller|wordmaster,community-independent|waller-derived,2,lexical,zoori (Japanese footwear); sandals,fully-absent,,,,,,,yes
存ずる,ぞんずる,N2,"{""N2"": 2}","{""community-independent"": ""N2"", ""waller-derived"": ""N2""}",waller|wordmaster,community-independent|waller-derived,2,lexical,(humble) to know,same-reading-different-writing,存,,,,,,yes
他,た,N3,"{""N3"": 2}","{""community-independent"": ""N3"", ""waller-derived"": ""N3""}",openjlpt|waller|wordmaster,community-independent|waller-derived,2,lexical,other (esp. places and things),same-reading-different-writing|same-writing-different-reading,田,ほか,,,,,yes
隊,たい,N3,"{""N3"": 1}","{""community-independent"": ""N3""}",wordmaster,community-independent,1,lexical,"party, troops",same-reading-different-writing,タイ|他意|対|帯|戴|泰|鯛,,,,,,no
タイア,タイア,N2,"{""N2"": 2}","{""community-independent"": ""N2"", ""waller-derived"": ""N2""}",waller|wordmaster,community-independent|waller-derived,2,kana/loanword,"tire,tyre",same-jmdict-entry,,,タイヤ,タイヤ,N2,タイア|タイヤ,yes
退院,たいいんする,N4,"{""N4"": 2}","{""community-independent"": ""N4"", ""waller-derived"": ""N4""}",openjlpt|wordmaster,community-independent|waller-derived,2,lexical,to leave hospital,same-writing-different-reading,,たいいん,,,,,no
対して,たいして,N1,"{""N1"": 1}","{""waller-derived"": ""N1""}",openjlpt|waller,waller-derived,1,lexical,for; in regard to; per,same-reading-different-writing,大して,,,,,,yes
Ͼ立,たいりつ,N2,"{""N2"": 1}","{""waller-derived"": ""N2""}",openjlpt,waller-derived,1,lexical,confrontation; opposition; antagonism,same-reading-different-writing,対立,,,,,,no
堪える,たえる,N1,"{""N1"": 2}","{""community-independent"": ""N1"", ""waller-derived"": ""N1""}",waller|wordmaster,community-independent|waller-derived,2,lexical,"to bear, to stand, to endure, to put up with, to support, to withstand, to resist, to brave, to be fit for, t",same-reading-different-writing|same-writing-different-reading|same-jmdict-entry,絶える|耐える,こらえる,耐える,たえる,N2,たえる|堪える|耐える,yes
断える,たえる,N1,"{""N1"": 1}","{""community-independent"": ""N1""}",wordmaster,community-independent,1,lexical,"to cease, to become extinct",same-reading-different-writing|same-jmdict-entry,絶える|耐える,,絶える,たえる,N2,たえる|断える|絶える,yes
焚火,たきび,N1,"{""N1"": 2}","{""community-independent"": ""N1"", ""waller-derived"": ""N1""}",openjlpt|waller|wordmaster,community-independent|waller-derived,2,lexical,(open) fire,same-reading-different-writing|same-jmdict-entry,焚き火,,焚き火,たきび,N1,たきび|たき火|焚き火|焚火,yes
宅,たく,N3,"{""N3"": 2}","{""community-independent"": ""N3"", ""waller-derived"": ""N3""}",openjlpt|waller|wordmaster,community-independent|waller-derived,2,lexical,house; home; husband,same-reading-different-writing,卓|炊く|焚く,,,,,,yes
たしか,たしか,N3,"{""N3"": 1}","{""community-independent"": ""N3""}",wordmaster,community-independent,1,kana/loanword,"certain, sure, if I remember correctly",same-reading-different-writing|same-jmdict-entry,確か,,確か,たしか,N4,たしか|慥か|確|確か,yes
唯,ただ,N3,"{""N3"": 2}","{""community-independent"": ""N3"", ""waller-derived"": ""N3""}",openjlpt|waller|wordmaster,community-independent|waller-derived,2,lexical,free of charge; mere; sole,same-reading-different-writing|same-jmdict-entry,ただ|只,,ただ|只,ただ,N3|N5,ただ|タダ|但|只|唯|常|徒,yes
ただいま,ただいま,N2,"{""N2"": 1}","{""community-independent"": ""N2""}",wordmaster,community-independent,1,kana/loanword,我回来了,same-reading-different-writing|same-jmdict-entry,ただ今|只今,,ただ今|只今,ただいま,N1|N5,ただいま|ただ今|只今|唯今,yes
館,たち,N1,"{""N1"": 1}","{""waller-derived"": ""N1""}",waller,waller-derived,1,lexical,"1. mansion, small castle",same-reading-different-writing|same-writing-different-reading,太刀|立ち,かん|やかた,,,,,no
尊い,たっとい,N1,"{""N1"": 1}","{""waller-derived"": ""N1""}",openjlpt|waller,waller-derived,1,lexical,precious; valuable; priceless,same-writing-different-reading|same-jmdict-entry,,とうとい,尊い,とうとい,N2,たっとい|とうとい|尊い|貴い,yes
貴い,たっとい,N1,"{""N1"": 1}","{""waller-derived"": ""N1""}",openjlpt|waller,waller-derived,1,lexical,precious; valuable; priceless,same-jmdict-entry,,,尊い,とうとい,N2,たっとい|とうとい|尊い|貴い,yes
尊ぶ,たっとぶ,N1,"{""N1"": 1}","{""waller-derived"": ""N1""}",openjlpt|waller,waller-derived,1,lexical,to value; to prize; to esteem,same-writing-different-reading|same-jmdict-entry,,とうとぶ,尊ぶ,とうとぶ,N1,たっとぶ|とうとぶ|尊ぶ|尚ぶ|貴ぶ,yes
たて,たて,N5,"{""N5"": 1}","{""community-independent"": ""N5""}",wordmaster,community-independent,1,kana/loanword,长度; 高度,same-reading-different-writing|same-jmdict-entry,盾|縦,,盾|縦,たて,N1|N2,たて|タテ|楯|盾|竪|経|縦,yes
掌,たなごころ,N1,"{""N1"": 1}","{""waller-derived"": ""N1""}",openjlpt|waller,waller-derived,1,lexical,the palm,same-writing-different-reading|same-jmdict-entry,,てのひら,手のひら|掌,てのひら,N1,しょう|たなごころ|てのひら|手のひら|手の平|掌,yes
楽む,たのしむ,N4,"{""N4"": 2}","{""community-independent"": ""N4"", ""waller-derived"": ""N4""}",openjlpt|waller|wordmaster,community-independent|waller-derived,2,lexical,to enjoy oneself,same-reading-different-writing|same-jmdict-entry,楽しむ,,楽しむ,たのしむ,N4,たのしむ|愉しむ|楽しむ|楽む,yes
たびたび,たびたび,N3,"{""N3"": 2}","{""community-independent"": ""N3"", ""waller-derived"": ""N3""}",waller|wordmaster,community-independent|waller-derived,2,kana/loanword,"often,repeatedly,frequently",same-reading-different-writing|same-jmdict-entry,度々,,度々,たびたび,N2,たびたび|度々|度度,yes
球,たま,N3,"{""N3"": 1}","{""waller-derived"": ""N3""}",waller,waller-derived,1,lexical,"globe,sphere,ball",same-reading-different-writing|same-writing-different-reading|same-jmdict-entry,偶|弾|玉,きゅう,弾|玉,たま,N1|N3,たま|弾|玉|珠|球|璧,yes
偶々,たまたま,N3,"{""N3"": 2}","{""community-independent"": ""N3"", ""waller-derived"": ""N3""}",openjlpt|waller|wordmaster,community-independent|waller-derived,2,lexical,casually; unexpectedly; accidentally,same-reading-different-writing|same-jmdict-entry,たまたま,,たまたま,たまたま,N2,たまたま|偶|偶々|偶偶|適,yes
溜息,ためいき,N2,"{""N2"": 2}","{""community-independent"": ""N2"", ""waller-derived"": ""N2""}",openjlpt|waller|wordmaster,community-independent|waller-derived,2,lexical,a sigh,same-reading-different-writing|same-jmdict-entry,ため息,,ため息,ためいき,N1,ためいき|ため息|溜め息|溜息,yes
たれ,たれ,N1,"{""N1"": 1}","{""waller-derived"": ""N1""}",waller,waller-derived,1,kana/loanword,adjectival suffix for a person,same-reading-different-writing|same-jmdict-entry,垂れ,,垂れ,たれ,N1,たれ|だれ|タレ|ダレ|垂|垂れ,yes
誰,たれ,N1,"{""N1"": 1}","{""waller-derived"": ""N1""}",openjlpt,waller-derived,1,lexical,adjectival suffix for a person,same-reading-different-writing|same-writing-different-reading,垂れ,だれ,,,,,no
歎,たん,N1,"{""N1"": 1}","{""waller-derived"": ""N1""}",openjlpt|waller,waller-derived,1,lexical,grief; sigh; lamentation,same-reading-different-writing,タン|単|反,,,,,,yes
短～,たん～,N2,"{""N2"": 1}","{""community-independent"": ""N2""}",wordmaster,community-independent,1,lexical,短~,fully-absent,,,,,,,no
田ぼ,たんぼ,N2,"{""N2"": 2}","{""community-independent"": ""N2"", ""waller-derived"": ""N2""}",openjlpt|waller|wordmaster,community-independent|waller-derived,2,lexical,paddy field; farm,same-reading-different-writing|same-jmdict-entry,田んぼ|田圃,,田んぼ|田圃,たんぼ,N1,たんぼ|でんぼ|でんぽ|田ぼ|田んぼ|田圃|田畝,yes
第,だい,N1,"{""N1"": 1}","{""waller-derived"": ""N1""}",openjlpt|waller,waller-derived,1,lexical,ordinal,same-reading-different-writing,台|大|題,,,,,,yes
第～,だい～,N2,"{""N2"": 1}","{""community-independent"": ""N2""}",wordmaster,community-independent,1,lexical,~th,fully-absent,,,,,,,no
だいいち (とりわけ),だいいち (とりわけ),N2,"{""N2"": 1}","{""community-independent"": ""N2""}",wordmaster,community-independent,1,lexical,第一,fully-absent,,,,,,,no
大分,だいぶん,N2,"{""N2"": 2}","{""community-independent"": ""N2"", ""waller-derived"": ""N2""}",openjlpt|waller|wordmaster,community-independent|waller-derived,2,lexical,considerably; greatly; a lot,same-writing-different-reading|same-jmdict-entry,,だいぶ,だいぶ|大分,だいぶ,N2|N4,だいぶ|だいぶん|大分,yes
ダイヤグラム,ダイヤグラム,N2,"{""N2"": 2}","{""community-independent"": ""N2"", ""waller-derived"": ""N2""}",waller|wordmaster,community-independent|waller-derived,2,kana/loanword,diagram,fully-absent,,,,,,,yes
だと,だと,N1,"{""N1"": 1}","{""community-independent"": ""N1""}",wordmaster,community-independent,1,kana/loanword,if it's the case,fully-absent,,,,,,,no
だらけ,だらけ,N1,"{""N1"": 1}","{""waller-derived"": ""N1""}",waller,waller-derived,1,kana/loanword,implying (negatively) that something is full of e.g. mistakes,fully-absent,,,,,,,yes
壇,だん,N1,"{""N1"": 1}","{""waller-derived"": ""N1""}",openjlpt|waller,waller-derived,1,lexical,1.  platform; podium; rostrum,same-reading-different-writing,段|談,,,,,,yes
打,ダース,N1,"{""N1"": 1}","{""waller-derived"": ""N1""}",waller,waller-derived,1,lexical,dozen,same-reading-different-writing|same-jmdict-entry,ダース,,ダース,ダース,N1,ダース|打,yes
チェックする,チェックする,N4,"{""N4"": 1}","{""community-independent"": ""N4""}",wordmaster,community-independent,1,kana/loanword,check,fully-absent,,,,,,,no
近付く,ちかづく,N1,"{""N1"": 1}","{""waller-derived"": ""N1""}",openjlpt|waller,waller-derived,1,lexical,to approach; to get near; to get acquainted with,same-reading-different-writing|same-jmdict-entry,近づく,,近づく,ちかづく,N2,ちかずく|ちかづく|近づく|近付く,yes
近付ける,ちかづける,N2,"{""N2"": 2}","{""community-independent"": ""N2"", ""waller-derived"": ""N2""}",openjlpt|waller|wordmaster,community-independent|waller-derived,2,lexical,to bring near; to put close; to let come near,same-reading-different-writing|same-jmdict-entry,近づける,,近づける,ちかづける,N2,ちかづける|近づける|近付ける,yes
父母,ちちはは,N1,"{""N1"": 1}","{""waller-derived"": ""N1""}",openjlpt|waller,waller-derived,1,lexical,father and mother; parents,same-writing-different-reading|same-jmdict-entry,,ふぼ,父母,ふぼ,N3,かぞいろ|かぞいろは|ちちはは|ててはは|ふぼ|ぶも|父母,yes
些とも,ちっとも,N1,"{""N1"": 1}","{""waller-derived"": ""N1""}",openjlpt|waller,waller-derived,1,lexical,not at all (neg. verb),same-reading-different-writing|same-jmdict-entry,ちっとも,,ちっとも,ちっとも,N3,ちっとも|些とも,yes
地点,ちてん,N2,"{""N2"": 2}","{""community-independent"": ""N2"", ""waller-derived"": ""N2""}",openjlpt|waller|wordmaster,community-independent|waller-derived,2,lexical,site; point on a map,fully-absent,,,,,,,yes
著,ちゃく,N1,"{""N1"": 1}","{""waller-derived"": ""N1""}",openjlpt,waller-derived,1,lexical,counter for suits of clothing; arriving at ..,same-reading-different-writing,着,,,,,,no
ちゃわん,ちゃわん,N5,"{""N5"": 1}","{""waller-derived"": ""N5""}",waller,waller-derived,1,kana/loanword,rice bowl,same-reading-different-writing|same-jmdict-entry,茶わん|茶碗|茶碗[わん],,茶わん|茶碗,ちゃわん,N1|N5,ちゃわん|茶わん|茶碗,yes
ちゃん,ちゃん,N4,"{""N4"": 1}","{""waller-derived"": ""N4""}",waller,waller-derived,1,kana/loanword,suffix for familiar female person,same-jmdict-entry,,,父,ちち,N5,あて|かそ|かぞ|しし|ちち|ちゃん|てて|父,yes
昼間,ちゅうかん,N1,"{""N1"": 1}","{""waller-derived"": ""N1""}",openjlpt|waller,waller-derived,1,lexical,daytime; during the day,same-reading-different-writing|same-writing-different-reading|same-jmdict-entry,中間,ひるま,昼間,ひるま,N3,ちゅうかん|ひるま|昼間,yes
中指,ちゅうし,N1,"{""N1"": 1}","{""waller-derived"": ""N1""}",openjlpt|waller,waller-derived,1,lexical,middle finger,same-reading-different-writing|same-writing-different-reading|same-jmdict-entry,中止,なかゆび,中指,なかゆび,N3,ちゅうし|なかゆび|中指,yes
抽象,ちゅうしょう,N2,"{""N2"": 2}","{""community-independent"": ""N2"", ""waller-derived"": ""N2""}",openjlpt|waller|wordmaster,community-independent|waller-derived,2,lexical,abstract,same-reading-different-writing,中傷,,,,,,yes
中っ腹,ちゅうっぱら,N1,"{""N1"": 1}","{""waller-derived"": ""N1""}",waller,waller-derived,1,lexical,"irritated, offended",fully-absent,,,,,,,yes
中腹,ちゅうっぱら,N1,"{""N1"": 1}","{""waller-derived"": ""N1""}",openjlpt,waller-derived,1,lexical,irritated; offended,same-writing-different-reading,,ちゅうふく,,,,,no
仲人,ちゅうにん,N1,"{""N1"": 1}","{""waller-derived"": ""N1""}",openjlpt|waller,waller-derived,1,lexical,go-between; matchmaker,same-writing-different-reading|same-jmdict-entry,,なこうど,仲人,なこうど,N1,ちゅうにん|なこうど|仲人|媒|媒人,yes
昼飯,ちゅうはん,N1,"{""N1"": 1}","{""waller-derived"": ""N1""}",openjlpt|waller,waller-derived,1,lexical,lunch; midday meal,same-writing-different-reading|same-jmdict-entry,,ひるめし,昼飯,ひるめし,N1,ちゅうはん|ひるはん|ひるめし|昼めし|昼メシ|昼飯,yes
著,ちょ,N1,"{""N1"": 1}","{""waller-derived"": ""N1""}",waller,waller-derived,1,lexical,"counter for suits of clothing, arriving at ..",fully-absent,,,,,,,yes
長短,ちょうたん,N2,"{""N2"": 2}","{""community-independent"": ""N2"", ""waller-derived"": ""N2""}",openjlpt|waller|wordmaster,community-independent|waller-derived,2,lexical,length; long and short; +-,fully-absent,,,,,,,yes
ちょうだい,ちょうだい,N3,"{""N3"": 1}","{""community-independent"": ""N3""}",wordmaster,community-independent,1,kana/loanword,给我,same-reading-different-writing|same-jmdict-entry,頂戴,,頂戴,ちょうだい,N1,ちょうだい|ちょーだい|頂だい|頂戴|頂載,yes
長大,ちょうだい,N1,"{""N1"": 1}","{""waller-derived"": ""N1""}",openjlpt|waller,waller-derived,1,lexical,very long; great length,same-reading-different-writing,頂戴,,,,,,yes
恰度,ちょうど,N1,"{""N1"": 1}","{""waller-derived"": ""N1""}",openjlpt|waller,waller-derived,1,lexical,just; right; exactly,same-reading-different-writing|same-jmdict-entry,ちょうど|丁度,,ちょうど|丁度,ちょうど,N5,ちょうど|丁度|恰度,yes
丁目,ちょうめ,N1,"{""N1"": 1}","{""waller-derived"": ""N1""}",openjlpt|waller,waller-derived,1,lexical,district of a town; city block (of irregular size),fully-absent,,,,,,,yes
一寸,ちょっと,N1,"{""N1"": 1}","{""waller-derived"": ""N1""}",openjlpt|waller,waller-derived,1,lexical,(ateji) (adv int) (uk) just a minute; a short time; a while,same-reading-different-writing|same-jmdict-entry,ちょっと,,ちょっと,ちょっと,N5,ちょいと|ちょっと|ちょと|チョッと|チョット|一寸|鳥渡,yes
塵紙,ちりがみ,N2,"{""N2"": 2}","{""community-independent"": ""N2"", ""waller-derived"": ""N2""}",openjlpt|waller|wordmaster,community-independent|waller-derived,2,lexical,tissue paper; toilet paper,same-reading-different-writing|same-jmdict-entry,ちり紙,,ちり紙,ちりがみ,N2,ちりがみ|ちりし|ちり紙|チリ紙|塵紙,yes
塵取り,ちりとり,N1,"{""N1"": 2}","{""community-independent"": ""N1"", ""waller-derived"": ""N1""}",openjlpt|waller|wordmaster,community-independent|waller-derived,2,lexical,dustpan,same-reading-different-writing|same-jmdict-entry,ちり取り,,ちり取り,ちりとり,N1,ちりとり|ちり取|ちり取り|チリトリ|チリ取り|塵取|塵取り,yes
沈没,ちんぼつ,N1,"{""N1"": 2}","{""community-independent"": ""N1"", ""waller-derived"": ""N1""}",openjlpt|waller|wordmaster,community-independent|waller-derived,2,lexical,sinking; foundering,fully-absent,,,,,,,yes
通ずる,つうずる,N2,"{""N2"": 2}","{""community-independent"": ""N2"", ""waller-derived"": ""N2""}",waller|wordmaster,community-independent|waller-derived,2,lexical,"to lead, to run, to open",fully-absent,,,,,,,yes
遣い,つかい,N1,"{""N1"": 1}","{""waller-derived"": ""N1""}",openjlpt|waller,waller-derived,1,lexical,mission; simple task; doing,same-reading-different-writing|same-jmdict-entry,使い,,使い,つかい,N1,つかい|使い|遣い,yes
付合う,つきあう,N3,"{""N2"": 1, ""N3"": 1}","{""community-independent"": ""N3"", ""waller-derived"": ""N2""}",openjlpt|waller|wordmaster,community-independent|waller-derived,2,lexical,to associate with; to keep company with; to get on with,same-reading-different-writing|same-jmdict-entry,付き合う,,付き合う,つきあう,N3,つきあう|つき合う|付きあう|付き合う|付合う,yes
月並,つきなみ,N1,"{""N1"": 1}","{""community-independent"": ""N1""}",wordmaster,community-independent,1,lexical,"conventional, trite, common",same-reading-different-writing|same-jmdict-entry,月並み,,月並み,つきなみ,N1,げつじ|つきなみ|月並|月並み|月次,yes
継目,つぎめ,N1,"{""N1"": 1}","{""community-independent"": ""N1""}",wordmaster,community-independent,1,lexical,"joint, seam",same-reading-different-writing|same-jmdict-entry,継ぎ目,,継ぎ目,つぎめ,N1,つぎめ|継ぎ目|継目,yes
点く,つく,N4,"{""N2"": 1, ""N4"": 1}","{""community-independent"": ""N4"", ""waller-derived"": ""N2""}",openjlpt|waller|wordmaster,community-independent|waller-derived,2,lexical,to catch fire; (electricity) comes on,same-reading-different-writing,付く|吐く|就く|点[つ]く|着く|突く,,,,,,yes
造り,つくり,N1,"{""N1"": 2}","{""community-independent"": ""N1"", ""waller-derived"": ""N1""}",openjlpt|waller|wordmaster,community-independent|waller-derived,2,lexical,make up; structure; physique,same-reading-different-writing|same-jmdict-entry,作り,,作り,つくり,N3,つくり|作り|造り,yes
作る/造る,つくる,N2,"{""N2"": 1}","{""waller-derived"": ""N2""}",openjlpt,waller-derived,1,lexical,to make; to create,same-reading-different-writing,作る|造る,,,,,,no
つける,つける,N5,"{""N5"": 1}","{""community-independent"": ""N5""}",wordmaster,community-independent,1,kana/loanword,打开,same-reading-different-writing|same-jmdict-entry,付ける|就ける|漬ける|点[つ]ける|着ける,,付ける|漬ける|着ける,つける,N1|N2|N5,つける|ツケる|付ける|浸ける|漬ける|着ける|附ける,yes
浸ける,つける,N2,"{""N2"": 1}","{""waller-derived"": ""N2""}",openjlpt|waller,waller-derived,1,lexical,to dip in; to soak,same-reading-different-writing|same-jmdict-entry,付ける|就ける|漬ける|点[つ]ける|着ける,,漬ける,つける,N2,つける|浸ける|漬ける,yes
点ける,つける,N2,"{""N2"": 1}","{""waller-derived"": ""N2""}",openjlpt|waller,waller-derived,1,lexical,to turn on; to switch on; to light up,same-reading-different-writing,付ける|就ける|漬ける|点[つ]ける|着ける,,,,,,yes
つじつま (はなしの～),つじつま (はなしの～),N1,"{""N1"": 1}","{""community-independent"": ""N1""}",wordmaster,community-independent,1,lexical,"coherence, consistency",fully-absent,,,,,,,no
途中,つちゅう,N1,"{""N1"": 1}","{""waller-derived"": ""N1""}",openjlpt,waller-derived,1,lexical,on the way; en route,same-writing-different-reading,,とちゅう,,,,,no
突っ突く,つっつく,N1,"{""N1"": 1}","{""community-independent"": ""N1""}",wordmaster,community-independent,1,lexical,to prompt someone,fully-absent,,,,,,,no
銃,つつ,N1,"{""N1"": 1}","{""waller-derived"": ""N1""}",openjlpt,waller-derived,1,lexical,gun,same-reading-different-writing|same-writing-different-reading,筒,じゅう,,,,,no
謹む,つつしむ,N1,"{""N1"": 1}","{""community-independent"": ""N1""}",wordmaster,community-independent,1,lexical,"to be careful, to be chaste or discreet",same-reading-different-writing|same-jmdict-entry,慎む,,慎む,つつしむ,N1,つつしむ|慎む|虔む|謹む,yes
伝言,つてごと,N1,"{""N1"": 1}","{""waller-derived"": ""N1""}",openjlpt,waller-derived,1,lexical,verbal message; rumor; word,same-writing-different-reading,,つてこと|でんごん|でんごんする,,,,,no
務まる,つとまる,N1,"{""N1"": 1}","{""community-independent"": ""N1""}",wordmaster,community-independent,1,lexical,"be equal, be fit",same-reading-different-writing|same-jmdict-entry,勤まる,,勤まる,つとまる,N1,つとまる|務まる|勤まる,yes
つねる,つねる,N1,"{""N1"": 1}","{""community-independent"": ""N1""}",wordmaster,community-independent,1,kana/loanword,to pinch,same-reading-different-writing|same-jmdict-entry,抓る,,抓る,つねる,N1,つねる|つめる|抓める|抓る,yes
つぶる (めを～),つぶる (めを～),N1,"{""N1"": 1}","{""community-independent"": ""N1""}",wordmaster,community-independent,1,lexical,to close the eyes,fully-absent,,,,,,,no
壷,つぼ,N1,"{""N1"": 2}","{""community-independent"": ""N1"", ""waller-derived"": ""N1""}",openjlpt|waller|wordmaster,community-independent|waller-derived,2,lexical,tsubo jar; pot; vase,same-reading-different-writing|same-jmdict-entry,つぼ|坪|壺,,つぼ|壺,つぼ,N1,つぼ|ツボ|壷|壺|壼,yes
釣,つり,N3,"{""N3"": 2}","{""community-independent"": ""N3"", ""waller-derived"": ""N3""}",waller|wordmaster,community-independent|waller-derived,2,lexical,fishing,same-reading-different-writing|same-jmdict-entry,釣り,,釣り,つり,N3,つり|釣|釣り,yes
吊り革,つりかわ,N1,"{""N1"": 2}","{""community-independent"": ""N1"", ""waller-derived"": ""N1""}",openjlpt|waller|wordmaster,community-independent|waller-derived,2,lexical,strap,same-reading-different-writing|same-jmdict-entry,つり革|吊革,,つり革|吊革,つりかわ,N1,つりかわ|つり革|吊り革|吊革|釣り革|釣革,yes
釣り鐘,つりがね,N1,"{""N1"": 1}","{""community-independent"": ""N1""}",wordmaster,community-independent,1,lexical,temple bell (for striking),same-reading-different-writing|same-jmdict-entry,釣鐘,,釣鐘,つりがね,N1,つりがね|吊り鐘|吊鐘|釣り鐘|釣鐘,yes
ティシュペーパー,ティシュペーパー,N1,"{""N1"": 1}","{""community-independent"": ""N1""}",wordmaster,community-independent,1,kana/loanword,tissue,same-jmdict-entry,,,ティッシュペーパー,ティッシュペーパー,N1,ティシュペーパー|ティッシュペーパー|ティッシュ・ペーパー,yes
低～,てい～,N2,"{""N2"": 1}","{""community-independent"": ""N2""}",wordmaster,community-independent,1,lexical,low ~,fully-absent,,,,,,,no
梯子,ていし,N1,"{""N1"": 1}","{""waller-derived"": ""N1""}",openjlpt|waller,waller-derived,1,lexical,ladder; stairs,same-reading-different-writing|same-writing-different-reading,停止,はしご,,,,,no
手数,てかず,N1,"{""N1"": 2}","{""community-independent"": ""N1"", ""waller-derived"": ""N1""}",openjlpt|waller|wordmaster,community-independent|waller-derived,2,lexical,number of moves; trouble,same-writing-different-reading|same-jmdict-entry,,てすう,手数,てすう,N2,てかず|てすう|手数,yes
手掛ける,てがける,N1,"{""N1"": 2}","{""community-independent"": ""N1"", ""waller-derived"": ""N1""}",openjlpt|waller|wordmaster,community-independent|waller-derived,2,lexical,to handle; to manage; to work with,same-reading-different-writing|same-jmdict-entry,手がける,,手がける,てがける,N1,てがける|手がける|手懸ける|手掛ける,yes
適確,てきかく,N2,"{""N2"": 2}","{""community-independent"": ""N2"", ""waller-derived"": ""N2""}",openjlpt|waller|wordmaster,community-independent|waller-derived,2,lexical,precise; accurate,same-reading-different-writing|same-jmdict-entry,的確|適格,,的確,てきかく,N2,てきかく|てっかく|的確|適確,yes
鉄片,てっぺん,N1,"{""N1"": 1}","{""waller-derived"": ""N1""}",openjlpt|waller,waller-derived,1,lexical,iron scraps,same-reading-different-writing|same-jmdict-entry,てっぺん|天辺,,てっぺん,てっぺん,N1,てっぺん|鉄片,yes
手拭い,てぬぐい,N2,"{""N2"": 2}","{""community-independent"": ""N2"", ""waller-derived"": ""N2""}",openjlpt|waller|wordmaster,community-independent|waller-derived,2,lexical,(hand) towel,same-reading-different-writing|same-jmdict-entry,手ぬぐい,,手ぬぐい,てぬぐい,N2,てぬぐい|手ぬぐい|手拭|手拭い,yes
手引,てびき,N1,"{""N1"": 1}","{""community-independent"": ""N1""}",wordmaster,community-independent,1,lexical,"guidance, guide, introduction",same-reading-different-writing|same-jmdict-entry,手引き,,手引き,てびき,N1,てびき|手びき|手引|手引き,yes
点火,てんか,N1,"{""N1"": 1}","{""waller-derived"": ""N1""}",openjlpt|waller,waller-derived,1,lexical,ignition; lighting; set fire to,same-reading-different-writing,天下|添加|転化|転嫁,,,,,,yes
天災,てんさい,N1,"{""N1"": 2}","{""community-independent"": ""N1"", ""waller-derived"": ""N1""}",openjlpt|waller|wordmaster,community-independent|waller-derived,2,lexical,natural calamity; disaster,same-reading-different-writing,天才,,,,,,yes
転ずる,てんずる,N1,"{""N1"": 1}","{""community-independent"": ""N1""}",wordmaster,community-independent,1,lexical,"to turn, to shift",fully-absent,,,,,,,no
転転,てんてん,N1,"{""N1"": 1}","{""waller-derived"": ""N1""}",openjlpt|waller,waller-derived,1,lexical,rolling about; moving from place to place; being passed around repeatedly,same-reading-different-writing|same-jmdict-entry,点々|転々,,転々,てんてん,N2,てんてん|転々|転転,yes
転任,てんにん,N1,"{""N1"": 2}","{""community-independent"": ""N1"", ""waller-derived"": ""N1""}",openjlpt|waller|wordmaster,community-independent|waller-derived,2,lexical,change of post,fully-absent,,,,,,,yes
出合い,であい,N3,"{""N2"": 1, ""N3"": 1}","{""community-independent"": ""N3"", ""waller-derived"": ""N2""}",openjlpt|waller|wordmaster,community-independent|waller-derived,2,lexical,an encounter,same-reading-different-writing|same-jmdict-entry,出会い,,出会い,であい,N2,であい|出会|出会い|出合|出合い|出逢い|出遭い,yes
出合う,であう,N1,"{""N1"": 1}","{""waller-derived"": ""N1""}",openjlpt|waller,waller-derived,1,lexical,to meet by chance; to come across; to happen to encounter,same-reading-different-writing|same-jmdict-entry,出会う,,出会う,であう,N2,であう|出あう|出会う|出合う|出逢う|出遭う,yes
出入口,でいりぐち,N2,"{""N2"": 2}","{""community-independent"": ""N2"", ""waller-derived"": ""N2""}",openjlpt|waller|wordmaster,community-independent|waller-derived,2,lexical,exit and entrance,same-reading-different-writing|same-jmdict-entry,出入り口,,出入り口,でいりぐち,N3,でいりぐち|出入り口|出入口,yes
出掛ける,でかける,N2,"{""N2"": 1}","{""waller-derived"": ""N2""}",openjlpt|waller,waller-derived,1,lexical,to depart; to set out; to start,same-reading-different-writing|same-jmdict-entry,出かける,,出かける,でかける,N4,でかける|出かける|出掛ける,yes
できもの,できもの,N1,"{""N1"": 1}","{""community-independent"": ""N1""}",wordmaster,community-independent,1,kana/loanword,"boil, rash",same-reading-different-writing|same-jmdict-entry,出来物,,出来物,できもの,N1,できもの|できもん|出来もの|出来物,yes
問屋,といや,N1,"{""N1"": 1}","{""waller-derived"": ""N1""}",openjlpt|waller,waller-derived,1,lexical,wholesale store,same-writing-different-reading|same-jmdict-entry,,とんや,問屋,とんや,N1,といや|とんや|問屋,yes
棟,とう,N3,"{""N1"": 1, ""N3"": 1}","{""community-independent"": ""N3"", ""waller-derived"": ""N1""}",openjlpt|waller|wordmaster,community-independent|waller-derived,2,lexical,place; section; building,same-reading-different-writing|same-writing-different-reading,党|唐|問う|塔|島|当|頭,むね,,,,,yes
等,とう,N1,"{""N1"": 1}","{""waller-derived"": ""N1""}",openjlpt|waller,waller-derived,1,lexical,et cetera; etc.; and the like,same-reading-different-writing,党|唐|問う|塔|島|当|頭,,,,,,yes
当～,とう～,N1,"{""N1"": 1}","{""community-independent"": ""N1""}",wordmaster,community-independent,1,lexical,"Our ~ (e.g., Hotel, plane, etc.)",fully-absent,,,,,,,no
統治,とうじ,N1,"{""N1"": 1}","{""waller-derived"": ""N1""}",openjlpt|waller,waller-derived,1,lexical,rule; reign; government,same-reading-different-writing,冬至|当時|湯治,,,,,,yes
統治,とうち,N1,"{""N1"": 1}","{""community-independent"": ""N1""}",wordmaster,community-independent,1,lexical,"rule, reign, governing",fully-absent,,,,,,,yes
貴い,とうとい,N1,"{""N1"": 1}","{""community-independent"": ""N1""}",wordmaster,community-independent,1,lexical,"precious, valuable, noble",same-reading-different-writing|same-jmdict-entry,尊い,,尊い,とうとい,N2,たっとい|とうとい|尊い|貴い,yes
到頭,とうとう,N4,"{""N4"": 1}","{""waller-derived"": ""N4""}",waller,waller-derived,1,lexical,"finally, after all",same-reading-different-writing|same-jmdict-entry,とうとう|丁々|等々,,とうとう,とうとう,N3,とうとう|到頭,yes
灯油,とうゆ,N2,"{""N2"": 2}","{""community-independent"": ""N2"", ""waller-derived"": ""N2""}",openjlpt|waller|wordmaster,community-independent|waller-derived,2,lexical,lamp oil; kerosene,fully-absent,,,,,,,yes
通り掛かる,とおりかかる,N2,"{""N2"": 2}","{""community-independent"": ""N2"", ""waller-derived"": ""N2""}",openjlpt|waller|wordmaster,community-independent|waller-derived,2,lexical,to happen to pass by,same-reading-different-writing|same-jmdict-entry,通りかかる,,通りかかる,とおりかかる,N3,とおりかかる|通りかかる|通りがかる|通り掛かる|通り掛る,yes
とがめる,とがめる,N1,"{""N1"": 1}","{""community-independent"": ""N1""}",wordmaster,community-independent,1,kana/loanword,"to blame, to rebuke",same-reading-different-writing|same-jmdict-entry,咎める,,咎める,とがめる,N1,とがめる|咎める|尤める,yes
とぎれる,とぎれる,N1,"{""N1"": 1}","{""community-independent"": ""N1""}",wordmaster,community-independent,1,kana/loanword,"to pause, to be interrupted",same-reading-different-writing|same-jmdict-entry,途切れる,,途切れる,とぎれる,N1,とぎれる|跡切れる|途切れる,yes
跡切れる,とぎれる,N1,"{""N1"": 1}","{""waller-derived"": ""N1""}",openjlpt|waller,waller-derived,1,lexical,to pause; to be interrupted,same-reading-different-writing|same-jmdict-entry,途切れる,,途切れる,とぎれる,N1,とぎれる|跡切れる|途切れる,yes
特派,とくは,N1,"{""N1"": 2}","{""community-independent"": ""N1"", ""waller-derived"": ""N1""}",openjlpt|waller|wordmaster,community-independent|waller-derived,2,lexical,send specially; special envoy,fully-absent,,,,,,,yes
とげ (をさす),とげ (をさす),N1,"{""N1"": 1}","{""community-independent"": ""N1""}",wordmaster,community-independent,1,lexical,thorn,fully-absent,,,,,,,no
とこや,とこや,N4,"{""N4"": 1}","{""waller-derived"": ""N4""}",waller,waller-derived,1,kana/loanword,barber,same-reading-different-writing|same-jmdict-entry,床屋,,床屋,とこや,N4,とこや|床屋,yes
年寄,としより,N3,"{""N3"": 2}","{""community-independent"": ""N3"", ""waller-derived"": ""N3""}",openjlpt|waller|wordmaster,community-independent|waller-derived,2,lexical,old people; the aged,same-reading-different-writing|same-jmdict-entry,年寄り,,年寄り,としより,N3,としより|年より|年寄|年寄り,yes
疾っくに,とっくに,N1,"{""N1"": 1}","{""waller-derived"": ""N1""}",openjlpt|waller,waller-derived,1,lexical,long ago; already; a long time ago,same-reading-different-writing|same-jmdict-entry,とっくに,,とっくに,とっくに,N2,とっくに|疾っくに,yes
とっさに,とっさに,N1,"{""N1"": 1}","{""community-independent"": ""N1""}",wordmaster,community-independent,1,kana/loanword,at once,fully-absent,,,,,,,yes
とって,とって,N1,"{""N1"": 1}","{""community-independent"": ""N1""}",wordmaster,community-independent,1,kana/loanword,"handle, grip, knob",same-reading-different-writing|same-jmdict-entry,取っ手,,取っ手,とって,N3,とって|はしゅ|取っ手|取手|把っ手|把手,yes
迚も,とても,N1,"{""N1"": 1}","{""waller-derived"": ""N1""}",openjlpt|waller,waller-derived,1,lexical,very; awfully; exceedingly,same-reading-different-writing|same-jmdict-entry,とても,,とても,とても,N5,とっても|とても|迚も,yes
届,とどけ,N1,"{""N1"": 1}","{""community-independent"": ""N1""}",wordmaster,community-independent,1,lexical,"report, notification, registration",same-reading-different-writing|same-jmdict-entry,届け,,届け,とどけ,N3,とどけ|届|届け,yes
留まる,とどまる,N2,"{""N2"": 2}","{""community-independent"": ""N2"", ""waller-derived"": ""N2""}",openjlpt|waller|wordmaster,community-independent|waller-derived,2,lexical,(1) to be fixed; (2) to abide; to stay (in the one place),same-reading-different-writing|same-writing-different-reading|same-jmdict-entry,とどまる|止まる,とまる,とどまる|止まる,とどまる,N1|N2,とどまる|停まる|止まる|留まる|駐まる,yes
止める,とどめる,N1,"{""N1"": 2}","{""community-independent"": ""N1"", ""waller-derived"": ""N1""}",openjlpt|waller|wordmaster,community-independent|waller-derived,2,lexical,to stop; to cease; to put an end to,same-reading-different-writing|same-writing-different-reading|same-jmdict-entry,とどめる|留める,とめる|やめる,とどめる|留める,とどめる,N1|N2,とどめる|停める|止める|留める,yes
兎に角,とにかく,N1,"{""N1"": 1}","{""waller-derived"": ""N1""}",openjlpt|waller,waller-derived,1,lexical,anyhow; at any rate; anyway,same-reading-different-writing|same-jmdict-entry,とにかく,,とにかく,とにかく,N3,とにかく|兎に角|左右,yes
殿様,とのさま,N1,"{""N1"": 2}","{""community-independent"": ""N1"", ""waller-derived"": ""N1""}",openjlpt|waller|wordmaster,community-independent|waller-derived,2,lexical,feudal lord,fully-absent,,,,,,,yes
幕,とばり,N1,"{""N1"": 1}","{""waller-derived"": ""N1""}",openjlpt,waller-derived,1,lexical,curtain; bunting; act (in play),same-reading-different-writing|same-writing-different-reading,帳,まく,,,,,no
とぼける,とぼける,N1,"{""N1"": 1}","{""community-independent"": ""N1""}",wordmaster,community-independent,1,kana/loanword,"to play dumb, to feign ignorance, to play innocent, to have a blank facial expression; to play the fool; to be in one's dotage",fully-absent,,,,,,,yes
供,とも,N3,"{""N3"": 1}","{""community-independent"": ""N3""}",wordmaster,community-independent,1,lexical,陪伴,same-reading-different-writing,共|友,,,,,,yes
兎も角,ともかく,N1,"{""N1"": 1}","{""waller-derived"": ""N1""}",openjlpt|waller,waller-derived,1,lexical,anyhow; anyway; somehow or other,same-reading-different-writing|same-jmdict-entry,ともかく,,ともかく,ともかく,N2,ともかく|兎も角,yes
共稼ぎ,ともかせぎ,N1,"{""N1"": 2}","{""community-independent"": ""N1"", ""waller-derived"": ""N1""}",openjlpt|waller|wordmaster,community-independent|waller-derived,2,lexical,working together; (husband and wife) earning a living together,fully-absent,,,,,,,yes
灯,ともしび,N1,"{""N1"": 1}","{""waller-derived"": ""N1""}",openjlpt|waller,waller-derived,1,lexical,light,same-reading-different-writing|same-writing-different-reading|same-jmdict-entry,灯火,ひ,灯火,ともしび,N1,ともしび|灯|灯し火|灯火|燈火|燭,yes
捕える,とらえる,N2,"{""N2"": 2}","{""community-independent"": ""N2"", ""waller-derived"": ""N2""}",openjlpt|waller|wordmaster,community-independent|waller-derived,2,lexical,to seize; to grasp; to capture,same-reading-different-writing|same-jmdict-entry,捉える|捕らえる,,捉える|捕らえる,とらえる,N2,とらえる|捉える|捕える|捕らえる,yes
トランジスター,トランジスター,N1,"{""N1"": 2}","{""community-independent"": ""N1"", ""waller-derived"": ""N1""}",waller|wordmaster,community-independent|waller-derived,2,kana/loanword,transistor,same-jmdict-entry,,,トランジスタ,トランジスタ,N1,トランジスタ|トランジスター,yes
取扱,とりあつかい,N1,"{""N1"": 1}","{""community-independent"": ""N1""}",wordmaster,community-independent,1,lexical,"treatment, handling, management",same-reading-different-writing|same-jmdict-entry,取り扱い,,取り扱い,とりあつかい,N2,とりあつかい|取り扱|取り扱い|取扱|取扱い,yes
取り替え,とりかえ,N1,"{""N1"": 2}","{""community-independent"": ""N1"", ""waller-derived"": ""N1""}",openjlpt|waller|wordmaster,community-independent|waller-derived,2,lexical,swap; exchange,fully-absent,,,,,,,yes
取締り,とりしまり,N1,"{""N1"": 1}","{""community-independent"": ""N1""}",wordmaster,community-independent,1,lexical,管制,same-reading-different-writing|same-jmdict-entry,取り締まり,,取り締まり,とりしまり,N1,とりしまり|取り締まり|取り締り|取締|取締まり|取締り,yes
副,とりわけ,N1,"{""N1"": 2}","{""community-independent"": ""N1"", ""waller-derived"": ""N1""}",openjlpt|wordmaster,community-independent|waller-derived,2,lexical,especially; above all,same-reading-different-writing|same-writing-different-reading,とりわけ|取り分け,ふく,,,,,no
取り分,とりわけ,N1,"{""N1"": 1}","{""waller-derived"": ""N1""}",openjlpt,waller-derived,1,lexical,especially; above all,same-reading-different-writing,とりわけ|取り分け,,,,,,no
捕る,とる,N2,"{""N2"": 2}","{""community-independent"": ""N2"", ""waller-derived"": ""N2""}",openjlpt|waller|wordmaster,community-independent|waller-derived,2,lexical,to take; to catch (fish); to capture,same-reading-different-writing,取る|執る|採る|撮る,,,,,,yes
蕩ける,とろける,N1,"{""N1"": 1}","{""waller-derived"": ""N1""}",openjlpt|waller,waller-derived,1,lexical,to be enchanted with,same-reading-different-writing|same-jmdict-entry,とろける,,とろける,とろける,N1,とろける|溶ろける|盪ける|蕩ける,yes
屯,トン,N3,"{""N3"": 1}","{""waller-derived"": ""N3""}",waller,waller-derived,1,lexical,1000 ton,same-reading-different-writing|same-jmdict-entry,トン,,トン,トン,N3,トン|噸|屯|瓲,yes
ド,ド,N3,"{""N3"": 1}","{""waller-derived"": ""N3""}",waller,waller-derived,1,kana/loanword,"child,servant,foolishness",same-reading-different-writing|same-jmdict-entry,度,,どう|度,ど|どう,N4|N5,ど|どう|ド|度,yes
働,どう,N1,"{""N1"": 1}","{""waller-derived"": ""N1""}",openjlpt|waller,waller-derived,1,lexical,work; labor,same-reading-different-writing,どう|動|同|堂|胴|銅,,,,,,no
如何,どう,N5,"{""N5"": 1}","{""waller-derived"": ""N5""}",waller,waller-derived,1,lexical,"how,in what way",same-reading-different-writing|same-writing-different-reading|same-jmdict-entry,どう|動|同|堂|胴|銅,いかが,どう,どう,N5,どう|何う|如何,yes
同～,どう～,N2,"{""N2"": 1}","{""community-independent"": ""N2""}",wordmaster,community-independent,1,lexical,same ~,fully-absent,,,,,,,no
どういたしまして (かん),どういたしまして (かん),N2,"{""N2"": 1}","{""community-independent"": ""N2""}",wordmaster,community-independent,1,lexical,"you are welcome, don't mention it",fully-absent,,,,,,,no
如何して,どうして,N1,"{""N1"": 1}","{""waller-derived"": ""N1""}",openjlpt|waller,waller-derived,1,lexical,why?; for what reason; how,same-reading-different-writing|same-jmdict-entry,どうして,,どうして,どうして,N5,どうして|どーして|如何して,yes
如何しても,どうしても,N1,"{""N1"": 1}","{""waller-derived"": ""N1""}",openjlpt|waller,waller-derived,1,lexical,by all means; at any cost; no matter what,same-reading-different-writing|same-jmdict-entry,どうしても,,どうしても,どうしても,N3,どうしても|如何しても,yes
何卒,どうぞ,N1,"{""N1"": 1}","{""waller-derived"": ""N1""}",openjlpt,waller-derived,1,lexical,please; kindly; by all means,same-reading-different-writing|same-writing-different-reading,どうぞ,なにとぞ,,,,,no
どうぞよろしく,どうぞよろしく,N3,"{""N2"": 1, ""N3"": 1}","{""community-independent"": ""N3"", ""waller-derived"": ""N2""}",waller|wordmaster,community-independent|waller-derived,2,kana/loanword,pleased to meet you,fully-absent,,,,,,,yes
どうぞ宜しく,どうぞよろしく,N1,"{""N1"": 1}","{""waller-derived"": ""N1""}",openjlpt|waller,waller-derived,1,lexical,pleased to meet you,fully-absent,,,,,,,yes
何処か,どこか,N1,"{""N1"": 1}","{""waller-derived"": ""N1""}",openjlpt|waller,waller-derived,1,lexical,somewhere; anywhere; in some respects,same-reading-different-writing|same-jmdict-entry,どこか,,どこか,どこか,N5,どこか|どっか|何処か,yes
何方,どちら,N1,"{""N1"": 1}","{""waller-derived"": ""N1""}",openjlpt|waller,waller-derived,1,lexical,which; who,same-reading-different-writing|same-jmdict-entry,どちら,,どちら|どっち,どちら|どっち,N5,どちら|どっち|何方,yes
何方,どなた,N1,"{""N1"": 1}","{""waller-derived"": ""N1""}",waller,waller-derived,1,lexical,who?,same-reading-different-writing|same-jmdict-entry,どなた,,どなた,どなた,N5,どなた|何方,yes
どなる,どなる,N2,"{""N2"": 1}","{""waller-derived"": ""N2""}",waller,waller-derived,1,kana/loanword,"to shout,to yell",same-reading-different-writing|same-jmdict-entry,怒鳴る,,怒鳴る,どなる,N3,どなる|呶鳴る|怒鳴る,yes
何の,どの,N5,"{""N5"": 1}","{""waller-derived"": ""N5""}",openjlpt|waller,waller-derived,1,lexical,which; what,same-reading-different-writing|same-jmdict-entry,どの|殿,,どの,どの,N5,どの|何の,yes
土曜,どよう,N3,"{""N3"": 1}","{""waller-derived"": ""N3""}",openjlpt|waller,waller-derived,1,lexical,Saturday,fully-absent,,,,,,,yes
何れ,どれ,N1,"{""N1"": 1}","{""waller-derived"": ""N1""}",waller,waller-derived,1,lexical,"well, now, let me see, which (of three or more)",same-reading-different-writing|same-writing-different-reading|same-jmdict-entry,どれ,いずれ,どれ,どれ,N5,どれ|何れ,yes
何々,どれどれ,N1,"{""N1"": 1}","{""waller-derived"": ""N1""}",openjlpt,waller-derived,1,lexical,which (emphatic),fully-absent,,,,,,,no
何れ何れ,どれどれ,N1,"{""N1"": 1}","{""waller-derived"": ""N1""}",waller,waller-derived,1,lexical,which (emphatic),fully-absent,,,,,,,yes
中々,なかなか,N4,"{""N4"": 2}","{""community-independent"": ""N4"", ""waller-derived"": ""N4""}",openjlpt|waller|wordmaster,community-independent|waller-derived,2,lexical,considerably,same-reading-different-writing|same-jmdict-entry,なかなか,,なかなか,なかなか,N4,なかなか|中々|中中|仲々|仲仲|却々|却却,yes
中程,なかほど,N1,"{""N1"": 2}","{""community-independent"": ""N1"", ""waller-derived"": ""N1""}",openjlpt|waller|wordmaster,community-independent|waller-derived,2,lexical,middle; midway,same-reading-different-writing|same-jmdict-entry,なかほど|中ほど,,なかほど|中ほど,なかほど,N1,なかほど|中ほど|中程,yes
中味,なかみ,N3,"{""N2"": 1, ""N3"": 1}","{""community-independent"": ""N3"", ""waller-derived"": ""N2""}",openjlpt|waller|wordmaster,community-independent|waller-derived,2,lexical,contents; interior; substance,same-reading-different-writing|same-jmdict-entry,中身,,中身,なかみ,N3,なかみ|中味|中身,yes
長～,なが～,N2,"{""N2"": 1}","{""community-independent"": ""N2""}",wordmaster,community-independent,1,lexical,long ~,fully-absent,,,,,,,no
永い,ながい,N2,"{""N2"": 1}","{""waller-derived"": ""N2""}",openjlpt|waller,waller-derived,1,lexical,long; lengthy,same-reading-different-writing|same-jmdict-entry,長い|長居,,長い,ながい,N5,ながい|ながーい|なげー|なっがい|永い|長い,yes
なぐる,なぐる,N2,"{""N2"": 1}","{""waller-derived"": ""N2""}",waller,waller-derived,1,kana/loanword,"to strike,to hit",same-reading-different-writing|same-jmdict-entry,殴る,,殴る,なぐる,N3,なぐる|撲る|擲る|殴る,yes
情無い,なさけない,N1,"{""N1"": 1}","{""community-independent"": ""N1""}",wordmaster,community-independent,1,lexical,"miserable, pitiable, shameful",same-reading-different-writing|same-jmdict-entry,情けない,,情けない,なさけない,N3,なさけない|なっさけない|情けない|情け無い|情ない|情無い,yes
情深い,なさけぶかい,N1,"{""N1"": 1}","{""community-independent"": ""N1""}",wordmaster,community-independent,1,lexical,"tender-hearted, compassionate",same-reading-different-writing|same-jmdict-entry,情け深い,,情け深い,なさけぶかい,N1,なさけぶかい|情け深い|情深い,yes
為さる,なさる,N1,"{""N1"": 1}","{""waller-derived"": ""N1""}",openjlpt|waller,waller-derived,1,lexical,to do,same-reading-different-writing|same-jmdict-entry,なさる,,なさる,なさる,N4,なさる|為さる|爲さる,yes
謎謎,なぞなぞ,N2,"{""N2"": 2}","{""community-independent"": ""N2"", ""waller-derived"": ""N2""}",openjlpt|waller|wordmaster,community-independent|waller-derived,2,lexical,riddle; puzzle; enigma,same-reading-different-writing|same-jmdict-entry,なぞなぞ|謎々,,なぞなぞ|謎々,なぞなぞ,N1|N2,なぞなぞ|謎々|謎謎,yes
傾らか,なだらか,N2,"{""N2"": 1}","{""community-independent"": ""N2""}",wordmaster,community-independent,1,lexical,"gradual, gentle",same-reading-different-writing,なだらか,,,,,,no
等,など,N3,"{""N3"": 1}","{""waller-derived"": ""N3""}",openjlpt|waller,waller-derived,1,lexical,et cetera; etc.; and the like,same-reading-different-writing|same-jmdict-entry,など,,など,など,N5,など|抔|等,yes
なにしろ,なにしろ,N2,"{""N2"": 2}","{""community-independent"": ""N2"", ""waller-derived"": ""N2""}",waller|wordmaster,community-independent|waller-derived,2,kana/loanword,"at any rate,anyhow,anyway,in any case",same-reading-different-writing|same-jmdict-entry,何しろ,,何しろ,なにしろ,N2,なにしろ|何しろ,yes
何々,なになに,N2,"{""N2"": 2}","{""community-independent"": ""N2"", ""waller-derived"": ""N2""}",openjlpt|waller|wordmaster,community-independent|waller-derived,2,lexical,such and such; What?,fully-absent,,,,,,,yes
なにも,なにも,N3,"{""N3"": 2}","{""community-independent"": ""N3"", ""waller-derived"": ""N3""}",waller|wordmaster,community-independent|waller-derived,2,kana/loanword,nothing,same-reading-different-writing|same-jmdict-entry,何も,,何も,なにも,N5,なにも|なんも|何も,yes
なにより,なにより,N1,"{""N1"": 1}","{""community-independent"": ""N1""}",wordmaster,community-independent,1,kana/loanword,"most, best",same-reading-different-writing|same-jmdict-entry,何より,,何より,なにより,N2,なにより|何より,yes
七日,なぬか,N1,"{""N1"": 1}","{""waller-derived"": ""N1""}",openjlpt|waller,waller-derived,1,lexical,seven days; the seventh day (of the month),same-writing-different-reading|same-jmdict-entry,,なのか,七日,なのか,N5,なぬか|なのか|七日|７日,yes
鈍る,なまる,N1,"{""N1"": 1}","{""waller-derived"": ""N1""}",openjlpt|waller,waller-derived,1,lexical,to become less capable; to grow dull; to become blunt,same-writing-different-reading|same-jmdict-entry,,にぶる,鈍る,にぶる,N1,なまる|にぶる|鈍る,yes
嘗める,なめる,N1,"{""N1"": 2}","{""community-independent"": ""N1"", ""waller-derived"": ""N1""}",openjlpt|waller|wordmaster,community-independent|waller-derived,2,lexical,to lick; to taste; to experience,same-reading-different-writing|same-jmdict-entry,なめる|舐める,,なめる|舐める,なめる,N1|N3,なめる|ナメる|嘗める|無礼る|甞める|舐める,yes
均し,ならし,N1,"{""N1"": 1}","{""waller-derived"": ""N1""}",waller,waller-derived,1,lexical,"equilibrium, balance, average, mean",fully-absent,,,,,,,yes
平均,ならし,N1,"{""N1"": 1}","{""waller-derived"": ""N1""}",openjlpt,waller-derived,1,lexical,equilibrium; balance; average,same-writing-different-reading,,へいきん,,,,,no
為る,なる,N3,"{""N3"": 1}","{""waller-derived"": ""N3""}",waller,waller-derived,1,lexical,"to change,to be of use,to reach to",same-reading-different-writing|same-jmdict-entry,なる|成る|生る|鳴る,,なる|成る,なる,N3|N4,なる|成る|為る,yes
なるたけ,なるたけ,N1,"{""N1"": 1}","{""community-independent"": ""N1""}",wordmaster,community-independent,1,kana/loanword,"as much as possible, if possible",fully-absent,,,,,,,yes
成る丈,なるたけ,N1,"{""N1"": 1}","{""waller-derived"": ""N1""}",openjlpt|waller,waller-derived,1,lexical,as much as possible; if possible,fully-absent,,,,,,,yes
馴々しい,なれなれしい,N1,"{""N1"": 1}","{""community-independent"": ""N1""}",wordmaster,community-independent,1,lexical,"familiar, make free with",same-reading-different-writing|same-jmdict-entry,なれなれしい|馴れ馴れしい,,なれなれしい|馴れ馴れしい,なれなれしい,N1,なれなれしい|慣々しい|慣慣しい|狎れ狎れしい|馴々しい|馴れ馴れしい,yes
何,なん/なに,N5,"{""N5"": 1}","{""waller-derived"": ""N5""}",openjlpt,waller-derived,1,lexical,what,same-writing-different-reading,,なに|なん,,,,,no
何,なん; なに,N5,"{""N5"": 1}","{""community-independent"": ""N5""}",wordmaster,community-independent,1,lexical,什么,same-writing-different-reading,,なに|なん,,,,,no
南,なん,N1,"{""N1"": 1}","{""waller-derived"": ""N1""}",openjlpt|waller,waller-derived,1,lexical,south,same-reading-different-writing|same-writing-different-reading,何|難,みなみ,,,,,no
何～,なん～,N5,"{""N5"": 1}","{""community-independent"": ""N5""}",wordmaster,community-independent,1,lexical,什么样的~,fully-absent,,,,,,,no
なんとも,なんとも,N2,"{""N2"": 2}","{""community-independent"": ""N2"", ""waller-derived"": ""N2""}",waller|wordmaster,community-independent|waller-derived,2,kana/loanword,"nothing (with neg. verb),quite,not a bit",same-reading-different-writing|same-jmdict-entry,何とも,,何とも,なんとも,N1,なんとも|何とも,yes
なんなり,なんなり,N1,"{""N1"": 1}","{""community-independent"": ""N1""}",wordmaster,community-independent,1,kana/loanword,"anything, whatever",fully-absent,,,,,,,yes
何なり,なんなり,N1,"{""N1"": 1}","{""waller-derived"": ""N1""}",openjlpt|waller,waller-derived,1,lexical,any; anything; whatever,fully-absent,,,,,,,yes
南米,なんべい,N2,"{""N2"": 2}","{""community-independent"": ""N2"", ""waller-derived"": ""N2""}",openjlpt|waller|wordmaster,community-independent|waller-derived,2,lexical,South America,fully-absent,,,,,,,yes
におい,におい,N4,"{""N4"": 1}","{""waller-derived"": ""N4""}",waller,waller-derived,1,kana/loanword,a smell,same-reading-different-writing|same-jmdict-entry,匂い,,匂い,におい,N4,におい|匂|匂い|臭い|香い,yes
二階建て,にかいだて,N4,"{""N4"": 1}","{""waller-derived"": ""N4""}",openjlpt|waller,waller-derived,1,lexical,two storied,fully-absent,,,,,,,yes
面皰,にきび,N1,"{""N1"": 1}","{""waller-derived"": ""N1""}",openjlpt|waller,waller-derived,1,lexical,pimple; acne,same-reading-different-writing|same-jmdict-entry,にきび,,にきび,にきび,N1,にきび|ニキビ|面皰,yes
悪い,にくい,N1,"{""N1"": 1}","{""waller-derived"": ""N1""}",openjlpt|waller,waller-derived,1,lexical,hateful; abominable; poor-looking,same-reading-different-writing|same-writing-different-reading|same-jmdict-entry,憎い,わるい,憎い,にくい,N2,にくい|ニクい|悪い|憎い,yes
にせ物,にせもの,N1,"{""N1"": 1}","{""community-independent"": ""N1""}",wordmaster,community-independent,1,lexical,假货，赝品,same-reading-different-writing|same-jmdict-entry,偽物,,偽物,にせもの,N1,がんぶつ|ぎぶつ|にせもの|にせもん|にせ物|ニセモノ|ニセ物|偽もの|偽物|贋物,yes
日曜,にちよう,N3,"{""N3"": 1}","{""waller-derived"": ""N3""}",openjlpt|waller,waller-derived,1,lexical,Sunday,fully-absent,,,,,,,yes
日当,にっとう,N1,"{""N1"": 1}","{""waller-derived"": ""N1""}",openjlpt|waller,waller-derived,1,lexical,daily allowance,fully-absent,,,,,,,yes
日本,にっぽん,N3,"{""N3"": 2}","{""community-independent"": ""N3"", ""waller-derived"": ""N3""}",openjlpt|waller|wordmaster,community-independent|waller-derived,2,lexical,Japan,same-writing-different-reading|same-jmdict-entry,,にほん,日本,にほん,N5,にっぽん|にほん|日本,yes
二人,ににん,N1,"{""N1"": 1}","{""waller-derived"": ""N1""}",openjlpt|waller,waller-derived,1,lexical,two persons; two people; pair,same-writing-different-reading|same-jmdict-entry,,ふたり,二人,ふたり,N5,ににん|ふたり|二人|２人,yes
にも拘らず,にもかかわらず,N1,"{""N1"": 1}","{""waller-derived"": ""N1""}",openjlpt|waller,waller-derived,1,lexical,in spite of; nevertheless,same-reading-different-writing|same-jmdict-entry,にもかかわらず|にも関わらず,,にもかかわらず|にも関わらず,にもかかわらず,N1|N2,にもかかわらず|にも拘らず|にも拘わらず|にも関らず|にも関わらず,yes
入院,にゅういんする,N4,"{""N4"": 2}","{""community-independent"": ""N4"", ""waller-derived"": ""N4""}",openjlpt|wordmaster,community-independent|waller-derived,2,lexical,to hospitalise,same-writing-different-reading,,にゅういん,,,,,no
入学,にゅうがくする,N4,"{""N4"": 2}","{""community-independent"": ""N4"", ""waller-derived"": ""N4""}",openjlpt|wordmaster,community-independent|waller-derived,2,lexical,to enter school or university,same-writing-different-reading,,にゅうがく,,,,,no
ニュー,ニュー,N1,"{""N1"": 2}","{""community-independent"": ""N1"", ""waller-derived"": ""N1""}",waller|wordmaster,community-independent|waller-derived,2,kana/loanword,new,fully-absent,,,,,,,yes
俄か,にわか,N1,"{""N1"": 1}","{""waller-derived"": ""N1""}",openjlpt|waller,waller-derived,1,lexical,sudden; abrupt; unexpected,same-reading-different-writing|same-jmdict-entry,にわか|俄,,にわか|俄,にわか,N1|N2,にわか|仁輪加|俄|俄か,yes
ぬれる,ぬれる,N4,"{""N4"": 1}","{""waller-derived"": ""N4""}",waller,waller-derived,1,kana/loanword,to get wet,same-reading-different-writing|same-jmdict-entry,濡[ぬ]れる|濡れる,,濡れる,ぬれる,N4,ぬれる|濡る|濡れる,yes
ネガ,ネガ,N1,"{""N1"": 2}","{""community-independent"": ""N1"", ""waller-derived"": ""N1""}",waller|wordmaster,community-independent|waller-derived,2,kana/loanword,(photographic) negative,fully-absent,,,,,,,yes
捻子,ねじ,N1,"{""N1"": 1}","{""waller-derived"": ""N1""}",openjlpt|waller,waller-derived,1,lexical,screw; helix; spiral,same-reading-different-writing|same-jmdict-entry,ねじ|ネジ,,ねじ|ネジ,ねじ|ネジ,N2,ねじ|ネジ|捩子|捻子|螺子|螺旋,yes
ねじまわし,ねじまわし,N1,"{""N1"": 1}","{""community-independent"": ""N1""}",wordmaster,community-independent,1,kana/loanword,screwdriver,fully-absent,,,,,,,yes
ねじ回し,ねじまわし,N1,"{""N1"": 1}","{""waller-derived"": ""N1""}",openjlpt|waller,waller-derived,1,lexical,screwdriver,fully-absent,,,,,,,yes
捻じれる,ねじれる,N1,"{""N1"": 1}","{""waller-derived"": ""N1""}",openjlpt|waller,waller-derived,1,lexical,to twist; to wrench; to screw,same-reading-different-writing|same-jmdict-entry,捩れる|捻れる,,捩れる|捻れる,ねじれる,N1,ねじれる|拗れる|捩じれる|捩れる|捻じれる|捻れる,yes
ねだん,ねだん,N4,"{""N4"": 1}","{""waller-derived"": ""N4""}",waller,waller-derived,1,kana/loanword,price,same-reading-different-writing|same-jmdict-entry,値段,,値段,ねだん,N4,ねだん|値段|直段,yes
ねっしん,ねっしん,N4,"{""N4"": 1}","{""waller-derived"": ""N4""}",waller,waller-derived,1,kana/loanword,enthusiasm,same-reading-different-writing|same-jmdict-entry,熱心,,熱心,ねっしん,N4,ねっしん|熱心,yes
寝巻,ねまき,N2,"{""N2"": 2}","{""community-independent"": ""N2"", ""waller-derived"": ""N2""}",openjlpt|waller|wordmaster,community-independent|waller-derived,2,lexical,sleep-wear; nightclothes; pyjamas,same-reading-different-writing|same-jmdict-entry,寝巻き,,寝巻き,ねまき,N2,ねまき|寝まき|寝巻|寝巻き|寝衣|寝間着,yes
寝間着,ねまき,N2,"{""N2"": 2}","{""community-independent"": ""N2"", ""waller-derived"": ""N2""}",openjlpt|waller|wordmaster,community-independent|waller-derived,2,lexical,sleep-wear; nightclothes; pyjamas,same-reading-different-writing|same-jmdict-entry,寝巻き,,寝巻き,ねまき,N2,ねまき|寝まき|寝巻|寝巻き|寝衣|寝間着,yes
軒並,のきなみ,N1,"{""N1"": 1}","{""community-independent"": ""N1""}",wordmaster,community-independent,1,lexical,row of houses; uniformly,same-reading-different-writing|same-jmdict-entry,軒並み,,軒並み,のきなみ,N1,のきなみ|軒並|軒並み,yes
乗換,のりかえ,N2,"{""N2"": 2}","{""community-independent"": ""N2"", ""waller-derived"": ""N2""}",openjlpt|waller|wordmaster,community-independent|waller-derived,2,lexical,(n) transfer (trains; buses; etc.),same-reading-different-writing|same-jmdict-entry,乗り換え,,乗り換え,のりかえ,N3,のりかえ|乗りかえ|乗り換え|乗り替え|乗換|乗換え|乗替え,yes
乗り越し,のりこし,N2,"{""N2"": 1}","{""community-independent"": ""N2""}",wordmaster,community-independent,1,lexical,riding past (one's station),fully-absent,,,,,,,yes
はあ (かん),はあ (かん),N3,"{""N3"": 1}","{""community-independent"": ""N3""}",wordmaster,community-independent,1,lexical,唉 (叹气),fully-absent,,,,,,,no
はい (かん),はい (かん),N2,"{""N2"": 1}","{""community-independent"": ""N2""}",wordmaster,community-independent,1,lexical,yes,fully-absent,,,,,,,no
～敗,はい,N3,"{""N3"": 1}","{""community-independent"": ""N3""}",wordmaster,community-independent,1,lexical,"counter for loss, defeat",same-reading-different-writing,はい|敗|灰|肺,,,,,,no
拝見,はいけんする,N4,"{""N4"": 2}","{""community-independent"": ""N4"", ""waller-derived"": ""N4""}",openjlpt|wordmaster,community-independent|waller-derived,2,lexical,(humble) to look at,same-writing-different-reading,,はいけん,,,,,no
灰皿,はいさら,N1,"{""N1"": 1}","{""waller-derived"": ""N1""}",openjlpt,waller-derived,1,lexical,ashtray,same-writing-different-reading,,はいざら,,,,,no
墓地,はかち,N1,"{""N1"": 1}","{""waller-derived"": ""N1""}",openjlpt|waller,waller-derived,1,lexical,cemetery; graveyard,same-writing-different-reading|same-jmdict-entry,,ぼち,墓地,ぼち,N1,はかち|ぼち|墓地,yes
果ない,はかない,N1,"{""N1"": 1}","{""waller-derived"": ""N1""}",openjlpt|waller,waller-derived,1,lexical,fleeting; transient; short-lived,same-reading-different-writing|same-jmdict-entry,はかない|儚い,,はかない|儚い,はかない,N1,はかない|儚い|果ない|果敢ない|果敢無い|果無い,yes
剥す,はがす,N2,"{""N2"": 2}","{""community-independent"": ""N2"", ""waller-derived"": ""N2""}",openjlpt|waller|wordmaster,community-independent|waller-derived,2,lexical,(v5s) to tear off; to peel off; to rip off,same-reading-different-writing|same-jmdict-entry,剝がす|剥がす,,剝がす|剥がす,はがす,N1|N2,はがす|へがす|剝がす|剥がす|剥す,yes
初め/始め,はじめ,N5,"{""N5"": 1}","{""waller-derived"": ""N5""}",openjlpt,waller-derived,1,lexical,beginning,same-reading-different-writing,はじめ|初め|始め,,,,,,no
初め; 始め,はじめ,N5,"{""N5"": 1}","{""community-independent"": ""N5""}",wordmaster,community-independent,1,lexical,"beginning, start",same-reading-different-writing,はじめ|初め|始め,,,,,,no
初めに,はじめに,N2,"{""N2"": 2}","{""community-independent"": ""N2"", ""waller-derived"": ""N2""}",waller|wordmaster,community-independent|waller-derived,2,lexical,"to begin with, first of all",fully-absent,,,,,,,yes
始めに,はじめに,N2,"{""N2"": 2}","{""community-independent"": ""N2"", ""waller-derived"": ""N2""}",openjlpt|waller|wordmaster,community-independent|waller-derived,2,lexical,to begin with; first of all,fully-absent,,,,,,,yes
はじめまして,はじめまして,N2,"{""N2"": 2}","{""community-independent"": ""N2"", ""waller-derived"": ""N2""}",waller|wordmaster,community-independent|waller-derived,2,kana/loanword,"How do you do?,I am glad to meet you",same-reading-different-writing|same-jmdict-entry,初めまして,,初めまして,はじめまして,N5,はじめまして|初めまして|始めまして,yes
始めまして,はじめまして,N1,"{""N1"": 1}","{""waller-derived"": ""N1""}",openjlpt|waller,waller-derived,1,lexical,How do you do?; I am glad to meet you,same-reading-different-writing|same-jmdict-entry,初めまして,,初めまして,はじめまして,N5,はじめまして|初めまして|始めまして,yes
斜,はす,N2,"{""N2"": 2}","{""community-independent"": ""N2"", ""waller-derived"": ""N2""}",waller|wordmaster,community-independent|waller-derived,2,lexical,diagonal,same-reading-different-writing,蓮,,,,,,yes
筈,はず,N4,"{""N4"": 1}","{""waller-derived"": ""N4""}",openjlpt|waller,waller-derived,1,lexical,it should be so,same-reading-different-writing|same-jmdict-entry,はず,,はず,はず,N3,はず|弭|筈,yes
機,はた,N1,"{""N1"": 1}","{""waller-derived"": ""N1""}",openjlpt|waller,waller-derived,1,lexical,loom,same-reading-different-writing,旗,,,,,,yes
叩く,はたく,N1,"{""N1"": 1}","{""community-independent"": ""N1""}",wordmaster,community-independent,1,lexical,"to strike, to clap, to dust, to beat",same-writing-different-reading,,たたく,,,,,no
果して,はたして,N2,"{""N2"": 2}","{""community-independent"": ""N2"", ""waller-derived"": ""N2""}",openjlpt|waller|wordmaster,community-independent|waller-derived,2,lexical,as was expected; really,same-reading-different-writing|same-jmdict-entry,果たして,,果たして,はたして,N2,はたして|果して|果たして,yes
二十,はたち,N3,"{""N3"": 1}","{""waller-derived"": ""N3""}",openjlpt|waller,waller-derived,1,lexical,20 years old; 20th year,same-reading-different-writing|same-writing-different-reading|same-jmdict-entry,二十歳,にじゅう,二十歳,はたち,N3,にじっさい|にじゅっさい|はたち|二十|二十歳|廿|２０才|２０歳,yes
発足,はっそく,N1,"{""N1"": 1}","{""waller-derived"": ""N1""}",openjlpt|waller,waller-derived,1,lexical,starting; inauguration,same-writing-different-reading|same-jmdict-entry,,ほっそく,発足,ほっそく,N1,はっそく|ほっそく|発足,yes
話合い,はなしあい,N2,"{""N2"": 2}","{""community-independent"": ""N2"", ""waller-derived"": ""N2""}",openjlpt|waller|wordmaster,community-independent|waller-derived,2,lexical,discussion; conference,same-reading-different-writing|same-jmdict-entry,話し合い,,話し合い,はなしあい,N3,はなしあい|話し合い|話合い,yes
話中,はなしちゅう,N2,"{""N2"": 2}","{""community-independent"": ""N2"", ""waller-derived"": ""N2""}",openjlpt|waller|wordmaster,community-independent|waller-derived,2,lexical,while talking; the line is busy,fully-absent,,,,,,,yes
羽根,はね,N3,"{""N2"": 1, ""N3"": 1}","{""community-independent"": ""N3"", ""waller-derived"": ""N2""}",openjlpt|waller|wordmaster,community-independent|waller-derived,2,lexical,shuttlecock,same-reading-different-writing|same-jmdict-entry,羽,,は|羽,は|はね,N1|N2,は|はね|羽|羽根,yes
填まる,はまる,N1,"{""N1"": 1}","{""waller-derived"": ""N1""}",openjlpt|waller,waller-derived,1,lexical,to get into; to go into; to fit,same-reading-different-writing|same-jmdict-entry,はまる|嵌まる|嵌る,,はまる|嵌まる|嵌る,はまる|ハマる,N1|N2,はまる|ハマる|塡まる|填まる|嵌まる|嵌る,yes
歯磨,はみがき,N1,"{""N1"": 1}","{""waller-derived"": ""N1""}",openjlpt|waller,waller-derived,1,lexical,dentifrice; toothpaste,same-reading-different-writing|same-jmdict-entry,歯磨き,,歯磨き,はみがき,N3,はみがき|歯みがき|歯磨|歯磨き,yes
填める,はめる,N1,"{""N1"": 1}","{""waller-derived"": ""N1""}",openjlpt|waller,waller-derived,1,lexical,to get in; to insert; to put on,same-reading-different-writing|same-jmdict-entry,はめる|嵌める,,はめる|嵌める,はめる,N1|N2,はめる|ハメる|塡める|填める|嵌める|篏める,yes
流行,はやり,N1,"{""N1"": 1}","{""waller-derived"": ""N1""}",openjlpt|waller,waller-derived,1,lexical,fashionable; fad; in vogue,same-reading-different-writing|same-writing-different-reading|same-jmdict-entry,流行[はや]り|流行り,りゅうこう,流行り,はやり,N1,はやり|流行|流行り,yes
腹立ち,はらだち,N1,"{""N1"": 2}","{""community-independent"": ""N1"", ""waller-derived"": ""N1""}",openjlpt|waller|wordmaster,community-independent|waller-derived,2,lexical,anger,fully-absent,,,,,,,yes
原っぱ,はらっぱ,N1,"{""N1"": 2}","{""community-independent"": ""N1"", ""waller-derived"": ""N1""}",openjlpt|waller|wordmaster,community-independent|waller-derived,2,lexical,open field; empty lot; plain,fully-absent,,,,,,,yes
張り紙,はりがみ,N1,"{""N1"": 2}","{""community-independent"": ""N1"", ""waller-derived"": ""N1""}",openjlpt|waller|wordmaster,community-independent|waller-derived,2,lexical,paper patch; paper backing; poster,same-reading-different-writing|same-jmdict-entry,貼り紙,,貼り紙,はりがみ,N2,はりがみ|はり紙|張り紙|張紙|貼り紙|貼紙,yes
反～,はん～,N2,"{""N2"": 1}","{""community-independent"": ""N2""}",wordmaster,community-independent,1,lexical,"anti ~, counter ~",fully-absent,,,,,,,no
判事,はんじ,N2,"{""N2"": 2}","{""community-independent"": ""N2"", ""waller-derived"": ""N2""}",openjlpt|waller|wordmaster,community-independent|waller-derived,2,lexical,judge; judiciary,fully-absent,,,,,,,yes
梅雨,ばいう,N3,"{""N3"": 1}","{""waller-derived"": ""N3""}",waller,waller-derived,1,lexical,"rainy season,rain during the rainy season",same-writing-different-reading|same-jmdict-entry,,つゆ,梅雨,つゆ,N3,つゆ|ばいう|梅雨|黴雨,yes
倍率,ばいりつ,N1,"{""N1"": 2}","{""community-independent"": ""N1"", ""waller-derived"": ""N1""}",openjlpt|waller|wordmaster,community-independent|waller-derived,2,lexical,diameter; magnification,fully-absent,,,,,,,yes
ｘ,バツ,N2,"{""N2"": 1}","{""waller-derived"": ""N2""}",waller,waller-derived,1,lexical,,same-reading-different-writing,罰|閥,,,,,,yes
×,ばつ,N2,"{""N2"": 1}","{""community-independent"": ""N2""}",wordmaster,community-independent,1,lexical,cross,same-reading-different-writing,罰|閥,,,,,,no
伐,ばつ,N1,"{""N1"": 1}","{""waller-derived"": ""N1""}",openjlpt|waller,waller-derived,1,lexical,strike; attack; punish,same-reading-different-writing,罰|閥,,,,,,no
発条,ばね,N1,"{""N1"": 1}","{""waller-derived"": ""N1""}",openjlpt|waller,waller-derived,1,lexical,spring (e.g. coil  leaf),same-reading-different-writing|same-jmdict-entry,ばね,,ばね,ばね,N1,ぜんまい|ばね|バネ|弾機|撥条|発条,yes
散蒔く,ばらまく,N1,"{""N1"": 1}","{""waller-derived"": ""N1""}",openjlpt|waller,waller-derived,1,lexical,to disseminate; to scatter; to give money freely,same-reading-different-writing|same-jmdict-entry,ばらまく|ばら撒く,,ばらまく|ばら撒く,ばらまく,N1,ばらまく|ばら撒く|ばら蒔く|バラまく|バラ撒く|バラ蒔く|散播く|散蒔く,yes
判,ばん,N1,"{""N1"": 1}","{""waller-derived"": ""N1""}",waller,waller-derived,1,lexical,size (of paper or books),same-reading-different-writing|same-writing-different-reading|same-jmdict-entry,バン|万|晩|番,はん,判,はん,N2,はん|ばん|判,yes
万人,ばんじん,N1,"{""N1"": 1}","{""waller-derived"": ""N1""}",openjlpt|waller,waller-derived,1,lexical,all people; everybody; 10000 people,same-writing-different-reading|same-jmdict-entry,,ばんにん,万人,ばんにん,N3,ばんじん|ばんにん|まんにん|万人,yes
番目,ばんめ,N1,"{""N1"": 1}","{""waller-derived"": ""N1""}",openjlpt|waller,waller-derived,1,lexical,cardinal number suffix,fully-absent,,,,,,,yes
パート (タイム),パート (タイム),N4,"{""N4"": 1}","{""community-independent"": ""N4""}",wordmaster,community-independent,1,lexical,兼职,fully-absent,,,,,,,no
碑,ひ,N3,"{""N3"": 1}","{""community-independent"": ""N3""}",wordmaster,community-independent,1,lexical,stone monument bearing an inscription,same-reading-different-writing,妃|日|比|火|灯|費|非,,,,,,yes
非～,ひ～,N2,"{""N2"": 1}","{""community-independent"": ""N2""}",wordmaster,community-independent,1,lexical,"anti~, counter~, an~, non~",fully-absent,,,,,,,no
控室,ひかえしつ,N1,"{""N1"": 2}","{""community-independent"": ""N1"", ""waller-derived"": ""N1""}",openjlpt|waller|wordmaster,community-independent|waller-derived,2,lexical,waiting room,same-reading-different-writing|same-jmdict-entry,控え室,,控え室,ひかえしつ,N1,ひかえしつ|控え室|控室,yes
匹,ひき,N1,"{""N1"": 1}","{""waller-derived"": ""N1""}",openjlpt|waller,waller-derived,1,lexical,head; small animal counter; roll of cloth,fully-absent,,,,,,,yes
引受る,ひきうける,N2,"{""N2"": 2}","{""community-independent"": ""N2"", ""waller-derived"": ""N2""}",openjlpt|waller|wordmaster,community-independent|waller-derived,2,lexical,to undertake; to take up; to take over,same-reading-different-writing|same-jmdict-entry,引き受ける,,引き受ける,ひきうける,N3,ひきうける|引きうける|引き受ける|引受ける|引受る,yes
引返す,ひきかえす,N2,"{""N2"": 1}","{""waller-derived"": ""N2""}",openjlpt|waller,waller-derived,1,lexical,to repeat; to send back; to bring back,same-reading-different-writing|same-jmdict-entry,引き返す,,引き返す,ひきかえす,N2,ひきかえす|引きかえす|引き返す|引返す,yes
引き下げる,ひきさげる,N1,"{""N1"": 1}","{""waller-derived"": ""N1""}",openjlpt|waller,waller-derived,1,lexical,to pull down; to lower; to reduce,fully-absent,,,,,,,yes
引下げる,ひきさげる,N1,"{""N1"": 1}","{""community-independent"": ""N1""}",wordmaster,community-independent,1,lexical,"to pull down, to lower, to reduce, to withdraw",fully-absent,,,,,,,yes
引算,ひきざん,N2,"{""N2"": 2}","{""community-independent"": ""N2"", ""waller-derived"": ""N2""}",openjlpt|waller|wordmaster,community-independent|waller-derived,2,lexical,subtraction,same-reading-different-writing|same-jmdict-entry,引き算,,引き算,ひきざん,N2,ひきざん|ひき算|引き算|引算,yes
引出す,ひきだす,N2,"{""N2"": 1}","{""waller-derived"": ""N2""}",openjlpt|waller,waller-derived,1,lexical,to pull out; to take out; to draw out,same-reading-different-writing|same-jmdict-entry,引き出す,,引き出す,ひきだす,N3,ひきだす|引きだす|引き出す|引出す,yes
引取る,ひきとる,N1,"{""N1"": 1}","{""community-independent"": ""N1""}",wordmaster,community-independent,1,lexical,to take back; to adopt; to leave,same-reading-different-writing|same-jmdict-entry,引き取る,,引き取る,ひきとる,N2,ひきとる|引きとる|引き取る|引取る,yes
引分け,ひきわけ,N2,"{""N2"": 2}","{""community-independent"": ""N2"", ""waller-derived"": ""N2""}",openjlpt|waller|wordmaster,community-independent|waller-derived,2,lexical,a draw (in competition); tie game,same-reading-different-writing|same-jmdict-entry,引き分け,,引き分け,ひきわけ,N2,ひきわけ|引き分け|引分け,yes
久し振り,ひさしぶり,N1,"{""N1"": 1}","{""waller-derived"": ""N1""}",openjlpt|waller,waller-derived,1,lexical,after a long time,same-reading-different-writing|same-jmdict-entry,久しぶり,,久しぶり,ひさしぶり,N4,ひさしぶり|久しぶり|久し振り,yes
陽射,ひざし,N2,"{""N2"": 2}","{""community-independent"": ""N2"", ""waller-derived"": ""N2""}",openjlpt|waller|wordmaster,community-independent|waller-derived,2,lexical,sunlight; rays of the sun,same-reading-different-writing|same-jmdict-entry,日差し,,日差し,ひざし,N2,ひざし|日ざし|日射し|日差|日差し|陽ざし|陽射|陽射し|陽差し,yes
一向,ひたすら,N1,"{""N1"": 1}","{""waller-derived"": ""N1""}",openjlpt|waller,waller-derived,1,lexical,earnestly,same-reading-different-writing|same-writing-different-reading|same-jmdict-entry,ひたすら,いっこう,ひたすら,ひたすら,N2,ひたすら|一向|只管|頓,yes
引っ繰り返す,ひっくりかえす,N2,"{""N2"": 2}","{""community-independent"": ""N2"", ""waller-derived"": ""N2""}",openjlpt|waller|wordmaster,community-independent|waller-derived,2,lexical,to turn over; to overturn; to knock over,same-reading-different-writing|same-jmdict-entry,ひっくり返す,,ひっくり返す,ひっくりかえす,N2,ひっくりかえす|ひっくりがえす|ひっくり返す|ヒックリ返す|引っくり返す|引っ繰り返す|引繰り返す,yes
引越し,ひっこし,N3,"{""N2"": 1, ""N3"": 1}","{""community-independent"": ""N3"", ""waller-derived"": ""N2""}",openjlpt|waller|wordmaster,community-independent|waller-derived,2,lexical,moving (dwelling etc.); changing residence,same-reading-different-writing|same-jmdict-entry,引っ越し,,引っ越し,ひっこし,N4,ひっこし|ひっ越し|引っこし|引っ越し|引越|引越し,yes
一～,ひと～,N2,"{""N2"": 1}","{""community-independent"": ""N2""}",wordmaster,community-independent,1,lexical,one ~,fully-absent,,,,,,,no
単,ひとえ,N1,"{""N1"": 1}","{""waller-derived"": ""N1""}",openjlpt|waller,waller-derived,1,lexical,one layer; single,same-reading-different-writing|same-writing-different-reading|same-jmdict-entry,一重,たん,一重,ひとえ,N1,ひとえ|一重|単,yes
人気,ひとけ,N1,"{""N1"": 1}","{""community-independent"": ""N1""}",wordmaster,community-independent,1,lexical,sign of life,same-writing-different-reading,,にんき,,,,,no
人差指,ひとさしゆび,N2,"{""N2"": 2}","{""community-independent"": ""N2"", ""waller-derived"": ""N2""}",openjlpt|waller|wordmaster,community-independent|waller-derived,2,lexical,index finger,same-reading-different-writing|same-jmdict-entry,人差し指,,人差し指,ひとさしゆび,N3,ひとさしゆび|人さし指|人差し指|人差指|人指し指,yes
一筋,ひとすき,N1,"{""N1"": 1}","{""waller-derived"": ""N1""}",openjlpt,waller-derived,1,lexical,a line; earnestly; blindly,same-writing-different-reading,,ひとすじ,,,,,no
一月,ひとつき,N5,"{""N5"": 2}","{""community-independent"": ""N5"", ""waller-derived"": ""N5""}",openjlpt|waller|wordmaster,community-independent|waller-derived,2,lexical,one month,same-writing-different-reading,,いちがつ,,,,,yes
一まず,ひとまず,N1,"{""N1"": 1}","{""waller-derived"": ""N1""}",openjlpt|waller,waller-derived,1,lexical,for the present; once; in outline,same-reading-different-writing|same-jmdict-entry,ひとまず|一先ず,,ひとまず|一先ず,ひとまず,N1|N2,ひとまず|ひと先ず|一と先ず|一まず|一先|一先ず,yes
一人でに,ひとりでに,N1,"{""N1"": 1}","{""waller-derived"": ""N1""}",openjlpt|waller,waller-derived,1,lexical,by itself; automatically; naturally,same-reading-different-writing|same-jmdict-entry,ひとりでに|独りでに,,ひとりでに|独りでに,ひとりでに,N2,ひとりでに|一人でに|独りでに,yes
雛,ひな,N1,"{""N1"": 2}","{""community-independent"": ""N1"", ""waller-derived"": ""N1""}",openjlpt|waller|wordmaster,community-independent|waller-derived,2,lexical,young bird; chick; doll,same-reading-different-writing,雛[ひな],,,,,,yes
雛祭,ひなまつり,N1,"{""N1"": 1}","{""community-independent"": ""N1""}",wordmaster,community-independent,1,lexical,Girls' (dolls') Festival,same-reading-different-writing|same-jmdict-entry,ひな祭り|雛祭り,,ひな祭り|雛祭り,ひなまつり,N1,ひなまつり|ひな祭|ひな祭り|雛祭|雛祭り,yes
日日,ひにち,N2,"{""N2"": 2}","{""community-independent"": ""N2"", ""waller-derived"": ""N2""}",openjlpt|waller|wordmaster,community-independent|waller-derived,2,lexical,every day; daily; day after day,same-reading-different-writing|same-jmdict-entry,日にち,,日にち,ひにち,N2,ひにち|日にち|日日,yes
日の入り,ひのいり,N2,"{""N2"": 2}","{""community-independent"": ""N2"", ""waller-derived"": ""N2""}",openjlpt|waller|wordmaster,community-independent|waller-derived,2,lexical,sunset,fully-absent,,,,,,,yes
火花,ひばな,N1,"{""N1"": 2}","{""community-independent"": ""N1"", ""waller-derived"": ""N1""}",openjlpt|waller|wordmaster,community-independent|waller-derived,2,lexical,spark,fully-absent,,,,,,,yes
ひび (かべの～),ひび (かべの～),N1,"{""N1"": 1}","{""community-independent"": ""N1""}",wordmaster,community-independent,1,lexical,"crack, fissure, flaw",fully-absent,,,,,,,no
ひゃっかじてん,ひゃっかじてん,N2,"{""N2"": 2}","{""community-independent"": ""N2"", ""waller-derived"": ""N2""}",waller|wordmaster,community-independent|waller-derived,2,kana/loanword,encyclopedia,same-reading-different-writing|same-jmdict-entry,百科事典,,百科事典,ひゃっかじてん,N2,ひゃっかじてん|百科事典|百科辞典,yes
百科辞典,ひゃっかじてん,N1,"{""N1"": 1}","{""waller-derived"": ""N1""}",openjlpt|waller,waller-derived,1,lexical,encyclopedia,same-reading-different-writing|same-jmdict-entry,百科事典,,百科事典,ひゃっかじてん,N2,ひゃっかじてん|百科事典|百科辞典,yes
昼御飯,ひるごはん,N5,"{""N5"": 2}","{""community-independent"": ""N5"", ""waller-derived"": ""N5""}",openjlpt|waller|wordmaster,community-independent|waller-derived,2,lexical,midday meal,same-reading-different-writing|same-jmdict-entry,昼ごはん|昼ご飯,,昼ごはん|昼ご飯,ひるごはん,N1|N5,ひるごはん|昼ごはん|昼ご飯|昼御飯,yes
吃驚,びっくり,N1,"{""N1"": 1}","{""waller-derived"": ""N1""}",openjlpt|waller,waller-derived,1,lexical,be surprised; be amazed; be frightened,same-reading-different-writing|same-jmdict-entry,びっくり,,びっくり,びっくり,N4,びっくり|ビックリ|吃驚|喫驚,yes
びっくりする,びっくりする,N4,"{""N4"": 1}","{""community-independent"": ""N4""}",wordmaster,community-independent,1,kana/loanword,吓一跳,fully-absent,,,,,,,no
ビルディング,ビルディング,N2,"{""N2"": 2}","{""community-independent"": ""N2"", ""waller-derived"": ""N2""}",waller|wordmaster,community-independent|waller-derived,2,kana/loanword,building,fully-absent,,,,,,,yes
瓶詰,びんづめ,N2,"{""N2"": 2}","{""community-independent"": ""N2"", ""waller-derived"": ""N2""}",openjlpt|waller|wordmaster,community-independent|waller-derived,2,lexical,bottling; bottled,same-reading-different-writing|same-jmdict-entry,瓶詰め,,瓶詰め,びんづめ,N2,びんづめ|びん詰|びん詰め|ビン詰め|壜詰|壜詰め|瓶詰|瓶詰め,yes
不,ふ,N3,"{""N3"": 2}","{""community-independent"": ""N3"", ""waller-derived"": ""N3""}",openjlpt|waller|wordmaster,community-independent|waller-derived,2,lexical,un; non; negative prefix,same-reading-different-writing,府|負,,,,,,yes
歩,ふ,N1,"{""N1"": 1}","{""waller-derived"": ""N1""}",openjlpt|waller,waller-derived,1,lexical,pawn (in chess or shogi),same-reading-different-writing|same-writing-different-reading,府|負,ほ,,,,,yes
フィルタ,フィルタ,N1,"{""N1"": 1}","{""community-independent"": ""N1""}",wordmaster,community-independent,1,kana/loanword,filter,same-jmdict-entry,,,フィルター,フィルター,N1,フィルタ|フィルター,yes
殖える,ふえる,N2,"{""N2"": 1}","{""waller-derived"": ""N2""}",openjlpt|waller,waller-derived,1,lexical,to increase; to multiply,same-reading-different-writing|same-jmdict-entry,増える,,増える,ふえる,N4,ふえる|増える|殖える,yes
副～,ふく～,N2,"{""N2"": 1}","{""community-independent"": ""N2""}",wordmaster,community-independent,1,lexical,vice ~,fully-absent,,,,,,,no
復旧,ふくきゅう,N1,"{""N1"": 1}","{""waller-derived"": ""N1""}",openjlpt,waller-derived,1,lexical,restoration; restitution; rehabilitation,same-writing-different-reading,,ふっきゅう|ふっきゅうする,,,,,no
副詞,ふくし,N2,"{""N2"": 2}","{""community-independent"": ""N2"", ""waller-derived"": ""N2""}",openjlpt|waller|wordmaster,community-independent|waller-derived,2,lexical,adverb,same-reading-different-writing,福祉,,,,,,yes
符号,ふごう,N2,"{""N2"": 2}","{""community-independent"": ""N2"", ""waller-derived"": ""N2""}",openjlpt|waller|wordmaster,community-independent|waller-derived,2,lexical,sign; mark; symbol,same-reading-different-writing,富豪|符合,,,,,,yes
不山戯る,ふざける,N1,"{""N1"": 1}","{""waller-derived"": ""N1""}",openjlpt,waller-derived,1,lexical,to romp; to gambol; to frolic,same-reading-different-writing,ふざける,,,,,,no
不振,ふしん,N1,"{""N1"": 2}","{""community-independent"": ""N1"", ""waller-derived"": ""N1""}",openjlpt|waller|wordmaster,community-independent|waller-derived,2,lexical,dullness; depression; slump,same-reading-different-writing,不信|不審,,,,,,yes
襖,ふすま,N2,"{""N2"": 2}","{""community-independent"": ""N2"", ""waller-derived"": ""N2""}",openjlpt|waller|wordmaster,community-independent|waller-derived,2,lexical,sliding screen,fully-absent,,,,,,,yes
附属,ふぞく,N2,"{""N2"": 2}","{""community-independent"": ""N2"", ""waller-derived"": ""N2""}",openjlpt|waller|wordmaster,community-independent|waller-derived,2,lexical,attached; belonging; affiliated,same-reading-different-writing|same-jmdict-entry,付属,,付属,ふぞく,N2,ふぞく|付属|附属,yes
不通,ふつう,N3,"{""N2"": 1, ""N3"": 1}","{""community-independent"": ""N3"", ""waller-derived"": ""N2""}",openjlpt|waller|wordmaster,community-independent|waller-derived,2,lexical,suspension; interruption; stoppage,same-reading-different-writing,普通,,,,,,yes
不図,ふと,N3,"{""N3"": 1}","{""waller-derived"": ""N3""}",openjlpt|waller,waller-derived,1,lexical,suddenly; casually; accidentally,same-reading-different-writing|same-jmdict-entry,ふと,,ふと,ふと,N3,ふと|不図|不圖|不斗,yes
舟,ふね,N4,"{""N4"": 2}","{""community-independent"": ""N4"", ""waller-derived"": ""N4""}",openjlpt|waller|wordmaster,community-independent|waller-derived,2,lexical,ship,same-reading-different-writing|same-jmdict-entry,船,,船,ふね,N5,ふね|槽|舟|船,yes
不便,ふびん,N1,"{""N1"": 1}","{""waller-derived"": ""N1""}",openjlpt|waller,waller-derived,1,lexical,pity; compassion,same-writing-different-reading,,ふべん,,,,,yes
殖やす,ふやす,N3,"{""N2"": 1, ""N3"": 1}","{""community-independent"": ""N3"", ""waller-derived"": ""N2""}",openjlpt|waller|wordmaster,community-independent|waller-derived,2,lexical,to increase; to add to; to augment,same-reading-different-writing|same-jmdict-entry,増やす,,増やす,ふやす,N3,ふやす|増やす|殖やす,yes
古～,ふる～,N2,"{""N2"": 1}","{""community-independent"": ""N2""}",wordmaster,community-independent,1,lexical,old ~,fully-absent,,,,,,,no
古里,ふるさと,N2,"{""N2"": 1}","{""community-independent"": ""N2""}",wordmaster,community-independent,1,lexical,"home town, birthplace",same-reading-different-writing|same-jmdict-entry,ふるさと|故郷,,ふるさと|故郷,ふるさと,N1|N3,ふるさと|ふる里|古里|故郷|故里,yes
振舞う,ふるまう,N2,"{""N2"": 2}","{""community-independent"": ""N2"", ""waller-derived"": ""N2""}",openjlpt|waller|wordmaster,community-independent|waller-derived,2,lexical,to behave; to conduct oneself; to entertain (vt),same-reading-different-writing|same-jmdict-entry,振る舞う,,振る舞う,ふるまう,N2,ふるまう|振る舞う|振舞う,yes
付録,ふろく,N1,"{""N1"": 2}","{""community-independent"": ""N1"", ""waller-derived"": ""N1""}",openjlpt|waller|wordmaster,community-independent|waller-derived,2,lexical,appendix; supplement,fully-absent,,,,,,,yes
噴出,ふんしゅつ,N1,"{""N1"": 2}","{""community-independent"": ""N1"", ""waller-derived"": ""N1""}",openjlpt|waller|wordmaster,community-independent|waller-derived,2,lexical,spewing; gushing; spouting,fully-absent,,,,,,,yes
不,ぶ,N3,"{""N3"": 1}","{""waller-derived"": ""N3""}",waller,waller-derived,1,lexical,"un,non,negative prefix",same-reading-different-writing|same-jmdict-entry,分|無|部,,無,ぶ,N3,ぶ|不|無,yes
無沙汰,ぶさた,N2,"{""N2"": 2}","{""community-independent"": ""N2"", ""waller-derived"": ""N2""}",openjlpt|waller|wordmaster,community-independent|waller-derived,2,lexical,neglecting to stay in contact,fully-absent,,,,,,,yes
打付ける,ぶつける,N1,"{""N1"": 1}","{""waller-derived"": ""N1""}",openjlpt|waller,waller-derived,1,lexical,to knock; to run into; to nail on,same-reading-different-writing|same-jmdict-entry,ぶつける,,ぶつける,ぶつける,N3,ぶつける|打つける|打付ける,yes
ぶらさげる,ぶらさげる,N2,"{""N2"": 2}","{""community-independent"": ""N2"", ""waller-derived"": ""N2""}",waller|wordmaster,community-independent|waller-derived,2,kana/loanword,"to hang,to suspend,to dangle,to swing",same-reading-different-writing|same-jmdict-entry,ぶら下げる,,ぶら下げる,ぶらさげる,N2,ぶらさげる|ぶら下げる,yes
分母,ぶんぼ,N1,"{""N1"": 2}","{""community-independent"": ""N1"", ""waller-derived"": ""N1""}",openjlpt|waller|wordmaster,community-independent|waller-derived,2,lexical,denominator,fully-absent,,,,,,,yes
分離,ぶんり,N1,"{""N1"": 2}","{""community-independent"": ""N1"", ""waller-derived"": ""N1""}",openjlpt|waller|wordmaster,community-independent|waller-derived,2,lexical,separation; detachment; segregation,fully-absent,,,,,,,yes
平方,へいほう,N1,"{""N1"": 2}","{""community-independent"": ""N1"", ""waller-derived"": ""N1""}",openjlpt|waller|wordmaster,community-independent|waller-derived,2,lexical,square (e.g. metre); square,fully-absent,,,,,,,yes
へそ,へそ,N2,"{""N2"": 1}","{""community-independent"": ""N2""}",wordmaster,community-independent,1,kana/loanword,"navel, belly-button",same-reading-different-writing|same-jmdict-entry,臍,,臍,へそ,N2,へそ|ほぞ|ヘソ|臍|𦜝,yes
縁,へり,N1,"{""N1"": 1}","{""community-independent"": ""N1""}",wordmaster,community-independent,1,lexical,edge,same-writing-different-reading,,えん|ふち,,,,,no
へりくだる,へりくだる,N1,"{""N1"": 1}","{""community-independent"": ""N1""}",wordmaster,community-independent,1,kana/loanword,to deprecate oneself and praise the listener,fully-absent,,,,,,,yes
謙る,へりくだる,N1,"{""N1"": 1}","{""waller-derived"": ""N1""}",openjlpt|waller,waller-derived,1,lexical,to deprecate oneself and praise the listener,fully-absent,,,,,,,yes
偏,へん,N1,"{""N1"": 1}","{""waller-derived"": ""N1""}",openjlpt|waller,waller-derived,1,lexical,side; left radical of a character; inclining,same-reading-different-writing,変|編|辺,,,,,,yes
勉強,べんきょう (する),N5,"{""N5"": 1}","{""community-independent"": ""N5""}",wordmaster,community-independent,1,lexical,学习,same-writing-different-reading,,べんきょう,,,,,no
勉強,べんきょうする,N5,"{""N5"": 1}","{""waller-derived"": ""N5""}",openjlpt,waller-derived,1,lexical,to study,same-writing-different-reading,,べんきょう,,,,,no
穂,ほ,N1,"{""N1"": 2}","{""community-independent"": ""N1"", ""waller-derived"": ""N1""}",openjlpt|waller|wordmaster,community-independent|waller-derived,2,lexical,ear (of plant); head (of plant),same-reading-different-writing,帆|歩,,,,,,yes
倣,ほう,N1,"{""N1"": 1}","{""waller-derived"": ""N1""}",openjlpt|waller,waller-derived,1,lexical,imitate; follow; emulate,same-reading-different-writing,ほう|報|方|法|砲,,,,,,no
宝器,ほうき,N1,"{""N1"": 1}","{""waller-derived"": ""N1""}",openjlpt|waller,waller-derived,1,lexical,treasured article or vessel; outstanding individual,same-reading-different-writing|same-jmdict-entry,ほうき|放棄|法規|箒,,ほうき,ほうき,N2,ほうき|宝器,yes
放射能,ほうしゃのう,N1,"{""N1"": 2}","{""community-independent"": ""N1"", ""waller-derived"": ""N1""}",openjlpt|waller|wordmaster,community-independent|waller-derived,2,lexical,radioactivity,fully-absent,,,,,,,yes
放送,ほうそうする,N4,"{""N4"": 2}","{""community-independent"": ""N4"", ""waller-derived"": ""N4""}",openjlpt|wordmaster,community-independent|waller-derived,2,lexical,to broadcast,same-writing-different-reading,,ほうそう,,,,,no
庖丁,ほうちょう,N2,"{""N2"": 1}","{""waller-derived"": ""N2""}",openjlpt|waller,waller-derived,1,lexical,kitchen knife; carving knife,same-reading-different-writing|same-jmdict-entry,包丁,,包丁,ほうちょう,N3,ほうちょう|包丁|庖丁,yes
外,ほか,N3,"{""N3"": 2}","{""community-independent"": ""N3"", ""waller-derived"": ""N3""}",openjlpt|waller|wordmaster,community-independent|waller-derived,2,lexical,other place; the rest,same-reading-different-writing|same-writing-different-reading|same-jmdict-entry,ほか|他,がい|そと,ほか|他,ほか,N5,ほか|他|外,yes
保健,ほけん,N2,"{""N2"": 2}","{""community-independent"": ""N2"", ""waller-derived"": ""N2""}",openjlpt|waller|wordmaster,community-independent|waller-derived,2,lexical,health preservation; hygiene; sanitation,same-reading-different-writing,保険,,,,,,yes
乾,ほし,N1,"{""N1"": 1}","{""waller-derived"": ""N1""}",waller,waller-derived,1,lexical,"dried, cured",same-reading-different-writing|same-jmdict-entry,干し|星,,干し,ほし,N1,ほし|乾|乾し|干|干し,yes
干し～,ほし～,N1,"{""N1"": 1}","{""community-independent"": ""N1""}",wordmaster,community-independent,1,lexical,dried ~,fully-absent,,,,,,,no
ほとり,ほとり,N1,"{""N1"": 1}","{""community-independent"": ""N1""}",wordmaster,community-independent,1,kana/loanword,vicinity of lake; river,same-reading-different-writing|same-jmdict-entry,辺,,辺,ほとり,N1,ほとり|畔|辺|辺り,yes
辺り,ほとり,N1,"{""N1"": 1}","{""waller-derived"": ""N1""}",openjlpt|waller,waller-derived,1,lexical,(in the) neighbourhood; vicinity; nearby,same-reading-different-writing|same-writing-different-reading|same-jmdict-entry,辺,あたり,辺,ほとり,N1,ほとり|畔|辺|辺り,yes
ほどく,ほどく,N2,"{""N2"": 1}","{""waller-derived"": ""N2""}",waller,waller-derived,1,kana/loanword,to unfasten,same-reading-different-writing|same-jmdict-entry,解く,,解く,ほどく,N2,ほどく|解く,yes
頬,ほほ,N3,"{""N3"": 2}","{""community-independent"": ""N3"", ""waller-derived"": ""N3""}",openjlpt|waller|wordmaster,community-independent|waller-derived,2,lexical,cheek (of face),same-writing-different-reading|same-jmdict-entry,,ほお,頬,ほお,N4,ほお|ほほ|頬|頰,yes
保母,ほぼ,N1,"{""N1"": 1}","{""waller-derived"": ""N1""}",openjlpt|waller,waller-derived,1,lexical,day care worker in a kindergarten  nursery school  etc.,same-reading-different-writing|same-jmdict-entry,ほぼ,,ほぼ,ほぼ,N2,ほぼ|保姆|保母,yes
略,ほぼ,N3,"{""N3"": 1}","{""waller-derived"": ""N3""}",waller,waller-derived,1,lexical,"almost,roughly,approximately",same-reading-different-writing|same-writing-different-reading|same-jmdict-entry,ほぼ,りゃく,ほぼ,ほぼ,N2,ほぼ|略|粗,yes
ほめる,ほめる,N4,"{""N4"": 1}","{""waller-derived"": ""N4""}",waller,waller-derived,1,kana/loanword,to praise,same-reading-different-writing|same-jmdict-entry,褒める,,褒める,ほめる,N3,ほめる|称める|褒める|誉める|讃める|賞める,yes
捕吏,ほり,N1,"{""N1"": 1}","{""waller-derived"": ""N1""}",openjlpt|waller,waller-derived,1,lexical,constable,same-reading-different-writing,堀,,,,,,yes
濠,ほり,N3,"{""N3"": 2}","{""community-independent"": ""N3"", ""waller-derived"": ""N3""}",openjlpt|waller|wordmaster,community-independent|waller-derived,2,lexical,moat,same-reading-different-writing|same-jmdict-entry,堀,,堀,ほり,N3,ほり|堀|壕|濠,yes
本当,ほんと,N3,"{""N3"": 2}","{""community-independent"": ""N3"", ""waller-derived"": ""N3""}",openjlpt|waller|wordmaster,community-independent|waller-derived,2,lexical,truth; reality,same-writing-different-reading|same-jmdict-entry,,ほんとう,本当,ほんとう,N5,ほんと|ほんとう|ホント|ホントウ|ホントー|本当|本當,yes
ほんの～,ほんの～,N2,"{""N2"": 1}","{""community-independent"": ""N2""}",wordmaster,community-independent,1,lexical,"mere, just",fully-absent,,,,,,,no
卯,ぼう,N1,"{""N1"": 1}","{""waller-derived"": ""N1""}",openjlpt|waller,waller-derived,1,lexical,fourth sign of Chinese zodiac (The Hare  5am-7am  east  February),same-reading-different-writing|same-writing-different-reading|same-jmdict-entry,棒,う,卯,う,N1,う|ぼう|卯,yes
防～,ぼう～,N2,"{""N2"": 1}","{""community-independent"": ""N2""}",wordmaster,community-independent,1,lexical,~ prevention,fully-absent,,,,,,,no
防火,ぼうか,N1,"{""N1"": 2}","{""community-independent"": ""N1"", ""waller-derived"": ""N1""}",openjlpt|waller|wordmaster,community-independent|waller-derived,2,lexical,fire prevention; fire fighting; fire proof,fully-absent,,,,,,,yes
膨張,ぼうちょう,N1,"{""N1"": 1}","{""community-independent"": ""N1""}",wordmaster,community-independent,1,lexical,"expansion, swelling, increase",fully-absent,,,,,,,yes
膨脹,ぼうちょう,N1,"{""N1"": 1}","{""waller-derived"": ""N1""}",openjlpt|waller,waller-derived,1,lexical,expansion; swelling; increase,fully-absent,,,,,,,yes
惚ける,ぼける,N1,"{""N1"": 1}","{""community-independent"": ""N1""}",wordmaster,community-independent,1,lexical,"to grow senile, to fade",same-reading-different-writing|same-jmdict-entry,ぼける,,ぼける,ぼける,N1,ぼける|ボケる|呆ける|惚ける|耄ける,yes
母校,ぼこう,N1,"{""N1"": 2}","{""community-independent"": ""N1"", ""waller-derived"": ""N1""}",openjlpt|waller|wordmaster,community-independent|waller-derived,2,lexical,alma mater,fully-absent,,,,,,,yes
坊っちゃん,ぼっちゃん,N2,"{""N2"": 2}","{""community-independent"": ""N2"", ""waller-derived"": ""N2""}",openjlpt|waller|wordmaster,community-independent|waller-derived,2,lexical,son (of others),same-reading-different-writing|same-jmdict-entry,坊ちゃん,,坊ちゃん,ぼっちゃん,N1,ぼっちゃん|坊ちゃん|坊っちゃん,yes
ぼろ,ぼろ,N2,"{""N2"": 2}","{""community-independent"": ""N2"", ""waller-derived"": ""N2""}",waller|wordmaster,community-independent|waller-derived,2,kana/loanword,"rag,scrap,tattered clothes,fault (esp. in a pretense)",same-reading-different-writing|same-jmdict-entry,襤褸,,襤褸,ぼろ,N2,ぼろ|ボロ|襤褸,yes
藍褸,ぼろ,N1,"{""N1"": 1}","{""waller-derived"": ""N1""}",openjlpt,waller-derived,1,lexical,rag; scrap; tattered clothes,same-reading-different-writing,襤褸,,,,,,no
マイ～,マイ～,N1,"{""N1"": 1}","{""community-independent"": ""N1""}",wordmaster,community-independent,1,lexical,"my ~, one's own ~",fully-absent,,,,,,,no
毎～,まい～,N2,"{""N2"": 1}","{""community-independent"": ""N2""}",wordmaster,community-independent,1,lexical,every ~,fully-absent,,,,,,,no
マイクロフォン,マイクロフォン,N1,"{""N1"": 1}","{""community-independent"": ""N1""}",wordmaster,community-independent,1,kana/loanword,microphone,fully-absent,,,,,,,no
毎月,まいげつ/まいつき,N5,"{""N5"": 1}","{""waller-derived"": ""N5""}",openjlpt,waller-derived,1,lexical,every month,same-writing-different-reading,,まいつき,,,,,no
毎月,まいげつ; まいつき,N5,"{""N5"": 1}","{""community-independent"": ""N5""}",wordmaster,community-independent,1,lexical,每个月,same-writing-different-reading,,まいつき,,,,,no
毎月,まいげつ,N5,"{""N5"": 1}","{""waller-derived"": ""N5""}",waller,waller-derived,1,lexical,every month,same-writing-different-reading|same-jmdict-entry,,まいつき,毎月,まいつき,N5,まいげつ|まいつき|毎月,yes
毎年,まいねん/まいとし,N5,"{""N5"": 1}","{""waller-derived"": ""N5""}",openjlpt,waller-derived,1,lexical,every year,same-writing-different-reading,,まいとし,,,,,no
毎年,まいねん; まいとし,N5,"{""N5"": 1}","{""community-independent"": ""N5""}",wordmaster,community-independent,1,lexical,每年,same-writing-different-reading,,まいとし,,,,,no
毎年,まいねん,N5,"{""N5"": 1}","{""waller-derived"": ""N5""}",waller,waller-derived,1,lexical,every year,same-writing-different-reading|same-jmdict-entry,,まいとし,毎年,まいとし,N5,まいとし|まいねん|毎年,yes
前売,まえうり,N1,"{""N1"": 1}","{""community-independent"": ""N1""}",wordmaster,community-independent,1,lexical,"advance sale, booking",same-reading-different-writing|same-jmdict-entry,前売り,,前売り,まえうり,N2,まえうり|前売|前売り,yes
曲る,まがる,N5,"{""N5"": 2}","{""community-independent"": ""N5"", ""waller-derived"": ""N5""}",openjlpt|waller|wordmaster,community-independent|waller-derived,2,lexical,to turn; to bend,same-reading-different-writing|same-jmdict-entry,曲がる,,曲がる,まがる,N5,まがる|曲がる|曲る,yes
巻,まき,N1,"{""N1"": 1}","{""waller-derived"": ""N1""}",openjlpt|waller,waller-derived,1,lexical,volume,same-reading-different-writing|same-writing-different-reading,薪,かん,,,,,yes
真心,まこころ,N1,"{""N1"": 1}","{""waller-derived"": ""N1""}",openjlpt|waller,waller-derived,1,lexical,sincerity; devotion,same-writing-different-reading|same-jmdict-entry,,まごころ,真心,まごころ,N1,まこころ|まごころ|真心,yes
真に,まことに,N1,"{""N1"": 1}","{""waller-derived"": ""N1""}",openjlpt|waller,waller-derived,1,lexical,truly; actually; really,same-reading-different-writing|same-jmdict-entry,まことに|誠に,,まことに|誠に,まことに,N1|N2,まことに|実に|寔に|洵に|真に|誠に,yes
間誤付く,まごつく,N1,"{""N1"": 1}","{""waller-derived"": ""N1""}",waller,waller-derived,1,lexical,"to be confused, to be flustered",same-reading-different-writing|same-jmdict-entry,まごつく,,まごつく,まごつく,N1,まごつく|間誤つく|間誤付く,yes
まさしく,まさしく,N1,"{""N1"": 1}","{""community-independent"": ""N1""}",wordmaster,community-independent,1,kana/loanword,"surely, no doubt, evidently",same-reading-different-writing|same-jmdict-entry,正しく,,正しく,まさしく,N1,まさしく|正しく,yes
交ざる,まざる,N3,"{""N2"": 1, ""N3"": 1}","{""community-independent"": ""N3"", ""waller-derived"": ""N2""}",openjlpt|waller|wordmaster,community-independent|waller-derived,2,lexical,to be mixed; to be blended with; to associate with,same-reading-different-writing|same-jmdict-entry,混ざる,,混ざる,まざる,N2,まざる|交ざる|混ざる|雑ざる,yes
況して,まして,N1,"{""N1"": 1}","{""waller-derived"": ""N1""}",openjlpt|waller,waller-derived,1,lexical,still more; still less (with neg. verb); to say nothing of,same-reading-different-writing|same-jmdict-entry,まして,,まして,まして,N3,まして|増して|況して,yes
まじめ,まじめ,N4,"{""N4"": 1}","{""waller-derived"": ""N4""}",waller,waller-derived,1,kana/loanword,serious,same-reading-different-writing|same-jmdict-entry,真面目,,真面目,まじめ,N4,まじめ|マジメ|眞面目|真面目,yes
交じる,まじる,N3,"{""N2"": 1, ""N3"": 1}","{""community-independent"": ""N3"", ""waller-derived"": ""N2""}",openjlpt|waller|wordmaster,community-independent|waller-derived,2,lexical,to be mixed; to be blended with; to associate with,same-reading-different-writing|same-jmdict-entry,混じる,,混じる,まじる,N2,まじる|交じる|交る|混じる|混る|雑じる,yes
交ぜる,まぜる,N3,"{""N2"": 1, ""N3"": 1}","{""community-independent"": ""N3"", ""waller-derived"": ""N2""}",openjlpt|waller|wordmaster,community-independent|waller-derived,2,lexical,to be mixed; to be blended with,same-reading-different-writing|same-jmdict-entry,混ぜる,,混ぜる,まぜる,N3,まぜる|交ぜる|混ぜる|雑ぜる,yes
またがる (うまを～),またがる (うまを～),N1,"{""N1"": 1}","{""community-independent"": ""N1""}",wordmaster,community-independent,1,lexical,to straddle,fully-absent,,,,,,,no
跨がる,またがる,N1,"{""N1"": 1}","{""waller-derived"": ""N1""}",openjlpt|waller,waller-derived,1,lexical,to extend over or into; to straddle,same-reading-different-writing|same-jmdict-entry,跨る,,跨る,またがる,N1,またがる|股がる|跨がる|跨る,yes
またぐ,またぐ,N2,"{""N2"": 2}","{""community-independent"": ""N2"", ""waller-derived"": ""N2""}",waller|wordmaster,community-independent|waller-derived,2,kana/loanword,to straddle,same-reading-different-writing|same-jmdict-entry,跨ぐ,,跨ぐ,またぐ,N2,またぐ|跨ぐ,yes
瞬き,またたき,N1,"{""N1"": 1}","{""waller-derived"": ""N1""}",openjlpt|waller,waller-derived,1,lexical,wink; twinkling (of stars); flicker (of light),same-writing-different-reading|same-jmdict-entry,,まばたき,瞬き,まばたき,N1,またたき|まだたき|まばたき|めばたき|瞬き,yes
区々,まちまち,N1,"{""N1"": 1}","{""waller-derived"": ""N1""}",openjlpt|waller,waller-derived,1,lexical,1.  several; various; divergent,same-reading-different-writing|same-jmdict-entry,まちまち,,まちまち,まちまち,N1,まちまち|区々|区区,yes
祭,まつり,N3,"{""N3"": 2}","{""community-independent"": ""N3"", ""waller-derived"": ""N3""}",openjlpt|waller|wordmaster,community-independent|waller-derived,2,lexical,festival; feast,same-reading-different-writing|same-jmdict-entry,祭り,,祭り,まつり,N4,まつり|祭|祭り,yes
まと,まと,N1,"{""N1"": 1}","{""community-independent"": ""N1""}",wordmaster,community-independent,1,kana/loanword,"mark, target",same-reading-different-writing|same-jmdict-entry,的,,的,まと,N1,まと|的,yes
纏め,まとめ,N1,"{""N1"": 2}","{""community-independent"": ""N1"", ""waller-derived"": ""N1""}",openjlpt|waller|wordmaster,community-independent|waller-derived,2,lexical,settlement; conclusion,same-reading-different-writing|same-jmdict-entry,まとめ,,まとめ,まとめ,N1,まとめ|纏め,yes
免れる,まぬかれる,N1,"{""N1"": 1}","{""waller-derived"": ""N1""}",openjlpt|waller,waller-derived,1,lexical,to escape from; to be rescued from; to avoid,same-writing-different-reading|same-jmdict-entry,,まぬがれる,免れる,まぬがれる,N1,まぬかれる|まぬがれる|免れる,yes
まぶた,まぶた,N2,"{""N2"": 2}","{""community-independent"": ""N2"", ""waller-derived"": ""N2""}",waller|wordmaster,community-independent|waller-derived,2,kana/loanword,eyelids,same-reading-different-writing|same-jmdict-entry,瞼,,瞼,まぶた,N2,まぶた|目蓋|眼蓋|瞼,yes
目蓋,まぶた,N1,"{""N1"": 1}","{""waller-derived"": ""N1""}",openjlpt|waller,waller-derived,1,lexical,eyelid,same-reading-different-writing|same-jmdict-entry,瞼,,瞼,まぶた,N2,まぶた|目蓋|眼蓋|瞼,yes
間も無く,まもなく,N2,"{""N2"": 2}","{""community-independent"": ""N2"", ""waller-derived"": ""N2""}",openjlpt|waller|wordmaster,community-independent|waller-derived,2,lexical,soon; before long; in a short time,same-reading-different-writing|same-jmdict-entry,まもなく|間もなく,,まもなく|間もなく,まもなく,N2,まもなく|間もなく|間も無く,yes
円,まる,N3,"{""N3"": 1}","{""waller-derived"": ""N3""}",waller,waller-derived,1,lexical,"circle,money",same-reading-different-writing|same-writing-different-reading|same-jmdict-entry,丸,えん,丸,まる,N2,まる|マル|丸|円,yes
丸い/円い,まるい,N5,"{""N5"": 1}","{""waller-derived"": ""N5""}",openjlpt,waller-derived,1,lexical,round; circular,same-reading-different-writing,丸い,,,,,,no
丸い; 円い,まるい,N5,"{""N5"": 1}","{""community-independent"": ""N5""}",wordmaster,community-independent,1,lexical,"round, circular",same-reading-different-writing,丸い,,,,,,no
円い,まるい,N5,"{""N5"": 1}","{""waller-derived"": ""N5""}",openjlpt|waller,waller-derived,1,lexical,round; circular; spherical,same-reading-different-writing|same-jmdict-entry,丸い,,丸い,まるい,N5,まるい|まろい|丸い|円い,yes
まるっきり,まるっきり,N1,"{""N1"": 1}","{""community-independent"": ""N1""}",wordmaster,community-independent,1,kana/loanword,"completely, perfectly, just as if",fully-absent,,,,,,,yes
丸っきり,まるっきり,N1,"{""N1"": 1}","{""waller-derived"": ""N1""}",openjlpt|waller,waller-derived,1,lexical,completely; perfectly; just as if,fully-absent,,,,,,,yes
丸で,まるで,N1,"{""N1"": 1}","{""waller-derived"": ""N1""}",openjlpt|waller,waller-derived,1,lexical,quite; entirely; completely,same-reading-different-writing|same-jmdict-entry,まるで,,まるで,まるで,N3,まるで|丸で,yes
回る、回す,まわる、まわす,N4,"{""N4"": 1}","{""community-independent"": ""N4""}",wordmaster,community-independent,1,lexical,转动，旋转,fully-absent,,,,,,,no
真中,まんなか,N4,"{""N4"": 2}","{""community-independent"": ""N4"", ""waller-derived"": ""N4""}",openjlpt|wordmaster,community-independent|waller-derived,2,lexical,middle,same-reading-different-writing,真ん中,,,,,,no
真ん前,まんまえ,N1,"{""N1"": 2}","{""community-independent"": ""N1"", ""waller-derived"": ""N1""}",openjlpt|waller|wordmaster,community-independent|waller-derived,2,lexical,right in front; under the nose,fully-absent,,,,,,,yes
真ん円い,まんまるい,N1,"{""N1"": 1}","{""community-independent"": ""N1""}",wordmaster,community-independent,1,lexical,perfectly round,same-reading-different-writing|same-jmdict-entry,真ん丸い,,真ん丸い,まんまるい,N1,まんまるい|まん丸い|まん円い|真ん丸い|真ん円い,yes
三,み,N1,"{""N1"": 1}","{""waller-derived"": ""N1""}",openjlpt|waller,waller-derived,1,lexical,(num) three,same-reading-different-writing|same-writing-different-reading|same-jmdict-entry,味|実|巳|未|身,さん,さん|三,さん,N1|N5,さん|み|三|参|參|弎|３,yes
未～,み～,N2,"{""N2"": 1}","{""community-independent"": ""N2""}",wordmaster,community-independent,1,lexical,not yet ~,fully-absent,,,,,,,no
三日月,みかずき,N1,"{""N1"": 1}","{""waller-derived"": ""N1""}",openjlpt,waller-derived,1,lexical,new moon; crescent moon,same-writing-different-reading|same-jmdict-entry,,みかづき,三日月,みかづき,N1,みかずき|みかづき|三日月,yes
みじめ,みじめ,N2,"{""N2"": 2}","{""community-independent"": ""N2"", ""waller-derived"": ""N2""}",waller|wordmaster,community-independent|waller-derived,2,kana/loanword,"(arch) sad,pitiful,wretched",same-reading-different-writing|same-jmdict-entry,惨め,,惨め,みじめ,N1,みじめ|惨め,yes
微塵,みじん,N1,"{""N1"": 2}","{""community-independent"": ""N1"", ""waller-derived"": ""N1""}",openjlpt|waller|wordmaster,community-independent|waller-derived,2,lexical,particle; atom,fully-absent,,,,,,,yes
見せ物,みせもの,N1,"{""N1"": 2}","{""community-independent"": ""N1"", ""waller-derived"": ""N1""}",openjlpt|waller|wordmaster,community-independent|waller-derived,2,lexical,show; exhibition,same-reading-different-writing|same-jmdict-entry,見世物,,見世物,みせもの,N1,みせもの|見せ物|見世物,yes
店屋,みせや,N2,"{""N2"": 2}","{""community-independent"": ""N2"", ""waller-derived"": ""N2""}",openjlpt|waller|wordmaster,community-independent|waller-derived,2,lexical,store; shop,fully-absent,,,,,,,yes
御手洗,みたらし,N2,"{""N2"": 1}","{""waller-derived"": ""N2""}",waller,waller-derived,1,lexical,font of purifying water placed at entrance of shrine,fully-absent,,,,,,,yes
見っともない,みっともない,N1,"{""N1"": 1}","{""waller-derived"": ""N1""}",openjlpt|waller,waller-derived,1,lexical,shameful; indecent,same-reading-different-writing|same-jmdict-entry,みっともない,,みっともない,みっともない,N1,みっともない|見っともない|見っとも無い,yes
見付かる,みつかる,N2,"{""N2"": 1}","{""waller-derived"": ""N2""}",openjlpt|waller,waller-derived,1,lexical,to be found; to be discovered,same-reading-different-writing|same-jmdict-entry,見つかる,,見つかる,みつかる,N4,みつかる|見つかる|見付かる|見付る,yes
見詰める,みつめる,N2,"{""N2"": 1}","{""community-independent"": ""N2""}",wordmaster,community-independent,1,lexical,"to stare at, to gaze at",same-reading-different-writing|same-jmdict-entry,見つめる,,見つめる,みつめる,N3,みつめる|凝視める|瞶める|見つめる|見凝める|見詰める,yes
見積り,みつもり,N1,"{""N1"": 1}","{""waller-derived"": ""N1""}",openjlpt|waller,waller-derived,1,lexical,estimation; quotation,same-reading-different-writing|same-jmdict-entry,見積もり,,見積もり,みつもり,N2,みつもり|見積|見積もり|見積り,yes
見舞,みまい,N1,"{""N1"": 1}","{""waller-derived"": ""N1""}",openjlpt|waller,waller-derived,1,lexical,enquiry; expression of sympathy; expression of concern,same-reading-different-writing|same-jmdict-entry,見舞い,,見舞い,みまい,N4,みまい|見舞|見舞い,yes
ミリ (メートル),ミリ (メートル),N2,"{""N2"": 1}","{""community-independent"": ""N2""}",wordmaster,community-independent,1,lexical,milli-,fully-absent,,,,,,,no
見る 観る,みる,N5,"{""N5"": 1}","{""waller-derived"": ""N5""}",openjlpt,waller-derived,1,lexical,to see; to watch,same-reading-different-writing,見る|診る,,,,,,no
観る,みる,N5,"{""N5"": 1}","{""waller-derived"": ""N5""}",waller,waller-derived,1,lexical,"to see, to watch",same-reading-different-writing|same-jmdict-entry,見る|診る,,見る,みる,N5,みる|見る|視る|覧る|観る,yes
民主～,みんしゅ～,N2,"{""N2"": 1}","{""community-independent"": ""N2""}",wordmaster,community-independent,1,lexical,democratic,fully-absent,,,,,,,no
民俗,みんぞく,N1,"{""N1"": 2}","{""community-independent"": ""N1"", ""waller-derived"": ""N1""}",openjlpt|waller|wordmaster,community-independent|waller-derived,2,lexical,people; race; nation,same-reading-different-writing,民族,,,,,,yes
六,む,N1,"{""N1"": 1}","{""waller-derived"": ""N1""}",openjlpt|waller,waller-derived,1,lexical,(num) six,same-reading-different-writing|same-writing-different-reading|same-jmdict-entry,無,ろく,ろく|六,ろく,N1|N5,む|むう|ろく|六|陸|６,yes
向う,むかう,N2,"{""N2"": 1}","{""waller-derived"": ""N2""}",openjlpt|waller,waller-derived,1,lexical,(v5u) to face; to go towards,same-reading-different-writing|same-jmdict-entry,向かう,,向かう,むかう,N3,むかう|向う|向かう|対う,yes
向け,むけ,N1,"{""N1"": 1}","{""waller-derived"": ""N1""}",openjlpt|waller,waller-derived,1,lexical,for ~; oriented towards ~,fully-absent,,,,,,,yes
婿,むこ,N1,"{""N1"": 2}","{""community-independent"": ""N1"", ""waller-derived"": ""N1""}",openjlpt|waller|wordmaster,community-independent|waller-derived,2,lexical,son-in-law,fully-absent,,,,,,,yes
むしる,むしる,N1,"{""N1"": 1}","{""community-independent"": ""N1""}",wordmaster,community-independent,1,kana/loanword,"to pluck, to pick, to tear",same-reading-different-writing|same-jmdict-entry,毟る,,毟る,むしる,N1,むしる|挘る|毟る,yes
無闇に,むやみに,N1,"{""N1"": 2}","{""community-independent"": ""N1"", ""waller-derived"": ""N1""}",openjlpt|waller|wordmaster,community-independent|waller-derived,2,lexical,unreasonably; absurdly; recklessly,fully-absent,,,,,,,yes
名～,めい～,N2,"{""N2"": 1}","{""community-independent"": ""N2""}",wordmaster,community-independent,1,lexical,famous ~,fully-absent,,,,,,,no
命ずる,めいずる,N2,"{""N2"": 2}","{""community-independent"": ""N2"", ""waller-derived"": ""N2""}",openjlpt|waller|wordmaster,community-independent|waller-derived,2,lexical,to command; to appoint,fully-absent,,,,,,,yes
目覚し,めざまし,N2,"{""N2"": 2}","{""community-independent"": ""N2"", ""waller-derived"": ""N2""}",openjlpt|waller|wordmaster,community-independent|waller-derived,2,lexical,(abbr) alarm-clock,same-reading-different-writing|same-jmdict-entry,目覚まし,,目覚まし,めざまし,N3,めざまし|目ざまし|目覚し|目覚まし,yes
目覚しい,めざましい,N1,"{""N1"": 2}","{""community-independent"": ""N1"", ""waller-derived"": ""N1""}",openjlpt|waller|wordmaster,community-independent|waller-derived,2,lexical,brilliant; splendid; striking,same-reading-different-writing|same-jmdict-entry,目覚ましい,,目覚ましい,めざましい,N1,めざましい|目ざましい|目覚しい|目覚ましい|目醒しい,yes
目付き,めつき,N1,"{""N1"": 2}","{""community-independent"": ""N1"", ""waller-derived"": ""N1""}",openjlpt|waller|wordmaster,community-independent|waller-derived,2,lexical,look; expression of the eyes; eyes,same-reading-different-writing|same-jmdict-entry,目つき,,目つき,めつき,N1,めつき|目つき|目付き|眼つき|眼付|眼付き,yes
愛でたい,めでたい,N1,"{""N1"": 1}","{""waller-derived"": ""N1""}",openjlpt|waller,waller-derived,1,lexical,auspicious,same-reading-different-writing|same-jmdict-entry,めでたい|目出度い,,めでたい|目出度い,めでたい,N2|N3,めでたい|愛でたい|目出度い|芽出度い,yes
目途,めど,N1,"{""N1"": 1}","{""community-independent"": ""N1""}",wordmaster,community-independent,1,lexical,"goal, outlook",same-reading-different-writing|same-jmdict-entry,めど|目処,,めど|目処,めど,N1|N2,めど|もくと|メド|目処|目途,yes
めまい,めまい,N2,"{""N2"": 2}","{""community-independent"": ""N2"", ""waller-derived"": ""N2""}",waller|wordmaster,community-independent|waller-derived,2,kana/loanword,"dizziness,giddiness",same-reading-different-writing|same-jmdict-entry,眩暈,,眩暈,めまい,N2,めまい|目まい|目眩|目眩い|眩冒|眩暈,yes
目眩,めまい,N1,"{""N1"": 1}","{""waller-derived"": ""N1""}",openjlpt|waller,waller-derived,1,lexical,dizziness; giddiness,same-reading-different-writing|same-jmdict-entry,眩暈,,眩暈,めまい,N2,めまい|目まい|目眩|目眩い|眩冒|眩暈,yes
目盛,めもり,N1,"{""N1"": 2}","{""community-independent"": ""N1"", ""waller-derived"": ""N1""}",openjlpt|waller|wordmaster,community-independent|waller-derived,2,lexical,scale; gradations,same-reading-different-writing|same-jmdict-entry,目盛り,,目盛り,めもり,N1,めもり|目盛|目盛り,yes
面目,めんぼく,N1,"{""N1"": 2}","{""community-independent"": ""N1"", ""waller-derived"": ""N1""}",openjlpt|waller|wordmaster,community-independent|waller-derived,2,lexical,face; honour; reputation,fully-absent,,,,,,,yes
申込,もうしこみ,N1,"{""N1"": 1}","{""community-independent"": ""N1""}",wordmaster,community-independent,1,lexical,"application, request, proposal",same-reading-different-writing|same-jmdict-entry,申し込み,,申し込み,もうしこみ,N3,もうしこみ|申し込み|申込|申込み,yes
申出,もうしで,N1,"{""N1"": 2}","{""community-independent"": ""N1"", ""waller-derived"": ""N1""}",openjlpt|waller|wordmaster,community-independent|waller-derived,2,lexical,proposal; request; claim,same-reading-different-writing|same-jmdict-entry,申し出,,申し出,もうしで,N1,もうしで|申し出|申出,yes
藻掻く,もがく,N1,"{""N1"": 1}","{""waller-derived"": ""N1""}",openjlpt|waller,waller-derived,1,lexical,to struggle; to wriggle; to be impatient,same-reading-different-writing|same-jmdict-entry,もがく,,もがく,もがく,N1,もがく|藻掻く|藻搔く|踠く,yes
木曜,もくよう,N3,"{""N3"": 1}","{""waller-derived"": ""N3""}",openjlpt|waller,waller-derived,1,lexical,Thursday,fully-absent,,,,,,,yes
若し,もし,N1,"{""N1"": 1}","{""waller-derived"": ""N1""}",openjlpt|waller,waller-derived,1,lexical,if; in case; supposing,same-reading-different-writing|same-jmdict-entry,もし,,もし,もし,N4,もし|若し,yes
齎らす,もたらす,N1,"{""N1"": 1}","{""waller-derived"": ""N1""}",openjlpt|waller,waller-derived,1,lexical,to bring; to take; to bring about,same-reading-different-writing|same-jmdict-entry,もたらす,,もたらす,もたらす,N2,もたらす|もらたす|持たらす|齎す|齎らす,yes
物体ない,もったいない,N1,"{""N1"": 1}","{""waller-derived"": ""N1""}",openjlpt|waller,waller-derived,1,lexical,too good; more than one deserves; wasteful,same-reading-different-writing|same-jmdict-entry,もったいない|勿体ない|勿体無い,,もったいない|勿体ない|勿体無い,もったいない,N1|N2|N3,もったいない|勿体ない|勿体無い|物体ない|物体無い,yes
基,もと,N3,"{""N3"": 2}","{""community-independent"": ""N3"", ""waller-derived"": ""N3""}",openjlpt|waller|wordmaster,community-independent|waller-derived,2,lexical,basis,same-reading-different-writing|same-writing-different-reading|same-jmdict-entry,下|元,もとい,元,もと,N2,もと|元|因|基|本|素,yes
素,もと,N3,"{""N3"": 2}","{""community-independent"": ""N3"", ""waller-derived"": ""N3""}",openjlpt|waller|wordmaster,community-independent|waller-derived,2,lexical,prime,same-reading-different-writing|same-jmdict-entry,下|元,,元,もと,N2,もと|元|因|基|本|素,yes
物置き,ものおき,N1,"{""N1"": 1}","{""waller-derived"": ""N1""}",openjlpt|waller,waller-derived,1,lexical,storeroom,same-reading-different-writing|same-jmdict-entry,物置,,物置,ものおき,N1,ものおき|物置|物置き,yes
股,もも,N1,"{""N1"": 1}","{""community-independent"": ""N1""}",wordmaster,community-independent,1,lexical,"thigh, femur",same-reading-different-writing|same-writing-different-reading|same-jmdict-entry,もも|桃,また,もも,もも,N1,もも|股|腿,yes
腿,もも,N1,"{""N1"": 2}","{""community-independent"": ""N1"", ""waller-derived"": ""N1""}",openjlpt|waller|wordmaster,community-independent|waller-derived,2,lexical,thigh; femur,same-reading-different-writing|same-jmdict-entry,もも|桃,,もも,もも,N1,もも|股|腿,yes
諸に,もろに,N1,"{""N1"": 1}","{""waller-derived"": ""N1""}",waller,waller-derived,1,lexical,"completely, all the way",same-reading-different-writing|same-jmdict-entry,もろに,,もろに,もろに,N1,もろに|モロに|諸に,yes
問,もん,N1,"{""N1"": 1}","{""waller-derived"": ""N1""}",openjlpt|waller,waller-derived,1,lexical,problem; question,same-reading-different-writing,紋|門,,,,,,yes
文字,もんじ,N3,"{""N3"": 1}","{""waller-derived"": ""N3""}",waller,waller-derived,1,lexical,"letter (of alphabet),character",same-writing-different-reading|same-jmdict-entry,,もじ,文字,もじ,N3,もじ|もんじ|文字,yes
哉,や,N1,"{""N1"": 1}","{""waller-derived"": ""N1""}",openjlpt,waller-derived,1,lexical,question mark,same-reading-different-writing,や|矢,,,,,,no
やかん,やかん,N2,"{""N2"": 1}","{""community-independent"": ""N2""}",wordmaster,community-independent,1,kana/loanword,kettle,same-reading-different-writing|same-jmdict-entry,夜間|薬缶,,夜間|薬缶,やかん,N2,やかん|夜間|薬缶|薬罐|薬鑵,yes
軈て,やがて,N1,"{""N1"": 1}","{""waller-derived"": ""N1""}",openjlpt|waller,waller-derived,1,lexical,before long; soon; at length,same-reading-different-writing|same-jmdict-entry,やがて,,やがて,やがて,N2,やがて|漸て|軈て|頓て,yes
夜行,やぎょう,N1,"{""N1"": 1}","{""waller-derived"": ""N1""}",openjlpt|waller,waller-derived,1,lexical,walking around at night; night train; night travel,fully-absent,,,,,,,yes
夜行,やこう,N2,"{""N2"": 2}","{""community-independent"": ""N2"", ""waller-derived"": ""N2""}",openjlpt|waller|wordmaster,community-independent|waller-derived,2,lexical,walking around at night; night train; night travel,fully-absent,,,,,,,yes
優,やさ,N1,"{""N1"": 1}","{""waller-derived"": ""N1""}",openjlpt|waller,waller-derived,1,lexical,gentle; affectionate,fully-absent,,,,,,,yes
矢鱈,やたら,N1,"{""N1"": 1}","{""waller-derived"": ""N1""}",waller,waller-derived,1,lexical,"randomly, recklessly, blindly",same-reading-different-writing|same-jmdict-entry,やたら,,やたら,やたら,N1,やたら|矢鱈,yes
やたらに,やたらに,N2,"{""N2"": 1}","{""community-independent"": ""N2""}",wordmaster,community-independent,1,kana/loanword,"randomly, recklessly, blindly",fully-absent,,,,,,,no
矢鱈に,やたらに,N1,"{""N1"": 1}","{""waller-derived"": ""N1""}",openjlpt,waller-derived,1,lexical,randomly; recklessly; blindly,fully-absent,,,,,,,no
やっ付ける,やっつける,N1,"{""N1"": 1}","{""waller-derived"": ""N1""}",openjlpt|waller,waller-derived,1,lexical,to beat,same-reading-different-writing|same-jmdict-entry,やっつける|遣っ付ける,,やっつける|遣っ付ける,やっつける,N1|N2,やっつける|やっ付ける|遣っつける|遣っ付ける,yes
矢っ張り,やっぱり,N1,"{""N1"": 1}","{""waller-derived"": ""N1""}",openjlpt|waller,waller-derived,1,lexical,also; as I thought; still,same-reading-different-writing|same-jmdict-entry,やっぱり,,やっぱり,やっぱり,N4,やっぱり|矢っ張り,yes
家主,やぬし,N2,"{""N2"": 2}","{""community-independent"": ""N2"", ""waller-derived"": ""N2""}",openjlpt|waller|wordmaster,community-independent|waller-derived,2,lexical,landlord,fully-absent,,,,,,,yes
やはり; やっぱり,やはり; やっぱり,N4,"{""N4"": 1}","{""community-independent"": ""N4""}",wordmaster,community-independent,1,lexical,"as I thought, absolutely",fully-absent,,,,,,,no
やむをえない,やむをえない,N2,"{""N2"": 2}","{""community-independent"": ""N2"", ""waller-derived"": ""N2""}",waller|wordmaster,community-independent|waller-derived,2,kana/loanword,"cannot be helped,unavoidable",same-reading-different-writing|same-jmdict-entry,やむを得ない,,やむを得ない,やむをえない,N2,やむをえない|やむを得ない|已むを得ない|止むをえない|止むを得ない,yes
止むを得ない,やむをえない,N1,"{""N1"": 1}","{""waller-derived"": ""N1""}",openjlpt|waller,waller-derived,1,lexical,cannot be helped; unavoidable,same-reading-different-writing|same-jmdict-entry,やむを得ない,,やむを得ない,やむをえない,N2,やむをえない|やむを得ない|已むを得ない|止むをえない|止むを得ない,yes
稍,やや,N1,"{""N1"": 1}","{""waller-derived"": ""N1""}",openjlpt|waller,waller-derived,1,lexical,a little; partially; somewhat,same-reading-different-writing|same-jmdict-entry,やや,,やや,やや,N2,やや|漸|稍,yes
やりとおす,やりとおす,N1,"{""N1"": 1}","{""community-independent"": ""N1""}",wordmaster,community-independent,1,kana/loanword,"to carry through, to achieve, to complete",same-reading-different-writing|same-jmdict-entry,やり通す|遣り通す,,やり通す|遣り通す,やりとおす,N1,やりとおす|やり通す|遣り通す,yes
やりとげる,やりとげる,N1,"{""N1"": 1}","{""community-independent"": ""N1""}",wordmaster,community-independent,1,kana/loanword,to accomplish,same-reading-different-writing|same-jmdict-entry,やり遂げる,,やり遂げる,やりとげる,N1,やりとげる|やり遂げる|遣り遂げる,yes
遣る,やる,N5,"{""N5"": 1}","{""waller-derived"": ""N5""}",openjlpt|waller,waller-derived,1,lexical,to do; to have sexual intercourse; to kill,same-reading-different-writing|same-jmdict-entry,やる,,やる,やる,N5,やる|ヤる|行る|遣る,yes
軟らかい,やわらかい,N2,"{""N2"": 2}","{""community-independent"": ""N2"", ""waller-derived"": ""N2""}",openjlpt|waller|wordmaster,community-independent|waller-derived,2,lexical,soft; tender; limp,same-reading-different-writing|same-jmdict-entry,柔らかい,,柔らかい,やわらかい,N3,やわらかい|柔かい|柔らかい|軟らかい,yes
優,ゆう,N3,"{""N3"": 1}","{""community-independent"": ""N3""}",wordmaster,community-independent,1,lexical,优秀/优,same-reading-different-writing,夕|有|結う,,,,,,no
言う,ゆう,N3,"{""N3"": 1}","{""waller-derived"": ""N3""}",openjlpt|waller,waller-derived,1,lexical,to say,same-reading-different-writing|same-writing-different-reading|same-jmdict-entry,夕|有|結う,いう,言う,いう,N5,いう|ゆう|云う|言う|謂う,yes
有機,ゆうき,N3,"{""N1"": 1, ""N3"": 1}","{""community-independent"": ""N3"", ""waller-derived"": ""N1""}",openjlpt|waller|wordmaster,community-independent|waller-derived,2,lexical,organic,same-reading-different-writing,勇気,,,,,,yes
昨夜,ゆうべ,N5,"{""N5"": 2}","{""community-independent"": ""N5"", ""waller-derived"": ""N5""}",openjlpt|waller|wordmaster,community-independent|waller-derived,2,lexical,last night,same-reading-different-writing|same-jmdict-entry,ゆうべ|夕べ,,ゆうべ,ゆうべ,N5,ゆうべ|ゆんべ|よべ|昨夕|昨夜,yes
故,ゆえ,N1,"{""N1"": 1}","{""community-independent"": ""N1""}",wordmaster,community-independent,1,lexical,"reason, cause, circumstances",fully-absent,,,,,,,no
行く,ゆく,N5,"{""N5"": 1}","{""waller-derived"": ""N5""}",waller,waller-derived,1,lexical,to go,same-writing-different-reading|same-jmdict-entry,,いく,行く,いく,N5,いく|ゆく|イク|往く|行く,yes
輸出,ゆしゅつする,N4,"{""N4"": 2}","{""community-independent"": ""N4"", ""waller-derived"": ""N4""}",openjlpt|wordmaster,community-independent|waller-derived,2,lexical,to export,same-writing-different-reading,,ゆしゅつ,,,,,no
ゆっくりと,ゆっくりと,N5,"{""N5"": 1}","{""community-independent"": ""N5""}",wordmaster,community-independent,1,kana/loanword,"slowly, at ease",fully-absent,,,,,,,no
輸入,ゆにゅうする,N4,"{""N4"": 1}","{""waller-derived"": ""N4""}",openjlpt,waller-derived,1,lexical,to import,same-writing-different-reading,,ゆにゅう,,,,,no
弓,ゆみ,N1,"{""N1"": 2}","{""community-independent"": ""N1"", ""waller-derived"": ""N1""}",openjlpt|waller|wordmaster,community-independent|waller-derived,2,lexical,bow (and arrow),fully-absent,,,,,,,yes
夜,よ,N3,"{""N3"": 2}","{""community-independent"": ""N3"", ""waller-derived"": ""N3""}",openjlpt|waller|wordmaster,community-independent|waller-derived,2,lexical,evening; night,same-reading-different-writing|same-writing-different-reading|same-jmdict-entry,世,よる,よる|夜,よる,N5,よ|よる|夜,yes
好い,よい,N1,"{""N1"": 1}","{""waller-derived"": ""N1""}",openjlpt|waller,waller-derived,1,lexical,good,same-reading-different-writing|same-jmdict-entry,宵|良い|酔い,,良い,よい,N5,えい|よい|佳い|吉い|善い|好い|宜い|良い,yes
幼稚,ようち,N2,"{""N2"": 2}","{""community-independent"": ""N2"", ""waller-derived"": ""N2""}",openjlpt|waller|wordmaster,community-independent|waller-derived,2,lexical,infancy; childish; infantile,fully-absent,,,,,,,yes
洋品店,ようひんてん,N2,"{""N2"": 2}","{""community-independent"": ""N2"", ""waller-derived"": ""N2""}",openjlpt|waller|wordmaster,community-independent|waller-derived,2,lexical,shop which handles Western-style apparel and accessories,fully-absent,,,,,,,yes
羊毛,ようもう,N2,"{""N2"": 2}","{""community-independent"": ""N2"", ""waller-derived"": ""N2""}",openjlpt|waller|wordmaster,community-independent|waller-derived,2,lexical,wool,fully-absent,,,,,,,yes
漸く,ようやく,N2,"{""N2"": 2}","{""community-independent"": ""N2"", ""waller-derived"": ""N2""}",openjlpt|waller|wordmaster,community-independent|waller-derived,2,lexical,gradually; finally; hardly,same-reading-different-writing|same-jmdict-entry,ようやく|要約,,ようやく,ようやく,N3,ようやく|漸く,yes
翌～,よく～,N2,"{""N2"": 1}","{""community-independent"": ""N2""}",wordmaster,community-independent,1,lexical,next ~,fully-absent,,,,,,,no
欲深い,よくふかい,N1,"{""N1"": 2}","{""community-independent"": ""N1"", ""waller-derived"": ""N1""}",openjlpt|waller|wordmaster,community-independent|waller-derived,2,lexical,greedy,same-writing-different-reading|same-jmdict-entry,,よくぶかい,欲深い,よくぶかい,N1,よくふかい|よくぶかい|欲深い,yes
避ける,よける,N1,"{""N1"": 1}","{""community-independent"": ""N1""}",wordmaster,community-independent,1,lexical,"to avoid (physical contact with; to ward off, to avert",same-writing-different-reading|same-jmdict-entry,,さける,避ける,さける,N2,さける|よける|避ける|除ける,yes
寄こす,よこす,N1,"{""N1"": 1}","{""waller-derived"": ""N1""}",openjlpt,waller-derived,1,lexical,to send; to forward,same-reading-different-writing|same-jmdict-entry,よこす|寄越す,,よこす|寄越す,よこす,N1|N2,よこす|寄こす|寄越す|遣す,yes
よし (かん),よし (かん),N1,"{""N1"": 1}","{""community-independent"": ""N1""}",wordmaster,community-independent,1,lexical,all right!,fully-absent,,,,,,,no
良し,よし,N1,"{""N1"": 1}","{""community-independent"": ""N1""}",wordmaster,community-independent,1,lexical,all right!,same-reading-different-writing,よし|由,,,,,,no
葦,よし,N1,"{""N1"": 1}","{""waller-derived"": ""N1""}",openjlpt|waller,waller-derived,1,lexical,reed; bulrush,same-reading-different-writing|same-writing-different-reading|same-jmdict-entry,よし|由,あし,よし|葦,あし|よし,N1,あし|よし|アシ|ヨシ|芦|葦|葭|蘆,yes
善し悪し,よしあし,N1,"{""N1"": 2}","{""community-independent"": ""N1"", ""waller-derived"": ""N1""}",openjlpt|waller|wordmaster,community-independent|waller-derived,2,lexical,good or bad; merits or demerits; quality,same-reading-different-writing|same-jmdict-entry,善し悪[あ]し|良し悪し,,良し悪し,よしあし,N1,よしあし|よしわるし|よし悪し|善しあし|善し悪し|良しあし|良し悪し,yes
よって (よりどころ),よって (よりどころ),N1,"{""N1"": 1}","{""community-independent"": ""N1""}",wordmaster,community-independent,1,lexical,"therefore, consequently",fully-absent,,,,,,,no
依って,よって,N1,"{""N1"": 1}","{""waller-derived"": ""N1""}",openjlpt|waller,waller-derived,1,lexical,therefore; consequently; accordingly,same-reading-different-writing|same-jmdict-entry,よって,,よって,よって,N1,よって|仍って|仍て|依って|依て|因って,yes
酔っ払い,よっぱらい,N2,"{""N2"": 2}","{""community-independent"": ""N2"", ""waller-derived"": ""N2""}",openjlpt|waller|wordmaster,community-independent|waller-derived,2,lexical,drunkard,fully-absent,,,,,,,yes
余っ程,よっぽど,N1,"{""N1"": 1}","{""waller-derived"": ""N1""}",waller,waller-derived,1,lexical,"very, greatly, much, to a large extent, quite",fully-absent,,,,,,,yes
余程,よっぽど,N1,"{""N1"": 1}","{""waller-derived"": ""N1""}",openjlpt,waller-derived,1,lexical,very; greatly; much,same-writing-different-reading,,よほど,,,,,no
夜更し,よふかし,N1,"{""N1"": 1}","{""community-independent"": ""N1""}",wordmaster,community-independent,1,lexical,"staying up late, keeping late hours",same-reading-different-writing|same-jmdict-entry,夜更かし,,夜更かし,よふかし,N1,よふかし|夜ふかし|夜更かし|夜更し,yes
因る,よる,N3,"{""N3"": 2}","{""community-independent"": ""N3"", ""waller-derived"": ""N3""}",openjlpt|waller|wordmaster,community-independent|waller-derived,2,lexical,to come from,same-reading-different-writing|same-jmdict-entry,よる|夜|寄る,,よる,よる,N5,よる|依る|因る|拠る|由る,yes
慶び,よろこび,N2,"{""N2"": 1}","{""waller-derived"": ""N2""}",openjlpt|waller,waller-derived,1,lexical,(n) (a) joy; (a) delight; rapture,same-reading-different-writing|same-jmdict-entry,喜び,,喜び,よろこび,N2,よろこび|喜び|悦び|慶び|歓び,yes
慶ぶ,よろこぶ,N2,"{""N2"": 2}","{""community-independent"": ""N2"", ""waller-derived"": ""N2""}",waller|wordmaster,community-independent|waller-derived,2,lexical,"to be delighted, to be glad",same-reading-different-writing|same-jmdict-entry,喜ぶ,,喜ぶ,よろこぶ,N4,よろこぶ|喜ぶ|悦ぶ|慶ぶ|欣ぶ|歓ぶ,yes
よろしく (かん),よろしく (かん),N3,"{""N3"": 1}","{""community-independent"": ""N3""}",wordmaster,community-independent,1,lexical,"best regards, please remember me",fully-absent,,,,,,,no
宜しく,よろしく,N3,"{""N3"": 1}","{""waller-derived"": ""N3""}",openjlpt|waller,waller-derived,1,lexical,well; properly; suitably,same-reading-different-writing|same-jmdict-entry,よろしく,,よろしく,よろしく,N5,よろしく|宜しく|宜敷く|宣しく,yes
来,らい,N3,"{""N3"": 1}","{""waller-derived"": ""N3""}",openjlpt|waller,waller-derived,1,lexical,for (10 days); next (year),fully-absent,,,,,,,yes
来,らい～,N3,"{""N3"": 1}","{""community-independent"": ""N3""}",wordmaster,community-independent,1,lexical,next ~,fully-absent,,,,,,,no
ラジオカセ,ラジオカセ,N5,"{""N5"": 1}","{""community-independent"": ""N5""}",wordmaster,community-independent,1,kana/loanword,radio cassette player,fully-absent,,,,,,,no
濫用,らんよう,N1,"{""N1"": 2}","{""community-independent"": ""N1"", ""waller-derived"": ""N1""}",openjlpt|waller|wordmaster,community-independent|waller-derived,2,lexical,abuse; misuse; misappropriation,same-reading-different-writing|same-jmdict-entry,乱用,,乱用,らんよう,N1,らんよう|らん用|乱用|濫用,yes
りっぱ,りっぱ,N5,"{""N5"": 1}","{""community-independent"": ""N5""}",wordmaster,community-independent,1,kana/loanword,出色，优秀,same-reading-different-writing|same-jmdict-entry,立派,,立派,りっぱ,N4,りっぱ|立派,yes
立方,りっぽう,N1,"{""N1"": 1}","{""community-independent"": ""N1""}",wordmaster,community-independent,1,lexical,cube,same-reading-different-writing|same-writing-different-reading,立法,たちかた,,,,,no
リポート,リポート,N4,"{""N2"": 1, ""N4"": 1}","{""community-independent"": ""N2"", ""waller-derived"": ""N4""}",waller|wordmaster,community-independent|waller-derived,2,kana/loanword,report,same-jmdict-entry,,,レポート,レポート,N3,リポート|レポート,yes
流,りゅう,N1,"{""N1"": 1}","{""waller-derived"": ""N1""}",openjlpt|waller,waller-derived,1,lexical,styleof; method of; manner of,same-reading-different-writing,劉|竜,,,,,,yes
了,りょう,N1,"{""N1"": 1}","{""waller-derived"": ""N1""}",openjlpt|waller,waller-derived,1,lexical,finish; completion; understanding,same-reading-different-writing,両|寮|量,,,,,,yes
料,りょう,N1,"{""N1"": 1}","{""waller-derived"": ""N1""}",openjlpt|waller,waller-derived,1,lexical,material; charge; rate,same-reading-different-writing,両|寮|量,,,,,,yes
両～,りょう～,N2,"{""N2"": 1}","{""community-independent"": ""N2""}",wordmaster,community-independent,1,lexical,both ~,fully-absent,,,,,,,no
レクリェーション,レクリェーション,N2,"{""N2"": 2}","{""community-independent"": ""N2"", ""waller-derived"": ""N2""}",waller|wordmaster,community-independent|waller-derived,2,kana/loanword,recreation,same-jmdict-entry,,,レクリエーション,レクリエーション,N2,リクリェーション|リクリエーション|レクリェーション|レクリエーション|レクレーション,yes
レポート; リポート,レポート; リポート,N4,"{""N4"": 1}","{""community-independent"": ""N4""}",wordmaster,community-independent,1,lexical,report,fully-absent,,,,,,,no
練習,れんしゅう (する),N5,"{""N5"": 1}","{""community-independent"": ""N5""}",wordmaster,community-independent,1,lexical,练习,same-writing-different-reading,,れんしゅう,,,,,no
練習,れんしゅうする,N5,"{""N5"": 1}","{""waller-derived"": ""N5""}",openjlpt,waller-derived,1,lexical,to practice,same-writing-different-reading,,れんしゅう,,,,,no
連中,れんじゅう,N1,"{""N1"": 1}","{""waller-derived"": ""N1""}",openjlpt|waller,waller-derived,1,lexical,colleagues; company; a lot,same-writing-different-reading|same-jmdict-entry,,れんちゅう,連中,れんちゅう,N1,れんじゅう|れんちゅう|れんぢゅう|連中,yes
ろくな,ろくな,N1,"{""N1"": 1}","{""community-independent"": ""N1""}",wordmaster,community-independent,1,kana/loanword,"satisfactory, decent",fully-absent,,,,,,,yes
碌な,ろくな,N1,"{""N1"": 1}","{""waller-derived"": ""N1""}",openjlpt|waller,waller-derived,1,lexical,satisfactory; decent,fully-absent,,,,,,,yes
碌に,ろくに,N1,"{""N1"": 1}","{""waller-derived"": ""N1""}",openjlpt|waller,waller-derived,1,lexical,well; enough; sufficient,same-reading-different-writing|same-jmdict-entry,ろくに,,ろくに,ろくに,N1,ろくに|碌に|陸に,yes
論議,ろんぎ,N1,"{""N1"": 2}","{""community-independent"": ""N1"", ""waller-derived"": ""N1""}",openjlpt|waller|wordmaster,community-independent|waller-derived,2,lexical,discussion,fully-absent,,,,,,,yes
論ずる,ろんずる,N2,"{""N2"": 2}","{""community-independent"": ""N2"", ""waller-derived"": ""N2""}",openjlpt|waller|wordmaster,community-independent|waller-derived,2,lexical,to argue; to discuss; to debate,fully-absent,,,,,,,yes
ロープウエイ,ロープウエイ,N1,"{""N1"": 1}","{""community-independent"": ""N1""}",wordmaster,community-independent,1,kana/loanword,"ropeway, aerial tram",same-jmdict-entry,,,ロープウェイ|ロープウエー,ロープウェイ|ロープウエー,N1,ロープウェイ|ロープウェー|ロープウエイ|ロープウエー,yes
ローマじ,ローマじ,N2,"{""N2"": 1}","{""waller-derived"": ""N2""}",waller,waller-derived,1,kana/loanword,"romanization,Roman letters",same-reading-different-writing|same-jmdict-entry,ローマ字,,ローマ字,ローマじ,N2,ローマじ|ローマ字|羅馬字,yes
和～,わ～,N2,"{""N2"": 1}","{""community-independent"": ""N2""}",wordmaster,community-independent,1,lexical,Japanese style,fully-absent,,,,,,,no
和英,わえい,N2,"{""N2"": 2}","{""community-independent"": ""N2"", ""waller-derived"": ""N2""}",openjlpt|waller|wordmaster,community-independent|waller-derived,2,lexical,Japanese-English,fully-absent,,,,,,,yes
分る,わかる,N2,"{""N2"": 1}","{""waller-derived"": ""N2""}",openjlpt|waller,waller-derived,1,lexical,to be understood,same-reading-different-writing|same-jmdict-entry,分かる,,分かる,わかる,N5,わかる|分かる|分る|判る|理解る|解る,yes
我～,わが～,N2,"{""N2"": 1}","{""community-independent"": ""N2""}",wordmaster,community-independent,1,lexical,our ~,fully-absent,,,,,,,no
我がまま,わがまま,N1,"{""N1"": 1}","{""waller-derived"": ""N1""}",openjlpt|waller,waller-derived,1,lexical,selfishness; egoism; wilfulness,same-reading-different-writing|same-jmdict-entry,わがまま|我儘,,わがまま|我儘,わがまま,N2|N3,わがまま|我がまま|我が侭|我が儘|我侭|我儘,yes
態と,わざと,N1,"{""N1"": 1}","{""waller-derived"": ""N1""}",openjlpt|waller,waller-derived,1,lexical,on purpose,same-reading-different-writing|same-jmdict-entry,わざと,,わざと,わざと,N2,わざと|態と,yes
態々,わざわざ,N1,"{""N1"": 1}","{""waller-derived"": ""N1""}",openjlpt|waller,waller-derived,1,lexical,expressly; specially; doing something especially rather than incidentally,same-reading-different-writing|same-jmdict-entry,わざわざ,,わざわざ,わざわざ,N2,わざわざ|態々|態態,yes
和文,わぶん,N1,"{""N1"": 2}","{""community-independent"": ""N1"", ""waller-derived"": ""N1""}",openjlpt|waller|wordmaster,community-independent|waller-derived,2,lexical,Japanese text; sentence in Japanese,fully-absent,,,,,,,yes
わりあいに,わりあいに,N2,"{""N2"": 1}","{""waller-derived"": ""N2""}",waller,waller-derived,1,kana/loanword,comparatively,fully-absent,,,,,,,yes
割合に,わりあいに,N2,"{""N1"": 1, ""N2"": 1}","{""community-independent"": ""N2"", ""waller-derived"": ""N1""}",openjlpt|waller|wordmaster,community-independent|waller-derived,2,lexical,comparatively,fully-absent,,,,,,,yes
割当,わりあて,N1,"{""N1"": 1}","{""community-independent"": ""N1""}",wordmaster,community-independent,1,lexical,"allotment, allocation, quota",same-reading-different-writing|same-jmdict-entry,割り当て,,割り当て,わりあて,N1,かっとう|わりあて|割り当て|割当|割当て,yes
割込む,わりこむ,N1,"{""N1"": 1}","{""community-independent"": ""N1""}",wordmaster,community-independent,1,lexical,"to cut in, to disturb",same-reading-different-writing|same-jmdict-entry,割り込む,,割り込む,わりこむ,N2,わりこむ|わり込む|割りこむ|割り込む|割込む,yes
割算,わりざん,N2,"{""N2"": 2}","{""community-independent"": ""N2"", ""waller-derived"": ""N2""}",openjlpt|waller|wordmaster,community-independent|waller-derived,2,lexical,division (math),same-reading-different-writing|same-jmdict-entry,割り算,,割り算,わりざん,N2,わりざん|わり算|割り算|割算,yes
割引き,わりびき,N1,"{""N1"": 1}","{""waller-derived"": ""N1""}",openjlpt|waller,waller-derived,1,lexical,discount; reduction; rebate,same-reading-different-writing|same-jmdict-entry,割引,,割引,わりびき,N3,わりびき|割り引|割り引き|割引|割引き,yes
いっぱい,一杯,N4,"{""N4"": 1}","{""community-independent"": ""N4""}",wordmaster,community-independent,1,kana/loanword,"full, to the utmost",same-writing-different-reading,,いっぱい,,,,,no
うそ,嘘,N4,"{""N4"": 1}","{""community-independent"": ""N4""}",wordmaster,community-independent,1,kana/loanword,谎言,same-writing-different-reading,,うそ,,,,,no
うれしい,嬉しい,N4,"{""N4"": 1}","{""community-independent"": ""N4""}",wordmaster,community-independent,1,kana/loanword,to be happy; to be glad,same-writing-different-reading,,うれしい,,,,,no
あいさつする,挨拶,N4,"{""N4"": 1}","{""community-independent"": ""N4""}",wordmaster,community-independent,1,kana/loanword,greet(ing),fully-absent,,,,,,,no
かっこう,格好,N4,"{""N4"": 1}","{""community-independent"": ""N4""}",wordmaster,community-independent,1,kana/loanword,打扮,fully-absent,,,,,,,no
いただく,頂く,N4,"{""N4"": 1}","{""community-independent"": ""N4""}",wordmaster,community-independent,1,kana/loanword,-- extra-modest expression for たべる and のむ; humble expression for もらう --,same-writing-different-reading,,いただく,,,,,no
